Ax,Ay,Az,Gx,Gy,Gz,Label
0.001,0.026,1.007,0.446,-2.389,1.269,idle
-0.006,0.025,1.013,0.499,-2.424,1.312,idle
-0.001,0.027,1.020,0.551,-2.415,1.295,idle
-0.006,0.027,1.017,0.569,-2.389,1.278,idle
-0.001,0.028,1.014,0.534,-2.424,1.269,idle
-0.004,0.027,1.015,0.464,-2.389,1.269,idle
-0.002,0.027,1.017,0.534,-2.398,1.242,idle
-0.003,0.027,1.016,0.534,-2.406,1.269,idle
-0.003,0.029,1.032,0.604,-2.415,1.286,idle
-0.002,0.025,1.015,0.560,-2.354,1.278,idle
-0.003,0.027,1.016,0.525,-2.415,1.278,idle
-0.003,0.026,1.013,0.472,-2.398,1.269,idle
-0.002,0.026,1.018,0.490,-2.450,1.269,idle
-0.005,0.025,1.014,0.507,-2.424,1.278,idle
-0.003,0.025,1.016,0.569,-2.432,1.260,idle
-0.000,0.026,1.015,0.481,-2.398,1.260,idle
-0.004,0.026,1.017,0.525,-2.389,1.269,idle
-0.003,0.026,1.015,0.525,-2.441,1.295,idle
-0.003,0.026,1.015,0.543,-2.398,1.304,idle
-0.002,0.026,1.016,0.543,-2.406,1.260,idle
-0.002,0.027,1.015,0.438,-2.406,1.304,idle
-0.004,0.025,1.018,0.507,-2.406,1.269,idle
-0.005,0.025,1.013,0.490,-2.398,1.295,idle
-0.003,0.025,1.014,0.516,-2.406,1.295,idle
-0.003,0.026,1.017,0.507,-2.415,1.234,idle
-0.002,0.026,1.020,0.490,-2.371,1.260,idle
-0.005,0.025,1.010,0.525,-2.432,1.260,idle
-0.002,0.025,1.013,0.446,-2.441,1.251,idle
-0.002,0.025,1.016,0.516,-2.450,1.216,idle
-0.004,0.026,1.018,0.534,-2.380,1.269,idle
-0.003,0.026,1.013,0.499,-2.389,1.251,idle
-0.001,0.027,1.020,0.551,-2.406,1.278,idle
-0.003,0.025,1.017,0.525,-2.415,1.234,idle
-0.004,0.026,1.011,0.446,-2.406,1.251,idle
-0.004,0.026,1.012,0.464,-2.380,1.234,idle
-0.005,0.025,1.011,0.586,-2.371,1.234,idle
-0.002,0.027,1.012,0.499,-2.380,1.199,idle
-0.003,0.029,1.017,0.490,-2.398,1.234,idle
-0.003,0.025,1.011,0.464,-2.371,1.304,idle
-0.007,0.024,1.013,0.507,-2.398,1.278,idle
-0.003,0.027,1.015,0.569,-2.336,1.225,idle
-0.000,0.026,1.017,0.490,-2.406,1.278,idle
-0.002,0.026,1.015,0.438,-2.380,1.225,idle
-0.006,0.024,1.012,0.333,-2.398,1.173,idle
-0.002,0.028,1.011,0.569,-2.389,1.216,idle
-0.002,0.025,1.012,0.569,-2.398,1.199,idle
-0.002,0.026,1.015,0.613,-2.415,1.242,idle
-0.004,0.025,1.016,0.586,-2.406,1.225,idle
-0.001,0.026,1.017,0.525,-2.415,1.190,idle
-0.003,0.025,1.014,0.534,-2.389,1.190,idle
-0.005,0.025,1.017,0.507,-2.432,1.225,idle
-0.003,0.026,1.015,0.630,-2.398,1.190,idle
-0.002,0.025,1.015,0.481,-2.432,1.190,idle
-0.003,0.024,1.014,0.534,-2.406,1.207,idle
-0.003,0.025,1.015,0.481,-2.406,1.216,idle
-0.004,0.024,1.014,0.516,-2.380,1.164,idle
-0.003,0.025,1.012,0.429,-2.398,1.207,idle
-0.004,0.026,1.014,0.464,-2.371,1.234,idle
-0.003,0.025,1.014,0.481,-2.406,1.190,idle
-0.004,0.025,1.016,0.490,-2.380,1.216,idle
-0.002,0.025,1.017,0.490,-2.380,1.181,idle
-0.002,0.025,1.012,0.472,-2.362,1.190,idle
-0.004,0.025,1.017,0.525,-2.415,1.164,idle
-0.005,0.024,1.015,0.499,-2.398,1.138,idle
-0.002,0.025,1.014,0.438,-2.398,1.138,idle
-0.002,0.024,1.014,0.543,-2.424,1.120,idle
-0.003,0.025,1.015,0.507,-2.406,1.085,idle
-0.005,0.024,1.017,0.464,-2.380,1.102,idle
-0.003,0.024,1.014,0.577,-2.415,1.094,idle
-0.001,0.025,1.017,0.446,-2.389,1.076,idle
-0.005,0.024,1.016,0.464,-2.415,1.041,idle
-0.003,0.024,1.018,0.464,-2.406,1.059,idle
-0.003,0.024,1.015,0.490,-2.424,1.024,idle
-0.004,0.024,1.014,0.490,-2.398,1.006,idle
-0.003,0.024,1.017,0.525,-2.415,1.050,idle
-0.004,0.024,1.014,0.577,-2.380,1.059,idle
-0.005,0.024,1.015,0.560,-2.398,1.033,idle
-0.002,0.025,1.014,0.551,-2.424,1.024,idle
-0.003,0.025,1.016,0.525,-2.406,1.067,idle
-0.004,0.025,1.016,0.516,-2.424,1.041,idle
-0.004,0.024,1.016,0.525,-2.459,1.094,idle
-0.004,0.025,1.016,0.507,-2.406,1.050,idle
-0.002,0.025,1.012,0.464,-2.415,1.033,idle
-0.003,0.024,1.017,0.525,-2.398,1.041,idle
-0.004,0.025,1.017,0.560,-2.432,1.111,idle
-0.005,0.024,1.016,0.577,-2.424,1.041,idle
-0.004,0.025,1.015,0.507,-2.380,1.102,idle
-0.002,0.024,1.018,0.516,-2.398,1.120,idle
-0.005,0.025,1.017,0.525,-2.398,1.085,idle
-0.003,0.024,1.013,0.534,-2.389,1.085,idle
-0.003,0.025,1.019,0.560,-2.380,1.111,idle
-0.002,0.024,1.015,0.525,-2.424,1.120,idle
-0.005,0.026,1.019,0.490,-2.389,1.094,idle
-0.002,0.025,1.012,0.481,-2.424,1.102,idle
-0.004,0.025,1.016,0.595,-2.406,1.094,idle
-0.002,0.024,1.016,0.525,-2.441,1.094,idle
-0.005,0.025,1.016,0.551,-2.415,1.067,idle
-0.004,0.024,1.013,0.499,-2.406,1.129,idle
-0.003,0.025,1.015,0.551,-2.441,1.120,idle
-0.004,0.025,1.018,0.586,-2.432,1.111,idle
-0.003,0.024,1.012,0.551,-2.389,1.242,idle
-0.003,0.026,1.015,0.507,-2.406,1.356,idle
-0.005,0.026,1.019,0.481,-2.389,1.216,idle
-0.003,0.025,1.010,0.376,-2.406,1.024,idle
-0.002,0.024,1.015,0.464,-2.406,1.059,idle
-0.004,0.024,1.018,0.455,-2.398,1.067,idle
-0.004,0.024,1.017,0.481,-2.406,1.050,idle
-0.003,0.025,1.015,0.446,-2.398,1.015,idle
-0.003,0.025,1.014,0.525,-2.432,1.033,idle
-0.004,0.024,1.016,0.464,-2.415,1.050,idle
-0.003,0.025,1.016,0.507,-2.424,1.067,idle
-0.005,0.023,1.015,0.560,-2.432,0.998,idle
-0.003,0.025,1.016,0.543,-2.406,1.033,idle
-0.004,0.024,1.016,0.525,-2.398,1.006,idle
-0.003,0.025,1.015,0.551,-2.406,1.067,idle
-0.004,0.025,1.017,0.499,-2.380,1.050,idle
-0.004,0.024,1.014,0.507,-2.398,1.076,idle
-0.004,0.025,1.018,0.464,-2.415,1.067,idle
-0.003,0.024,1.014,0.472,-2.424,1.050,idle
-0.004,0.024,1.016,0.507,-2.406,1.076,idle
-0.002,0.024,1.014,0.472,-2.398,1.024,idle
-0.005,0.024,1.015,0.551,-2.450,1.076,idle
-0.004,0.025,1.018,0.534,-2.380,1.059,idle
-0.004,0.024,1.016,0.551,-2.415,1.059,idle
-0.005,0.025,1.016,0.577,-2.415,1.041,idle
-0.003,0.025,1.013,0.543,-2.432,1.041,idle
-0.005,0.025,1.016,0.464,-2.406,1.033,idle
-0.003,0.024,1.014,0.525,-2.406,1.050,idle
-0.004,0.025,1.016,0.525,-2.424,1.059,idle
-0.003,0.025,1.014,0.499,-2.398,1.067,idle
-0.003,0.025,1.015,0.490,-2.398,1.041,idle
-0.004,0.024,1.017,0.543,-2.424,1.050,idle
-0.003,0.025,1.016,0.490,-2.432,1.076,idle
-0.003,0.025,1.015,0.507,-2.371,1.041,idle
-0.003,0.025,1.017,0.507,-2.371,1.033,idle
-0.004,0.024,1.014,0.507,-2.424,1.050,idle
-0.004,0.024,1.016,0.507,-2.398,1.050,idle
-0.003,0.025,1.016,0.499,-2.398,1.024,idle
-0.003,0.025,1.015,0.507,-2.380,1.067,idle
-0.004,0.025,1.015,0.534,-2.450,1.050,idle
-0.004,0.025,1.014,0.516,-2.432,1.050,idle
-0.003,0.026,1.015,0.534,-2.406,1.033,idle
-0.003,0.025,1.015,0.560,-2.380,1.050,idle
-0.004,0.025,1.017,0.516,-2.406,1.059,idle
-0.003,0.025,1.015,0.472,-2.424,1.024,idle
-0.005,0.025,1.015,0.516,-2.415,1.015,idle
-0.003,0.024,1.016,0.525,-2.389,1.067,idle
-0.004,0.025,1.017,0.507,-2.415,1.059,idle
-0.002,0.026,1.017,0.490,-2.362,1.033,idle
-0.005,0.025,1.016,0.525,-2.406,1.024,idle
-0.003,0.025,1.016,0.525,-2.406,1.059,idle
-0.003,0.026,1.015,0.507,-2.398,1.033,idle
-0.003,0.024,1.015,0.543,-2.389,1.041,idle
-0.005,0.025,1.016,0.490,-2.354,1.015,idle
-0.003,0.025,1.017,0.525,-2.398,1.041,idle
-0.004,0.025,1.015,0.525,-2.424,1.015,idle
-0.004,0.024,1.015,0.481,-2.371,1.041,idle
-0.003,0.025,1.016,0.490,-2.406,1.033,idle
-0.005,0.023,1.015,0.525,-2.380,1.680,idle
-0.004,0.025,1.016,0.543,-2.389,1.129,idle
-0.004,0.025,1.015,0.525,-2.432,1.033,idle
-0.003,0.025,1.015,0.499,-2.415,1.041,idle
-0.004,0.025,1.017,0.525,-2.406,1.033,idle
-0.003,0.024,1.013,0.507,-2.424,1.024,idle
-0.005,0.025,1.018,0.499,-2.398,1.041,idle
-0.004,0.024,1.016,0.499,-2.406,1.050,idle
-0.004,0.024,1.015,0.507,-2.406,1.015,idle
-0.003,0.025,1.015,0.534,-2.398,1.024,idle
-0.004,0.025,1.016,0.499,-2.406,1.059,idle
-0.004,0.024,1.016,0.481,-2.441,1.033,idle
-0.003,0.024,1.016,0.481,-2.398,1.059,idle
-0.004,0.025,1.017,0.534,-2.398,1.067,idle
-0.003,0.024,1.014,0.490,-2.424,1.050,idle
-0.005,0.025,1.017,0.516,-2.406,1.050,idle
-0.003,0.025,1.015,0.481,-2.406,1.067,idle
-0.005,0.025,1.019,0.525,-2.389,0.998,idle
-0.003,0.024,1.015,0.411,-2.415,1.015,idle
-0.005,0.024,1.016,0.543,-2.398,1.006,idle
-0.003,0.025,1.017,0.525,-2.415,0.989,idle
-0.005,0.023,1.015,0.516,-2.415,1.033,idle
-0.002,0.025,1.015,0.446,-2.406,1.050,idle
-0.005,0.024,1.014,0.499,-2.406,1.033,idle
-0.004,0.025,1.017,0.534,-2.415,1.024,idle
-0.003,0.025,1.015,0.499,-2.389,1.033,idle
-0.003,0.026,1.016,0.525,-2.415,1.033,idle
-0.004,0.025,1.016,0.490,-2.415,1.067,idle
-0.004,0.025,1.015,0.499,-2.441,1.041,idle
-0.004,0.024,1.015,0.481,-2.415,1.059,idle
-0.003,0.025,1.016,0.499,-2.415,1.024,idle
-0.004,0.024,1.015,0.464,-2.424,1.033,idle
-0.005,0.024,1.016,0.499,-2.398,1.033,idle
-0.004,0.025,1.015,0.534,-2.415,1.024,idle
-0.003,0.024,1.016,0.490,-2.406,1.033,idle
-0.004,0.025,1.017,0.499,-2.424,1.050,idle
-0.003,0.025,1.014,0.455,-2.406,1.041,idle
-0.005,0.025,1.016,0.490,-2.415,1.059,idle
-0.003,0.025,1.016,0.534,-2.380,1.033,idle
-0.004,0.024,1.014,0.525,-2.415,0.989,idle
-0.003,0.024,1.016,0.543,-2.441,1.033,idle
-0.004,0.024,1.018,0.516,-2.424,1.006,idle
-0.004,0.025,1.015,0.464,-2.398,1.015,idle
-0.004,0.024,1.016,0.534,-2.398,1.041,idle
-0.003,0.024,1.014,0.446,-2.432,1.050,idle
-0.004,0.025,1.016,0.499,-2.424,1.059,idle
-0.003,0.024,1.015,0.543,-2.406,1.024,idle
-0.004,0.024,1.017,0.481,-2.406,1.059,idle
-0.004,0.024,1.013,0.490,-2.389,1.024,idle
-0.003,0.024,1.014,0.543,-2.406,1.041,idle
-0.003,0.024,1.015,0.490,-2.415,1.059,idle
-0.004,0.025,1.016,0.507,-2.424,1.076,idle
-0.004,0.024,1.016,0.481,-2.406,1.059,idle
-0.003,0.024,1.016,0.516,-2.406,1.024,idle
-0.003,0.024,1.017,0.472,-2.424,1.033,idle
-0.003,0.025,1.015,0.472,-2.432,1.076,idle
-0.004,0.024,1.016,0.516,-2.406,1.050,idle
-0.003,0.025,1.014,0.490,-2.415,1.033,idle
-0.003,0.024,1.014,0.472,-2.380,1.059,idle
-0.004,0.024,1.015,0.516,-2.389,1.033,idle
-0.004,0.025,1.014,0.507,-2.389,1.015,idle
-0.003,0.024,1.016,0.490,-2.389,0.989,idle
-0.004,0.024,1.015,0.543,-2.406,1.006,idle
-0.004,0.024,1.016,0.534,-2.424,1.041,idle
-0.003,0.024,1.015,0.577,-2.380,1.015,idle
-0.004,0.024,1.014,0.499,-2.398,0.989,idle
-0.004,0.025,1.016,0.543,-2.415,1.041,idle
-0.004,0.024,1.014,0.490,-2.424,1.085,idle
-0.004,0.025,1.015,0.472,-2.380,1.050,idle
-0.003,0.024,1.017,0.455,-2.389,0.998,idle
-0.003,0.024,1.015,0.438,-2.432,1.015,idle
-0.004,0.025,1.018,0.569,-2.406,1.059,idle
-0.003,0.024,1.014,0.490,-2.424,1.033,idle
-0.005,0.025,1.014,0.507,-2.441,1.059,idle
-0.004,0.025,1.014,0.507,-2.415,1.050,idle
-0.003,0.024,1.017,0.472,-2.450,1.094,idle
-0.004,0.024,1.014,0.490,-2.406,1.050,idle
-0.004,0.025,1.015,0.543,-2.441,1.059,idle
-0.003,0.025,1.016,0.499,-2.415,1.033,idle
-0.004,0.024,1.016,0.507,-2.424,1.059,idle
-0.004,0.025,1.015,0.490,-2.432,1.041,idle
-0.003,0.024,1.015,0.490,-2.371,1.041,idle
-0.003,0.024,1.016,0.534,-2.424,1.015,idle
-0.004,0.024,1.016,0.516,-2.380,1.050,idle
-0.003,0.025,1.015,0.516,-2.441,1.041,idle
-0.004,0.024,1.015,0.499,-2.389,1.024,idle
-0.003,0.024,1.015,0.525,-2.415,1.033,idle
-0.003,0.024,1.014,0.472,-2.450,1.067,idle
-0.004,0.025,1.015,0.595,-2.441,1.076,idle
-0.004,0.024,1.017,0.569,-2.380,1.041,idle
-0.005,0.024,1.016,0.516,-2.450,1.059,idle
-0.003,0.025,1.015,0.481,-2.406,1.024,idle
-0.004,0.024,1.015,0.499,-2.406,1.050,idle
-0.003,0.024,1.015,0.481,-2.380,1.067,idle
-0.004,0.025,1.016,0.525,-2.398,1.006,idle
-0.004,0.025,1.014,0.516,-2.415,1.033,idle
-0.004,0.025,1.015,0.516,-2.380,1.059,idle
-0.003,0.026,1.014,0.525,-2.389,1.033,idle
-0.004,0.024,1.016,0.499,-2.380,1.033,idle
-0.003,0.025,1.016,0.525,-2.406,0.998,idle
-0.003,0.024,1.015,0.516,-2.415,0.971,idle
-0.004,0.024,1.016,0.516,-2.389,1.006,idle
-0.004,0.025,1.014,0.499,-2.380,1.033,idle
-0.004,0.024,1.015,0.507,-2.424,1.041,idle
-0.004,0.025,1.016,0.525,-2.389,1.033,idle
-0.003,0.026,1.015,0.499,-2.415,1.033,idle
-0.004,0.024,1.017,0.534,-2.424,1.033,idle
-0.004,0.024,1.014,0.507,-2.415,1.050,idle
-0.003,0.024,1.015,0.525,-2.415,1.024,idle
-0.004,0.024,1.015,0.543,-2.406,1.059,idle
-0.004,0.025,1.016,0.472,-2.398,1.041,idle
-0.003,0.024,1.015,0.525,-2.380,1.041,idle
-0.004,0.025,1.017,0.534,-2.389,1.067,idle
-0.003,0.024,1.015,0.507,-2.380,1.033,idle
-0.004,0.025,1.015,0.455,-2.406,1.024,idle
-0.003,0.025,1.014,0.481,-2.389,1.041,idle
-0.004,0.025,1.017,0.551,-2.389,1.006,idle
-0.003,0.026,1.016,0.516,-2.406,1.059,idle
-0.004,0.025,1.014,0.525,-2.406,1.085,idle
-0.004,0.024,1.015,0.490,-2.406,1.059,idle
-0.004,0.024,1.017,0.543,-2.406,1.033,idle
-0.003,0.025,1.015,0.525,-2.424,1.015,idle
-0.003,0.025,1.016,0.481,-2.432,1.024,idle
-0.004,0.025,1.017,0.507,-2.441,1.033,idle
-0.004,0.025,1.015,0.534,-2.432,1.006,idle
-0.004,0.025,1.015,0.446,-2.450,1.041,idle
-0.002,0.025,1.014,0.481,-2.389,1.041,idle
-0.004,0.025,1.016,0.525,-2.415,1.033,idle
-0.003,0.025,1.015,0.507,-2.398,1.067,idle
-0.004,0.025,1.016,0.464,-2.415,1.024,idle
-0.004,0.024,1.017,0.490,-2.432,1.050,idle
-0.004,0.024,1.015,0.507,-2.406,1.050,idle
-0.003,0.024,1.017,0.534,-2.398,1.050,idle
-0.005,0.025,1.016,0.481,-2.398,1.033,idle
-0.003,0.024,1.017,0.490,-2.398,1.033,idle
-0.005,0.024,1.016,0.516,-2.415,1.085,idle
-0.004,0.025,1.016,0.481,-2.398,1.067,idle
-0.004,0.024,1.016,0.534,-2.406,1.041,idle
-0.004,0.024,1.015,0.525,-2.371,1.067,idle
-0.004,0.025,1.016,0.455,-2.406,1.059,idle
-0.004,0.025,1.014,0.499,-2.389,1.024,idle
-0.004,0.024,1.016,0.543,-2.398,1.015,idle
-0.004,0.024,1.016,0.525,-2.406,1.033,idle
-0.005,0.024,1.015,0.543,-2.476,1.050,idle
-0.003,0.024,1.014,0.472,-2.406,1.102,idle
-0.005,0.024,1.016,0.534,-2.424,1.059,idle
-0.004,0.024,1.014,0.507,-2.441,1.041,idle
-0.004,0.024,1.016,0.507,-2.398,1.094,idle
-0.003,0.025,1.016,0.543,-2.415,1.041,idle
-0.004,0.024,1.016,0.499,-2.398,1.024,idle
-0.004,0.024,1.014,0.507,-2.398,1.033,idle
-0.004,0.026,1.017,0.516,-2.380,1.033,idle
-0.004,0.024,1.015,0.464,-2.406,1.050,idle
-0.004,0.024,1.016,0.481,-2.389,1.059,idle
-0.004,0.024,1.017,0.499,-2.406,1.041,idle
-0.004,0.024,1.016,0.534,-2.371,1.033,idle
-0.005,0.025,1.014,0.525,-2.406,1.059,idle
-0.004,0.025,1.016,0.516,-2.398,1.085,idle
-0.003,0.025,1.014,0.516,-2.398,1.050,idle
-0.004,0.024,1.017,0.516,-2.406,1.059,idle
-0.004,0.024,1.015,0.481,-2.362,1.059,idle
-0.005,0.025,1.016,0.481,-2.389,1.067,idle
-0.004,0.025,1.014,0.472,-2.389,1.015,idle
-0.004,0.025,1.017,0.472,-2.450,1.076,idle
-0.003,0.024,1.015,0.499,-2.424,1.076,idle
-0.005,0.024,1.015,0.499,-2.406,1.033,idle
-0.004,0.024,1.016,0.543,-2.432,1.050,idle
-0.004,0.025,1.015,0.525,-2.424,0.980,idle
-0.004,0.025,1.014,0.490,-2.441,1.041,idle
-0.002,0.024,1.015,0.490,-2.398,1.050,idle
-0.004,0.024,1.015,0.411,-2.398,1.041,idle
-0.003,0.024,1.016,0.525,-2.415,1.041,idle
-0.004,0.024,1.016,0.507,-2.459,1.067,idle
-0.002,0.024,1.018,0.543,-2.398,1.094,idle
-0.005,0.024,1.021,0.577,-2.415,1.050,idle
-0.002,0.023,1.018,0.455,-2.406,1.033,idle
-0.003,0.027,1.016,0.429,-2.398,1.041,idle
-0.001,0.027,1.019,0.359,-2.345,1.059,idle
-0.005,0.024,1.014,0.341,-2.345,1.041,idle
-0.002,0.025,1.017,0.061,-2.161,1.050,idle
-0.005,0.023,1.016,-0.175,-1.969,1.041,idle
-0.005,0.025,1.017,1.024,-2.783,1.067,idle
-0.003,0.023,1.013,1.024,-2.739,1.050,idle
-0.004,0.024,1.017,0.490,-2.380,1.033,idle
-0.004,0.025,1.017,0.647,-2.511,1.059,idle
-0.004,0.024,1.016,0.630,-2.511,1.059,idle
-0.004,0.023,1.015,-0.026,-2.100,1.067,idle
-0.004,0.023,1.016,0.280,-2.275,1.024,idle
-0.004,0.025,1.016,0.604,-2.459,1.015,idle
-0.004,0.023,1.015,0.271,-2.249,1.033,idle
-0.004,0.023,1.014,0.892,-2.642,1.059,idle
-0.004,0.026,1.018,0.989,-2.695,1.059,idle
-0.003,0.024,1.015,0.525,-2.415,1.015,idle
-0.003,0.025,1.016,0.490,-2.441,1.041,idle
-0.005,0.024,1.015,0.525,-2.441,1.015,idle
-0.003,0.024,1.016,0.472,-2.398,1.024,idle
-0.003,0.025,1.016,0.481,-2.406,1.024,idle
-0.004,0.025,1.014,0.507,-2.432,1.033,idle
-0.005,0.024,1.017,0.560,-2.432,1.041,idle
-0.003,0.024,1.015,0.525,-2.415,1.024,idle
-0.005,0.024,1.016,0.507,-2.398,1.050,idle
-0.002,0.023,1.016,0.551,-2.389,1.067,idle
-0.004,0.023,1.014,0.586,-2.432,1.024,idle
-0.005,0.024,1.016,0.560,-2.380,1.024,idle
-0.004,0.025,1.016,0.560,-2.441,1.024,idle
-0.003,0.025,1.015,0.551,-2.389,1.067,idle
-0.004,0.024,1.017,0.560,-2.441,1.050,idle
-0.004,0.024,1.015,0.551,-2.432,1.094,idle
-0.005,0.025,1.015,0.507,-2.389,1.067,idle
-0.002,0.024,1.016,0.499,-2.398,1.067,idle
-0.005,0.025,1.017,0.516,-2.398,1.076,idle
-0.004,0.023,1.016,0.472,-2.432,1.085,idle
-0.003,0.025,1.016,0.577,-2.432,1.102,idle
-0.003,0.024,1.016,0.577,-2.432,1.059,idle
-0.004,0.025,1.016,0.499,-2.389,1.076,idle
-0.004,0.024,1.016,0.507,-2.398,1.033,idle
-0.004,0.024,1.016,0.490,-2.371,1.059,idle
-0.004,0.024,1.015,0.543,-2.380,1.094,idle
-0.004,0.025,1.017,0.455,-2.406,1.076,idle
-0.004,0.024,1.015,0.481,-2.362,1.085,idle
-0.004,0.024,1.017,0.516,-2.406,1.111,idle
-0.004,0.025,1.018,0.551,-2.406,1.067,idle
-0.003,0.024,1.015,0.551,-2.398,1.094,idle
-0.004,0.025,1.015,0.543,-2.415,1.111,idle
-0.003,0.024,1.017,0.534,-2.389,1.059,idle
-0.004,0.025,1.015,0.499,-2.398,1.111,idle
-0.006,0.024,1.015,0.543,-2.398,1.129,idle
-0.003,0.024,1.015,0.499,-2.406,1.067,idle
-0.005,0.025,1.017,0.481,-2.380,1.164,idle
-0.003,0.025,1.017,0.543,-2.389,1.138,idle
-0.004,0.024,1.015,0.569,-2.398,1.138,idle
-0.003,0.025,1.015,0.595,-2.415,1.146,idle
-0.004,0.025,1.017,0.411,-2.389,1.102,idle
-0.004,0.025,1.014,0.403,-2.398,1.085,idle
-0.005,0.022,1.015,0.420,-2.319,1.129,idle
-0.004,0.024,1.013,0.560,-2.415,1.146,idle
-0.002,0.026,1.017,0.577,-2.380,1.120,idle
-0.004,0.025,1.017,0.481,-2.371,1.120,idle
-0.004,0.023,1.013,0.298,-2.196,1.138,idle
-0.003,0.024,1.019,0.140,-2.144,1.164,idle
-0.003,0.026,1.019,-0.298,-1.908,1.173,idle
-0.006,0.022,1.012,-0.849,-1.575,1.164,idle
-0.002,0.027,1.021,-2.170,-0.717,1.120,idle
-0.006,0.020,1.012,-1.759,-1.050,1.146,idle
-0.014,0.014,1.017,0.805,-2.564,1.899,idle
-0.005,0.020,1.014,1.312,-2.957,1.094,idle
-0.006,0.021,1.014,1.741,-3.211,1.059,idle
-0.003,0.023,1.016,2.152,-3.439,1.067,idle
-0.005,0.023,1.015,1.794,-3.229,1.094,idle
-0.004,0.024,1.017,1.461,-2.957,1.164,idle
-0.005,0.024,1.016,0.971,-2.765,1.102,idle
-0.003,0.024,1.016,0.989,-2.739,1.094,idle
-0.004,0.024,1.013,0.569,-2.406,1.094,idle
-0.005,0.026,1.018,0.595,-2.406,1.041,idle
-0.003,0.025,1.015,0.507,-2.362,1.067,idle
-0.005,0.024,1.016,0.551,-2.432,1.155,idle
-0.003,0.025,1.015,0.481,-2.406,1.138,idle
-0.004,0.024,1.015,0.472,-2.389,1.102,idle
-0.003,0.025,1.014,0.534,-2.406,1.094,idle
-0.003,0.025,1.015,0.551,-2.406,1.111,idle
-0.004,0.024,1.016,0.516,-2.380,1.146,idle
-0.004,0.023,1.014,0.534,-2.380,1.347,idle
-0.004,0.026,1.017,0.481,-2.380,1.356,idle
-0.003,0.025,1.016,0.525,-2.406,1.199,idle
-0.002,0.024,1.015,0.516,-2.415,1.173,idle
-0.005,0.025,1.015,0.525,-2.406,1.120,idle
-0.005,0.024,1.017,0.525,-2.424,1.138,idle
-0.004,0.024,1.014,0.516,-2.398,1.085,idle
-0.005,0.025,1.017,0.481,-2.380,1.102,idle
-0.004,0.025,1.015,0.490,-2.441,1.120,idle
-0.005,0.025,1.018,0.499,-2.398,1.111,idle
-0.002,0.024,1.015,0.464,-2.371,1.120,idle
-0.003,0.025,1.014,0.499,-2.415,1.085,idle
-0.003,0.025,1.017,0.543,-2.389,1.146,idle
-0.004,0.024,1.016,0.490,-2.398,1.164,idle
-0.003,0.024,1.015,0.464,-2.415,1.138,idle
-0.004,0.024,1.015,0.516,-2.389,1.138,idle
-0.004,0.024,1.017,0.507,-2.371,1.085,idle
-0.005,0.023,1.016,0.481,-2.415,1.155,idle
-0.003,0.024,1.015,0.543,-2.371,1.138,idle
-0.003,0.024,1.016,0.525,-2.398,1.155,idle
-0.004,0.025,1.016,0.499,-2.406,1.155,idle
-0.005,0.024,1.016,0.525,-2.389,1.173,idle
-0.003,0.025,1.017,0.446,-2.371,1.120,idle
-0.003,0.024,1.017,0.324,-2.293,1.076,idle
-0.005,0.024,1.015,0.499,-2.406,1.059,idle
-0.003,0.025,1.017,-0.009,-2.091,1.050,idle
-0.004,0.023,1.014,-0.403,-1.855,1.094,idle
-0.005,0.023,1.017,0.507,-2.319,1.085,idle
-0.004,0.024,1.015,0.814,-2.581,1.102,idle
-0.004,0.025,1.015,0.595,-2.494,1.059,idle
-0.004,0.025,1.016,0.333,-2.336,1.050,idle
-0.005,0.024,1.017,0.044,-2.100,1.102,idle
-0.005,0.023,1.016,0.403,-2.319,1.050,idle
-0.004,0.025,1.018,-0.341,-1.916,1.041,idle
-0.006,0.023,1.014,-0.306,-1.908,1.067,idle
-0.006,0.021,1.015,0.438,-2.354,1.076,idle
-0.004,0.022,1.015,0.805,-2.599,1.076,idle
-0.005,0.023,1.016,1.111,-2.800,1.129,idle
-0.004,0.024,1.017,0.630,-2.459,1.059,idle
-0.005,0.021,1.016,0.315,-2.249,1.076,idle
-0.005,0.023,1.014,0.779,-2.546,1.085,idle
-0.005,0.023,1.016,1.094,-2.756,1.085,idle
-0.005,0.022,1.015,0.910,-2.634,1.102,idle
-0.004,0.024,1.015,0.866,-2.625,1.059,idle
-0.005,0.024,1.014,0.726,-2.537,1.076,idle
-0.003,0.024,1.018,0.936,-2.678,1.085,idle
-0.003,0.024,1.015,0.656,-2.467,1.059,idle
-0.005,0.023,1.015,0.831,-2.581,1.094,idle
-0.005,0.023,1.015,1.356,-2.896,1.085,idle
-0.003,0.026,1.015,0.647,-2.424,1.102,idle
-0.003,0.025,1.019,0.604,-2.371,1.067,idle
-0.003,0.025,1.017,0.516,-2.398,1.050,idle
-0.002,0.026,1.015,0.543,-2.424,1.146,idle
-0.005,0.026,1.017,0.499,-2.406,1.094,idle
-0.004,0.026,1.015,0.525,-2.380,1.085,idle
-0.004,0.025,1.016,0.551,-2.398,1.138,idle
-0.004,0.025,1.015,0.525,-2.406,1.094,idle
-0.005,0.024,1.016,0.534,-2.415,1.120,idle
-0.003,0.024,1.016,0.551,-2.406,1.111,idle
-0.004,0.025,1.015,0.543,-2.398,1.076,idle
-0.004,0.026,1.015,0.507,-2.415,1.094,idle
-0.005,0.024,1.014,0.569,-2.441,1.146,idle
-0.004,0.025,1.011,0.481,-2.380,1.111,idle
-0.003,0.024,1.018,0.507,-2.406,1.102,idle
-0.004,0.023,1.015,0.455,-2.424,1.138,idle
-0.003,0.022,1.013,0.481,-2.406,1.138,idle
-0.005,0.023,1.016,0.472,-2.371,1.146,idle
-0.005,0.024,1.018,0.481,-2.380,1.094,idle
-0.004,0.023,1.015,0.472,-2.406,1.076,idle
-0.004,0.023,1.013,0.481,-2.450,1.102,idle
-0.005,0.025,1.016,0.525,-2.424,1.085,idle
-0.003,0.024,1.015,0.499,-2.424,1.120,idle
-0.004,0.024,1.015,0.525,-2.389,1.129,idle
-0.004,0.023,1.015,0.516,-2.415,1.094,idle
-0.004,0.024,1.015,0.507,-2.406,1.102,idle
-0.004,0.025,1.016,0.516,-2.398,1.111,idle
-0.004,0.024,1.014,0.525,-2.406,1.129,idle
-0.005,0.026,1.016,0.534,-2.406,1.094,idle
-0.004,0.025,1.017,0.534,-2.389,1.111,idle
-0.004,0.025,1.017,0.490,-2.424,1.067,idle
-0.003,0.025,1.014,0.481,-2.398,1.067,idle
-0.005,0.024,1.015,0.499,-2.389,1.102,idle
-0.004,0.025,1.017,0.490,-2.415,1.041,idle
-0.003,0.025,1.014,0.464,-2.380,1.094,idle
-0.004,0.024,1.015,0.490,-2.424,1.102,idle
-0.004,0.025,1.017,0.499,-2.389,1.076,idle
-0.003,0.025,1.016,0.481,-2.389,1.094,idle
-0.003,0.024,1.015,0.525,-2.398,1.111,idle
-0.004,0.025,1.018,0.543,-2.389,1.067,idle
-0.003,0.025,1.017,0.507,-2.467,1.129,idle
-0.005,0.024,1.014,0.464,-2.415,1.129,idle
-0.004,0.025,1.016,0.534,-2.398,1.076,idle
-0.003,0.025,1.015,0.455,-2.415,1.085,idle
-0.003,0.025,1.014,0.543,-2.406,1.076,idle
-0.005,0.024,1.017,0.481,-2.406,1.111,idle
-0.003,0.025,1.014,0.455,-2.380,1.102,idle
-0.003,0.024,1.014,0.507,-2.389,1.085,idle
-0.004,0.026,1.016,0.490,-2.389,1.067,idle
-0.004,0.024,1.017,0.516,-2.415,1.041,idle
-0.004,0.025,1.013,0.560,-2.406,1.094,idle
-0.004,0.025,1.015,0.429,-2.398,1.076,idle
-0.003,0.024,1.015,0.543,-2.398,1.067,idle
-0.005,0.024,1.014,0.490,-2.415,1.041,idle
-0.003,0.025,1.016,0.525,-2.415,1.076,idle
-0.004,0.024,1.015,0.525,-2.432,1.076,idle
-0.005,0.024,1.016,0.534,-2.389,0.998,idle
-0.004,0.025,1.012,0.262,-2.301,1.015,idle
-0.005,0.025,1.015,0.175,-2.205,1.033,idle
-0.002,0.025,1.017,0.385,-2.328,1.006,idle
-0.003,0.027,1.019,0.840,-2.678,1.015,idle
-0.002,0.025,1.014,-0.726,-1.444,0.928,idle
-0.005,0.021,1.013,-0.551,-1.715,0.998,idle
-0.004,0.025,1.017,1.479,-3.019,1.015,idle
-0.000,0.030,1.025,1.146,-2.774,0.989,idle
-0.003,0.024,1.014,-0.586,-1.706,0.989,idle
-0.006,0.023,1.018,-0.971,-1.540,0.962,idle
-0.005,0.022,1.014,-0.613,-1.706,0.980,idle
-0.005,0.023,1.015,-0.376,-1.890,1.006,idle
-0.004,0.023,1.020,-0.805,-1.575,0.962,idle
-0.006,0.021,1.015,-0.009,-2.091,1.015,idle
-0.006,0.020,1.017,0.324,-2.284,0.989,idle
-0.006,0.023,1.019,0.018,-2.126,1.006,idle
-0.007,0.017,1.013,-0.236,-1.890,1.041,idle
-0.007,0.018,1.015,0.717,-2.520,1.041,idle
-0.007,0.020,1.015,0.630,-2.511,1.015,idle
-0.007,0.019,1.014,0.464,-2.362,1.015,idle
-0.006,0.020,1.014,0.543,-2.415,0.989,idle
-0.008,0.021,1.016,0.788,-2.581,1.041,idle
-0.007,0.019,1.014,0.499,-2.406,1.006,idle
-0.006,0.021,1.016,0.726,-2.537,1.015,idle
-0.005,0.021,1.015,0.490,-2.371,0.962,idle
-0.009,0.017,1.012,0.516,-2.380,1.006,idle
-0.007,0.018,1.011,0.149,-2.170,0.962,idle
-0.007,0.019,1.016,0.604,-2.467,0.989,idle
-0.006,0.019,1.016,0.577,-2.389,1.041,idle
-0.007,0.020,1.015,0.105,-2.205,0.989,idle
-0.007,0.020,1.014,0.333,-2.301,0.971,idle
-0.007,0.021,1.017,0.298,-2.249,1.015,idle
-0.006,0.019,1.015,0.026,-2.074,1.024,idle
-0.007,0.020,1.018,1.085,-2.730,1.006,idle
-0.007,0.019,1.012,0.805,-2.572,1.006,idle
-0.007,0.019,1.017,1.391,-2.993,1.015,idle
-0.005,0.022,1.017,1.146,-2.826,0.980,idle
-0.007,0.020,1.017,0.411,-2.336,0.998,idle
-0.007,0.020,1.014,1.006,-2.686,1.024,idle
-0.007,0.020,1.016,1.146,-2.818,1.033,idle
-0.005,0.022,1.017,1.225,-2.861,1.041,idle
-0.005,0.022,1.017,1.146,-2.783,1.033,idle
-0.004,0.023,1.016,0.761,-2.572,1.006,idle
-0.006,0.023,1.016,0.245,-2.231,1.050,idle
-0.006,0.021,1.015,0.123,-2.170,1.024,idle
-0.006,0.020,1.015,0.490,-2.371,1.085,idle
-0.006,0.022,1.016,0.980,-2.678,1.015,idle
-0.006,0.021,1.015,1.094,-2.765,1.067,idle
-0.005,0.022,1.015,0.656,-2.476,1.067,idle
-0.005,0.022,1.015,0.709,-2.564,1.059,idle
-0.005,0.023,1.016,0.858,-2.608,1.041,idle
-0.006,0.022,1.015,0.639,-2.494,1.059,idle
-0.005,0.022,1.014,0.884,-2.625,1.059,idle
-0.005,0.023,1.016,0.700,-2.529,1.041,idle
-0.004,0.022,1.015,0.543,-2.424,1.050,idle
-0.005,0.023,1.016,0.551,-2.459,1.024,idle
-0.005,0.022,1.015,0.936,-2.713,1.015,idle
-0.005,0.023,1.017,0.875,-2.608,1.050,idle
-0.004,0.022,1.014,0.499,-2.389,1.050,idle
-0.004,0.023,1.016,0.674,-2.511,0.998,idle
-0.005,0.023,1.015,0.595,-2.476,1.033,idle
-0.004,0.022,1.017,0.525,-2.415,1.041,idle
-0.003,0.023,1.015,0.971,-2.713,1.015,idle
-0.004,0.023,1.016,0.761,-2.511,1.015,idle
-0.005,0.023,1.015,0.560,-2.424,1.041,idle
-0.004,0.025,1.015,0.438,-2.389,1.015,idle
-0.004,0.024,1.016,0.481,-2.398,1.033,idle
-0.005,0.024,1.016,0.586,-2.450,1.041,idle
-0.004,0.023,1.014,0.717,-2.546,1.041,idle
-0.004,0.024,1.016,0.814,-2.616,1.033,idle
-0.003,0.023,1.015,0.805,-2.572,1.059,idle
-0.003,0.025,1.017,0.490,-2.371,1.024,idle
-0.004,0.023,1.014,0.254,-2.266,1.006,idle
-0.004,0.025,1.016,0.849,-2.608,1.050,idle
-0.004,0.023,1.015,0.717,-2.546,1.024,idle
-0.004,0.026,1.017,0.472,-2.371,1.050,idle
-0.004,0.023,1.015,0.219,-2.205,1.033,idle
-0.004,0.025,1.017,0.866,-2.642,1.015,idle
-0.004,0.024,1.015,0.849,-2.634,1.059,idle
-0.003,0.024,1.015,0.481,-2.362,1.050,idle
-0.005,0.024,1.014,0.761,-2.608,1.041,idle
-0.003,0.025,1.017,0.779,-2.616,1.033,idle
-0.002,0.024,1.014,0.551,-2.398,1.076,idle
-0.005,0.025,1.015,0.586,-2.415,1.024,idle
-0.004,0.024,1.013,0.507,-2.415,1.050,idle
-0.004,0.024,1.021,0.586,-2.406,1.041,idle
-0.005,0.025,1.014,0.499,-2.406,1.076,idle
-0.002,0.025,1.013,0.551,-2.415,1.041,idle
-0.006,0.025,1.018,0.630,-2.406,1.059,idle
-0.003,0.026,1.015,0.560,-2.389,1.094,idle
-0.006,0.013,1.015,0.595,-2.380,1.400,idle
0.000,0.050,1.014,0.604,-2.467,8.969,idle
-0.002,0.028,1.019,0.586,-2.432,3.080,idle
-0.004,0.026,1.016,0.481,-2.450,1.278,idle
-0.002,0.024,1.010,0.446,-2.380,0.971,idle
0.007,0.025,1.040,0.613,-2.450,1.225,idle
-0.011,0.026,1.035,0.577,-2.345,1.216,idle
-0.007,0.010,1.021,0.420,-2.450,3.080,idle
0.030,0.081,1.014,0.446,-2.485,3.763,idle
0.007,0.053,1.017,0.569,-2.398,5.084,idle
-0.010,0.054,1.016,0.700,-2.450,0.892,idle
-0.013,0.013,1.011,0.420,-2.293,1.864,idle
-0.011,0.012,1.017,0.507,-2.406,2.144,idle
-0.003,0.019,1.016,0.595,-2.503,-0.884,idle
-0.005,0.022,1.027,0.464,-2.406,0.429,idle
-0.001,0.023,1.005,0.376,-2.450,0.884,idle
-0.003,0.025,1.019,0.481,-2.398,0.892,idle
-0.004,0.022,1.015,0.595,-2.467,0.928,idle
-0.005,0.024,1.016,0.604,-2.432,0.840,idle
0.000,0.023,1.012,0.604,-2.432,1.094,idle
-0.001,0.029,1.016,0.630,-2.424,1.663,idle
-0.004,0.029,1.017,0.586,-2.424,1.181,idle
-0.005,0.024,1.016,0.499,-2.371,0.936,idle
-0.003,0.024,1.016,0.490,-2.406,0.989,idle
-0.004,0.025,1.016,0.455,-2.406,0.971,idle
-0.003,0.024,1.013,0.481,-2.406,0.919,idle
-0.003,0.025,1.015,0.525,-2.450,0.928,idle
-0.005,0.024,1.016,0.472,-2.371,0.901,idle
-0.002,0.023,1.012,0.420,-2.415,0.936,idle
-0.004,0.025,1.015,0.438,-2.415,0.989,idle
-0.004,0.024,1.014,0.472,-2.398,0.971,idle
-0.005,0.025,1.016,0.420,-2.380,0.936,idle
-0.003,0.024,1.017,0.333,-2.398,0.928,idle
0.001,0.029,1.020,-0.289,-1.951,0.875,idle
-0.003,0.029,1.025,-3.351,0.018,0.910,idle
-0.004,0.025,1.018,-6.492,2.599,0.849,idle
-0.008,0.018,1.017,0.385,-2.354,1.024,idle
-0.004,0.019,1.021,0.586,-2.520,0.831,idle
-0.017,0.011,1.012,0.464,-2.362,-0.752,idle
-0.001,0.027,1.024,0.481,-2.389,0.796,idle
-0.004,0.020,1.014,0.490,-2.432,0.892,idle
-0.008,0.019,1.014,0.604,-2.432,0.919,idle
-0.008,0.019,1.013,0.490,-2.362,0.910,idle
-0.006,0.019,1.015,0.525,-2.371,0.919,idle
-0.010,0.019,1.018,0.472,-2.389,0.998,idle
-0.006,0.019,1.025,0.534,-2.389,0.919,idle
-0.006,0.020,1.012,0.516,-2.389,0.962,idle
-0.006,0.021,1.017,0.455,-2.336,0.954,idle
-0.007,0.018,1.013,0.472,-2.371,0.998,idle
-0.008,0.019,1.015,0.464,-2.336,0.962,idle
-0.007,0.019,1.015,0.464,-2.310,0.936,idle
-0.017,0.013,1.017,0.385,-2.293,0.752,idle
-0.017,0.033,1.011,0.289,-2.231,-2.257,idle
0.005,0.013,1.018,0.420,-2.319,-2.826,idle
-0.028,0.035,1.017,0.464,-2.415,-0.613,idle
-0.008,0.018,1.013,0.490,-2.354,-1.225,idle
-0.006,0.021,1.016,0.516,-2.389,-2.240,idle
-0.001,0.012,1.014,0.499,-2.362,-0.849,idle
-0.007,0.018,1.014,0.481,-2.432,0.700,idle
-0.007,0.019,1.016,0.507,-2.389,0.884,idle
-0.007,0.018,1.015,0.543,-2.450,0.989,idle
-0.007,0.019,1.014,0.490,-2.380,0.998,idle
-0.008,0.019,1.016,0.525,-2.380,1.024,idle
-0.008,0.018,1.013,0.560,-2.415,1.006,idle
-0.006,0.019,1.012,0.481,-2.415,1.015,idle
-0.010,0.019,1.015,0.560,-2.424,1.006,idle
-0.009,0.019,1.017,0.472,-2.389,1.006,idle
-0.005,0.019,1.016,0.455,-2.398,1.024,idle
-0.009,0.018,1.015,0.481,-2.389,1.006,idle
-0.008,0.019,1.016,0.472,-2.362,0.998,idle
-0.008,0.019,1.016,0.446,-2.345,1.006,idle
-0.007,0.018,1.014,0.472,-2.371,1.006,idle
-0.009,0.018,1.016,0.438,-2.362,1.024,idle
-0.006,0.019,1.015,0.394,-2.249,1.041,idle
-0.008,0.020,1.019,0.315,-2.091,1.067,idle
-0.006,0.019,1.017,0.157,-2.100,1.111,idle
-0.010,0.018,1.016,0.333,-2.152,1.190,idle
-0.008,0.018,1.016,0.333,-2.152,1.164,idle
-0.009,0.020,1.017,0.228,-2.082,1.181,idle
-0.010,0.015,1.014,0.236,-2.118,1.199,idle
0.001,0.025,1.015,0.350,-2.118,-0.464,idle
-0.007,0.022,1.017,0.429,-2.188,0.954,idle
-0.001,0.029,1.056,1.479,-3.290,1.234,idle
-0.006,0.023,1.015,0.446,-2.503,1.059,idle
-0.010,0.020,1.020,0.604,-2.362,1.173,idle
-0.006,0.018,1.013,0.569,-2.415,1.260,idle
-0.009,0.018,1.010,0.910,-2.686,1.199,idle
0.007,0.032,1.016,0.971,-2.861,-0.507,idle
-0.007,0.021,1.020,0.910,-2.678,0.954,idle
-0.009,0.019,1.015,0.849,-2.739,1.102,idle
-0.008,0.019,1.015,0.796,-2.669,1.094,idle
-0.004,0.020,1.015,0.613,-2.520,1.041,idle
-0.008,0.020,1.018,0.604,-2.441,1.059,idle
-0.007,0.019,1.015,0.543,-2.467,1.102,idle
-0.009,0.019,1.016,0.577,-2.450,1.067,idle
-0.008,0.018,1.015,0.472,-2.354,1.085,idle
-0.008,0.019,1.013,0.403,-2.354,1.059,idle
-0.007,0.019,1.017,0.525,-2.441,1.102,idle
-0.011,0.018,1.016,0.481,-2.441,1.067,idle
-0.007,0.019,1.017,0.551,-2.415,1.059,idle
-0.007,0.018,1.017,0.551,-2.424,0.989,idle
-0.007,0.019,1.013,0.472,-2.432,1.024,idle
-0.009,0.018,1.016,0.507,-2.476,1.015,idle
-0.004,0.019,1.015,0.490,-2.380,1.024,idle
-0.007,0.018,1.015,0.551,-2.459,1.033,idle
-0.007,0.018,1.019,0.621,-2.494,1.024,idle
-0.009,0.020,1.015,0.507,-2.450,0.998,idle
-0.008,0.019,1.018,0.595,-2.441,0.980,idle
-0.006,0.019,1.012,0.411,-2.380,0.998,idle
-0.008,0.019,1.016,0.499,-2.432,1.006,idle
-0.009,0.018,1.013,0.525,-2.406,0.945,idle
-0.008,0.018,1.015,0.507,-2.415,0.954,idle
-0.007,0.019,1.016,0.516,-2.398,0.998,idle
-0.007,0.019,1.014,0.490,-2.424,1.006,idle
-0.007,0.019,1.017,0.543,-2.424,0.989,idle
-0.007,0.021,1.019,1.592,-3.080,1.006,idle
-0.006,0.020,1.015,0.875,-2.669,0.962,idle
-0.007,0.019,1.016,0.840,-2.642,0.998,idle
-0.006,0.020,1.016,0.971,-2.704,1.015,idle
-0.008,0.019,1.012,1.278,-2.852,1.024,idle
-0.005,0.020,1.014,0.595,-2.476,0.945,idle
-0.007,0.020,1.019,0.613,-2.476,0.936,idle
-0.007,0.020,1.014,0.639,-2.520,0.928,idle
-0.006,0.021,1.017,1.365,-2.931,1.033,idle
-0.006,0.021,1.015,0.770,-2.546,0.954,idle
-0.005,0.023,1.018,0.577,-2.424,0.998,idle
-0.006,0.020,1.017,0.140,-2.214,0.962,idle
-0.005,0.021,1.017,-0.096,-1.986,0.954,idle
-0.008,0.018,1.012,-0.192,-1.942,0.971,idle
-0.007,0.020,1.016,0.919,-2.660,1.006,idle
-0.006,0.020,1.015,0.569,-2.406,0.989,idle
-0.006,0.021,1.019,0.481,-2.406,0.971,idle
-0.006,0.020,1.015,0.735,-2.503,0.980,idle
-0.005,0.021,1.016,0.595,-2.476,0.971,idle
-0.009,0.018,1.015,0.368,-2.301,0.971,idle
-0.008,0.021,1.016,0.954,-2.669,0.980,idle
-0.004,0.021,1.016,0.892,-2.642,1.006,idle
-0.004,0.021,1.013,0.962,-2.747,1.006,idle
-0.006,0.023,1.019,1.050,-2.730,1.015,idle
-0.006,0.021,1.016,0.630,-2.424,0.936,idle
-0.005,0.022,1.016,1.076,-2.818,0.998,idle
-0.004,0.023,1.016,0.928,-2.678,0.971,idle
-0.006,0.022,1.016,0.359,-2.275,0.945,idle
-0.006,0.021,1.017,0.822,-2.608,0.945,idle
-0.005,0.023,1.015,0.892,-2.695,0.980,idle
-0.003,0.023,1.016,0.411,-2.371,0.928,idle
-0.006,0.022,1.015,0.175,-2.205,0.971,idle
-0.007,0.020,1.012,0.577,-2.459,0.962,idle
-0.005,0.023,1.019,0.779,-2.581,0.989,idle
-0.004,0.021,1.014,0.166,-2.196,0.901,idle
-0.005,0.022,1.016,0.534,-2.432,0.971,idle
-0.006,0.022,1.018,0.455,-2.371,0.980,idle
-0.006,0.022,1.014,0.490,-2.424,0.971,idle
-0.005,0.022,1.017,0.499,-2.398,0.971,idle
-0.006,0.021,1.017,0.700,-2.494,0.936,idle
-0.003,0.023,1.016,0.998,-2.704,0.998,idle
-0.004,0.023,1.018,-0.105,-2.047,0.919,idle
-0.007,0.020,1.014,-0.569,-1.689,0.980,idle
-0.005,0.021,1.015,0.665,-2.459,0.928,idle
-0.007,0.023,1.018,1.024,-2.783,0.989,idle
-0.007,0.021,1.014,0.665,-2.485,0.998,idle
-0.007,0.021,1.015,1.102,-2.783,0.971,idle
-0.003,0.023,1.014,1.312,-2.931,0.962,idle
-0.005,0.023,1.015,0.551,-2.380,0.954,idle
-0.005,0.023,1.016,0.472,-2.362,0.980,idle
-0.004,0.021,1.014,0.245,-2.223,0.998,idle
-0.006,0.023,1.016,0.656,-2.494,0.971,idle
-0.005,0.022,1.014,0.875,-2.704,0.971,idle
-0.005,0.023,1.016,0.752,-2.572,0.971,idle
-0.005,0.023,1.015,0.858,-2.651,0.989,idle
-0.004,0.025,1.018,0.639,-2.459,0.971,idle
-0.006,0.022,1.016,0.087,-2.082,0.980,idle
-0.005,0.024,1.017,0.472,-2.459,0.945,idle
-0.006,0.022,1.016,0.490,-2.389,0.989,idle
-0.004,0.023,1.014,1.199,-2.844,0.962,idle
-0.002,0.026,1.017,1.173,-2.826,1.006,idle
-0.004,0.024,1.018,0.105,-2.170,0.936,idle
-0.004,0.022,1.015,-0.087,-2.030,0.998,idle
-0.005,0.023,1.015,0.822,-2.642,0.971,idle
-0.004,0.023,1.015,0.560,-2.450,0.962,idle
-0.004,0.023,1.015,0.341,-2.240,0.962,idle
-0.005,0.022,1.014,0.114,-2.161,0.945,idle
-0.005,0.025,1.017,1.129,-2.809,0.989,idle
-0.005,0.021,1.019,1.138,-2.818,0.875,idle
-0.005,0.023,1.016,0.691,-2.537,0.595,idle
-0.001,0.026,1.016,-0.752,-1.680,-1.207,idle
-0.006,0.020,1.014,-1.234,-1.269,-0.604,idle
0.002,0.027,1.013,1.173,-2.818,0.621,idle
-0.005,0.025,1.018,-0.123,-2.021,1.033,idle
-0.005,0.021,1.013,1.216,-2.949,0.989,idle
-0.004,0.024,1.022,0.691,-2.503,1.006,idle
-0.007,0.020,1.019,1.444,-3.045,0.971,idle
-0.004,0.023,1.016,1.339,-2.957,0.998,idle
-0.005,0.023,1.019,-0.175,-2.056,0.962,idle
-0.004,0.022,1.013,0.087,-2.161,0.928,idle
-0.004,0.023,1.015,0.140,-2.293,0.945,idle
-0.005,0.023,1.011,0.499,-2.415,0.945,idle
-0.006,0.020,1.008,1.111,-2.730,0.998,idle
-0.008,0.024,1.015,3.027,-4.113,0.962,idle
-0.002,0.022,1.009,3.264,-4.200,0.910,idle
-0.003,0.028,1.019,0.805,-2.608,0.928,idle
-0.005,0.022,1.012,-0.306,-1.908,0.962,idle
-0.004,0.024,1.018,1.505,-3.054,0.928,idle
-0.002,0.029,1.018,1.575,-3.106,0.936,idle
-0.004,0.024,1.016,0.577,-2.415,0.971,idle
-0.005,0.023,1.016,0.543,-2.406,0.936,idle
-0.004,0.024,1.016,0.438,-2.415,0.928,idle
-0.003,0.025,1.015,0.079,-2.109,0.892,idle
-0.003,0.027,1.019,0.744,-2.520,0.901,idle
-0.006,0.023,1.010,0.262,-2.275,0.910,idle
-0.003,0.027,1.020,1.374,-2.993,0.892,idle
-0.003,0.024,1.015,0.577,-2.424,0.936,idle
-0.004,0.024,1.016,0.543,-2.398,0.971,idle
-0.005,0.024,1.016,0.490,-2.406,0.945,idle
-0.004,0.023,1.015,0.621,-2.406,0.962,idle
-0.003,0.024,1.015,0.569,-2.415,0.928,idle
-0.003,0.025,1.017,0.569,-2.389,0.910,idle
-0.003,0.024,1.014,0.534,-2.362,0.962,idle
-0.004,0.025,1.016,0.481,-2.415,0.936,idle
-0.005,0.025,1.014,0.472,-2.380,1.006,idle
-0.004,0.025,1.018,0.499,-2.398,0.989,idle
-0.002,0.025,1.014,0.525,-2.406,0.989,idle
-0.005,0.022,1.014,0.499,-2.415,0.998,idle
-0.003,0.026,1.018,0.543,-2.362,0.962,idle
-0.004,0.026,1.022,0.586,-2.354,0.971,idle
0.000,0.024,1.014,0.525,-2.406,0.998,idle
-0.003,0.027,1.016,0.534,-2.389,1.015,idle
-0.004,0.026,1.017,0.499,-2.398,0.980,idle
-0.005,0.024,1.016,0.481,-2.380,0.971,idle
-0.004,0.023,1.016,0.595,-2.415,0.989,idle
-0.003,0.024,1.016,0.507,-2.406,1.015,idle
-0.004,0.024,1.017,0.499,-2.424,0.998,idle
-0.003,0.024,1.015,0.481,-2.398,0.980,idle
-0.004,0.024,1.017,0.507,-2.415,1.006,idle
-0.003,0.025,1.015,0.543,-2.441,0.989,idle
-0.004,0.025,1.017,0.560,-2.406,0.998,idle
-0.005,0.025,1.018,0.472,-2.406,0.971,idle
-0.003,0.024,1.014,0.499,-2.406,1.024,idle
-0.004,0.025,1.015,0.525,-2.398,1.015,idle
-0.004,0.024,1.015,0.516,-2.432,1.033,idle
-0.004,0.025,1.017,0.525,-2.406,0.998,idle
-0.004,0.024,1.017,0.525,-2.415,1.015,idle
-0.003,0.025,1.014,0.516,-2.398,1.024,idle
-0.005,0.023,1.015,0.525,-2.398,0.980,idle
-0.005,0.022,1.015,0.446,-2.398,0.989,idle
-0.004,0.023,1.013,0.455,-2.415,1.041,idle
-0.003,0.023,1.019,0.490,-2.398,1.033,idle
-0.003,0.022,1.014,0.525,-2.389,1.015,idle
-0.005,0.022,1.015,0.534,-2.371,1.059,idle
-0.005,0.024,1.016,0.499,-2.389,0.998,idle
-0.005,0.024,1.016,0.429,-2.415,1.015,idle
-0.003,0.024,1.016,0.507,-2.415,1.015,idle
-0.004,0.024,1.014,0.472,-2.406,1.015,idle
-0.003,0.023,1.015,0.481,-2.415,0.998,idle
-0.004,0.023,1.015,0.490,-2.362,1.015,idle
-0.004,0.024,1.014,0.507,-2.415,1.024,idle
-0.004,0.024,1.016,0.455,-2.362,1.015,idle
-0.003,0.025,1.016,0.499,-2.389,1.006,idle
-0.003,0.024,1.013,0.534,-2.406,1.033,idle
-0.004,0.024,1.017,0.490,-2.380,1.015,idle
-0.003,0.025,1.016,0.472,-2.389,0.989,idle
-0.005,0.024,1.017,0.516,-2.424,1.006,idle
-0.003,0.024,1.016,0.481,-2.432,1.015,idle
-0.004,0.025,1.015,0.516,-2.380,0.971,idle
-0.004,0.025,1.017,0.569,-2.362,0.980,idle
-0.005,0.025,1.015,0.464,-2.362,1.024,idle
-0.004,0.025,1.015,0.499,-2.406,1.006,idle
-0.003,0.024,1.018,0.490,-2.398,0.971,idle
-0.003,0.024,1.015,0.446,-2.380,0.989,idle
-0.005,0.024,1.018,0.289,-2.293,0.980,idle
-0.003,0.026,1.016,0.683,-2.520,1.006,idle
-0.004,0.023,1.016,0.140,-2.144,1.015,idle
-0.005,0.024,1.017,-0.385,-1.811,0.998,idle
-0.005,0.023,1.014,-0.271,-1.846,0.980,idle
-0.003,0.023,1.016,-0.306,-1.864,0.962,idle
-0.005,0.022,1.016,-1.251,-1.207,0.989,idle
-0.007,0.019,1.013,0.114,-2.126,0.998,idle
-0.007,0.021,1.017,0.980,-2.669,1.041,idle
-0.003,0.023,1.018,0.936,-2.721,0.998,idle
-0.005,0.022,1.017,0.490,-2.362,0.989,idle
-0.005,0.022,1.014,0.481,-2.380,0.998,idle
-0.006,0.022,1.016,0.499,-2.380,1.015,idle
-0.005,0.021,1.014,0.359,-2.328,0.989,idle
-0.005,0.022,1.016,0.674,-2.564,0.954,idle
-0.006,0.021,1.014,0.446,-2.345,0.989,idle
-0.005,0.022,1.015,0.700,-2.529,0.998,idle
-0.004,0.022,1.015,0.884,-2.625,0.954,idle
-0.005,0.022,1.014,0.954,-2.730,0.980,idle
-0.004,0.022,1.016,1.339,-2.914,1.041,idle
-0.005,0.024,1.016,1.592,-3.115,0.971,idle
-0.003,0.024,1.017,0.910,-2.616,0.962,idle
-0.002,0.026,1.018,-0.166,-1.916,0.980,idle
-0.003,0.025,1.017,-1.225,-1.225,1.041,idle
-0.004,0.022,1.017,-0.919,-1.487,1.006,idle
-0.005,0.022,1.014,0.166,-2.179,0.998,idle
-0.005,0.022,1.017,0.228,-2.196,0.989,idle
-0.004,0.024,1.018,-0.070,-2.047,1.059,idle
-0.006,0.021,1.014,0.149,-2.170,1.041,idle
-0.008,0.019,1.013,0.752,-2.555,1.015,idle
-0.006,0.022,1.016,1.619,-3.089,0.998,idle
-0.003,0.024,1.018,0.831,-2.608,0.971,idle
-0.005,0.023,1.016,0.814,-2.581,0.998,idle
-0.006,0.022,1.016,0.639,-2.476,1.041,idle
-0.004,0.022,1.015,0.744,-2.503,1.041,idle
-0.005,0.023,1.007,0.770,-2.450,1.024,idle
-0.007,0.024,1.006,0.455,-2.398,1.015,idle
-0.004,0.027,1.019,0.166,-2.144,0.980,idle
-0.003,0.026,1.023,-0.114,-1.986,1.006,idle
-0.006,0.022,1.011,0.376,-2.319,1.076,idle
-0.005,0.024,1.016,0.472,-2.362,1.041,idle
-0.004,0.023,1.018,0.630,-2.432,1.033,idle
-0.005,0.024,1.020,1.059,-2.678,0.989,idle
-0.006,0.024,1.015,0.788,-2.581,1.006,idle
-0.005,0.023,1.016,0.840,-2.599,1.024,idle
-0.004,0.023,1.018,0.814,-2.599,1.024,idle
-0.004,0.023,1.018,0.420,-2.301,1.050,idle
-0.004,0.024,1.016,0.289,-2.257,1.041,idle
-0.004,0.023,1.017,0.333,-2.257,1.006,idle
-0.005,0.023,1.018,0.446,-2.354,1.050,idle
-0.005,0.022,1.014,0.061,-2.065,1.050,idle
-0.006,0.022,1.015,0.350,-2.284,1.041,idle
-0.005,0.023,1.015,1.234,-2.835,1.067,idle
-0.005,0.023,1.015,1.033,-2.713,1.006,idle
-0.005,0.021,1.015,0.866,-2.564,1.059,idle
-0.006,0.024,1.021,0.945,-2.660,1.059,idle
-0.005,0.021,1.016,0.306,-2.336,1.033,idle
-0.005,0.018,1.009,0.359,-2.319,1.033,idle
-0.007,0.020,1.011,0.543,-2.415,1.050,idle
-0.003,0.022,1.017,0.192,-2.205,0.998,idle
-0.009,0.024,1.016,0.123,-2.126,1.059,idle
-0.002,0.021,1.012,-0.052,-2.021,1.050,idle
-0.006,0.022,1.016,-0.665,-1.610,1.050,idle
-0.004,0.018,1.014,-0.411,-1.785,1.024,idle
-0.010,0.019,1.013,-0.560,-1.680,1.059,idle
-0.001,0.023,1.016,0.744,-2.537,1.059,idle
-0.008,0.020,1.015,0.691,-2.485,1.155,idle
-0.004,0.021,1.019,1.164,-2.835,1.085,idle
-0.007,0.022,1.016,0.683,-2.511,1.024,idle
-0.004,0.021,1.014,0.446,-2.389,1.076,idle
-0.008,0.021,1.016,0.980,-2.756,1.076,idle
-0.004,0.020,1.013,1.216,-2.861,1.085,idle
-0.007,0.023,1.017,1.024,-2.756,1.076,idle
-0.004,0.023,1.015,1.286,-2.931,1.041,idle
-0.006,0.021,1.015,0.534,-2.494,1.076,idle
-0.004,0.024,1.017,1.321,-2.931,1.041,idle
-0.005,0.022,1.016,0.831,-2.625,1.006,idle
-0.005,0.024,1.019,1.697,-3.194,1.015,idle
-0.003,0.025,1.014,1.164,-2.835,1.050,idle
-0.004,0.027,1.023,2.100,-3.430,1.033,idle
-0.001,0.026,1.017,0.630,-2.467,1.024,idle
-0.004,0.025,1.015,0.569,-2.459,0.998,idle
-0.004,0.023,1.020,0.595,-2.450,1.015,idle
-0.003,0.024,1.017,0.595,-2.415,0.998,idle
-0.002,0.025,1.014,0.577,-2.432,1.015,idle
-0.005,0.025,1.017,0.516,-2.345,1.041,idle
-0.002,0.025,1.015,0.551,-2.441,1.041,idle
-0.003,0.026,1.016,0.534,-2.406,1.050,idle
-0.003,0.025,1.017,0.577,-2.389,1.024,idle
-0.004,0.025,1.017,0.490,-2.406,1.076,idle
-0.003,0.024,1.015,0.481,-2.389,1.050,idle
-0.003,0.025,1.016,0.516,-2.406,1.067,idle
-0.005,0.023,1.017,0.507,-2.424,1.059,idle
-0.003,0.024,1.016,0.490,-2.371,1.076,idle
-0.003,0.025,1.015,0.525,-2.406,1.085,idle
-0.004,0.024,1.018,0.516,-2.398,1.085,idle
-0.004,0.023,1.014,0.525,-2.406,1.059,idle
-0.004,0.026,1.015,0.490,-2.398,1.120,idle
-0.003,0.025,1.016,0.516,-2.424,1.059,idle
-0.004,0.025,1.015,0.525,-2.432,1.111,idle
-0.003,0.025,1.015,0.525,-2.389,1.111,idle
-0.004,0.025,1.015,0.516,-2.389,1.129,idle
-0.002,0.025,1.014,0.551,-2.398,1.129,idle
-0.005,0.025,1.014,0.534,-2.406,1.085,idle
-0.003,0.025,1.014,0.507,-2.380,1.111,idle
-0.004,0.025,1.015,0.621,-2.432,1.129,idle
-0.002,0.024,1.016,0.560,-2.398,1.094,idle
-0.003,0.026,1.015,0.499,-2.345,1.138,idle
-0.005,0.025,1.018,0.420,-2.441,1.120,idle
-0.004,0.025,1.017,0.280,-2.415,1.138,idle
-0.004,0.026,1.019,0.157,-2.494,1.164,idle
-0.005,0.024,1.009,0.157,-2.476,1.085,idle
-0.002,0.022,1.015,0.656,-2.424,1.138,idle
-0.004,0.026,1.018,0.543,-2.441,1.050,idle
-0.004,0.025,1.016,0.516,-2.398,1.059,idle
-0.004,0.024,1.014,0.507,-2.354,1.102,idle
-0.002,0.026,1.017,0.604,-2.406,1.111,idle
-0.005,0.024,1.017,0.569,-2.371,1.111,idle
-0.003,0.023,1.015,0.586,-2.398,1.085,idle
-0.005,0.024,1.016,0.604,-2.424,1.050,idle
-0.002,0.026,1.014,0.621,-2.398,1.120,idle
-0.003,0.025,1.015,0.604,-2.424,1.085,idle
-0.002,0.025,1.016,0.560,-2.398,1.094,idle
-0.004,0.025,1.017,0.630,-2.380,1.111,idle
-0.003,0.025,1.017,0.551,-2.380,1.059,idle
-0.003,0.024,1.013,0.560,-2.380,1.067,idle
-0.003,0.025,1.016,0.516,-2.389,1.094,idle
-0.004,0.025,1.017,0.621,-2.380,1.094,idle
-0.002,0.025,1.012,0.490,-2.415,1.094,idle
-0.001,0.025,1.016,0.595,-2.380,1.111,idle
-0.004,0.025,1.014,0.551,-2.398,1.111,idle
-0.003,0.026,1.021,0.464,-2.380,1.085,idle
-0.003,0.024,1.013,0.429,-2.406,1.067,idle
-0.006,0.026,1.019,0.472,-2.406,1.050,idle
-0.002,0.025,1.015,0.569,-2.362,1.059,idle
-0.004,0.022,1.015,0.577,-2.415,1.050,idle
-0.004,0.025,1.018,0.630,-2.371,1.094,idle
-0.003,0.026,1.015,0.569,-2.406,1.059,idle
-0.004,0.023,1.014,0.621,-2.406,1.059,idle
-0.003,0.024,1.013,0.621,-2.459,1.015,idle
-0.003,0.027,1.012,0.516,-2.415,1.041,idle
-0.002,0.024,1.018,0.499,-2.424,1.067,idle
-0.004,0.025,1.014,0.560,-2.406,1.006,idle
-0.003,0.028,1.018,0.683,-2.415,1.076,idle
-0.002,0.026,1.015,0.577,-2.380,1.085,idle
-0.003,0.027,1.018,0.516,-2.371,1.076,idle
-0.002,0.025,1.017,0.429,-2.398,1.138,idle
-0.005,0.025,1.013,0.376,-2.389,1.120,idle
-0.004,0.024,1.018,0.543,-2.406,1.085,idle
-0.002,0.025,1.016,0.525,-2.354,1.085,idle
-0.003,0.025,1.015,0.551,-2.380,1.094,idle
-0.002,0.026,1.015,0.499,-2.389,1.120,idle
-0.002,0.026,1.015,0.516,-2.432,1.146,idle
0.011,0.039,1.021,0.639,-2.450,4.270,idle
0.002,0.029,1.014,0.333,-2.152,5.469,idle
-0.007,0.024,1.018,0.472,-2.398,1.234,idle
-0.005,0.023,1.014,0.446,-2.432,1.067,idle
-0.005,0.024,1.018,0.472,-2.371,1.050,idle
-0.002,0.025,1.014,0.446,-2.371,1.050,idle
-0.002,0.026,1.015,0.534,-2.450,1.067,idle
-0.000,0.031,1.016,0.516,-2.380,1.330,idle
-0.005,0.022,1.017,0.481,-2.371,0.577,idle
-0.005,0.019,1.012,0.411,-2.398,0.087,idle
-0.006,0.021,1.015,0.429,-2.354,0.586,idle
-0.005,0.022,1.016,0.490,-2.389,0.761,idle
-0.001,0.024,1.014,0.560,-2.398,1.024,idle
-0.003,0.025,1.014,0.525,-2.398,1.102,idle
-0.002,0.025,1.015,0.560,-2.389,1.120,idle
-0.003,0.025,1.017,0.586,-2.371,1.129,idle
-0.003,0.025,1.014,0.577,-2.389,1.111,idle
-0.002,0.025,1.016,0.543,-2.380,1.181,idle
-0.002,0.025,1.015,0.516,-2.406,1.164,idle
-0.003,0.026,1.017,0.534,-2.389,1.155,idle
-0.004,0.025,1.015,0.551,-2.380,1.138,idle
-0.004,0.025,1.017,0.560,-2.398,1.076,idle
-0.003,0.025,1.017,0.569,-2.389,1.102,idle
-0.003,0.027,1.015,0.499,-2.371,1.050,idle
-0.003,0.026,1.017,0.551,-2.398,1.146,idle
-0.003,0.025,1.014,0.525,-2.398,1.102,idle
-0.004,0.025,1.018,0.499,-2.415,1.102,idle
-0.003,0.025,1.015,0.534,-2.398,1.111,idle
-0.004,0.025,1.016,0.464,-2.371,1.094,idle
-0.003,0.025,1.015,0.507,-2.380,1.102,idle
-0.003,0.025,1.016,0.481,-2.406,1.120,idle
-0.003,0.025,1.013,0.516,-2.398,1.120,idle
-0.003,0.025,1.014,0.499,-2.371,1.129,idle
-0.004,0.026,1.016,0.569,-2.389,1.164,idle
-0.003,0.026,1.017,0.543,-2.371,1.146,idle
-0.002,0.026,1.015,0.499,-2.380,1.173,idle
-0.004,0.025,1.015,0.507,-2.389,1.155,idle
-0.004,0.026,1.018,0.534,-2.406,1.138,idle
-0.002,0.026,1.014,0.525,-2.398,1.129,idle
-0.004,0.025,1.016,0.481,-2.441,1.164,idle
-0.003,0.025,1.013,0.455,-2.389,1.164,idle
-0.002,0.026,1.016,0.577,-2.380,1.138,idle
-0.004,0.026,1.017,0.490,-2.380,1.155,idle
-0.003,0.025,1.016,0.551,-2.389,1.199,idle
-0.003,0.025,1.013,0.499,-2.354,1.138,idle
-0.004,0.026,1.017,0.560,-2.406,1.138,idle
-0.002,0.025,1.015,0.543,-2.424,1.146,idle
-0.005,0.026,1.015,0.543,-2.380,1.138,idle
-0.002,0.026,1.017,0.507,-2.406,1.146,idle
-0.003,0.025,1.016,0.464,-2.389,1.129,idle
-0.003,0.025,1.015,0.516,-2.380,1.190,idle
-0.003,0.025,1.015,0.543,-2.406,1.181,idle
-0.004,0.026,1.017,0.543,-2.415,1.173,idle
-0.002,0.025,1.017,0.569,-2.398,1.111,idle
-0.004,0.025,1.015,0.525,-2.432,1.129,idle
-0.003,0.025,1.014,0.569,-2.380,1.181,idle
-0.003,0.026,1.018,0.525,-2.424,1.146,idle
-0.003,0.025,1.017,0.472,-2.371,1.155,idle
-0.003,0.024,1.016,0.516,-2.389,1.138,idle
-0.004,0.026,1.016,0.543,-2.389,1.181,idle
-0.003,0.025,1.014,0.534,-2.389,1.190,idle
-0.005,0.026,1.017,0.551,-2.389,1.146,idle
-0.004,0.025,1.017,0.525,-2.389,1.146,idle
-0.003,0.025,1.015,0.507,-2.380,1.190,idle
-0.003,0.025,1.015,0.499,-2.345,1.164,idle
-0.003,0.025,1.015,0.499,-2.371,1.138,idle
-0.002,0.025,1.016,0.481,-2.398,1.190,idle
-0.004,0.025,1.017,0.630,-2.389,1.181,idle
-0.002,0.026,1.014,0.551,-2.398,1.120,idle
-0.003,0.026,1.015,0.446,-2.389,1.199,idle
-0.002,0.025,1.016,0.534,-2.371,1.164,idle
-0.003,0.026,1.015,0.586,-2.389,1.181,idle
-0.002,0.026,1.015,0.507,-2.371,1.190,idle
-0.003,0.025,1.016,0.534,-2.398,1.216,idle
-0.004,0.024,1.013,0.507,-2.371,1.181,idle
-0.003,0.025,1.015,0.516,-2.380,1.164,idle
-0.002,0.025,1.018,0.516,-2.398,1.190,idle
-0.003,0.025,1.017,0.481,-2.398,1.146,idle
-0.006,0.024,1.017,0.551,-2.380,1.129,idle
-0.005,0.024,1.014,0.569,-2.398,1.085,idle
0.002,0.027,1.018,0.630,-2.415,1.129,idle
-0.002,0.026,1.017,0.499,-2.380,1.146,idle
-0.003,0.025,1.013,0.516,-2.389,1.146,idle
-0.004,0.025,1.016,0.543,-2.371,1.146,idle
-0.003,0.026,1.016,0.586,-2.398,1.181,idle
-0.002,0.026,1.017,0.499,-2.398,1.138,idle
-0.003,0.026,1.016,0.516,-2.424,1.190,idle
-0.003,0.026,1.013,0.438,-2.424,1.199,idle
-0.004,0.026,1.015,0.464,-2.389,1.173,idle
-0.003,0.026,1.017,0.472,-2.406,1.181,idle
-0.003,0.026,1.015,0.507,-2.389,1.155,idle
-0.003,0.025,1.016,0.481,-2.398,1.225,idle
-0.004,0.025,1.017,0.516,-2.389,1.164,idle
-0.003,0.025,1.015,0.516,-2.424,1.155,idle
-0.002,0.026,1.017,0.551,-2.398,1.146,idle
-0.003,0.026,1.014,0.516,-2.380,1.155,idle
-0.004,0.026,1.017,0.438,-2.371,1.173,idle
-0.002,0.025,1.014,0.499,-2.380,1.164,idle
-0.005,0.026,1.016,0.499,-2.398,1.155,idle
-0.002,0.026,1.013,0.507,-2.398,1.146,idle
-0.003,0.025,1.018,0.472,-2.389,1.173,idle
-0.003,0.025,1.014,0.490,-2.398,1.120,idle
-0.004,0.026,1.017,0.472,-2.406,1.146,idle
-0.001,0.026,1.013,0.490,-2.380,1.173,idle
-0.004,0.025,1.014,0.516,-2.424,1.181,idle
-0.002,0.025,1.015,0.525,-2.406,1.146,idle
-0.004,0.025,1.018,0.490,-2.415,1.146,idle
-0.003,0.026,1.015,0.516,-2.389,1.190,idle
-0.003,0.025,1.017,0.577,-2.432,1.120,idle
-0.003,0.026,1.015,0.507,-2.380,1.173,idle
-0.004,0.024,1.016,0.569,-2.415,1.155,idle
-0.002,0.026,1.015,0.525,-2.380,1.155,idle
-0.001,0.027,1.015,0.481,-2.389,1.190,idle
-0.003,0.026,1.013,0.446,-2.398,1.199,idle
-0.004,0.025,1.017,0.499,-2.354,1.190,idle
-0.002,0.026,1.017,0.516,-2.406,1.181,idle
-0.003,0.026,1.015,0.490,-2.389,1.199,idle
-0.004,0.026,1.014,0.464,-2.398,1.164,idle
-0.004,0.025,1.015,0.499,-2.389,1.173,idle
-0.002,0.024,1.015,0.472,-2.380,1.190,idle
-0.004,0.025,1.017,0.560,-2.415,1.216,idle
-0.003,0.026,1.016,0.516,-2.389,1.146,idle
-0.003,0.025,1.015,0.516,-2.398,1.138,idle
-0.002,0.027,1.015,0.525,-2.389,1.173,idle
-0.005,0.024,1.016,0.516,-2.424,1.190,idle
-0.004,0.025,1.015,0.569,-2.389,1.155,idle
-0.002,0.026,1.015,0.525,-2.389,1.190,idle
-0.003,0.026,1.017,0.507,-2.380,1.199,idle
-0.004,0.026,1.016,0.490,-2.380,1.164,idle
-0.002,0.025,1.016,0.560,-2.389,1.129,idle
-0.003,0.024,1.015,0.499,-2.398,1.190,idle
-0.002,0.026,1.016,0.543,-2.406,1.181,idle
-0.003,0.026,1.015,0.551,-2.406,1.146,idle
-0.004,0.025,1.015,0.516,-2.380,1.190,idle
-0.002,0.025,1.014,0.490,-2.398,1.164,idle
-0.005,0.026,1.018,0.507,-2.371,1.164,idle
-0.005,0.025,1.015,0.525,-2.328,1.173,idle
-0.004,0.026,1.015,0.525,-2.415,1.146,idle
-0.002,0.025,1.015,0.534,-2.389,1.199,idle
-0.003,0.025,1.016,0.525,-2.371,1.173,idle
-0.004,0.025,1.017,0.525,-2.371,1.181,idle
-0.003,0.026,1.015,0.499,-2.432,1.181,idle
-0.003,0.026,1.013,0.525,-2.371,1.173,idle
-0.004,0.025,1.017,0.490,-2.424,1.129,idle
-0.003,0.025,1.014,0.481,-2.406,1.181,idle
-0.004,0.025,1.016,0.507,-2.389,1.138,idle
-0.003,0.025,1.015,0.525,-2.398,1.155,idle
-0.003,0.025,1.016,0.481,-2.389,1.164,idle
-0.002,0.026,1.015,0.507,-2.371,1.146,idle
-0.004,0.025,1.015,0.525,-2.380,1.164,idle
-0.004,0.024,1.015,0.534,-2.380,1.164,idle
-0.001,0.025,1.015,0.525,-2.354,1.164,idle
-0.002,0.026,1.014,0.543,-2.398,1.190,idle
-0.005,0.025,1.017,0.438,-2.380,1.155,idle
-0.003,0.025,1.017,0.569,-2.389,1.173,idle
-0.002,0.026,1.016,0.507,-2.380,1.146,idle
-0.004,0.025,1.016,0.481,-2.380,1.138,idle
-0.003,0.026,1.016,0.516,-2.398,1.181,idle
-0.003,0.026,1.018,0.569,-2.336,1.207,idle
-0.003,0.025,1.013,0.507,-2.389,1.173,idle
-0.002,0.026,1.017,0.534,-2.362,1.190,idle
-0.005,0.025,1.016,0.490,-2.354,1.181,idle
-0.002,0.025,1.016,0.543,-2.371,1.216,idle
-0.001,0.026,1.014,0.472,-2.389,1.181,idle
-0.004,0.025,1.017,0.516,-2.389,1.190,idle
-0.006,0.024,1.014,0.490,-2.406,1.155,idle
-0.003,0.027,1.017,0.516,-2.406,1.164,idle
-0.002,0.026,1.015,0.507,-2.424,1.164,idle
-0.004,0.025,1.016,0.516,-2.345,1.146,idle
-0.003,0.025,1.015,0.516,-2.415,1.173,idle
-0.003,0.025,1.016,0.534,-2.398,1.190,idle
-0.004,0.025,1.017,0.560,-2.398,1.164,idle
-0.003,0.026,1.015,0.516,-2.389,1.199,idle
-0.003,0.026,1.018,0.543,-2.389,1.155,idle
-0.002,0.025,1.016,0.543,-2.415,1.164,idle
-0.004,0.025,1.016,0.516,-2.415,1.164,idle
-0.003,0.025,1.016,0.525,-2.398,1.173,idle
-0.003,0.026,1.018,0.560,-2.380,1.155,idle
-0.004,0.025,1.016,0.490,-2.362,1.164,idle
-0.004,0.026,1.014,0.525,-2.389,1.207,idle
-0.004,0.026,1.015,0.525,-2.371,1.190,idle
-0.004,0.025,1.016,0.534,-2.380,1.155,idle
-0.003,0.025,1.015,0.472,-2.398,1.146,idle
-0.003,0.025,1.014,0.516,-2.389,1.181,idle
-0.003,0.026,1.015,0.499,-2.371,1.173,idle
-0.003,0.025,1.015,0.525,-2.389,1.190,idle
-0.005,0.025,1.015,0.534,-2.389,1.146,idle
-0.003,0.025,1.015,0.543,-2.424,1.190,idle
-0.004,0.026,1.015,0.499,-2.389,1.199,idle
-0.005,0.026,1.015,0.507,-2.380,1.181,idle
-0.002,0.026,1.016,0.516,-2.398,1.173,idle
-0.003,0.025,1.017,0.525,-2.380,1.146,idle
-0.002,0.025,1.013,0.464,-2.354,1.164,idle
-0.003,0.025,1.016,0.490,-2.354,1.190,idle
-0.002,0.026,1.015,0.525,-2.380,1.225,idle
-0.004,0.026,1.015,0.472,-2.371,1.234,idle
-0.002,0.025,1.014,0.516,-2.398,1.225,idle
-0.003,0.025,1.016,0.543,-2.424,1.190,idle
-0.004,0.025,1.014,0.516,-2.362,1.173,idle
-0.005,0.026,1.016,0.499,-2.406,1.173,idle
-0.004,0.025,1.015,0.516,-2.380,1.181,idle
-0.002,0.025,1.017,0.543,-2.380,1.146,idle
-0.002,0.027,1.015,0.543,-2.406,1.181,idle
-0.004,0.025,1.016,0.472,-2.389,1.207,idle
-0.003,0.025,1.015,0.464,-2.389,1.181,idle
-0.003,0.026,1.016,0.481,-2.415,1.164,idle
-0.002,0.026,1.014,0.455,-2.380,1.199,idle
-0.004,0.025,1.017,0.525,-2.398,1.242,idle
-0.001,0.026,1.015,0.507,-2.389,1.216,idle
-0.003,0.025,1.017,0.516,-2.362,1.199,idle
-0.004,0.025,1.014,0.543,-2.380,1.199,idle
-0.005,0.026,1.015,0.551,-2.389,1.207,idle
-0.003,0.026,1.016,0.507,-2.406,1.190,idle
-0.003,0.025,1.015,0.534,-2.362,1.199,idle
-0.004,0.026,1.017,0.507,-2.406,1.207,idle
-0.002,0.026,1.014,0.472,-2.380,1.190,idle
-0.005,0.025,1.017,0.543,-2.389,1.199,idle
-0.003,0.025,1.014,0.429,-2.380,1.190,idle
-0.004,0.025,1.016,0.472,-2.398,1.190,idle
-0.003,0.025,1.016,0.534,-2.371,1.190,idle
-0.003,0.026,1.015,0.516,-2.406,1.173,idle
-0.004,0.026,1.016,0.543,-2.380,1.216,idle
-0.003,0.026,1.016,0.490,-2.406,1.181,idle
-0.003,0.024,1.016,0.499,-2.389,1.181,idle
-0.004,0.026,1.017,0.490,-2.371,1.173,idle
-0.003,0.026,1.017,0.455,-2.398,1.164,idle
-0.003,0.024,1.016,0.507,-2.398,1.190,idle
-0.004,0.027,1.017,0.525,-2.415,1.164,idle
-0.005,0.025,1.014,0.516,-2.362,1.173,idle
-0.002,0.025,1.014,0.516,-2.380,1.164,idle
-0.003,0.026,1.016,0.534,-2.389,1.199,idle
-0.002,0.027,1.017,0.516,-2.398,1.173,idle
-0.005,0.025,1.012,0.507,-2.380,1.173,idle
-0.003,0.024,1.018,0.534,-2.380,1.181,idle
-0.002,0.025,1.016,0.534,-2.362,1.199,idle
-0.003,0.026,1.016,0.472,-2.354,1.181,idle
-0.004,0.025,1.016,0.499,-2.432,1.207,idle
-0.003,0.025,1.015,0.499,-2.432,1.190,idle
-0.002,0.026,1.016,0.543,-2.406,1.225,idle
-0.004,0.025,1.014,0.551,-2.371,1.207,idle
-0.003,0.026,1.017,0.534,-2.398,1.199,idle
-0.001,0.026,1.014,0.551,-2.415,1.207,idle
-0.004,0.026,1.016,0.525,-2.380,1.216,idle
-0.004,0.025,1.015,0.551,-2.389,1.207,idle
-0.003,0.025,1.014,0.586,-2.389,1.190,idle
-0.002,0.026,1.018,0.543,-2.371,1.190,idle
-0.004,0.026,1.015,0.569,-2.389,1.199,idle
-0.003,0.025,1.014,0.507,-2.415,1.207,idle
-0.003,0.026,1.016,0.490,-2.354,1.216,idle
-0.002,0.026,1.016,0.481,-2.380,1.181,idle
-0.004,0.025,1.015,0.525,-2.389,1.190,idle
-0.004,0.025,1.015,0.543,-2.406,1.225,idle
-0.002,0.026,1.016,0.560,-2.406,1.216,idle
-0.003,0.026,1.016,0.543,-2.380,1.216,idle
-0.003,0.026,1.017,0.525,-2.371,1.190,idle
-0.003,0.025,1.016,0.481,-2.380,1.138,idle
-0.003,0.025,1.016,0.516,-2.415,1.164,idle
-0.003,0.025,1.016,0.543,-2.371,1.190,idle
-0.004,0.025,1.015,0.516,-2.389,1.181,idle
-0.004,0.026,1.016,0.499,-2.362,1.164,idle
-0.003,0.026,1.015,0.551,-2.406,1.216,idle
-0.003,0.026,1.017,0.481,-2.345,1.181,idle
-0.003,0.025,1.017,0.455,-2.389,1.190,idle
-0.004,0.026,1.016,0.472,-2.371,1.155,idle
-0.004,0.024,1.014,0.507,-2.389,1.199,idle
-0.003,0.025,1.016,0.534,-2.362,1.173,idle
-0.002,0.025,1.016,0.534,-2.371,1.173,idle
-0.003,0.025,1.014,0.446,-2.336,1.207,idle
-0.004,0.025,1.014,0.499,-2.380,1.207,idle
-0.003,0.025,1.016,0.586,-2.380,1.207,idle
-0.004,0.025,1.014,0.516,-2.415,1.207,idle
-0.003,0.027,1.016,0.472,-2.389,1.155,idle
-0.002,0.025,1.015,0.525,-2.362,1.199,idle
-0.003,0.026,1.013,0.490,-2.398,1.199,idle
-0.003,0.026,1.015,0.534,-2.362,1.155,idle
-0.003,0.025,1.017,0.543,-2.362,1.181,idle
-0.003,0.026,1.016,0.481,-2.389,1.199,idle
-0.003,0.026,1.014,0.543,-2.380,1.190,idle
-0.003,0.026,1.016,0.499,-2.389,1.207,idle
-0.004,0.025,1.016,0.525,-2.380,1.216,idle
-0.004,0.025,1.015,0.481,-2.380,1.216,idle
-0.002,0.026,1.015,0.499,-2.406,1.216,idle
-0.004,0.026,1.015,0.534,-2.406,1.207,idle
-0.004,0.027,1.017,0.507,-2.362,1.138,idle
-0.005,0.026,1.015,0.551,-2.380,1.225,idle
-0.003,0.026,1.015,0.586,-2.389,1.207,idle
-0.004,0.026,1.016,0.499,-2.389,1.199,idle
-0.004,0.025,1.016,0.534,-2.362,1.207,idle
-0.004,0.026,1.016,0.543,-2.432,1.207,idle
-0.003,0.026,1.016,0.525,-2.415,1.199,idle
-0.003,0.025,1.015,0.534,-2.354,1.207,idle
-0.003,0.026,1.016,0.525,-2.389,1.190,idle
-0.003,0.025,1.016,0.543,-2.398,1.207,idle
-0.004,0.025,1.015,0.507,-2.415,1.251,idle
-0.003,0.026,1.016,0.516,-2.389,1.199,idle
-0.003,0.026,1.015,0.516,-2.398,1.216,idle
-0.003,0.026,1.016,0.534,-2.380,1.216,idle
-0.004,0.026,1.017,0.516,-2.389,1.207,idle
-0.003,0.026,1.016,0.516,-2.380,1.164,idle
-0.003,0.025,1.014,0.525,-2.380,1.181,idle
-0.003,0.026,1.017,0.507,-2.362,1.216,idle
-0.003,0.025,1.016,0.490,-2.389,1.199,idle
-0.003,0.025,1.014,0.577,-2.362,1.173,idle
-0.004,0.026,1.014,0.507,-2.406,1.207,idle
-0.002,0.026,1.016,0.551,-2.362,1.199,idle
-0.003,0.026,1.015,0.551,-2.398,1.190,idle
-0.004,0.025,1.016,0.499,-2.354,1.164,idle
-0.003,0.026,1.014,0.534,-2.371,1.190,idle
-0.003,0.026,1.018,0.516,-2.371,1.190,idle
-0.003,0.026,1.016,0.499,-2.380,1.173,idle
-0.003,0.025,1.015,0.499,-2.415,1.207,idle
-0.004,0.026,1.017,0.507,-2.354,1.199,idle
-0.003,0.026,1.016,0.551,-2.362,1.216,idle
-0.003,0.026,1.015,0.525,-2.424,1.234,idle
-0.003,0.026,1.016,0.464,-2.371,1.234,idle
-0.003,0.025,1.017,0.560,-2.389,1.173,idle
-0.004,0.024,1.014,0.543,-2.398,1.199,idle
-0.004,0.025,1.015,0.499,-2.380,1.164,idle
-0.004,0.025,1.014,0.534,-2.389,1.181,idle
-0.003,0.026,1.014,0.499,-2.406,1.155,idle
-0.002,0.025,1.015,0.490,-2.389,1.181,idle
-0.005,0.026,1.017,0.525,-2.362,1.216,idle
-0.003,0.025,1.016,0.525,-2.354,1.216,idle
-0.002,0.026,1.015,0.543,-2.380,1.181,idle
-0.003,0.025,1.016,0.569,-2.371,1.190,idle
-0.005,0.026,1.016,0.507,-2.345,1.155,idle
-0.004,0.025,1.015,0.516,-2.389,1.199,idle
-0.002,0.026,1.016,0.525,-2.415,1.164,idle
-0.003,0.027,1.015,0.507,-2.406,1.199,idle
-0.004,0.026,1.016,0.481,-2.380,1.181,idle
-0.004,0.025,1.015,0.490,-2.398,1.190,idle
-0.003,0.024,1.014,0.516,-2.389,1.173,idle
-0.004,0.026,1.017,0.569,-2.362,1.190,idle
-0.003,0.026,1.016,0.499,-2.389,1.216,idle
-0.003,0.025,1.014,0.543,-2.389,1.181,idle
-0.003,0.026,1.019,0.525,-2.406,1.216,idle
-0.003,0.025,1.016,0.560,-2.398,1.207,idle
-0.003,0.025,1.015,0.525,-2.415,1.207,idle
-0.003,0.025,1.015,0.507,-2.354,1.173,idle
-0.004,0.025,1.015,0.446,-2.389,1.129,idle
-0.004,0.025,1.015,0.534,-2.398,0.910,idle
-0.000,0.028,1.016,0.472,-2.389,0.674,idle
-0.004,0.025,1.016,0.490,-2.362,1.102,idle
-0.005,0.025,1.015,0.507,-2.406,1.111,idle
-0.003,0.025,1.015,0.481,-2.380,1.111,idle
-0.003,0.026,1.016,0.516,-2.389,1.085,idle
-0.005,0.026,1.015,0.490,-2.354,1.094,idle
-0.003,0.025,1.015,0.507,-2.362,1.181,idle
-0.003,0.026,1.015,0.551,-2.380,1.164,idle
-0.002,0.027,1.016,0.543,-2.406,1.138,idle
-0.005,0.025,1.016,0.516,-2.406,1.173,idle
-0.002,0.025,1.015,0.534,-2.380,1.190,idle
-0.002,0.027,1.017,0.516,-2.398,1.225,idle
-0.004,0.026,1.014,0.534,-2.371,1.242,idle
-0.003,0.026,1.017,0.516,-2.406,1.199,idle
-0.003,0.026,1.015,0.543,-2.362,1.190,idle
-0.003,0.026,1.015,0.481,-2.362,1.207,idle
-0.004,0.024,1.014,0.560,-2.389,1.216,idle
-0.003,0.025,1.017,0.534,-2.398,1.155,idle
-0.003,0.025,1.017,0.534,-2.380,1.190,idle
-0.004,0.026,1.015,0.560,-2.406,1.234,idle
-0.005,0.026,1.015,0.525,-2.380,1.225,idle
-0.003,0.025,1.016,0.560,-2.362,1.190,idle
-0.002,0.025,1.014,0.490,-2.406,1.199,idle
-0.003,0.026,1.016,0.534,-2.380,1.190,idle
-0.004,0.026,1.015,0.516,-2.406,1.207,idle
-0.003,0.025,1.016,0.525,-2.345,1.173,idle
-0.003,0.025,1.015,0.569,-2.406,1.190,idle
-0.003,0.025,1.016,0.525,-2.354,1.181,idle
-0.004,0.025,1.014,0.525,-2.398,1.173,idle
-0.003,0.025,1.017,0.472,-2.380,1.242,idle
-0.004,0.024,1.015,0.516,-2.380,1.190,idle
-0.004,0.025,1.014,0.499,-2.354,1.164,idle
-0.004,0.025,1.014,0.499,-2.371,1.199,idle
-0.003,0.025,1.016,0.560,-2.371,1.216,idle
-0.004,0.025,1.014,0.490,-2.389,1.199,idle
-0.002,0.025,1.015,0.499,-2.371,1.190,idle
-0.003,0.026,1.016,0.490,-2.389,1.199,idle
-0.004,0.025,1.014,0.507,-2.371,1.199,idle
-0.003,0.026,1.016,0.551,-2.406,1.181,idle
-0.003,0.026,1.015,0.525,-2.371,1.146,idle
-0.004,0.026,1.016,0.525,-2.371,1.225,idle
-0.001,0.025,1.014,0.543,-2.380,1.234,idle
-0.002,0.026,1.015,0.481,-2.389,1.173,idle
-0.004,0.026,1.017,0.543,-2.389,1.207,idle
-0.005,0.025,1.014,0.543,-2.389,1.181,idle
-0.003,0.026,1.015,0.507,-2.362,1.225,idle
-0.003,0.026,1.016,0.525,-2.389,1.216,idle
-0.003,0.026,1.017,0.490,-2.362,1.199,idle
-0.003,0.026,1.015,0.543,-2.362,1.138,idle
-0.004,0.027,1.017,0.569,-2.389,1.190,idle
-0.003,0.026,1.016,0.490,-2.371,1.207,idle
-0.003,0.024,1.014,0.499,-2.398,1.199,idle
-0.001,0.026,1.018,0.516,-2.406,1.242,idle
-0.005,0.025,1.016,0.560,-2.354,1.225,idle
-0.004,0.025,1.015,0.534,-2.406,1.207,idle
-0.003,0.026,1.016,0.490,-2.389,1.173,idle
-0.004,0.026,1.017,0.499,-2.371,1.173,idle
-0.004,0.026,1.015,0.507,-2.389,1.225,idle
-0.004,0.025,1.017,0.438,-2.380,1.216,idle
-0.003,0.025,1.015,0.569,-2.371,1.190,idle
-0.004,0.026,1.015,0.516,-2.398,1.155,idle
-0.004,0.026,1.017,0.507,-2.354,1.181,idle
-0.003,0.025,1.016,0.472,-2.371,1.190,idle
-0.004,0.025,1.015,0.499,-2.389,1.199,idle
-0.004,0.025,1.015,0.551,-2.371,1.216,idle
-0.004,0.025,1.016,0.481,-2.371,1.190,idle
-0.003,0.026,1.016,0.613,-2.415,1.199,idle
-0.004,0.026,1.015,0.525,-2.371,1.181,idle
-0.004,0.025,1.016,0.534,-2.362,1.207,idle
-0.003,0.025,1.016,0.516,-2.389,1.190,idle
-0.004,0.026,1.015,0.525,-2.389,1.207,idle
-0.003,0.026,1.015,0.534,-2.380,1.190,idle
-0.003,0.026,1.017,0.577,-2.362,1.199,idle
-0.003,0.026,1.015,0.499,-2.380,1.225,idle
-0.004,0.025,1.016,0.569,-2.415,1.207,idle
-0.006,0.023,1.016,0.525,-2.415,0.928,idle
-0.016,0.014,1.016,0.499,-2.467,-0.157,idle
-0.004,0.026,1.016,0.543,-2.441,-0.647,idle
-0.000,0.029,1.014,0.472,-2.398,0.516,idle
-0.002,0.026,1.017,0.534,-2.406,1.155,idle
-0.003,0.026,1.015,0.569,-2.415,1.225,idle
-0.003,0.026,1.015,0.490,-2.398,1.207,idle
-0.004,0.026,1.017,0.525,-2.398,1.251,idle
-0.003,0.025,1.014,0.525,-2.354,1.207,idle
-0.003,0.025,1.015,0.499,-2.362,1.173,idle
-0.004,0.025,1.016,0.543,-2.389,1.199,idle
-0.003,0.025,1.015,0.516,-2.398,1.094,idle
-0.002,0.025,1.014,0.507,-2.389,1.173,idle
-0.005,0.026,1.019,0.499,-2.354,1.181,idle
-0.003,0.025,1.015,0.472,-2.354,1.181,idle
-0.003,0.026,1.016,0.499,-2.362,1.199,idle
-0.004,0.025,1.016,0.507,-2.362,1.155,idle
-0.003,0.027,1.016,0.507,-2.415,1.181,idle
-0.004,0.026,1.015,0.516,-2.362,1.190,idle
-0.002,0.026,1.014,0.543,-2.424,1.190,idle
-0.004,0.026,1.017,0.525,-2.389,1.155,idle
-0.003,0.026,1.015,0.481,-2.389,1.190,idle
-0.004,0.026,1.017,0.516,-2.380,1.207,idle
-0.002,0.025,1.016,0.464,-2.336,1.207,idle
-0.003,0.025,1.016,0.525,-2.371,1.199,idle
-0.004,0.025,1.016,0.543,-2.371,1.173,idle
-0.002,0.025,1.016,0.534,-2.380,1.173,idle
-0.004,0.025,1.016,0.516,-2.380,1.216,idle
-0.004,0.027,1.017,0.516,-2.380,1.155,idle
-0.003,0.025,1.016,0.507,-2.389,1.216,idle
-0.003,0.025,1.016,0.551,-2.362,1.216,idle
-0.003,0.027,1.016,0.551,-2.371,1.190,idle
-0.003,0.025,1.017,0.490,-2.362,1.207,idle
-0.003,0.026,1.015,0.481,-2.345,1.146,idle
-0.003,0.026,1.014,0.586,-2.389,1.181,idle
-0.003,0.026,1.016,0.577,-2.406,1.207,idle
-0.003,0.025,1.014,0.499,-2.380,1.242,idle
-0.003,0.026,1.018,0.525,-2.336,1.216,idle
-0.003,0.025,1.015,0.534,-2.406,1.225,idle
-0.004,0.026,1.019,0.499,-2.389,1.190,idle
-0.003,0.025,1.015,0.481,-2.398,1.164,idle
-0.003,0.026,1.015,0.516,-2.371,0.866,idle
-0.003,0.027,1.016,0.490,-2.389,1.199,idle
-0.003,0.025,1.017,0.499,-2.380,1.181,idle
-0.002,0.025,1.015,0.534,-2.398,1.129,idle
-0.003,0.026,1.016,0.507,-2.398,1.146,idle
-0.004,0.025,1.015,0.499,-2.380,1.173,idle
-0.003,0.025,1.015,0.543,-2.441,1.076,idle
-0.004,0.025,1.016,0.560,-2.424,1.006,idle
-0.002,0.027,1.016,0.516,-2.362,1.111,idle
-0.003,0.025,1.017,0.525,-2.362,1.199,idle
-0.003,0.026,1.015,0.507,-2.380,1.199,idle
-0.003,0.026,1.015,0.507,-2.441,1.190,idle
-0.003,0.026,1.016,0.543,-2.415,1.199,idle
-0.002,0.025,1.016,0.464,-2.380,1.173,idle
-0.004,0.025,1.015,0.499,-2.380,1.199,idle
-0.002,0.025,1.016,0.472,-2.406,1.155,idle
-0.004,0.026,1.017,0.534,-2.362,1.173,idle
-0.005,0.024,1.015,0.551,-2.406,1.155,idle
-0.003,0.024,1.016,0.525,-2.389,0.472,idle
-0.003,0.027,1.017,0.472,-2.371,1.067,idle
-0.005,0.025,1.016,0.551,-2.398,1.181,idle
-0.003,0.025,1.015,0.569,-2.389,1.181,idle
-0.004,0.026,1.017,0.516,-2.380,1.207,idle
-0.003,0.025,1.016,0.569,-2.362,1.181,idle
-0.004,0.025,1.015,0.507,-2.336,1.207,idle
-0.003,0.025,1.014,0.551,-2.380,1.190,idle
-0.003,0.025,1.016,0.490,-2.389,1.207,idle
-0.004,0.025,1.016,0.525,-2.380,1.173,idle
-0.004,0.025,1.015,0.481,-2.354,1.199,idle
-0.004,0.026,1.017,0.525,-2.380,1.181,idle
-0.002,0.025,1.014,0.499,-2.389,1.190,idle
-0.004,0.026,1.016,0.481,-2.398,1.181,idle
-0.003,0.026,1.016,0.534,-2.398,1.173,idle
-0.003,0.025,1.015,0.481,-2.380,1.207,idle
-0.003,0.026,1.015,0.534,-2.362,1.173,idle
-0.004,0.026,1.016,0.507,-2.371,1.199,idle
-0.004,0.025,1.015,0.525,-2.371,1.181,idle
-0.004,0.026,1.018,0.551,-2.389,1.216,idle
-0.003,0.026,1.014,0.455,-2.406,1.207,idle
-0.004,0.025,1.018,0.507,-2.380,1.173,idle
-0.002,0.025,1.015,0.516,-2.371,1.190,idle
-0.004,0.025,1.016,0.455,-2.354,1.181,idle
-0.004,0.025,1.014,0.551,-2.362,1.181,idle
-0.003,0.026,1.016,0.472,-2.389,1.207,idle
-0.004,0.026,1.016,0.543,-2.362,1.173,idle
-0.002,0.025,1.015,0.490,-2.389,1.173,idle
-0.004,0.026,1.018,0.525,-2.398,1.216,idle
-0.003,0.025,1.014,0.490,-2.380,1.207,idle
-0.005,0.025,1.016,0.551,-2.380,1.225,idle
-0.008,0.023,1.018,0.560,-2.371,1.085,idle
-0.021,0.008,1.015,0.507,-2.362,-0.490,idle
0.001,0.028,1.016,0.516,-2.371,0.998,idle
-0.005,0.025,1.016,0.499,-2.371,1.216,idle
-0.003,0.025,1.015,0.472,-2.389,1.225,idle
-0.002,0.026,1.016,0.534,-2.371,1.199,idle
-0.004,0.025,1.014,0.534,-2.362,1.216,idle
-0.004,0.026,1.016,0.455,-2.406,1.207,idle
-0.003,0.026,1.016,0.516,-2.345,1.216,idle
-0.003,0.026,1.016,0.472,-2.389,1.199,idle
-0.004,0.026,1.018,0.516,-2.406,1.225,idle
-0.003,0.026,1.016,0.543,-2.380,1.173,idle
-0.003,0.026,1.015,0.507,-2.415,1.190,idle
-0.003,0.026,1.016,0.516,-2.380,1.207,idle
-0.005,0.025,1.016,0.525,-2.398,1.190,idle
-0.004,0.025,1.015,0.525,-2.354,1.164,idle
-0.003,0.025,1.017,0.516,-2.406,1.041,idle
-0.004,0.025,1.014,0.499,-2.319,0.884,idle
-0.003,0.027,1.017,0.499,-2.371,0.989,idle
-0.003,0.026,1.015,0.507,-2.354,1.129,idle
-0.004,0.026,1.017,0.481,-2.362,1.155,idle
-0.003,0.027,1.014,0.507,-2.389,1.199,idle
-0.004,0.026,1.014,0.516,-2.371,1.181,idle
-0.004,0.026,1.015,0.499,-2.371,1.173,idle
-0.005,0.024,1.014,0.481,-2.406,1.181,idle
-0.004,0.025,1.014,0.472,-2.406,1.207,idle
-0.004,0.025,1.014,0.481,-2.354,1.269,idle
-0.004,0.025,1.014,0.464,-2.389,1.234,idle
-0.004,0.025,1.015,0.472,-2.389,1.173,idle
-0.002,0.027,1.016,0.481,-2.415,1.190,idle
-0.005,0.026,1.016,0.516,-2.354,1.251,idle
-0.003,0.026,1.016,0.525,-2.380,1.251,idle
-0.003,0.025,1.015,0.516,-2.389,1.242,idle
-0.004,0.025,1.016,0.481,-2.398,1.207,idle
-0.003,0.026,1.015,0.516,-2.389,1.199,idle
-0.003,0.025,1.016,0.490,-2.354,1.199,idle
-0.004,0.026,1.015,0.472,-2.424,1.225,idle
-0.004,0.026,1.016,0.543,-2.362,1.207,idle
-0.003,0.025,1.015,0.516,-2.389,1.234,idle
-0.003,0.025,1.015,0.490,-2.398,1.199,idle
-0.004,0.027,1.016,0.534,-2.371,1.225,idle
-0.002,0.026,1.016,0.525,-2.389,1.234,idle
-0.004,0.025,1.015,0.543,-2.389,1.242,idle
-0.004,0.026,1.014,0.525,-2.380,1.173,idle
-0.010,0.020,1.017,0.516,-2.398,1.076,idle
0.004,0.032,1.015,0.499,-2.406,0.026,idle
-0.004,0.026,1.016,0.543,-2.398,1.033,idle
-0.004,0.025,1.017,0.551,-2.424,0.910,idle
0.002,0.030,1.014,0.560,-2.380,0.683,idle
-0.003,0.027,1.016,0.499,-2.371,1.190,idle
-0.003,0.025,1.016,0.525,-2.371,1.207,idle
-0.005,0.025,1.017,0.472,-2.371,1.242,idle
-0.004,0.026,1.016,0.525,-2.406,1.216,idle
-0.004,0.025,1.015,0.507,-2.336,1.242,idle
-0.003,0.026,1.016,0.499,-2.406,1.207,idle
-0.003,0.026,1.016,0.455,-2.406,1.207,idle
-0.003,0.026,1.016,0.481,-2.398,1.216,idle
-0.003,0.025,1.017,0.516,-2.380,1.260,idle
-0.003,0.025,1.017,0.516,-2.406,1.173,idle
-0.004,0.026,1.016,0.507,-2.371,1.155,idle
-0.004,0.027,1.015,0.490,-2.371,1.216,idle
-0.004,0.026,1.015,0.499,-2.389,1.190,idle
-0.004,0.025,1.016,0.516,-2.406,1.207,idle
-0.003,0.026,1.016,0.569,-2.406,1.207,idle
-0.003,0.024,1.016,0.490,-2.380,1.199,idle
-0.005,0.025,1.017,0.577,-2.371,1.234,idle
-0.004,0.025,1.016,0.472,-2.371,1.164,idle
-0.004,0.026,1.018,0.516,-2.371,1.207,idle
-0.002,0.026,1.017,0.490,-2.380,1.225,idle
-0.003,0.026,1.016,0.464,-2.398,1.216,idle
-0.003,0.025,1.015,0.420,-2.380,1.207,idle
-0.004,0.024,1.016,0.472,-2.362,1.190,idle
-0.004,0.024,1.016,0.543,-2.389,1.181,idle
-0.002,0.026,1.015,0.604,-2.415,1.164,idle
-0.002,0.026,1.016,0.534,-2.415,1.207,idle
-0.004,0.026,1.018,0.507,-2.380,1.173,idle
-0.004,0.025,1.017,0.534,-2.371,1.190,idle
-0.003,0.025,1.015,0.507,-2.389,1.138,idle
-0.003,0.026,1.016,0.516,-2.380,1.138,idle
-0.003,0.026,1.015,0.481,-2.354,1.173,idle
-0.003,0.026,1.016,0.481,-2.389,1.155,idle
-0.004,0.025,1.015,0.499,-2.371,1.120,idle
-0.004,0.025,1.016,0.560,-2.362,0.980,idle
-0.004,0.026,1.014,0.551,-2.389,1.024,idle
-0.003,0.027,1.017,0.472,-2.362,1.085,idle
-0.004,0.025,1.017,0.499,-2.362,1.173,idle
-0.003,0.027,1.017,0.507,-2.371,1.207,idle
-0.006,0.026,1.014,0.507,-2.389,1.085,idle
-0.003,0.026,1.012,0.446,-2.362,1.050,idle
-0.004,0.026,1.017,0.551,-2.371,1.155,idle
-0.003,0.025,1.016,0.516,-2.398,1.173,idle
-0.005,0.025,1.016,0.543,-2.398,1.155,idle
-0.003,0.025,1.015,0.534,-2.380,1.138,idle
-0.003,0.026,1.017,0.499,-2.389,1.190,idle
-0.003,0.025,1.014,0.464,-2.380,1.181,idle
-0.005,0.024,1.014,0.472,-2.389,1.216,idle
-0.004,0.024,1.016,0.507,-2.362,1.146,idle
-0.003,0.025,1.017,0.534,-2.389,1.173,idle
-0.003,0.025,1.014,0.481,-2.371,1.146,idle
-0.003,0.026,1.016,0.569,-2.362,1.199,idle
-0.002,0.026,1.016,0.534,-2.371,1.207,idle
-0.005,0.025,1.017,0.516,-2.336,1.225,idle
-0.006,0.025,1.017,0.551,-2.389,1.190,idle
-0.001,0.025,1.014,0.499,-2.389,1.207,idle
-0.003,0.025,1.016,0.499,-2.406,1.207,idle
-0.004,0.025,1.016,0.499,-2.424,1.146,idle
-0.004,0.025,1.015,0.543,-2.398,1.146,idle
-0.003,0.025,1.015,0.499,-2.354,1.155,idle
-0.005,0.026,1.016,0.525,-2.389,1.173,idle
-0.003,0.025,1.015,0.560,-2.371,1.181,idle
-0.002,0.026,1.017,0.507,-2.389,1.146,idle
-0.002,0.026,1.018,0.534,-2.380,1.155,idle
-0.004,0.025,1.016,0.481,-2.389,1.164,idle
-0.006,0.025,1.015,0.438,-2.362,1.164,idle
-0.003,0.026,1.018,0.464,-2.389,1.155,idle
-0.003,0.026,1.016,0.429,-2.432,1.129,idle
-0.005,0.025,1.014,0.385,-2.380,1.138,idle
-0.003,0.025,1.014,0.464,-2.345,1.120,idle
-0.003,0.025,1.015,0.438,-2.380,1.129,idle
-0.004,0.024,1.018,0.516,-2.398,1.155,idle
-0.004,0.025,1.018,0.639,-2.406,1.120,idle
-0.002,0.026,1.016,0.586,-2.406,1.164,idle
-0.003,0.026,1.014,0.551,-2.406,1.190,idle
-0.006,0.024,1.013,0.543,-2.371,1.181,idle
-0.002,0.025,1.015,0.613,-2.415,1.207,idle
-0.001,0.027,1.016,0.481,-2.362,1.269,idle
-0.003,0.025,1.015,0.385,-2.406,1.181,idle
-0.004,0.025,1.021,0.481,-2.354,1.190,idle
-0.005,0.023,1.014,0.516,-2.398,1.138,idle
-0.004,0.024,1.017,0.543,-2.398,1.102,idle
-0.003,0.025,1.017,0.560,-2.398,1.102,idle
-0.004,0.026,1.015,0.499,-2.389,1.111,idle
-0.004,0.025,1.017,0.499,-2.362,1.067,idle
-0.002,0.026,1.015,0.516,-2.362,1.094,idle
-0.004,0.025,1.015,0.551,-2.354,1.094,idle
-0.002,0.026,1.016,0.464,-2.415,1.102,idle
-0.003,0.025,1.014,0.411,-2.380,1.146,idle
-0.004,0.025,1.015,0.403,-2.371,1.111,idle
-0.004,0.025,1.016,0.438,-2.345,1.129,idle
-0.002,0.025,1.018,0.472,-2.380,1.146,idle
-0.003,0.026,1.016,0.543,-2.415,1.155,idle
-0.003,0.025,1.017,0.420,-2.389,1.155,idle
-0.005,0.024,1.018,0.560,-2.380,1.155,idle
-0.003,0.025,1.014,0.490,-2.380,1.173,idle
-0.004,0.025,1.013,0.464,-2.389,1.129,idle
-0.005,0.025,1.020,0.507,-2.389,1.138,idle
-0.002,0.025,1.014,0.499,-2.380,1.173,idle
-0.003,0.025,1.015,0.481,-2.398,1.155,idle
-0.005,0.025,1.013,0.499,-2.371,1.138,idle
-0.003,0.024,1.014,0.586,-2.424,1.146,idle
-0.003,0.026,1.020,0.595,-2.362,1.138,idle
-0.003,0.026,1.015,0.586,-2.406,1.102,idle
-0.004,0.026,1.016,0.543,-2.354,1.155,idle
-0.003,0.025,1.013,0.595,-2.380,1.138,idle
-0.004,0.025,1.016,0.595,-2.345,1.181,idle
-0.004,0.025,1.019,0.621,-2.398,1.146,idle
-0.002,0.025,1.016,0.621,-2.371,1.199,idle
-0.004,0.025,1.014,0.613,-2.389,1.199,idle
-0.004,0.026,1.015,0.630,-2.336,1.164,idle
-0.002,0.026,1.018,0.507,-2.371,1.190,idle
-0.004,0.026,1.014,0.516,-2.354,1.190,idle
-0.005,0.025,1.018,0.569,-2.362,1.207,idle
-0.003,0.025,1.014,0.543,-2.362,1.181,idle
-0.004,0.026,1.018,0.586,-2.336,1.173,idle
-0.003,0.025,1.012,0.551,-2.345,1.234,idle
-0.004,0.027,1.016,0.647,-2.424,1.234,idle
-0.005,0.025,1.014,0.525,-2.380,1.260,idle
-0.004,0.026,1.016,0.499,-2.389,1.207,idle
-0.003,0.025,1.016,0.464,-2.389,1.155,idle
-0.005,0.025,1.015,0.507,-2.424,1.207,idle
-0.004,0.025,1.017,0.499,-2.362,1.155,idle
-0.003,0.026,1.015,0.525,-2.406,1.155,idle
-0.004,0.026,1.017,0.455,-2.415,1.111,idle
-0.005,0.025,1.012,0.516,-2.424,1.164,idle
-0.003,0.025,1.015,0.560,-2.398,1.129,idle
-0.004,0.026,1.016,0.429,-2.398,1.129,idle
-0.004,0.025,1.015,0.543,-2.354,1.164,idle
-0.003,0.026,1.015,0.499,-2.389,1.164,idle
-0.004,0.025,1.017,0.464,-2.398,1.164,idle
-0.004,0.026,1.016,0.543,-2.371,1.146,idle
-0.000,0.027,1.016,0.499,-2.424,1.146,idle
-0.004,0.024,1.017,0.569,-2.415,1.146,idle
-0.003,0.026,1.015,0.543,-2.389,1.181,idle
-0.002,0.026,1.015,0.569,-2.389,1.164,idle
-0.004,0.025,1.016,0.577,-2.380,1.155,idle
-0.005,0.025,1.018,0.586,-2.389,1.138,idle
-0.004,0.025,1.014,0.621,-2.389,1.155,idle
-0.005,0.027,1.017,0.700,-2.354,1.076,idle
-0.002,0.029,1.015,0.560,-2.371,0.928,idle
-0.004,0.024,1.017,0.621,-2.389,0.884,idle
-0.002,0.026,1.020,0.604,-2.389,1.173,idle
0.001,0.023,1.006,0.534,-2.398,1.129,idle
-0.006,0.026,1.020,0.534,-2.389,1.138,idle
-0.001,0.026,1.016,0.516,-2.398,1.120,idle
-0.005,0.027,1.017,0.472,-2.362,1.102,idle
-0.002,0.025,1.009,0.525,-2.432,1.102,idle
-0.003,0.027,1.021,0.543,-2.398,1.111,idle
-0.003,0.025,1.016,0.507,-2.371,1.094,idle
-0.003,0.026,1.017,0.525,-2.389,1.050,idle
-0.003,0.023,1.012,0.472,-2.371,0.604,idle
-0.000,0.029,1.019,0.464,-2.441,0.096,idle
-0.004,0.027,1.015,0.507,-2.371,0.928,idle
-0.007,0.026,1.017,0.403,-2.319,1.111,idle
0.000,0.031,1.015,0.394,-2.380,0.814,idle
-0.006,0.014,1.005,0.472,-2.441,0.560,idle
-0.008,0.024,1.009,0.271,-2.371,1.067,idle
-0.003,0.026,1.019,0.683,-2.371,1.085,idle
-0.006,0.026,1.015,0.604,-2.432,1.094,idle
-0.003,0.026,1.017,0.647,-2.424,1.085,idle
-0.004,0.025,1.016,0.577,-2.371,1.076,idle
-0.003,0.026,1.017,0.551,-2.398,1.085,idle
-0.005,0.026,1.016,0.516,-2.371,1.076,idle
-0.003,0.025,1.017,0.560,-2.389,1.146,idle
-0.004,0.025,1.017,0.481,-2.424,1.138,idle
-0.003,0.026,1.016,0.455,-2.406,1.138,idle
-0.005,0.025,1.016,0.464,-2.398,1.155,idle
-0.004,0.026,1.014,0.551,-2.389,1.129,idle
-0.004,0.025,1.015,0.534,-2.362,1.111,idle
-0.003,0.024,1.016,0.551,-2.389,1.076,idle
-0.003,0.025,1.017,0.577,-2.406,1.111,idle
-0.004,0.025,1.015,0.595,-2.389,1.111,idle
-0.003,0.025,1.015,0.472,-2.398,1.102,idle
-0.004,0.025,1.017,0.499,-2.389,1.094,idle
-0.004,0.025,1.015,0.560,-2.362,1.059,idle
-0.003,0.026,1.016,0.507,-2.362,1.094,idle
-0.002,0.026,1.015,0.507,-2.415,1.111,idle
-0.005,0.026,1.013,0.464,-2.415,1.138,idle
-0.004,0.025,1.016,0.647,-2.406,1.076,idle
-0.006,0.026,1.016,0.586,-2.389,1.111,idle
-0.004,0.025,1.012,0.525,-2.432,1.085,idle
-0.002,0.026,1.019,0.490,-2.362,1.120,idle
-0.004,0.026,1.016,0.438,-2.398,1.129,idle
-0.004,0.025,1.014,0.472,-2.398,1.120,idle
-0.004,0.026,1.017,0.507,-2.354,1.111,idle
-0.002,0.027,1.014,0.516,-2.380,1.120,idle
-0.003,0.025,1.016,0.516,-2.380,1.120,idle
-0.004,0.025,1.015,0.516,-2.406,1.129,idle
-0.004,0.026,1.018,0.525,-2.380,1.085,idle
-0.002,0.026,1.013,0.507,-2.424,1.120,idle
-0.002,0.025,1.016,0.560,-2.362,1.120,idle
-0.004,0.025,1.014,0.551,-2.354,1.129,idle
-0.002,0.025,1.015,0.490,-2.406,1.102,idle
-0.004,0.025,1.015,0.507,-2.389,1.173,idle
-0.002,0.025,1.016,0.499,-2.336,1.146,idle
-0.005,0.025,1.016,0.490,-2.362,1.111,idle
-0.003,0.026,1.014,0.507,-2.380,1.120,idle
-0.004,0.026,1.018,0.577,-2.380,1.199,idle
-0.003,0.025,1.014,0.507,-2.389,1.155,idle
-0.004,0.025,1.014,0.516,-2.415,1.111,idle
-0.005,0.025,1.018,0.499,-2.336,1.129,idle
-0.003,0.026,1.014,0.577,-2.371,1.120,idle
-0.003,0.026,1.016,0.525,-2.362,1.164,idle
-0.003,0.025,1.016,0.472,-2.406,1.120,idle
-0.004,0.026,1.017,0.481,-2.389,1.190,idle
-0.005,0.025,1.016,0.472,-2.450,1.181,idle
-0.004,0.026,1.015,0.516,-2.362,1.146,idle
-0.002,0.025,1.015,0.464,-2.362,1.155,idle
-0.005,0.025,1.019,0.683,-2.389,1.120,idle
-0.003,0.026,1.015,0.586,-2.406,1.155,idle
-0.005,0.025,1.017,0.551,-2.398,1.181,idle
-0.003,0.026,1.014,0.507,-2.362,1.181,idle
-0.005,0.025,1.018,0.420,-2.371,1.111,idle
-0.007,0.021,1.016,0.368,-2.336,-0.665,idle
0.003,0.031,1.015,0.429,-2.319,0.018,idle
-0.003,0.026,1.017,0.507,-2.362,1.216,idle
-0.005,0.025,1.015,0.464,-2.354,1.199,idle
-0.003,0.025,1.016,0.490,-2.380,1.181,idle
-0.002,0.024,1.015,0.464,-2.362,1.199,idle
-0.004,0.026,1.018,0.507,-2.371,1.173,idle
-0.003,0.026,1.018,0.507,-2.380,1.181,idle
-0.004,0.026,1.016,0.420,-2.380,1.164,idle
-0.004,0.026,1.017,0.525,-2.406,1.181,idle
-0.003,0.025,1.015,0.525,-2.389,1.164,idle
-0.003,0.025,1.018,0.481,-2.389,1.190,idle
-0.003,0.027,1.016,0.464,-2.398,1.173,idle
-0.004,0.025,1.015,0.472,-2.398,1.173,idle
-0.003,0.025,1.017,0.604,-2.389,1.146,idle
-0.004,0.026,1.016,0.507,-2.380,1.173,idle
-0.003,0.026,1.015,0.499,-2.362,1.190,idle
-0.004,0.026,1.016,0.490,-2.354,1.181,idle
-0.004,0.026,1.016,0.472,-2.354,1.164,idle
-0.002,0.025,1.016,0.499,-2.389,1.146,idle
-0.004,0.025,1.017,0.507,-2.398,1.199,idle
-0.002,0.025,1.014,0.472,-2.389,1.164,idle
-0.004,0.025,1.018,0.569,-2.389,1.190,idle
-0.004,0.026,1.015,0.490,-2.371,1.190,idle
-0.004,0.025,1.017,0.507,-2.389,1.164,idle
-0.003,0.026,1.017,0.499,-2.371,1.155,idle
-0.004,0.026,1.016,0.525,-2.380,1.155,idle
-0.004,0.026,1.017,0.499,-2.398,1.138,idle
-0.003,0.026,1.015,0.455,-2.345,1.199,idle
-0.004,0.024,1.015,0.507,-2.380,1.164,idle
-0.006,0.023,1.016,0.429,-2.319,0.472,idle
-0.001,0.028,1.019,0.499,-2.345,0.674,idle
-0.004,0.026,1.014,0.577,-2.371,1.059,idle
-0.004,0.025,1.012,0.534,-2.380,1.225,idle
-0.003,0.026,1.018,0.516,-2.389,1.155,idle
-0.005,0.025,1.019,0.499,-2.328,1.129,idle
-0.005,0.024,1.014,0.438,-2.354,0.892,idle
-0.002,0.028,1.017,0.507,-2.371,0.429,idle
-0.003,0.023,1.017,0.481,-2.371,0.849,idle
0.001,0.031,1.015,0.403,-2.354,1.138,idle
-0.004,0.026,1.019,0.464,-2.398,1.199,idle
-0.003,0.025,1.015,0.464,-2.389,1.216,idle
-0.005,0.025,1.017,0.516,-2.362,1.216,idle
-0.004,0.025,1.016,0.464,-2.415,1.181,idle
-0.004,0.026,1.014,0.481,-2.380,1.225,idle
-0.003,0.026,1.015,0.464,-2.345,1.207,idle
-0.004,0.025,1.017,0.446,-2.319,1.242,idle
-0.003,0.025,1.017,0.472,-2.371,1.234,idle
-0.003,0.025,1.016,0.472,-2.398,1.207,idle
-0.004,0.024,1.019,0.499,-2.389,1.234,idle
-0.003,0.025,1.017,0.499,-2.380,1.190,idle
-0.004,0.025,1.015,0.490,-2.371,1.225,idle
-0.003,0.025,1.016,0.481,-2.389,1.225,idle
-0.004,0.025,1.014,0.534,-2.371,1.199,idle
-0.004,0.026,1.016,0.525,-2.406,1.216,idle
-0.003,0.026,1.016,0.507,-2.354,1.216,idle
-0.004,0.025,1.015,0.507,-2.389,1.199,idle
-0.004,0.026,1.015,0.525,-2.380,1.234,idle
-0.003,0.026,1.017,0.472,-2.354,1.199,idle
-0.003,0.025,1.016,0.464,-2.415,1.216,idle
-0.005,0.026,1.017,0.490,-2.389,1.199,idle
-0.005,0.026,1.017,0.499,-2.345,1.225,idle
-0.002,0.026,1.016,0.472,-2.345,1.225,idle
-0.004,0.025,1.015,0.490,-2.371,1.234,idle
-0.004,0.024,1.013,0.499,-2.406,1.199,idle
-0.004,0.027,1.018,0.604,-2.371,1.190,idle
-0.002,0.027,1.018,0.543,-2.398,1.199,idle
-0.005,0.026,1.016,0.534,-2.398,1.234,idle
-0.003,0.025,1.016,0.543,-2.345,1.207,idle
-0.004,0.025,1.017,0.525,-2.380,1.199,idle
-0.003,0.025,1.016,0.551,-2.398,1.155,idle
-0.004,0.025,1.014,0.647,-2.389,1.225,idle
-0.003,0.026,1.017,0.569,-2.362,1.216,idle
-0.003,0.027,1.016,0.446,-2.406,1.251,idle
-0.003,0.025,1.015,0.507,-2.380,1.216,idle
-0.002,0.026,1.018,0.569,-2.354,1.225,idle
-0.002,0.026,1.016,0.507,-2.371,1.269,idle
-0.005,0.026,1.015,0.551,-2.345,1.225,idle
-0.003,0.025,1.015,0.534,-2.380,1.234,idle
-0.003,0.025,1.016,0.516,-2.398,1.260,idle
-0.003,0.025,1.016,0.516,-2.389,1.260,idle
-0.005,0.025,1.018,0.490,-2.389,1.207,idle
-0.004,0.025,1.015,0.534,-2.380,1.225,idle
-0.003,0.025,1.016,0.481,-2.389,1.242,idle
-0.004,0.026,1.016,0.516,-2.371,1.225,idle
-0.004,0.025,1.016,0.551,-2.424,1.199,idle
-0.005,0.026,1.017,0.569,-2.362,1.207,idle
-0.002,0.027,1.017,0.525,-2.398,1.225,idle
-0.004,0.026,1.016,0.464,-2.362,1.242,idle
-0.004,0.025,1.017,0.516,-2.398,1.225,idle
-0.005,0.025,1.017,0.464,-2.354,1.216,idle
-0.003,0.025,1.016,0.446,-2.336,1.242,idle
-0.003,0.025,1.016,0.481,-2.362,1.234,idle
-0.005,0.025,1.016,0.525,-2.371,1.207,idle
-0.003,0.026,1.015,0.543,-2.371,1.216,idle
-0.004,0.026,1.017,0.481,-2.354,1.207,idle
-0.003,0.026,1.017,0.516,-2.354,1.199,idle
-0.004,0.027,1.015,0.569,-2.354,1.181,idle
-0.003,0.026,1.017,0.543,-2.362,1.207,idle
-0.003,0.026,1.014,0.525,-2.371,1.216,idle
-0.003,0.026,1.018,0.507,-2.362,1.190,idle
-0.005,0.025,1.014,0.560,-2.380,1.207,idle
-0.004,0.027,1.017,0.525,-2.362,1.190,idle
-0.002,0.026,1.016,0.490,-2.389,1.190,idle
-0.005,0.025,1.015,0.525,-2.398,1.207,idle
-0.004,0.026,1.016,0.516,-2.398,1.225,idle
-0.003,0.025,1.015,0.551,-2.380,1.207,idle
-0.003,0.027,1.016,0.525,-2.380,1.207,idle
-0.004,0.025,1.015,0.525,-2.380,1.190,idle
-0.004,0.026,1.015,0.490,-2.398,1.225,idle
-0.003,0.025,1.015,0.543,-2.328,1.173,idle
-0.004,0.026,1.017,0.534,-2.371,1.173,idle
-0.003,0.025,1.016,0.499,-2.398,1.225,idle
-0.004,0.025,1.015,0.499,-2.371,1.216,idle
-0.004,0.025,1.017,0.525,-2.362,1.199,idle
-0.001,0.026,1.017,0.516,-2.371,1.190,idle
-0.005,0.025,1.015,0.534,-2.380,1.199,idle
-0.004,0.025,1.016,0.481,-2.398,1.207,idle
-0.003,0.025,1.016,0.490,-2.389,1.181,idle
-0.004,0.026,1.017,0.525,-2.354,1.190,idle
-0.004,0.025,1.016,0.499,-2.398,1.199,idle
-0.004,0.025,1.016,0.481,-2.371,1.242,idle
-0.005,0.024,1.014,0.490,-2.406,1.207,idle
-0.004,0.025,1.016,0.543,-2.406,1.190,idle
-0.004,0.026,1.014,0.499,-2.398,1.234,idle
-0.005,0.026,1.016,0.507,-2.354,1.190,idle
-0.003,0.026,1.017,0.481,-2.371,1.234,idle
-0.004,0.025,1.016,0.464,-2.362,1.216,idle
-0.004,0.025,1.015,0.516,-2.389,1.173,idle
-0.004,0.025,1.014,0.455,-2.380,1.234,idle
-0.003,0.025,1.016,0.516,-2.389,1.216,idle
-0.004,0.026,1.018,0.499,-2.362,1.181,idle
-0.004,0.025,1.014,0.534,-2.380,1.181,idle
-0.004,0.025,1.016,0.481,-2.398,1.225,idle
-0.005,0.025,1.016,0.490,-2.380,1.207,idle
-0.004,0.026,1.016,0.507,-2.398,1.207,idle
-0.005,0.025,1.015,0.499,-2.398,1.234,idle
-0.004,0.025,1.017,0.516,-2.380,1.207,idle
-0.004,0.025,1.016,0.499,-2.362,1.207,idle
-0.004,0.026,1.017,0.507,-2.354,1.199,idle
-0.004,0.025,1.017,0.525,-2.406,1.190,idle
-0.004,0.026,1.017,0.499,-2.371,1.129,idle
-0.004,0.026,1.018,0.560,-2.371,1.190,idle
-0.004,0.025,1.017,0.499,-2.380,1.173,idle
-0.004,0.025,1.015,0.516,-2.362,1.199,idle
-0.002,0.025,1.014,0.499,-2.345,1.181,idle
-0.005,0.026,1.016,0.481,-2.371,1.190,idle
-0.003,0.025,1.014,0.516,-2.371,1.199,idle
-0.005,0.025,1.015,0.534,-2.371,1.181,idle
-0.003,0.026,1.016,0.543,-2.389,1.190,idle
-0.004,0.025,1.018,0.507,-2.380,1.173,idle
-0.003,0.025,1.015,0.551,-2.380,1.199,idle
-0.005,0.026,1.018,0.560,-2.398,1.199,idle
-0.004,0.026,1.015,0.481,-2.424,1.181,idle
-0.005,0.025,1.015,0.525,-2.354,1.129,idle
-0.004,0.024,1.015,0.490,-2.380,1.207,idle
-0.003,0.025,1.014,0.516,-2.371,1.199,idle
-0.004,0.025,1.017,0.516,-2.362,1.225,idle
-0.003,0.025,1.012,0.577,-2.319,1.199,idle
-0.004,0.025,1.016,0.613,-2.398,1.216,idle
-0.002,0.026,1.015,0.647,-2.424,1.199,idle
-0.003,0.024,1.015,0.604,-2.380,1.199,idle
-0.006,0.026,1.020,0.630,-2.389,1.173,idle
-0.004,0.026,1.018,0.534,-2.389,1.207,idle
-0.002,0.025,1.015,0.551,-2.398,1.155,idle
-0.004,0.025,1.018,0.569,-2.398,1.155,idle
-0.005,0.026,1.017,0.577,-2.362,1.155,idle
-0.005,0.025,1.015,0.481,-2.389,1.146,idle
-0.003,0.026,1.015,0.534,-2.380,1.164,idle
-0.003,0.027,1.017,0.525,-2.380,1.164,idle
-0.005,0.025,1.018,0.551,-2.362,1.181,idle
-0.003,0.026,1.015,0.490,-2.380,1.181,idle
-0.005,0.025,1.016,0.516,-2.345,1.181,idle
-0.004,0.024,1.017,0.490,-2.398,1.173,idle
-0.003,0.026,1.015,0.551,-2.398,1.199,idle
-0.004,0.025,1.016,0.472,-2.354,1.181,idle
-0.003,0.026,1.015,0.455,-2.398,1.225,idle
-0.004,0.026,1.017,0.543,-2.398,1.199,idle
-0.004,0.025,1.015,0.516,-2.406,1.181,idle
-0.005,0.025,1.019,0.613,-2.362,1.199,idle
-0.004,0.025,1.015,0.534,-2.380,1.199,idle
-0.005,0.025,1.016,0.472,-2.362,1.146,idle
-0.004,0.025,1.017,0.464,-2.380,1.199,idle
-0.003,0.025,1.014,0.551,-2.345,1.199,idle
-0.004,0.025,1.016,0.516,-2.336,1.181,idle
-0.003,0.025,1.016,0.516,-2.406,1.190,idle
-0.004,0.026,1.015,0.490,-2.389,1.190,idle
-0.004,0.026,1.016,0.543,-2.406,1.207,idle
-0.004,0.025,1.016,0.490,-2.398,1.181,idle
-0.003,0.026,1.015,0.516,-2.371,1.207,idle
-0.004,0.026,1.015,0.516,-2.415,1.181,idle
-0.004,0.026,1.016,0.507,-2.362,1.164,idle
-0.004,0.026,1.017,0.569,-2.362,1.242,idle
-0.002,0.026,1.016,0.543,-2.362,1.216,idle
-0.004,0.025,1.016,0.481,-2.354,1.207,idle
-0.004,0.026,1.016,0.525,-2.362,1.242,idle
-0.004,0.026,1.016,0.499,-2.354,1.242,idle
-0.004,0.026,1.017,0.490,-2.380,1.199,idle
-0.003,0.025,1.015,0.455,-2.362,1.225,idle
-0.004,0.025,1.017,0.490,-2.380,1.374,idle
-0.003,0.026,1.015,0.516,-2.371,1.558,idle
-0.003,0.026,1.015,0.490,-2.398,1.610,idle
-0.005,0.026,1.020,0.551,-2.362,1.435,idle
-0.004,0.026,1.015,0.525,-2.354,1.278,idle
-0.005,0.026,1.016,0.525,-2.398,1.251,idle
-0.003,0.026,1.016,0.525,-2.336,1.234,idle
-0.005,0.025,1.017,0.464,-2.389,1.260,idle
-0.003,0.026,1.016,0.525,-2.389,1.269,idle
-0.003,0.026,1.016,0.551,-2.362,1.260,idle
-0.004,0.026,1.015,0.507,-2.354,1.242,idle
-0.003,0.027,1.015,0.507,-2.389,1.199,idle
-0.002,0.025,1.016,0.507,-2.398,1.269,idle
-0.004,0.025,1.017,0.481,-2.398,1.207,idle
-0.004,0.025,1.015,0.481,-2.354,1.190,idle
-0.003,0.026,1.017,0.577,-2.345,1.173,idle
-0.003,0.026,1.016,0.481,-2.398,1.190,idle
-0.003,0.025,1.015,0.481,-2.354,1.225,idle
-0.003,0.026,1.017,0.551,-2.398,1.155,idle
-0.003,0.026,1.016,0.464,-2.362,1.207,idle
-0.002,0.025,1.015,0.490,-2.406,1.242,idle
-0.004,0.024,1.017,0.534,-2.398,1.207,idle
-0.003,0.026,1.013,0.543,-2.336,1.234,idle
-0.004,0.026,1.018,0.525,-2.362,1.207,idle
-0.003,0.026,1.014,0.507,-2.336,1.242,idle
-0.004,0.025,1.017,0.490,-2.406,1.234,idle
-0.004,0.026,1.016,0.490,-2.371,1.207,idle
-0.003,0.025,1.016,0.472,-2.398,1.207,idle
-0.003,0.026,1.015,0.525,-2.398,1.278,idle
-0.002,0.026,1.016,0.516,-2.380,1.181,idle
-0.005,0.026,1.015,0.472,-2.354,1.234,idle
-0.005,0.025,1.017,0.577,-2.380,1.199,idle
-0.003,0.026,1.015,0.560,-2.380,1.190,idle
-0.003,0.026,1.018,0.507,-2.354,1.216,idle
-0.003,0.025,1.016,0.446,-2.398,1.199,idle
-0.005,0.025,1.017,0.507,-2.354,1.190,idle
-0.003,0.026,1.016,0.490,-2.336,1.207,idle
-0.003,0.025,1.017,0.481,-2.380,1.146,idle
-0.004,0.026,1.016,0.472,-2.362,1.216,idle
-0.005,0.024,1.016,0.499,-2.380,1.216,idle
-0.004,0.026,1.017,0.499,-2.371,1.181,idle
-0.003,0.025,1.016,0.560,-2.398,1.155,idle
-0.004,0.025,1.016,0.577,-2.336,1.234,idle
-0.003,0.025,1.016,0.543,-2.398,1.234,idle
-0.003,0.026,1.016,0.534,-2.354,1.251,idle
-0.004,0.026,1.016,0.481,-2.362,1.216,idle
-0.003,0.025,1.016,0.481,-2.398,1.199,idle
-0.003,0.026,1.015,0.490,-2.362,1.216,idle
-0.005,0.026,1.016,0.507,-2.398,1.199,idle
-0.004,0.025,1.016,0.516,-2.380,1.164,idle
-0.003,0.026,1.012,0.525,-2.389,1.190,idle
-0.004,0.025,1.017,0.551,-2.389,1.190,idle
-0.003,0.025,1.016,0.516,-2.354,1.190,idle
-0.003,0.025,1.015,0.507,-2.371,1.216,idle
-0.003,0.025,1.018,0.481,-2.371,1.190,idle
-0.005,0.026,1.016,0.551,-2.371,1.164,idle
-0.004,0.026,1.015,0.534,-2.371,1.225,idle
-0.004,0.026,1.016,0.499,-2.371,1.199,idle
-0.004,0.026,1.014,0.507,-2.362,1.207,idle
-0.004,0.025,1.015,0.499,-2.345,1.199,idle
-0.004,0.025,1.015,0.604,-2.398,1.199,idle
-0.004,0.026,1.017,0.507,-2.371,1.242,idle
-0.003,0.026,1.015,0.472,-2.389,1.216,idle
-0.003,0.026,1.016,0.516,-2.371,1.190,idle
-0.004,0.025,1.016,0.534,-2.362,1.207,idle
-0.003,0.026,1.016,0.534,-2.371,1.164,idle
-0.004,0.025,1.014,0.464,-2.398,1.199,idle
-0.004,0.025,1.015,0.534,-2.345,1.190,idle
-0.003,0.026,1.017,0.543,-2.380,1.146,idle
-0.003,0.026,1.014,0.595,-2.415,1.190,idle
-0.003,0.026,1.016,0.551,-2.380,1.199,idle
-0.002,0.026,1.016,0.543,-2.380,1.234,idle
-0.005,0.026,1.018,0.560,-2.362,1.216,idle
-0.004,0.025,1.015,0.543,-2.362,1.181,idle
-0.004,0.027,1.018,0.490,-2.398,1.207,idle
-0.004,0.026,1.016,0.499,-2.371,1.190,idle
-0.004,0.025,1.017,0.481,-2.362,1.216,idle
-0.005,0.025,1.016,0.499,-2.345,1.181,idle
-0.003,0.025,1.017,0.586,-2.371,1.164,idle
-0.005,0.025,1.017,0.543,-2.415,1.146,idle
-0.001,0.025,1.015,0.534,-2.336,1.173,idle
-0.004,0.025,1.016,0.560,-2.354,1.164,idle
-0.005,0.026,1.015,0.560,-2.362,1.207,idle
-0.003,0.026,1.016,0.551,-2.406,1.164,idle
-0.005,0.025,1.016,0.551,-2.398,1.225,idle
-0.003,0.026,1.015,0.525,-2.389,1.251,idle
-0.004,0.025,1.016,0.543,-2.336,1.216,idle
-0.005,0.026,1.017,0.507,-2.371,1.173,idle
-0.002,0.026,1.015,0.516,-2.398,1.225,idle
-0.003,0.026,1.017,0.525,-2.380,1.164,idle
-0.004,0.026,1.016,0.569,-2.398,1.190,idle
-0.005,0.026,1.017,0.516,-2.389,1.173,idle
-0.003,0.025,1.015,0.534,-2.380,1.216,idle
-0.005,0.025,1.015,0.630,-2.406,1.173,idle
-0.003,0.027,1.018,0.613,-2.362,1.225,idle
-0.004,0.021,1.015,0.551,-2.328,1.426,idle
-0.003,0.028,1.015,0.464,-2.345,1.391,idle
-0.004,0.025,1.014,0.507,-2.354,1.207,idle
-0.004,0.025,1.018,0.586,-2.406,1.207,idle
-0.004,0.025,1.019,0.569,-2.354,1.199,idle
-0.002,0.025,1.015,0.472,-2.362,1.242,idle
-0.003,0.026,1.017,0.507,-2.371,1.242,idle
-0.004,0.026,1.013,0.472,-2.380,1.207,idle
-0.005,0.025,1.016,0.507,-2.362,1.269,idle
-0.003,0.026,1.014,0.455,-2.415,1.225,idle
-0.003,0.025,1.016,0.560,-2.389,1.242,idle
-0.003,0.025,1.016,0.534,-2.345,1.190,idle
-0.004,0.025,1.017,0.464,-2.354,1.216,idle
-0.004,0.025,1.016,0.569,-2.362,1.278,idle
-0.003,0.026,1.018,0.551,-2.362,1.251,idle
-0.003,0.026,1.017,0.481,-2.406,1.234,idle
-0.005,0.026,1.016,0.534,-2.406,1.164,idle
-0.004,0.025,1.016,0.507,-2.371,1.216,idle
-0.003,0.026,1.015,0.490,-2.380,1.199,idle
-0.004,0.025,1.015,0.525,-2.380,1.225,idle
-0.004,0.025,1.017,0.569,-2.362,1.216,idle
-0.004,0.025,1.016,0.516,-2.362,1.199,idle
-0.004,0.026,1.016,0.604,-2.362,1.216,idle
-0.003,0.025,1.016,0.577,-2.371,1.199,idle
-0.004,0.026,1.017,0.551,-2.380,1.234,idle
-0.004,0.026,1.017,0.534,-2.371,1.207,idle
-0.003,0.026,1.016,0.560,-2.362,1.207,idle
-0.004,0.026,1.016,0.551,-2.389,1.207,idle
-0.004,0.025,1.016,0.534,-2.380,1.242,idle
-0.003,0.025,1.018,0.499,-2.362,1.216,idle
-0.005,0.025,1.015,0.472,-2.415,1.207,idle
-0.004,0.025,1.018,0.543,-2.389,1.173,idle
-0.003,0.025,1.016,0.525,-2.336,1.181,idle
-0.004,0.026,1.017,0.464,-2.380,1.242,idle
-0.003,0.025,1.016,0.429,-2.398,1.207,idle
-0.004,0.026,1.015,0.499,-2.398,1.199,idle
-0.004,0.026,1.016,0.551,-2.389,1.216,idle
-0.002,0.025,1.016,0.569,-2.380,1.199,idle
-0.003,0.025,1.018,0.543,-2.362,1.173,idle
-0.004,0.025,1.016,0.534,-2.380,1.190,idle
-0.004,0.025,1.017,0.516,-2.380,1.207,idle
-0.004,0.025,1.017,0.551,-2.371,1.216,idle
-0.004,0.026,1.017,0.507,-2.371,1.207,idle
-0.003,0.026,1.014,0.464,-2.354,1.199,idle
-0.004,0.025,1.015,0.481,-2.398,1.234,idle
-0.004,0.025,1.015,0.490,-2.406,1.190,idle
-0.004,0.026,1.017,0.534,-2.371,1.207,idle
-0.003,0.025,1.016,0.577,-2.362,1.190,idle
-0.004,0.026,1.018,0.534,-2.336,1.155,idle
-0.004,0.025,1.015,0.481,-2.362,1.199,idle
-0.004,0.025,1.015,0.560,-2.371,1.199,idle
-0.003,0.025,1.016,0.595,-2.415,1.181,idle
-0.003,0.027,1.015,0.516,-2.354,1.199,idle
-0.002,0.026,1.015,0.464,-2.380,1.190,idle
-0.005,0.025,1.018,0.455,-2.345,1.181,idle
-0.003,0.025,1.012,0.525,-2.345,1.181,idle
-0.005,0.026,1.018,0.569,-2.362,1.146,idle
-0.004,0.025,1.015,0.577,-2.389,1.216,idle
-0.003,0.026,1.018,0.595,-2.398,1.173,idle
-0.003,0.025,1.015,0.525,-2.415,1.216,idle
-0.004,0.025,1.015,0.490,-2.389,1.251,idle
-0.004,0.025,1.016,0.516,-2.389,1.173,idle
-0.004,0.026,1.017,0.551,-2.380,1.173,idle
-0.004,0.026,1.017,0.534,-2.380,1.207,idle
-0.004,0.025,1.016,0.516,-2.362,1.181,idle
-0.003,0.026,1.015,0.534,-2.415,1.199,idle
-0.005,0.025,1.016,0.516,-2.362,1.190,idle
-0.003,0.026,1.016,0.499,-2.354,1.199,idle
-0.004,0.025,1.016,0.551,-2.380,1.181,idle
-0.004,0.025,1.017,0.472,-2.389,1.181,idle
-0.005,0.025,1.015,0.534,-2.424,1.173,idle
-0.004,0.026,1.017,0.516,-2.328,1.190,idle
-0.003,0.025,1.015,0.543,-2.406,1.173,idle
-0.004,0.026,1.016,0.516,-2.354,1.216,idle
-0.004,0.026,1.017,0.516,-2.380,1.155,idle
-0.004,0.025,1.016,0.499,-2.406,1.181,idle
-0.004,0.025,1.016,0.525,-2.398,1.181,idle
-0.004,0.025,1.015,0.481,-2.380,1.207,idle
-0.004,0.026,1.016,0.507,-2.398,1.173,idle
-0.004,0.025,1.016,0.516,-2.415,1.181,idle
-0.004,0.025,1.015,0.525,-2.415,1.164,idle
-0.004,0.025,1.016,0.525,-2.380,1.173,idle
-0.004,0.025,1.017,0.543,-2.371,1.146,idle
-0.004,0.026,1.017,0.534,-2.389,1.164,idle
-0.005,0.026,1.016,0.507,-2.336,1.199,idle
-0.005,0.025,1.016,0.516,-2.398,1.207,idle
-0.003,0.025,1.015,0.551,-2.380,1.173,idle
-0.004,0.025,1.015,0.525,-2.380,1.190,idle
-0.004,0.026,1.016,0.560,-2.371,1.173,idle
-0.004,0.025,1.017,0.543,-2.380,1.190,idle
-0.004,0.026,1.017,0.560,-2.432,1.207,idle
-0.005,0.025,1.015,0.516,-2.362,1.216,idle
-0.004,0.026,1.015,0.543,-2.406,1.190,idle
-0.003,0.025,1.017,0.534,-2.354,1.207,idle
-0.004,0.026,1.016,0.507,-2.398,1.181,idle
-0.005,0.025,1.017,0.499,-2.380,1.216,idle
-0.005,0.025,1.017,0.481,-2.371,1.181,idle
-0.004,0.026,1.015,0.534,-2.380,1.199,idle
-0.004,0.026,1.017,0.525,-2.371,1.199,idle
-0.004,0.025,1.015,0.543,-2.345,1.216,idle
-0.004,0.026,1.017,0.534,-2.380,1.190,idle
-0.003,0.026,1.015,0.499,-2.398,1.164,idle
-0.004,0.025,1.015,0.525,-2.380,1.199,idle
-0.003,0.026,1.017,0.499,-2.380,1.242,idle
-0.004,0.025,1.016,0.543,-2.389,1.199,idle
-0.004,0.025,1.015,0.534,-2.362,1.173,idle
-0.004,0.025,1.017,0.534,-2.398,1.225,idle
-0.004,0.026,1.015,0.516,-2.389,1.216,idle
-0.004,0.026,1.017,0.481,-2.380,1.207,idle
-0.004,0.026,1.015,0.516,-2.354,1.181,idle
-0.004,0.025,1.016,0.499,-2.432,1.190,idle
-0.004,0.026,1.015,0.499,-2.406,1.190,idle
-0.002,0.027,1.018,0.551,-2.380,1.199,idle
-0.004,0.026,1.016,0.507,-2.380,1.190,idle
-0.004,0.025,1.014,0.534,-2.336,1.207,idle
-0.003,0.025,1.017,0.464,-2.389,1.181,idle
-0.004,0.025,1.015,0.499,-2.362,1.190,idle
-0.004,0.026,1.016,0.534,-2.371,1.225,idle
-0.004,0.025,1.017,0.499,-2.354,1.216,idle
-0.005,0.025,1.016,0.525,-2.398,1.199,idle
-0.004,0.025,1.015,0.525,-2.371,1.225,idle
-0.004,0.026,1.017,0.516,-2.380,1.181,idle
-0.003,0.026,1.015,0.490,-2.371,1.207,idle
-0.004,0.025,1.015,0.543,-2.354,1.207,idle
-0.003,0.025,1.017,0.534,-2.432,1.216,idle
-0.004,0.026,1.018,0.560,-2.362,1.225,idle
-0.003,0.027,1.016,0.516,-2.380,1.199,idle
-0.003,0.026,1.016,0.490,-2.389,1.234,idle
-0.005,0.026,1.017,0.560,-2.336,1.181,idle
-0.003,0.026,1.015,0.490,-2.362,1.181,idle
-0.003,0.026,1.017,0.534,-2.415,1.242,idle
-0.003,0.025,1.015,0.516,-2.380,1.207,idle
-0.004,0.026,1.016,0.525,-2.380,1.225,idle
-0.004,0.026,1.016,0.507,-2.354,1.225,idle
-0.004,0.026,1.015,0.499,-2.354,1.181,idle
-0.003,0.026,1.017,0.525,-2.380,1.199,idle
-0.004,0.025,1.014,0.499,-2.354,1.225,idle
-0.004,0.026,1.016,0.551,-2.398,1.199,idle
-0.004,0.025,1.016,0.534,-2.371,1.173,idle
-0.004,0.025,1.015,0.499,-2.371,1.216,idle
-0.004,0.025,1.015,0.464,-2.362,1.207,idle
-0.004,0.025,1.018,0.472,-2.380,1.207,idle
-0.003,0.026,1.015,0.534,-2.362,1.190,idle
-0.005,0.025,1.017,0.516,-2.354,1.216,idle
-0.003,0.025,1.015,0.525,-2.398,1.251,idle
-0.004,0.025,1.018,0.507,-2.371,1.216,idle
-0.003,0.025,1.017,0.534,-2.354,1.216,idle
-0.005,0.026,1.016,0.534,-2.398,1.242,idle
-0.004,0.026,1.015,0.516,-2.389,1.181,idle
-0.004,0.025,1.014,0.525,-2.354,1.225,idle
-0.003,0.025,1.016,0.525,-2.406,1.207,idle
-0.004,0.025,1.015,0.490,-2.371,1.199,idle
-0.004,0.026,1.016,0.516,-2.371,1.199,idle
-0.004,0.026,1.014,0.507,-2.380,1.207,idle
-0.003,0.026,1.016,0.490,-2.336,1.199,idle
-0.003,0.025,1.016,0.490,-2.389,1.207,idle
-0.004,0.026,1.016,0.490,-2.371,1.207,idle
-0.004,0.026,1.017,0.516,-2.354,1.164,idle
-0.004,0.026,1.015,0.516,-2.371,1.216,idle
-0.003,0.025,1.016,0.516,-2.380,1.207,idle
-0.004,0.025,1.016,0.516,-2.389,1.207,idle
-0.004,0.025,1.015,0.551,-2.362,1.199,idle
-0.004,0.025,1.016,0.543,-2.398,1.216,idle
-0.004,0.027,1.017,0.543,-2.371,1.173,idle
-0.004,0.026,1.016,0.472,-2.389,1.190,idle
-0.004,0.025,1.015,0.481,-2.371,1.234,idle
-0.004,0.026,1.016,0.499,-2.380,1.190,idle
-0.003,0.026,1.014,0.481,-2.362,1.199,idle
-0.005,0.025,1.016,0.525,-2.380,1.190,idle
-0.004,0.025,1.018,0.525,-2.441,1.216,idle
-0.004,0.026,1.016,0.507,-2.389,1.225,idle
-0.003,0.026,1.016,0.499,-2.354,1.190,idle
-0.003,0.025,1.015,0.490,-2.389,1.181,idle
-0.004,0.025,1.016,0.525,-2.371,1.199,idle
-0.004,0.026,1.016,0.516,-2.362,1.164,idle
-0.004,0.025,1.016,0.516,-2.380,1.173,idle
-0.003,0.026,1.014,0.507,-2.398,1.181,idle
-0.004,0.025,1.016,0.499,-2.389,1.216,idle
-0.004,0.025,1.015,0.490,-2.380,1.190,idle
-0.004,0.025,1.017,0.499,-2.389,1.173,idle
-0.004,0.025,1.016,0.534,-2.380,1.173,idle
-0.003,0.026,1.017,0.499,-2.389,1.190,idle
-0.003,0.025,1.017,0.481,-2.345,1.111,idle
-0.004,0.025,1.015,0.516,-2.371,1.181,idle
-0.004,0.025,1.016,0.569,-2.406,1.199,idle
-0.004,0.025,1.016,0.551,-2.389,1.216,idle
-0.004,0.026,1.016,0.525,-2.371,1.190,idle
-0.004,0.025,1.016,0.534,-2.380,1.190,idle
-0.003,0.024,1.016,0.516,-2.354,1.207,idle
-0.004,0.025,1.017,0.525,-2.389,1.190,idle
-0.003,0.025,1.016,0.560,-2.362,1.225,idle
-0.003,0.025,1.016,0.534,-2.389,1.234,idle
-0.004,0.025,1.016,0.516,-2.380,1.190,idle
-0.004,0.025,1.015,0.507,-2.371,1.234,idle
-0.005,0.025,1.017,0.569,-2.371,1.216,idle
-0.004,0.026,1.016,0.577,-2.319,1.207,idle
-0.004,0.025,1.016,0.543,-2.380,1.181,idle
-0.004,0.026,1.015,0.516,-2.389,1.190,idle
-0.004,0.026,1.016,0.490,-2.354,1.207,idle
-0.004,0.025,1.016,0.525,-2.380,1.207,idle
-0.005,0.026,1.016,0.525,-2.371,1.234,idle
-0.003,0.026,1.018,0.560,-2.380,1.207,idle
-0.004,0.025,1.017,0.534,-2.345,1.225,idle
-0.004,0.026,1.016,0.543,-2.389,1.199,idle
-0.003,0.026,1.016,0.569,-2.354,1.190,idle
-0.004,0.026,1.016,0.560,-2.362,1.234,idle
-0.003,0.026,1.016,0.534,-2.354,1.199,idle
-0.004,0.025,1.017,0.507,-2.389,1.216,idle
-0.005,0.025,1.015,0.560,-2.371,1.242,idle
-0.005,0.026,1.016,0.516,-2.380,1.207,idle
-0.003,0.026,1.015,0.516,-2.362,1.190,idle
-0.004,0.026,1.017,0.507,-2.415,1.216,idle
-0.004,0.026,1.016,0.525,-2.389,1.242,idle
-0.004,0.025,1.017,0.472,-2.398,1.216,idle
-0.004,0.026,1.015,0.499,-2.371,1.216,idle
-0.003,0.026,1.015,0.455,-2.398,1.216,idle
-0.004,0.025,1.017,0.560,-2.380,1.190,idle
-0.003,0.026,1.017,0.551,-2.389,1.190,idle
-0.003,0.026,1.016,0.516,-2.371,1.190,idle
-0.005,0.026,1.017,0.507,-2.398,1.181,idle
-0.003,0.027,1.016,0.499,-2.362,1.234,idle
-0.003,0.025,1.016,0.534,-2.389,1.216,idle
-0.004,0.025,1.016,0.525,-2.354,1.216,idle
-0.003,0.026,1.017,0.516,-2.380,1.251,idle
-0.004,0.026,1.016,0.543,-2.389,1.225,idle
-0.003,0.026,1.016,0.516,-2.398,1.242,idle
-0.005,0.026,1.016,0.516,-2.362,1.225,idle
-0.004,0.025,1.016,0.551,-2.380,1.216,idle
-0.003,0.025,1.017,0.499,-2.362,1.216,idle
-0.003,0.026,1.015,0.516,-2.362,1.199,idle
-0.003,0.026,1.016,0.551,-2.380,1.216,idle
-0.003,0.026,1.016,0.507,-2.371,1.207,idle
-0.003,0.026,1.016,0.560,-2.354,1.242,idle
-0.004,0.026,1.015,0.499,-2.398,1.216,idle
-0.004,0.026,1.016,0.543,-2.354,1.225,idle
-0.003,0.026,1.017,0.525,-2.380,1.234,idle
-0.003,0.025,1.017,0.481,-2.362,1.190,idle
-0.004,0.026,1.015,0.551,-2.371,1.190,idle
-0.004,0.026,1.017,0.490,-2.380,1.286,idle
-0.003,0.026,1.015,0.490,-2.362,1.234,idle
-0.003,0.025,1.017,0.516,-2.371,1.207,idle
-0.005,0.026,1.015,0.516,-2.406,1.199,idle
-0.005,0.026,1.016,0.507,-2.415,1.216,idle
-0.003,0.026,1.017,0.569,-2.371,1.216,idle
-0.004,0.026,1.016,0.534,-2.389,1.234,idle
-0.003,0.026,1.016,0.499,-2.371,1.181,idle
-0.003,0.026,1.017,0.525,-2.389,1.216,idle
-0.004,0.026,1.016,0.569,-2.380,1.190,idle
-0.004,0.026,1.017,0.516,-2.345,1.181,idle
-0.004,0.026,1.015,0.516,-2.380,1.181,idle
-0.004,0.026,1.016,0.481,-2.398,1.199,idle
-0.003,0.026,1.017,0.551,-2.380,1.225,idle
-0.004,0.026,1.016,0.490,-2.371,1.207,idle
-0.003,0.025,1.016,0.525,-2.389,1.199,idle
-0.004,0.026,1.016,0.525,-2.371,1.207,idle
-0.005,0.025,1.015,0.516,-2.415,1.269,idle
-0.004,0.026,1.016,0.543,-2.380,1.242,idle
-0.004,0.026,1.017,0.516,-2.362,1.216,idle
-0.005,0.026,1.016,0.516,-2.371,1.216,idle
-0.003,0.026,1.016,0.516,-2.389,1.207,idle
-0.004,0.026,1.018,0.490,-2.371,1.225,idle
-0.003,0.025,1.015,0.543,-2.362,1.234,idle
-0.005,0.026,1.017,0.525,-2.371,1.181,idle
-0.003,0.026,1.016,0.534,-2.345,1.216,idle
-0.004,0.025,1.016,0.525,-2.380,1.251,idle
-0.004,0.025,1.015,0.464,-2.389,1.251,idle
-0.002,0.027,1.015,0.516,-2.362,1.207,idle
-0.004,0.026,1.016,0.525,-2.345,1.216,idle
-0.005,0.027,1.017,0.516,-2.354,1.207,idle
-0.004,0.025,1.017,0.525,-2.345,1.260,idle
-0.003,0.025,1.016,0.560,-2.345,1.199,idle
-0.003,0.027,1.015,0.472,-2.371,1.216,idle
-0.003,0.026,1.016,0.464,-2.371,1.242,idle
-0.004,0.025,1.016,0.499,-2.380,1.190,idle
-0.005,0.025,1.016,0.534,-2.371,1.207,idle
-0.004,0.025,1.016,0.534,-2.336,1.216,idle
-0.003,0.026,1.015,0.464,-2.354,1.199,idle
-0.003,0.025,1.016,0.516,-2.354,1.190,idle
-0.004,0.026,1.016,0.499,-2.415,1.251,idle
-0.004,0.025,1.016,0.507,-2.380,1.234,idle
-0.004,0.025,1.016,0.507,-2.371,1.234,idle
-0.004,0.026,1.016,0.481,-2.345,1.190,idle
-0.004,0.025,1.015,0.525,-2.354,1.225,idle
-0.004,0.026,1.016,0.507,-2.380,1.199,idle
-0.004,0.026,1.016,0.472,-2.362,1.207,idle
-0.004,0.026,1.015,0.481,-2.398,1.190,idle
-0.004,0.025,1.017,0.525,-2.362,1.225,idle
-0.003,0.026,1.016,0.464,-2.362,1.225,idle
-0.004,0.026,1.016,0.543,-2.371,1.207,idle
-0.004,0.026,1.018,0.490,-2.354,1.173,idle
-0.004,0.025,1.016,0.472,-2.380,1.260,idle
-0.004,0.025,1.015,0.499,-2.345,1.225,idle
-0.004,0.026,1.016,0.551,-2.380,1.207,idle
-0.003,0.026,1.016,0.499,-2.354,1.199,idle
-0.005,0.025,1.016,0.534,-2.406,1.199,idle
-0.004,0.024,1.016,0.543,-2.345,1.181,idle
-0.004,0.026,1.016,0.499,-2.354,1.190,idle
-0.004,0.025,1.016,0.481,-2.380,1.216,idle
-0.005,0.025,1.015,0.534,-2.345,1.199,idle
-0.003,0.025,1.016,0.507,-2.371,1.234,idle
-0.004,0.026,1.016,0.507,-2.389,1.207,idle
-0.004,0.025,1.017,0.525,-2.371,1.190,idle
-0.004,0.024,1.016,0.446,-2.398,1.173,idle
-0.003,0.026,1.014,0.481,-2.362,1.181,idle
-0.005,0.025,1.017,0.516,-2.389,1.190,idle
-0.003,0.025,1.017,0.551,-2.345,1.199,idle
-0.004,0.026,1.014,0.577,-2.354,1.173,idle
-0.003,0.025,1.018,0.534,-2.354,1.216,idle
-0.004,0.025,1.017,0.543,-2.362,1.225,idle
-0.005,0.026,1.016,0.490,-2.371,1.269,idle
-0.004,0.025,1.016,0.525,-2.345,1.190,idle
-0.003,0.025,1.016,0.534,-2.354,1.173,idle
-0.004,0.025,1.016,0.577,-2.389,1.225,idle
-0.004,0.025,1.016,0.560,-2.362,1.234,idle
-0.003,0.025,1.017,0.551,-2.389,1.181,idle
-0.003,0.025,1.015,0.586,-2.362,1.234,idle
-0.004,0.026,1.017,0.534,-2.371,1.461,idle
-0.004,0.026,1.016,0.490,-2.362,1.479,idle
-0.003,0.025,1.017,0.525,-2.354,1.383,idle
-0.005,0.026,1.016,0.551,-2.371,1.365,idle
-0.003,0.026,1.015,0.543,-2.371,1.356,idle
-0.003,0.025,1.016,0.534,-2.354,1.347,idle
-0.004,0.026,1.016,0.525,-2.354,1.330,idle
-0.004,0.026,1.017,0.560,-2.362,1.409,idle
-0.004,0.025,1.016,0.507,-2.432,1.452,idle
-0.005,0.026,1.017,0.481,-2.371,1.592,idle
-0.003,0.026,1.016,0.595,-2.371,1.347,idle
-0.004,0.027,1.015,0.560,-2.345,1.234,idle
-0.003,0.026,1.017,0.490,-2.362,1.251,idle
-0.005,0.026,1.015,0.490,-2.371,1.234,idle
-0.005,0.025,1.016,0.525,-2.398,1.251,idle
-0.004,0.026,1.016,0.534,-2.406,1.260,idle
-0.004,0.025,1.016,0.481,-2.345,1.339,idle
-0.005,0.027,1.016,0.490,-2.380,1.505,idle
-0.004,0.026,1.016,0.534,-2.362,1.312,idle
-0.005,0.026,1.016,0.534,-2.362,1.242,idle
-0.004,0.025,1.017,0.516,-2.354,1.260,idle
-0.004,0.026,1.016,0.534,-2.371,1.225,idle
-0.004,0.026,1.017,0.534,-2.398,1.216,idle
-0.003,0.026,1.015,0.490,-2.371,1.242,idle
-0.004,0.025,1.017,0.499,-2.398,1.225,idle
-0.004,0.025,1.015,0.507,-2.389,1.260,idle
-0.004,0.026,1.016,0.543,-2.362,1.260,idle
-0.004,0.025,1.016,0.490,-2.389,1.234,idle
-0.004,0.026,1.018,0.525,-2.362,1.269,idle
-0.004,0.025,1.016,0.543,-2.354,1.278,idle
-0.005,0.023,1.017,0.551,-2.354,1.505,idle
-0.004,0.026,1.015,0.516,-2.380,1.601,idle
-0.003,0.026,1.017,0.516,-2.389,1.339,idle
-0.004,0.025,1.016,0.534,-2.380,1.312,idle
-0.003,0.026,1.016,0.534,-2.371,1.242,idle
-0.003,0.026,1.015,0.525,-2.398,1.251,idle
-0.003,0.026,1.016,0.516,-2.380,1.242,idle
-0.004,0.026,1.017,0.507,-2.398,1.286,idle
-0.004,0.026,1.015,0.481,-2.389,1.304,idle
-0.002,0.025,1.017,0.543,-2.362,1.199,idle
-0.004,0.026,1.016,0.560,-2.380,1.286,idle
-0.004,0.025,1.016,0.525,-2.389,1.269,idle
-0.004,0.027,1.016,0.543,-2.354,1.260,idle
-0.003,0.025,1.016,0.534,-2.354,1.269,idle
-0.004,0.025,1.015,0.507,-2.354,1.225,idle
-0.004,0.026,1.016,0.543,-2.380,1.242,idle
-0.002,0.026,1.015,0.507,-2.336,1.251,idle
-0.005,0.026,1.016,0.534,-2.371,1.225,idle
-0.003,0.025,1.015,0.516,-2.398,1.234,idle
-0.005,0.025,1.015,0.525,-2.362,1.234,idle
-0.004,0.026,1.015,0.516,-2.406,1.242,idle
-0.004,0.026,1.016,0.464,-2.354,1.260,idle
-0.004,0.026,1.016,0.560,-2.362,1.260,idle
-0.004,0.027,1.017,0.472,-2.389,1.225,idle
-0.004,0.026,1.016,0.560,-2.398,1.181,idle
-0.004,0.026,1.016,0.499,-2.371,1.278,idle
-0.004,0.026,1.016,0.534,-2.380,1.251,idle
-0.004,0.026,1.017,0.560,-2.380,1.234,idle
-0.003,0.025,1.016,0.543,-2.362,1.278,idle
-0.004,0.025,1.017,0.560,-2.371,1.199,idle
-0.004,0.025,1.016,0.446,-2.371,1.269,idle
-0.005,0.025,1.017,0.516,-2.380,1.242,idle
-0.003,0.026,1.017,0.543,-2.371,1.260,idle
-0.003,0.026,1.015,0.525,-2.380,1.295,idle
-0.004,0.026,1.015,0.516,-2.389,1.295,idle
-0.003,0.025,1.016,0.490,-2.389,1.269,idle
-0.003,0.025,1.016,0.551,-2.380,1.260,idle
-0.003,0.025,1.016,0.534,-2.380,1.242,idle
-0.004,0.025,1.016,0.490,-2.362,1.234,idle
-0.004,0.025,1.015,0.543,-2.371,1.269,idle
-0.003,0.026,1.015,0.543,-2.415,1.207,idle
-0.004,0.025,1.016,0.543,-2.328,1.216,idle
-0.004,0.025,1.017,0.490,-2.389,1.216,idle
-0.004,0.026,1.017,0.499,-2.354,1.234,idle
-0.004,0.026,1.016,0.481,-2.389,1.225,idle
-0.004,0.026,1.016,0.534,-2.415,1.225,idle
-0.003,0.026,1.016,0.472,-2.362,1.260,idle
-0.004,0.026,1.017,0.481,-2.328,1.216,idle
-0.003,0.025,1.016,0.534,-2.380,1.216,idle
-0.004,0.026,1.016,0.516,-2.328,1.199,idle
-0.004,0.025,1.016,0.507,-2.371,1.278,idle
-0.004,0.026,1.016,0.490,-2.371,1.234,idle
-0.005,0.025,1.015,0.534,-2.371,1.260,idle
-0.003,0.026,1.016,0.534,-2.371,1.234,idle
-0.003,0.025,1.016,0.516,-2.336,1.234,idle
-0.005,0.025,1.017,0.534,-2.389,1.269,idle
-0.004,0.026,1.018,0.507,-2.371,1.207,idle
-0.005,0.026,1.018,0.481,-2.380,1.207,idle
-0.003,0.026,1.015,0.507,-2.354,1.216,idle
-0.003,0.026,1.017,0.525,-2.354,1.216,idle
-0.004,0.025,1.016,0.490,-2.380,1.207,idle
-0.005,0.025,1.016,0.499,-2.371,1.190,idle
-0.004,0.026,1.017,0.507,-2.345,1.216,idle
-0.004,0.026,1.016,0.525,-2.371,1.190,idle
-0.005,0.025,1.017,0.499,-2.362,1.234,idle
-0.004,0.025,1.017,0.534,-2.336,1.207,idle
-0.003,0.027,1.016,0.525,-2.362,1.225,idle
-0.004,0.026,1.017,0.525,-2.380,1.216,idle
-0.003,0.026,1.015,0.481,-2.371,1.199,idle
-0.005,0.025,1.016,0.507,-2.389,1.216,idle
-0.004,0.026,1.015,0.551,-2.354,1.216,idle
-0.004,0.025,1.016,0.507,-2.371,1.225,idle
-0.004,0.026,1.016,0.569,-2.362,1.225,idle
-0.003,0.025,1.015,0.525,-2.398,1.199,idle
-0.003,0.025,1.017,0.543,-2.398,1.251,idle
-0.005,0.025,1.017,0.551,-2.345,1.225,idle
-0.004,0.026,1.017,0.560,-2.354,1.190,idle
-0.004,0.025,1.016,0.481,-2.354,1.286,idle
-0.004,0.026,1.016,0.543,-2.362,1.242,idle
-0.005,0.026,1.017,0.525,-2.389,1.260,idle
-0.004,0.025,1.017,0.543,-2.362,1.260,idle
-0.004,0.026,1.017,0.586,-2.389,1.234,idle
-0.004,0.026,1.015,0.525,-2.380,1.234,idle
-0.003,0.026,1.016,0.543,-2.389,1.234,idle
-0.004,0.026,1.015,0.525,-2.398,1.251,idle
-0.004,0.026,1.018,0.543,-2.398,1.225,idle
-0.004,0.025,1.016,0.543,-2.380,1.260,idle
-0.005,0.026,1.016,0.551,-2.354,1.207,idle
-0.004,0.026,1.016,0.551,-2.371,1.234,idle
-0.003,0.025,1.016,0.543,-2.389,1.225,idle
-0.004,0.026,1.017,0.534,-2.380,1.278,idle
-0.005,0.024,1.015,0.499,-2.354,1.278,idle
-0.004,0.025,1.018,0.534,-2.328,1.242,idle
-0.003,0.027,1.017,0.516,-2.362,1.199,idle
-0.004,0.025,1.017,0.525,-2.380,1.216,idle
-0.003,0.026,1.015,0.507,-2.389,1.207,idle
-0.004,0.025,1.015,0.516,-2.389,1.251,idle
-0.004,0.026,1.018,0.525,-2.406,1.225,idle
-0.004,0.026,1.015,0.481,-2.371,1.234,idle
-0.003,0.026,1.017,0.543,-2.371,1.216,idle
-0.004,0.026,1.016,0.525,-2.345,1.242,idle
-0.004,0.025,1.016,0.499,-2.354,1.225,idle
-0.004,0.026,1.017,0.499,-2.371,1.234,idle
-0.004,0.026,1.016,0.516,-2.362,1.225,idle
-0.003,0.026,1.017,0.507,-2.380,1.234,idle
-0.004,0.025,1.015,0.525,-2.371,1.242,idle
-0.004,0.026,1.017,0.481,-2.380,1.234,idle
-0.003,0.026,1.016,0.534,-2.371,1.251,idle
-0.003,0.026,1.017,0.490,-2.398,1.225,idle
-0.004,0.026,1.017,0.507,-2.380,1.225,idle
-0.003,0.026,1.014,0.516,-2.380,1.216,idle
-0.004,0.026,1.017,0.543,-2.371,1.251,idle
-0.005,0.025,1.016,0.534,-2.354,1.251,idle
-0.004,0.025,1.016,0.499,-2.371,1.234,idle
-0.004,0.026,1.016,0.551,-2.406,1.199,idle
-0.005,0.025,1.016,0.525,-2.398,1.260,idle
-0.003,0.025,1.016,0.543,-2.362,1.242,idle
-0.004,0.026,1.015,0.551,-2.362,1.234,idle
-0.003,0.026,1.017,0.543,-2.336,1.278,idle
-0.005,0.027,1.016,0.534,-2.371,1.260,idle
-0.004,0.026,1.017,0.543,-2.336,1.242,idle
-0.003,0.026,1.016,0.525,-2.362,1.225,idle
-0.004,0.026,1.017,0.525,-2.354,1.225,idle
-0.004,0.026,1.016,0.525,-2.380,1.251,idle
-0.004,0.025,1.016,0.525,-2.371,1.242,idle
-0.004,0.025,1.016,0.560,-2.336,1.234,idle
-0.004,0.026,1.015,0.534,-2.389,1.199,idle
-0.004,0.026,1.017,0.507,-2.345,1.234,idle
-0.004,0.025,1.015,0.472,-2.380,1.286,idle
-0.003,0.026,1.017,0.464,-2.415,1.269,idle
-0.004,0.026,1.016,0.499,-2.380,1.260,idle
-0.004,0.026,1.017,0.499,-2.380,1.225,idle
-0.003,0.027,1.016,0.534,-2.380,1.242,idle
-0.004,0.027,1.016,0.499,-2.371,1.234,idle
-0.003,0.026,1.015,0.507,-2.362,1.260,idle
-0.004,0.026,1.016,0.560,-2.336,1.199,idle
-0.003,0.026,1.016,0.507,-2.362,1.242,idle
-0.004,0.026,1.016,0.507,-2.354,1.260,idle
-0.004,0.026,1.016,0.490,-2.362,1.225,idle
-0.003,0.026,1.016,0.490,-2.380,1.251,idle
-0.003,0.026,1.017,0.534,-2.354,1.225,idle
-0.004,0.025,1.016,0.507,-2.345,1.251,idle
-0.004,0.026,1.017,0.525,-2.354,1.260,idle
-0.004,0.025,1.017,0.516,-2.380,1.225,idle
-0.004,0.026,1.016,0.507,-2.371,1.242,idle
-0.004,0.025,1.016,0.481,-2.354,1.242,idle
-0.004,0.025,1.017,0.516,-2.336,1.207,idle
-0.003,0.025,1.016,0.499,-2.398,1.199,idle
-0.003,0.025,1.017,0.490,-2.389,1.242,idle
-0.003,0.026,1.016,0.507,-2.389,1.234,idle
-0.004,0.026,1.016,0.534,-2.380,1.251,idle
-0.003,0.026,1.016,0.525,-2.354,1.216,idle
-0.004,0.025,1.016,0.543,-2.398,1.225,idle
-0.004,0.026,1.017,0.534,-2.398,1.173,idle
-0.004,0.026,1.016,0.516,-2.336,1.234,idle
-0.004,0.025,1.017,0.499,-2.371,1.234,idle
-0.004,0.026,1.016,0.543,-2.354,1.225,idle
-0.004,0.025,1.016,0.490,-2.380,1.216,idle
-0.004,0.026,1.016,0.516,-2.354,1.225,idle
-0.004,0.026,1.017,0.481,-2.389,1.260,idle
-0.004,0.025,1.017,0.481,-2.362,1.216,idle
-0.003,0.025,1.016,0.490,-2.380,1.216,idle
-0.004,0.026,1.016,0.543,-2.380,1.155,idle
-0.003,0.025,1.016,0.534,-2.389,1.216,idle
-0.004,0.025,1.016,0.516,-2.371,1.199,idle
-0.004,0.025,1.015,0.534,-2.371,1.225,idle
-0.004,0.025,1.016,0.490,-2.336,1.242,idle
-0.004,0.025,1.016,0.507,-2.354,1.216,idle
-0.004,0.025,1.017,0.560,-2.380,1.234,idle
-0.004,0.026,1.015,0.525,-2.345,1.225,idle
-0.004,0.026,1.016,0.516,-2.371,1.199,idle
-0.003,0.025,1.016,0.481,-2.371,1.242,idle
-0.005,0.025,1.016,0.507,-2.362,1.260,idle
-0.004,0.026,1.017,0.543,-2.345,1.190,idle
-0.004,0.026,1.016,0.455,-2.406,1.190,idle
-0.004,0.026,1.016,0.516,-2.398,1.234,idle
-0.005,0.025,1.017,0.569,-2.398,1.181,idle
-0.002,0.025,1.015,0.534,-2.389,1.190,idle
-0.005,0.026,1.018,0.516,-2.380,1.181,idle
-0.003,0.025,1.016,0.543,-2.389,1.216,idle
-0.004,0.026,1.016,0.560,-2.345,1.190,idle
-0.004,0.025,1.015,0.516,-2.380,1.216,idle
-0.004,0.026,1.016,0.577,-2.398,1.216,idle
-0.004,0.026,1.017,0.569,-2.380,1.216,idle
-0.003,0.025,1.017,0.516,-2.362,1.199,idle
-0.004,0.025,1.017,0.534,-2.398,1.216,idle
-0.005,0.026,1.017,0.525,-2.362,1.225,idle
-0.004,0.025,1.016,0.543,-2.389,1.216,idle
-0.003,0.027,1.016,0.569,-2.389,1.207,idle
-0.004,0.025,1.015,0.499,-2.362,1.216,idle
-0.004,0.025,1.016,0.525,-2.371,1.260,idle
-0.003,0.026,1.016,0.516,-2.362,1.207,idle
-0.002,0.025,1.017,0.507,-2.371,1.234,idle
-0.004,0.026,1.015,0.516,-2.336,1.199,idle
-0.004,0.026,1.018,0.551,-2.371,1.216,idle
-0.004,0.026,1.016,0.499,-2.415,1.199,idle
-0.004,0.026,1.017,0.507,-2.380,1.251,idle
-0.003,0.026,1.016,0.499,-2.380,1.207,idle
-0.004,0.026,1.017,0.551,-2.389,1.234,idle
-0.003,0.025,1.016,0.516,-2.415,1.207,idle
-0.004,0.025,1.016,0.481,-2.336,1.225,idle
-0.004,0.026,1.017,0.516,-2.371,1.234,idle
-0.003,0.026,1.017,0.481,-2.380,1.173,idle
-0.003,0.026,1.015,0.525,-2.380,1.199,idle
-0.004,0.026,1.017,0.551,-2.406,1.207,idle
-0.004,0.025,1.017,0.551,-2.336,1.242,idle
-0.004,0.026,1.017,0.472,-2.362,1.260,idle
-0.004,0.025,1.015,0.481,-2.380,1.216,idle
-0.004,0.025,1.018,0.525,-2.345,1.234,idle
-0.002,0.026,1.016,0.543,-2.380,1.225,idle
-0.004,0.025,1.018,0.586,-2.354,1.207,idle
-0.004,0.026,1.015,0.551,-2.371,1.199,idle
-0.004,0.025,1.016,0.490,-2.380,1.173,idle
-0.003,0.025,1.015,0.534,-2.371,1.207,idle
-0.003,0.026,1.016,0.507,-2.362,1.216,idle
-0.004,0.026,1.017,0.534,-2.389,1.207,idle
-0.004,0.026,1.016,0.481,-2.371,1.225,idle
-0.002,0.025,1.016,0.481,-2.336,1.164,idle
-0.004,0.026,1.017,0.560,-2.354,1.234,idle
-0.004,0.025,1.017,0.499,-2.354,1.199,idle
-0.004,0.026,1.013,0.481,-2.345,1.216,idle
-0.003,0.026,1.019,0.586,-2.389,1.207,idle
-0.003,0.025,1.015,0.577,-2.371,1.260,idle
-0.004,0.027,1.018,0.569,-2.398,1.234,idle
-0.001,0.028,1.023,0.184,-2.432,1.173,idle
-0.004,0.026,1.009,-0.192,-2.467,1.225,idle
-0.000,0.024,0.998,0.061,-2.398,1.286,idle
0.001,0.020,1.033,0.674,-2.380,1.312,idle
-0.011,0.022,1.013,0.516,-2.389,0.577,idle
0.002,0.031,1.013,0.507,-2.328,0.560,idle
-0.005,0.027,1.021,0.507,-2.336,1.269,idle
-0.002,0.025,1.016,0.411,-2.362,1.129,idle
-0.005,0.025,1.018,0.516,-2.266,-0.289,idle
0.005,0.032,1.014,0.595,-2.406,0.070,idle
-0.004,0.026,1.019,0.560,-2.362,1.173,idle
-0.003,0.025,1.015,0.455,-2.362,1.199,idle
-0.005,0.024,1.016,0.499,-2.380,1.260,idle
-0.002,0.025,1.017,0.551,-2.354,1.242,idle
-0.001,0.026,1.019,0.613,-2.380,1.199,idle
-0.005,0.025,1.011,0.403,-2.345,1.269,idle
-0.004,0.025,1.019,0.525,-2.345,1.400,idle
-0.008,0.020,1.015,0.472,-2.362,1.750,idle
-0.004,0.025,1.017,0.516,-2.380,1.242,idle
-0.004,0.025,1.017,0.534,-2.371,1.234,idle
-0.003,0.026,1.019,0.577,-2.362,1.173,idle
-0.002,0.025,1.015,0.507,-2.362,1.234,idle
-0.005,0.024,1.019,0.551,-2.371,1.225,idle
-0.005,0.025,1.018,0.490,-2.380,1.216,idle
-0.003,0.026,1.013,0.577,-2.389,1.242,idle
-0.004,0.025,1.018,0.569,-2.354,1.234,idle
-0.002,0.027,1.017,0.525,-2.371,1.260,idle
-0.004,0.025,1.015,0.525,-2.354,1.260,idle
-0.003,0.026,1.016,0.525,-2.389,1.269,idle
-0.002,0.025,1.017,0.534,-2.424,1.251,idle
-0.005,0.025,1.019,0.464,-2.319,1.242,idle
-0.002,0.025,1.016,0.429,-2.345,1.260,idle
-0.005,0.026,1.016,0.516,-2.362,1.251,idle
-0.003,0.025,1.015,0.490,-2.345,1.216,idle
-0.004,0.025,1.018,0.534,-2.371,1.173,idle
-0.002,0.025,1.017,0.507,-2.354,1.251,idle
-0.005,0.024,1.014,0.490,-2.336,1.251,idle
-0.005,0.024,1.017,0.560,-2.380,1.216,idle
-0.004,0.024,1.016,0.560,-2.371,1.225,idle
-0.002,0.025,1.018,0.569,-2.362,1.251,idle
-0.004,0.025,1.017,0.534,-2.389,1.234,idle
-0.004,0.026,1.018,0.464,-2.371,1.278,idle
-0.003,0.025,1.017,0.481,-2.354,1.251,idle
-0.004,0.025,1.016,0.551,-2.371,1.242,idle
-0.004,0.024,1.015,0.551,-2.406,1.269,idle
-0.002,0.026,1.015,0.534,-2.371,1.225,idle
-0.004,0.024,1.017,0.543,-2.345,1.286,idle
-0.004,0.024,1.018,0.586,-2.354,1.251,idle
-0.003,0.025,1.015,0.507,-2.406,1.242,idle
-0.004,0.024,1.017,0.534,-2.362,1.242,idle
-0.004,0.025,1.016,0.499,-2.336,1.242,idle
-0.004,0.025,1.018,0.577,-2.406,1.234,idle
-0.004,0.025,1.017,0.569,-2.354,1.295,idle
-0.004,0.025,1.018,0.499,-2.362,1.242,idle
-0.005,0.022,1.018,0.577,-2.319,1.260,idle
-0.010,0.020,1.015,0.464,-2.398,-1.234,idle
0.003,0.039,1.015,0.455,-2.257,-0.577,idle
0.000,0.028,1.016,0.525,-2.362,1.295,idle
-0.005,0.027,1.015,0.499,-2.441,1.242,idle
-0.002,0.026,1.016,0.481,-2.354,1.269,idle
-0.004,0.026,1.018,0.481,-2.415,1.321,idle
-0.006,0.025,1.017,0.534,-2.371,1.750,idle
-0.005,0.022,1.015,0.481,-2.415,1.479,idle
-0.004,0.026,1.017,0.525,-2.354,1.225,idle
-0.003,0.025,1.015,0.481,-2.371,1.242,idle
-0.003,0.025,1.019,0.551,-2.380,1.304,idle
0.000,0.029,1.015,0.516,-2.380,1.750,idle
-0.007,0.020,1.015,0.490,-2.336,1.942,idle
-0.005,0.025,1.017,0.499,-2.371,1.295,idle
-0.003,0.025,1.014,0.507,-2.371,1.391,idle
-0.005,0.024,1.018,0.507,-2.328,1.304,idle
-0.002,0.025,1.016,0.499,-2.389,1.242,idle
-0.003,0.026,1.013,0.595,-2.380,1.260,idle
-0.002,0.025,1.016,0.866,-2.275,1.418,idle
-0.004,0.029,1.026,0.446,-2.362,2.109,idle
-0.005,0.022,1.009,0.333,-2.380,1.461,idle
-0.003,0.025,1.016,0.543,-2.380,1.260,idle
-0.003,0.025,1.017,0.647,-2.336,1.225,idle
-0.004,0.026,1.021,0.665,-2.345,1.216,idle
-0.005,0.024,1.012,0.507,-2.406,1.251,idle
-0.004,0.025,1.015,0.586,-2.398,1.216,idle
-0.003,0.025,1.016,0.586,-2.354,1.190,idle
-0.003,0.026,1.014,0.621,-2.336,1.207,idle
-0.004,0.026,1.018,0.577,-2.336,1.225,idle
-0.005,0.025,1.015,0.543,-2.354,1.190,idle
-0.004,0.026,1.016,0.595,-2.398,1.242,idle
-0.003,0.025,1.017,0.595,-2.354,1.216,idle
-0.003,0.026,1.017,0.577,-2.345,1.207,idle
-0.004,0.026,1.017,0.551,-2.362,1.225,idle
-0.004,0.025,1.015,0.577,-2.328,1.207,idle
-0.005,0.025,1.017,0.569,-2.345,1.234,idle
-0.004,0.026,1.015,0.560,-2.389,1.251,idle
-0.004,0.025,1.017,0.569,-2.380,1.260,idle
-0.004,0.025,1.017,0.543,-2.345,1.260,idle
-0.003,0.025,1.015,0.516,-2.336,1.251,idle
-0.004,0.026,1.019,0.490,-2.362,1.304,idle
0.006,0.034,1.015,0.455,-2.424,3.141,idle
-0.001,0.029,1.019,0.569,-2.362,3.185,idle
-0.006,0.023,1.014,0.560,-2.389,1.890,idle
-0.004,0.026,1.019,0.534,-2.354,1.409,idle
-0.003,0.024,1.015,0.499,-2.354,1.347,idle
-0.004,0.025,1.019,0.543,-2.398,1.199,idle
-0.004,0.026,1.017,0.525,-2.406,1.190,idle
-0.004,0.026,1.018,0.499,-2.380,1.251,idle
-0.003,0.025,1.015,0.507,-2.371,1.234,idle
-0.004,0.025,1.016,0.569,-2.362,1.234,idle
-0.003,0.026,1.017,0.543,-2.389,1.242,idle
-0.004,0.025,1.015,0.507,-2.389,1.269,idle
-0.004,0.025,1.016,0.604,-2.380,1.251,idle
-0.004,0.026,1.017,0.569,-2.371,1.216,idle
-0.003,0.026,1.016,0.499,-2.371,1.251,idle
-0.003,0.026,1.016,0.507,-2.371,1.216,idle
-0.003,0.026,1.017,0.551,-2.380,1.207,idle
-0.003,0.025,1.016,0.516,-2.345,1.242,idle
-0.003,0.027,1.018,0.525,-2.380,1.251,idle
-0.003,0.026,1.016,0.551,-2.380,1.269,idle
-0.004,0.026,1.015,0.481,-2.354,1.269,idle
-0.005,0.025,1.016,0.499,-2.362,1.225,idle
-0.005,0.025,1.017,0.490,-2.398,1.269,idle
-0.003,0.025,1.014,0.551,-2.362,1.260,idle
-0.004,0.026,1.018,0.525,-2.380,1.269,idle
-0.004,0.025,1.016,0.543,-2.362,1.260,idle
-0.002,0.026,1.015,0.507,-2.380,1.216,idle
-0.004,0.025,1.016,0.499,-2.389,1.251,idle
-0.004,0.026,1.017,0.560,-2.354,1.216,idle
-0.004,0.026,1.016,0.525,-2.389,1.251,idle
-0.002,0.026,1.017,0.534,-2.380,1.234,idle
-0.003,0.026,1.016,0.569,-2.380,1.225,idle
-0.005,0.026,1.017,0.534,-2.371,1.269,idle
-0.003,0.025,1.016,0.560,-2.354,1.234,idle
-0.003,0.025,1.017,0.507,-2.389,1.242,idle
-0.003,0.027,1.016,0.525,-2.406,1.269,idle
-0.004,0.025,1.015,0.481,-2.371,1.251,idle
-0.004,0.026,1.017,0.534,-2.362,1.251,idle
-0.005,0.026,1.017,0.516,-2.371,1.234,idle
-0.005,0.026,1.016,0.481,-2.362,1.207,idle
-0.003,0.025,1.016,0.525,-2.371,1.216,idle
-0.004,0.026,1.018,0.499,-2.362,1.278,idle
-0.004,0.026,1.015,0.507,-2.371,1.260,idle
-0.004,0.025,1.016,0.516,-2.380,1.207,idle
-0.002,0.026,1.016,0.507,-2.362,1.234,idle
-0.005,0.026,1.015,0.481,-2.371,1.269,idle
-0.005,0.025,1.016,0.499,-2.380,1.242,idle
-0.003,0.024,1.015,0.551,-2.380,1.251,idle
-0.003,0.026,1.016,0.534,-2.345,1.216,idle
-0.005,0.026,1.017,0.499,-2.371,1.216,idle
-0.004,0.025,1.017,0.499,-2.389,1.207,idle
-0.003,0.026,1.017,0.551,-2.380,1.251,idle
-0.003,0.026,1.016,0.464,-2.389,1.225,idle
-0.004,0.025,1.016,0.551,-2.380,1.234,idle
-0.005,0.025,1.017,0.534,-2.354,1.234,idle
-0.003,0.025,1.017,0.499,-2.362,1.207,idle
-0.004,0.025,1.015,0.525,-2.398,1.269,idle
-0.003,0.026,1.017,0.507,-2.371,1.260,idle
-0.003,0.026,1.017,0.525,-2.362,1.242,idle
-0.003,0.026,1.016,0.525,-2.371,1.251,idle
-0.004,0.026,1.015,0.499,-2.415,1.251,idle
-0.004,0.024,1.017,0.525,-2.362,1.260,idle
-0.003,0.025,1.016,0.577,-2.380,1.286,idle
-0.003,0.025,1.016,0.551,-2.354,1.278,idle
-0.004,0.026,1.017,0.490,-2.380,1.269,idle
-0.005,0.026,1.017,0.481,-2.406,1.260,idle
-0.003,0.025,1.017,0.507,-2.406,1.278,idle
-0.003,0.026,1.016,0.525,-2.398,1.251,idle
-0.004,0.025,1.015,0.551,-2.354,1.251,idle
-0.003,0.025,1.017,0.534,-2.371,1.278,idle
-0.004,0.026,1.018,0.569,-2.371,1.260,idle
-0.003,0.026,1.017,0.543,-2.310,1.260,idle
-0.004,0.026,1.015,0.472,-2.362,1.260,idle
-0.003,0.026,1.017,0.577,-2.345,1.234,idle
-0.004,0.025,1.017,0.560,-2.362,1.286,idle
-0.004,0.026,1.017,0.586,-2.371,1.269,idle
-0.002,0.025,1.016,0.534,-2.354,1.286,idle
-0.005,0.025,1.016,0.560,-2.371,1.260,idle
-0.005,0.025,1.016,0.490,-2.336,1.234,idle
-0.003,0.026,1.016,0.543,-2.389,1.260,idle
-0.004,0.025,1.016,0.507,-2.362,1.278,idle
-0.004,0.025,1.016,0.516,-2.398,1.286,idle
-0.004,0.025,1.014,0.577,-2.362,1.251,idle
-0.004,0.025,1.017,0.560,-2.406,1.242,idle
-0.003,0.026,1.017,0.534,-2.362,1.251,idle
-0.005,0.025,1.017,0.499,-2.406,1.295,idle
-0.004,0.027,1.015,0.525,-2.354,1.269,idle
-0.003,0.026,1.015,0.516,-2.354,1.242,idle
-0.004,0.026,1.016,0.569,-2.354,1.199,idle
-0.004,0.025,1.016,0.534,-2.389,1.234,idle
-0.005,0.025,1.017,0.560,-2.362,1.269,idle
-0.003,0.026,1.015,0.569,-2.380,1.260,idle
-0.004,0.026,1.015,0.507,-2.380,1.216,idle
-0.001,0.026,1.012,0.604,-2.354,1.278,idle
-0.006,0.026,1.021,0.472,-2.362,1.260,idle
-0.002,0.027,1.016,0.464,-2.380,1.251,idle
-0.004,0.026,1.019,0.464,-2.380,1.260,idle
-0.003,0.025,1.015,0.455,-2.398,1.304,idle
-0.005,0.026,1.017,0.481,-2.345,1.278,idle
-0.005,0.026,1.015,0.481,-2.354,1.242,idle
-0.004,0.027,1.017,0.507,-2.319,1.295,idle
-0.003,0.025,1.017,0.472,-2.389,1.278,idle
-0.004,0.026,1.017,0.507,-2.380,1.278,idle
-0.005,0.025,1.017,0.551,-2.354,1.269,idle
-0.004,0.025,1.016,0.507,-2.362,1.225,idle
-0.004,0.025,1.015,0.543,-2.406,1.173,idle
-0.003,0.026,1.017,0.525,-2.336,1.242,idle
-0.003,0.026,1.016,0.490,-2.362,1.242,idle
-0.003,0.025,1.016,0.499,-2.362,1.269,idle
-0.005,0.025,1.017,0.490,-2.371,1.225,idle
-0.004,0.026,1.016,0.481,-2.371,1.242,idle
-0.005,0.026,1.015,0.507,-2.371,1.278,idle
-0.002,0.026,1.015,0.507,-2.389,1.251,idle
-0.004,0.026,1.017,0.560,-2.380,1.260,idle
-0.003,0.026,1.016,0.516,-2.345,1.225,idle
-0.004,0.026,1.017,0.507,-2.345,1.260,idle
-0.004,0.026,1.015,0.516,-2.389,1.269,idle
-0.003,0.026,1.017,0.534,-2.362,1.251,idle
-0.004,0.025,1.015,0.525,-2.371,1.269,idle
-0.004,0.025,1.015,0.472,-2.336,1.260,idle
-0.003,0.025,1.015,0.534,-2.380,1.269,idle
-0.005,0.025,1.015,0.499,-2.354,1.269,idle
-0.004,0.025,1.016,0.551,-2.362,1.269,idle
-0.004,0.026,1.016,0.507,-2.380,1.251,idle
-0.004,0.025,1.016,0.543,-2.380,1.260,idle
-0.004,0.025,1.016,0.534,-2.371,1.251,idle
-0.004,0.026,1.016,0.525,-2.371,1.242,idle
-0.004,0.025,1.015,0.543,-2.415,1.216,idle
-0.003,0.026,1.017,0.551,-2.371,1.234,idle
-0.003,0.027,1.015,0.534,-2.345,1.242,idle
-0.004,0.026,1.017,0.516,-2.345,1.234,idle
-0.003,0.025,1.017,0.499,-2.389,1.242,idle
-0.004,0.025,1.015,0.516,-2.371,1.242,idle
-0.003,0.025,1.016,0.534,-2.345,1.251,idle
-0.003,0.025,1.016,0.543,-2.319,1.207,idle
-0.004,0.026,1.016,0.516,-2.354,1.242,idle
-0.005,0.025,1.017,0.551,-2.415,1.278,idle
-0.003,0.025,1.017,0.551,-2.362,1.269,idle
-0.004,0.026,1.016,0.490,-2.362,1.251,idle
-0.004,0.026,1.016,0.525,-2.380,1.278,idle
-0.003,0.025,1.016,0.499,-2.380,1.234,idle
-0.004,0.025,1.017,0.507,-2.380,1.234,idle
-0.003,0.026,1.017,0.516,-2.345,1.234,idle
-0.004,0.026,1.017,0.543,-2.380,1.260,idle
-0.003,0.026,1.017,0.516,-2.389,1.295,idle
-0.004,0.026,1.017,0.525,-2.371,1.225,idle
-0.003,0.026,1.015,0.481,-2.389,1.225,idle
-0.003,0.027,1.016,0.499,-2.389,1.260,idle
-0.004,0.025,1.016,0.534,-2.389,1.199,idle
-0.003,0.026,1.015,0.525,-2.389,1.225,idle
-0.004,0.026,1.016,0.481,-2.371,1.242,idle
-0.004,0.025,1.014,0.499,-2.380,1.216,idle
-0.005,0.026,1.017,0.525,-2.345,1.260,idle
-0.003,0.026,1.015,0.543,-2.389,1.251,idle
-0.003,0.026,1.016,0.507,-2.380,1.251,idle
-0.004,0.025,1.017,0.507,-2.354,1.269,idle
-0.003,0.025,1.014,0.543,-2.345,1.260,idle
-0.005,0.026,1.016,0.525,-2.371,1.242,idle
-0.004,0.026,1.017,0.464,-2.371,1.251,idle
-0.004,0.026,1.018,0.472,-2.371,1.260,idle
-0.003,0.026,1.015,0.490,-2.354,1.251,idle
-0.004,0.025,1.016,0.516,-2.380,1.251,idle
-0.003,0.026,1.014,0.507,-2.371,1.234,idle
-0.003,0.025,1.020,0.525,-2.362,1.260,idle
-0.004,0.025,1.016,0.543,-2.380,1.251,idle
-0.004,0.026,1.016,0.525,-2.362,1.260,idle
-0.004,0.025,1.017,0.507,-2.380,1.260,idle
-0.004,0.026,1.018,0.507,-2.389,1.199,idle
-0.003,0.026,1.016,0.525,-2.336,1.216,idle
-0.004,0.026,1.017,0.490,-2.371,1.251,idle
-0.004,0.026,1.017,0.604,-2.345,1.225,idle
-0.004,0.025,1.018,0.534,-2.389,1.207,idle
-0.004,0.025,1.016,0.534,-2.319,1.234,idle
-0.003,0.025,1.015,0.472,-2.406,1.242,idle
-0.004,0.025,1.016,0.490,-2.362,1.225,idle
-0.004,0.025,1.016,0.543,-2.354,1.269,idle
-0.004,0.026,1.016,0.534,-2.362,1.234,idle
-0.005,0.025,1.016,0.516,-2.362,1.216,idle
-0.005,0.025,1.017,0.499,-2.398,1.260,idle
-0.004,0.026,1.015,0.507,-2.371,1.286,idle
-0.005,0.026,1.016,0.543,-2.371,1.181,idle
-0.003,0.026,1.017,0.525,-2.389,1.207,idle
-0.004,0.026,1.017,0.490,-2.354,1.242,idle
-0.004,0.025,1.017,0.472,-2.371,1.242,idle
-0.004,0.026,1.016,0.455,-2.345,1.199,idle
-0.004,0.025,1.016,0.507,-2.310,1.216,idle
-0.004,0.025,1.017,0.499,-2.371,1.242,idle
-0.004,0.026,1.018,0.507,-2.354,1.207,idle
-0.004,0.025,1.015,0.499,-2.345,1.242,idle
-0.004,0.026,1.017,0.569,-2.336,1.242,idle
-0.004,0.025,1.018,0.560,-2.389,1.225,idle
-0.005,0.026,1.016,0.543,-2.362,1.199,idle
-0.004,0.025,1.015,0.551,-2.362,1.225,idle
-0.003,0.026,1.017,0.577,-2.354,1.216,idle
-0.003,0.025,1.017,0.516,-2.345,1.225,idle
-0.004,0.026,1.017,0.525,-2.371,1.216,idle
-0.005,0.025,1.016,0.516,-2.354,1.295,idle
-0.005,0.026,1.015,0.525,-2.380,1.234,idle
-0.003,0.026,1.017,0.455,-2.371,1.225,idle
-0.005,0.025,1.015,0.516,-2.336,1.234,idle
-0.003,0.025,1.017,0.551,-2.389,1.242,idle
-0.003,0.026,1.016,0.490,-2.389,1.242,idle
-0.004,0.025,1.017,0.481,-2.336,1.234,idle
-0.003,0.026,1.016,0.499,-2.398,1.260,idle
-0.004,0.025,1.017,0.499,-2.345,1.216,idle
-0.004,0.025,1.016,0.472,-2.371,1.234,idle
-0.005,0.025,1.017,0.481,-2.354,1.199,idle
-0.004,0.025,1.016,0.499,-2.380,1.234,idle
-0.003,0.025,1.018,0.516,-2.336,1.216,idle
-0.004,0.025,1.017,0.507,-2.362,1.207,idle
-0.004,0.026,1.017,0.516,-2.362,1.260,idle
-0.003,0.026,1.016,0.577,-2.310,1.242,idle
-0.003,0.025,1.016,0.472,-2.380,1.207,idle
-0.005,0.027,1.015,0.534,-2.354,1.234,idle
-0.003,0.026,1.017,0.595,-2.345,1.216,idle
-0.004,0.026,1.016,0.507,-2.371,1.207,idle
-0.004,0.025,1.016,0.551,-2.345,1.216,idle
-0.005,0.026,1.018,0.516,-2.354,1.269,idle
-0.004,0.025,1.015,0.525,-2.354,1.269,idle
-0.003,0.026,1.017,0.577,-2.371,1.207,idle
-0.005,0.025,1.016,0.525,-2.362,1.225,idle
-0.003,0.026,1.016,0.577,-2.389,1.242,idle
-0.004,0.026,1.017,0.516,-2.371,1.207,idle
-0.003,0.025,1.016,0.499,-2.389,1.242,idle
-0.003,0.026,1.016,0.534,-2.398,1.234,idle
-0.005,0.026,1.017,0.560,-2.371,1.251,idle
-0.004,0.026,1.015,0.534,-2.371,1.225,idle
-0.003,0.026,1.016,0.525,-2.371,1.269,idle
-0.005,0.026,1.017,0.490,-2.380,1.199,idle
-0.004,0.025,1.017,0.516,-2.362,1.234,idle
-0.004,0.025,1.017,0.499,-2.354,1.207,idle
-0.005,0.026,1.017,0.586,-2.362,1.199,idle
-0.003,0.025,1.016,0.569,-2.406,1.199,idle
-0.004,0.025,1.017,0.499,-2.398,1.278,idle
-0.004,0.025,1.016,0.507,-2.354,1.207,idle
