2026-07-31 10:03:03,419 [INFO] Activator:176 - 


2026-07-31 10:03:03,427 [INFO] Activator:177 - !SESSION log4j initialized
2026-07-31 10:03:11,568 [INFO] LogOutputStream:77 - [STDOUT_REDIRECT] 
2026-07-31 10:03:15,723 [INFO] ApplicationProperties:184 - Using Application install path: C:\ST\STM32CubeIDE_1.19.0\STM32CubeIDE\plugins\com.st.stm32cube.common.mx_6.15.0.202507011659
2026-07-31 10:03:15,738 [INFO] DbMcusXml:78 - Set database path to: C:\ST\STM32CubeIDE_1.19.0\STM32CubeIDE\plugins\com.st.stm32cube.common.mx_6.15.0.202507011659\\db\/mcu/
2026-07-31 10:03:15,738 [INFO] ApiDb:274 - Set plugin database path to: C:\ST\STM32CubeIDE_1.19.0\STM32CubeIDE\plugins\com.st.stm32cube.common.mx_6.15.0.202507011659\\db\/plugins/boardmanager/
2026-07-31 10:03:15,738 [WARN] ApiDb:259 - Overriding images path with different value:  => C:\ST\STM32CubeIDE_1.19.0\STM32CubeIDE\plugins\com.st.stm32cube.common.mx_6.15.0.202507011659\\db\/plugins/mcufinder/images/
2026-07-31 10:03:15,754 [INFO] ApiDb:250 - Set database path to: C:\Users\ADMIN\.stmcufinder\plugins\mcufinder//mcu/
2026-07-31 10:03:15,754 [INFO] DbMcusAds:125 - Set database path to: C:\Users\ADMIN\.stmcufinder\plugins\mcufinder//mcu/
2026-07-31 10:03:15,770 [INFO] CrossReferenceDbSqlite:203 - Set database path to: C:\Users\ADMIN\.stmcufinder\plugins\mcufinder//mcu/cs/
2026-07-31 10:03:15,941 [INFO] RulesReader:64 - Compatibility file has been processed (317 Rules)
2026-07-31 10:03:16,082 [INFO] DbMcusXml:78 - Set database path to: C:\ST\STM32CubeIDE_1.19.0\STM32CubeIDE\plugins\com.st.stm32cube.common.mx_6.15.0.202507011659\\db\/mcu/
2026-07-31 10:03:16,082 [INFO] ApiDb:274 - Set plugin database path to: C:\ST\STM32CubeIDE_1.19.0\STM32CubeIDE\plugins\com.st.stm32cube.common.mx_6.15.0.202507011659\\db\/plugins/boardmanager/
2026-07-31 10:03:16,082 [INFO] ApiDb:261 - Set plugin images path to: C:\ST\STM32CubeIDE_1.19.0\STM32CubeIDE\plugins\com.st.stm32cube.common.mx_6.15.0.202507011659\\db\/plugins/mcufinder/images/
2026-07-31 10:03:16,082 [WARN] DbFile:41 - Overriding database path with different value: C:\Users\ADMIN\.stmcufinder\plugins\mcufinder/ => C:\Users\ADMIN\.stmcufinder\plugins\mcufinder
2026-07-31 10:03:16,082 [INFO] ApiDb:250 - Set database path to: C:\Users\ADMIN\.stmcufinder\plugins\mcufinder//mcu/
2026-07-31 10:03:16,082 [WARN] DbFile:41 - Overriding database path with different value: C:\Users\ADMIN\.stmcufinder\plugins\mcufinder/ => C:\Users\ADMIN\.stmcufinder\plugins\mcufinder
2026-07-31 10:03:16,082 [INFO] DbMcusAds:125 - Set database path to: C:\Users\ADMIN\.stmcufinder\plugins\mcufinder//mcu/
2026-07-31 10:03:16,082 [WARN] DbFile:41 - Overriding database path with different value: C:\Users\ADMIN\.stmcufinder\plugins\mcufinder/ => C:\Users\ADMIN\.stmcufinder\plugins\mcufinder
2026-07-31 10:03:16,082 [WARN] DbFile:41 - Overriding database path with different value: C:\Users\ADMIN\.stmcufinder\plugins\mcufinder/ => C:\Users\ADMIN\.stmcufinder\plugins\mcufinder
2026-07-31 10:03:16,082 [INFO] CrossReferenceDbSqlite:203 - Set database path to: C:\Users\ADMIN\.stmcufinder\plugins\mcufinder//mcu/cs/
2026-07-31 10:03:16,176 [INFO] MainPanel:274 - HeapMemory: 268435456
2026-07-31 10:03:16,316 [INFO] DbMcusXml:78 - Set database path to: C:\ST\STM32CubeIDE_1.19.0\STM32CubeIDE\plugins\com.st.stm32cube.common.mx_6.15.0.202507011659\\db\/mcu/
2026-07-31 10:03:16,316 [INFO] ApiDb:274 - Set plugin database path to: C:\ST\STM32CubeIDE_1.19.0\STM32CubeIDE\plugins\com.st.stm32cube.common.mx_6.15.0.202507011659\\db\/plugins/boardmanager/
2026-07-31 10:03:16,316 [INFO] ApiDb:261 - Set plugin images path to: C:\ST\STM32CubeIDE_1.19.0\STM32CubeIDE\plugins\com.st.stm32cube.common.mx_6.15.0.202507011659\\db\/plugins/mcufinder/images/
2026-07-31 10:03:16,316 [WARN] DbFile:41 - Overriding database path with different value: C:\Users\ADMIN\.stmcufinder\plugins\mcufinder/ => C:\Users\ADMIN\.stmcufinder\plugins\mcufinder
2026-07-31 10:03:16,316 [INFO] ApiDb:250 - Set database path to: C:\Users\ADMIN\.stmcufinder\plugins\mcufinder//mcu/
2026-07-31 10:03:16,316 [WARN] DbFile:41 - Overriding database path with different value: C:\Users\ADMIN\.stmcufinder\plugins\mcufinder/ => C:\Users\ADMIN\.stmcufinder\plugins\mcufinder
2026-07-31 10:03:16,316 [INFO] DbMcusAds:125 - Set database path to: C:\Users\ADMIN\.stmcufinder\plugins\mcufinder//mcu/
2026-07-31 10:03:16,316 [WARN] DbFile:41 - Overriding database path with different value: C:\Users\ADMIN\.stmcufinder\plugins\mcufinder/ => C:\Users\ADMIN\.stmcufinder\plugins\mcufinder
2026-07-31 10:03:16,332 [WARN] DbFile:41 - Overriding database path with different value: C:\Users\ADMIN\.stmcufinder\plugins\mcufinder/ => C:\Users\ADMIN\.stmcufinder\plugins\mcufinder
2026-07-31 10:03:16,332 [INFO] CrossReferenceDbSqlite:203 - Set database path to: C:\Users\ADMIN\.stmcufinder\plugins\mcufinder//mcu/cs/
2026-07-31 10:03:16,348 [INFO] ApplicationProperties:184 - Using Application install path: C:\ST\STM32CubeIDE_1.19.0\STM32CubeIDE\plugins\com.st.stm32cube.common.mx_6.15.0.202507011659
2026-07-31 10:03:16,348 [INFO] PluginManage:196 - Search for loadable plugins [exclusion list=, ]
2026-07-31 10:03:16,348 [INFO] PluginManage:310 - Check plugin analytics
2026-07-31 10:03:21,584 [INFO] AnalyticsPlugin:253 - Accepted Software Licenses: 
2026-07-31 10:03:21,585 [INFO] AnalyticsPlugin:255 - Accepted CMSIS Pack Licenses: STMicroelectronics.X-CUBE-AI.10.2.1
2026-07-31 10:03:21,585 [INFO] AnalyticsPlugin:257 - Accepted Firmware Licenses: FW.L4.1.18.0
2026-07-31 10:03:21,588 [INFO] PluginManage:359 - Loaded plugin analytics (category:tool,tabindex:-1)
2026-07-31 10:03:21,588 [INFO] PluginManage:310 - Check plugin cadmodel
2026-07-31 10:03:21,653 [INFO] CADModel:105 - Init CAD model plugin
2026-07-31 10:03:21,653 [INFO] PluginManage:359 - Loaded plugin cadmodel (category:power,tabindex:5)
2026-07-31 10:03:21,653 [INFO] PluginManage:310 - Check plugin clock
2026-07-31 10:03:21,780 [INFO] PluginManage:359 - Loaded plugin clock (category:base,tabindex:2)
2026-07-31 10:03:21,781 [INFO] PluginManage:310 - Check plugin ddr
2026-07-31 10:03:21,798 [INFO] PluginManage:359 - Loaded plugin ddr (category:tool,tabindex:6)
2026-07-31 10:03:21,798 [INFO] PluginManage:310 - Check plugin filemanager
2026-07-31 10:03:22,633 [INFO] PluginManage:359 - Loaded plugin filemanager (category:base,tabindex:10)
2026-07-31 10:03:22,633 [INFO] PluginManage:310 - Check plugin ipmanager
2026-07-31 10:03:22,663 [INFO] PluginManage:359 - Loaded plugin ipmanager (category:base,tabindex:5)
2026-07-31 10:03:22,663 [INFO] PluginManage:310 - Check plugin lpbam
2026-07-31 10:03:22,697 [INFO] PluginManage:359 - Loaded plugin lpbam (category:base,tabindex:0)
2026-07-31 10:03:22,697 [INFO] PluginManage:310 - Check plugin memorymap
2026-07-31 10:03:22,779 [INFO] PluginManage:359 - Loaded plugin memorymap (category:base,tabindex:4)
2026-07-31 10:03:22,780 [INFO] PluginManage:310 - Check plugin pinoutandconfiguration
2026-07-31 10:03:22,862 [INFO] PluginManage:359 - Loaded plugin pinoutandconfiguration (category:base,tabindex:1)
2026-07-31 10:03:22,862 [INFO] PluginManage:310 - Check plugin pinoutconfig
2026-07-31 10:03:23,049 [WARN] SupportedApi:132 - Cannot load RTOS API schema: s4s-elt-must-match.1: The content of 'definitions' must match (annotation?, (simpleType | complexType)?, (unique | key | keyref)*)). A problem was found starting at: attribute.
2026-07-31 10:03:23,462 [INFO] PluginManage:359 - Loaded plugin pinoutconfig (category:base,tabindex:0)
2026-07-31 10:03:23,462 [INFO] PluginManage:310 - Check plugin power
2026-07-31 10:03:23,502 [INFO] PluginManage:359 - Loaded plugin power (category:power,tabindex:4)
2026-07-31 10:03:23,503 [INFO] PluginManage:310 - Check plugin projectmanager
2026-07-31 10:03:23,534 [INFO] PluginManage:359 - Loaded plugin projectmanager (category:projectmanager,tabindex:4)
2026-07-31 10:03:23,534 [INFO] PluginManage:310 - Check plugin rif
2026-07-31 10:03:23,570 [INFO] PluginManage:359 - Loaded plugin rif (category:base,tabindex:3)
2026-07-31 10:03:23,571 [INFO] PluginManage:310 - Check plugin thirdparty
2026-07-31 10:03:24,002 [INFO] PluginManage:359 - Loaded plugin thirdparty (category:base,tabindex:-1)
2026-07-31 10:03:24,002 [WARN] IntegrityCheckThread:84 - waiting for thirdparty lock release [integrity check]
2026-07-31 10:03:24,002 [INFO] PluginManage:310 - Check plugin tools
2026-07-31 10:03:24,002 [INFO] IntegrityCheckThread:86 - entering critical section [integrity check]
2026-07-31 10:03:24,003 [INFO] ThirdPartyUpdaterWithRetryManager:70 - Updater plugin not ready yet. [1/15]
2026-07-31 10:03:24,009 [INFO] PluginManage:359 - Loaded plugin tools (category:base,tabindex:7)
2026-07-31 10:03:24,009 [INFO] PluginManage:310 - Check plugin tutovideos
2026-07-31 10:03:24,394 [INFO] PluginManage:359 - Loaded plugin tutovideos (category:base,tabindex:-1)
2026-07-31 10:03:24,395 [INFO] PluginManage:310 - Check plugin updater
2026-07-31 10:03:24,425 [INFO] PluginManage:359 - Loaded plugin updater (category:base,tabindex:12)
2026-07-31 10:03:24,425 [INFO] PluginManage:310 - Check plugin userauth
2026-07-31 10:03:24,431 [INFO] UserAuth:118 - Init User Auth plugin
2026-07-31 10:03:24,432 [INFO] PluginManage:359 - Loaded plugin userauth (category:base,tabindex:14)
2026-07-31 10:03:24,433 [INFO] PluginManage:283 - PluginManage : Loaded plugins [18]
2026-07-31 10:03:24,724 [INFO] PinOutPanel:1589 - setPackage(No Configuration,No Configuration)
2026-07-31 10:03:24,857 [INFO] CADModel:165 - CPN selected for project level
2026-07-31 10:03:24,858 [INFO] CADModel:114 - Register for checkConnection events
2026-07-31 10:03:24,888 [INFO] IPUIPlugin:80 - create IPUIPlugin
2026-07-31 10:03:24,888 [INFO] PluginManager:220 - loadIPPluginJar : add adc
2026-07-31 10:03:24,894 [INFO] IPUIPlugin:80 - create IPUIPlugin
2026-07-31 10:03:24,894 [INFO] PluginManager:220 - loadIPPluginJar : add aes
2026-07-31 10:03:24,900 [INFO] IPUIPlugin:80 - create IPUIPlugin
2026-07-31 10:03:24,900 [INFO] PluginManager:220 - loadIPPluginJar : add can
2026-07-31 10:03:24,904 [INFO] IPUIPlugin:80 - create IPUIPlugin
2026-07-31 10:03:24,905 [INFO] PluginManager:220 - loadIPPluginJar : add comp
2026-07-31 10:03:24,908 [INFO] IPUIPlugin:80 - create IPUIPlugin
2026-07-31 10:03:24,909 [INFO] PluginManager:220 - loadIPPluginJar : add cryp
2026-07-31 10:03:24,913 [INFO] IPUIPlugin:80 - create IPUIPlugin
2026-07-31 10:03:24,914 [INFO] PluginManager:220 - loadIPPluginJar : add ddr_ctrl_phy
2026-07-31 10:03:24,918 [INFO] IPUIPlugin:80 - create IPUIPlugin
2026-07-31 10:03:24,919 [INFO] PluginManager:220 - loadIPPluginJar : add dfsdm
2026-07-31 10:03:24,929 [INFO] IPUIPlugin:80 - create IPUIPlugin
2026-07-31 10:03:24,931 [INFO] PluginManager:220 - loadIPPluginJar : add dma
2026-07-31 10:03:24,936 [INFO] IPUIPlugin:80 - create IPUIPlugin
2026-07-31 10:03:24,937 [INFO] PluginManager:220 - loadIPPluginJar : add dma3
2026-07-31 10:03:24,941 [INFO] IPUIPlugin:80 - create IPUIPlugin
2026-07-31 10:03:24,941 [INFO] PluginManager:220 - loadIPPluginJar : add extmemmanager
2026-07-31 10:03:24,944 [INFO] IPUIPlugin:80 - create IPUIPlugin
2026-07-31 10:03:24,944 [INFO] PluginManager:220 - loadIPPluginJar : add fatfs
2026-07-31 10:03:24,953 [INFO] IPUIPlugin:80 - create IPUIPlugin
2026-07-31 10:03:24,953 [INFO] PluginManager:220 - loadIPPluginJar : add fmc
2026-07-31 10:03:24,964 [INFO] IPUIPlugin:80 - create IPUIPlugin
2026-07-31 10:03:24,964 [INFO] PluginManager:220 - loadIPPluginJar : add freertos
2026-07-31 10:03:24,967 [INFO] IPUIPlugin:80 - create IPUIPlugin
2026-07-31 10:03:24,967 [INFO] PluginManager:220 - loadIPPluginJar : add genericplugin
2026-07-31 10:03:24,970 [INFO] IPUIPlugin:80 - create IPUIPlugin
2026-07-31 10:03:24,970 [INFO] PluginManager:220 - loadIPPluginJar : add gfxmmu
2026-07-31 10:03:24,978 [INFO] IPUIPlugin:80 - create IPUIPlugin
2026-07-31 10:03:24,978 [INFO] PluginManager:220 - loadIPPluginJar : add gic
2026-07-31 10:03:24,985 [INFO] IPUIPlugin:80 - create IPUIPlugin
2026-07-31 10:03:24,985 [INFO] PluginManager:220 - loadIPPluginJar : add gpio
2026-07-31 10:03:24,991 [INFO] IPUIPlugin:80 - create IPUIPlugin
2026-07-31 10:03:24,991 [INFO] PluginManager:220 - loadIPPluginJar : add gtzc
2026-07-31 10:03:24,995 [INFO] IPUIPlugin:80 - create IPUIPlugin
2026-07-31 10:03:24,995 [INFO] PluginManager:220 - loadIPPluginJar : add hash
2026-07-31 10:03:25,000 [INFO] IPUIPlugin:80 - create IPUIPlugin
2026-07-31 10:03:25,000 [INFO] PluginManager:220 - loadIPPluginJar : add i2c
2026-07-31 10:03:25,003 [INFO] IPUIPlugin:80 - create IPUIPlugin
2026-07-31 10:03:25,004 [INFO] PluginManager:220 - loadIPPluginJar : add i2s
2026-07-31 10:03:25,008 [INFO] IPUIPlugin:80 - create IPUIPlugin
2026-07-31 10:03:25,008 [INFO] PluginManager:220 - loadIPPluginJar : add i3c
2026-07-31 10:03:25,013 [INFO] IPUIPlugin:80 - create IPUIPlugin
2026-07-31 10:03:25,013 [INFO] PluginManager:220 - loadIPPluginJar : add ipddr
2026-07-31 10:03:25,024 [INFO] IPUIPlugin:80 - create IPUIPlugin
2026-07-31 10:03:25,024 [INFO] PluginManager:220 - loadIPPluginJar : add linkedlist
2026-07-31 10:03:25,028 [INFO] IPUIPlugin:80 - create IPUIPlugin
2026-07-31 10:03:25,028 [INFO] PluginManager:220 - loadIPPluginJar : add lorawan
2026-07-31 10:03:25,030 [INFO] IPUIPlugin:80 - create IPUIPlugin
2026-07-31 10:03:25,030 [INFO] PluginManager:220 - loadIPPluginJar : add ltdc
2026-07-31 10:03:25,040 [INFO] IPUIPlugin:80 - create IPUIPlugin
2026-07-31 10:03:25,040 [INFO] PluginManager:220 - loadIPPluginJar : add mdma
2026-07-31 10:03:25,045 [INFO] IPUIPlugin:80 - create IPUIPlugin
2026-07-31 10:03:25,046 [INFO] PluginManager:220 - loadIPPluginJar : add nvic
2026-07-31 10:03:25,049 [INFO] IPUIPlugin:80 - create IPUIPlugin
2026-07-31 10:03:25,050 [INFO] PluginManager:220 - loadIPPluginJar : add opamp
2026-07-31 10:03:25,054 [INFO] IPUIPlugin:80 - create IPUIPlugin
2026-07-31 10:03:25,054 [INFO] PluginManager:220 - loadIPPluginJar : add openamp
2026-07-31 10:03:25,058 [INFO] IPUIPlugin:80 - create IPUIPlugin
2026-07-31 10:03:25,058 [INFO] PluginManager:220 - loadIPPluginJar : add pdm2pcm
2026-07-31 10:03:25,067 [INFO] IPUIPlugin:80 - create IPUIPlugin
2026-07-31 10:03:25,071 [INFO] PluginManager:220 - loadIPPluginJar : add plateformsettings
2026-07-31 10:03:25,073 [INFO] IPUIPlugin:80 - create IPUIPlugin
2026-07-31 10:03:25,073 [INFO] PluginManager:220 - loadIPPluginJar : add quadspi
2026-07-31 10:03:25,076 [INFO] IPUIPlugin:80 - create IPUIPlugin
2026-07-31 10:03:25,077 [INFO] PluginManager:220 - loadIPPluginJar : add radio
2026-07-31 10:03:25,081 [INFO] IPUIPlugin:80 - create IPUIPlugin
2026-07-31 10:03:25,082 [INFO] PluginManager:220 - loadIPPluginJar : add resmgrutility
2026-07-31 10:03:25,086 [INFO] IPUIPlugin:80 - create IPUIPlugin
2026-07-31 10:03:25,086 [INFO] PluginManager:220 - loadIPPluginJar : add sai
2026-07-31 10:03:25,091 [INFO] IPUIPlugin:80 - create IPUIPlugin
2026-07-31 10:03:25,091 [INFO] PluginManager:220 - loadIPPluginJar : add spi
2026-07-31 10:03:25,100 [INFO] IPUIPlugin:80 - create IPUIPlugin
2026-07-31 10:03:25,100 [INFO] PluginManager:220 - loadIPPluginJar : add stm32_wpan
2026-07-31 10:03:25,103 [INFO] IPUIPlugin:80 - create IPUIPlugin
2026-07-31 10:03:25,104 [INFO] PluginManager:220 - loadIPPluginJar : add tim
2026-07-31 10:03:25,109 [INFO] IPUIPlugin:80 - create IPUIPlugin
2026-07-31 10:03:25,109 [INFO] PluginManager:220 - loadIPPluginJar : add touchsensing
2026-07-31 10:03:25,112 [INFO] IPUIPlugin:80 - create IPUIPlugin
2026-07-31 10:03:25,112 [INFO] PluginManager:220 - loadIPPluginJar : add tracer_emb
2026-07-31 10:03:25,116 [INFO] IPUIPlugin:80 - create IPUIPlugin
2026-07-31 10:03:25,116 [INFO] PluginManager:220 - loadIPPluginJar : add ts
2026-07-31 10:03:25,119 [INFO] IPUIPlugin:80 - create IPUIPlugin
2026-07-31 10:03:25,119 [INFO] PluginManager:220 - loadIPPluginJar : add tsc
2026-07-31 10:03:25,122 [INFO] IPUIPlugin:80 - create IPUIPlugin
2026-07-31 10:03:25,123 [INFO] PluginManager:220 - loadIPPluginJar : add ucpd
2026-07-31 10:03:25,126 [INFO] IPUIPlugin:80 - create IPUIPlugin
2026-07-31 10:03:25,126 [INFO] PluginManager:220 - loadIPPluginJar : add usart
2026-07-31 10:03:25,131 [INFO] IPUIPlugin:80 - create IPUIPlugin
2026-07-31 10:03:25,131 [INFO] PluginManager:220 - loadIPPluginJar : add usbx
2026-07-31 10:03:25,284 [FATAL] Updater:351 - Updater called before beeing initialized
2026-07-31 10:03:25,320 [INFO] RulesReader:64 - Compatibility file has been processed (317 Rules)
2026-07-31 10:03:25,332 [INFO] RulesReader:64 - Compatibility file has been processed (317 Rules)
2026-07-31 10:03:25,351 [INFO] CADModel:165 - CPN selected for project level
2026-07-31 10:03:25,351 [INFO] CADModel:114 - Register for checkConnection events
2026-07-31 10:03:25,351 [FATAL] Updater:351 - Updater called before beeing initialized
2026-07-31 10:03:25,351 [ERROR] CADModel:125 - Updater not yet initialized, retry later 
2026-07-31 10:03:25,575 [FATAL] Updater:351 - Updater called before beeing initialized
2026-07-31 10:03:25,579 [INFO] CADModel:165 - CPN selected for project level
2026-07-31 10:03:25,579 [INFO] CADModel:114 - Register for checkConnection events
2026-07-31 10:03:25,579 [FATAL] Updater:351 - Updater called before beeing initialized
2026-07-31 10:03:25,579 [ERROR] CADModel:125 - Updater not yet initialized, retry later 
2026-07-31 10:03:25,585 [FATAL] Updater:351 - Updater called before beeing initialized
2026-07-31 10:03:25,775 [FATAL] Updater:351 - Updater called before beeing initialized
2026-07-31 10:03:25,786 [INFO] DbMcusAds:53 - JSON generation date=Wed Jul 15 15:16:00 IST 2026 (1784108760991)
2026-07-31 10:03:25,787 [FATAL] Updater:351 - Updater called before beeing initialized
2026-07-31 10:03:25,844 [WARN] DetailPanel:346 - Failed to get advertising image, set to default
2026-07-31 10:03:25,972 [FATAL] Updater:351 - Updater called before beeing initialized
2026-07-31 10:03:25,975 [FATAL] Updater:351 - Updater called before beeing initialized
2026-07-31 10:03:25,975 [FATAL] Updater:351 - Updater called before beeing initialized
2026-07-31 10:03:25,975 [WARN] DetailPanel:346 - Failed to get advertising image, set to default
2026-07-31 10:03:25,977 [FATAL] Updater:351 - Updater called before beeing initialized
2026-07-31 10:03:26,039 [ERROR] Updater:1198 - MainUpdater not yet initialized. External WinMGr cannot be set.
2026-07-31 10:03:26,042 [INFO] Updater:1134 - Updater Version found : 6.15.0
2026-07-31 10:03:26,069 [INFO] ApplicationProperties:184 - Using Application install path: C:\ST\STM32CubeIDE_1.19.0\STM32CubeIDE\plugins\com.st.stm32cube.common.mx_6.15.0.202507011659
2026-07-31 10:03:27,003 [INFO] ThirdPartyUpdaterWithRetryManager:70 - Updater plugin not ready yet. [2/15]
2026-07-31 10:03:27,653 [ERROR] LogOutputStream:75 - [STDERR_REDIRECT] Jul 31, 2026 10:03:27 AM java.util.prefs.WindowsPreferences <init>
2026-07-31 10:03:27,655 [ERROR] LogOutputStream:75 - [STDERR_REDIRECT] WARNING: Could not open/create prefs root node Software\JavaSoft\Prefs at root 0xffffffff80000002. Windows RegCreateKeyEx(...) returned error code 5.
2026-07-31 10:03:27,655 [ERROR] LogOutputStream:75 - [STDERR_REDIRECT] 
2026-07-31 10:03:28,225 [INFO] MainUpdater:2872 - connection check result : 10
2026-07-31 10:03:28,226 [INFO] MainUpdater:289 - Updater Check For Update Now.
2026-07-31 10:03:28,226 [INFO] MicroXplorer:498 - Change Database Version : DB.6.0.150
2026-07-31 10:03:28,248 [INFO] McuFinderGlobals:63 - Set McuFinder mode to 2 (CubeIDE integrated)
2026-07-31 10:03:28,248 [INFO] UserAuth:171 - activating auth plugin
2026-07-31 10:03:28,253 [INFO] UserAuth:487 - Internet connection configuration mode: 1
2026-07-31 10:03:28,323 [INFO] JxBrowserEngine:152 - Initiate JxBrowser Engine with user profile folder
2026-07-31 10:03:28,475 [INFO] CheckServerUpdateThread:120 - End of CheckServer Thread
2026-07-31 10:03:28,659 [INFO] MainUpdater:2872 - connection check result : 10
2026-07-31 10:03:28,663 [INFO] McuFinderGlobals:76 - Set McuFinderConnectedMode to true
2026-07-31 10:03:28,956 [INFO] ServerAccessManage:452 - Complete download http(s) 200
2026-07-31 10:03:28,958 [INFO] ServerAccessManage:509 - Download File mcusAds.json._tmp_
2026-07-31 10:03:29,076 [INFO] LoadUrlFilesThread:156 - End of LoadUrlFiles Thread
2026-07-31 10:03:29,301 [INFO] ServerAccessManage:452 - Complete download http(s) 200
2026-07-31 10:03:29,302 [INFO] ServerAccessManage:509 - Download File cube-finder-db.zip
2026-07-31 10:03:30,006 [WARN] MainUpdater:1193 - Updater busy. Cannot search thirdparties
2026-07-31 10:03:30,006 [INFO] ThirdPartyUpdaterWithRetryManager:96 - Updater plugin is busy. [1/15]
2026-07-31 10:03:30,363 [INFO] WebApp:169 - Instantiating new browser for Auth
2026-07-31 10:03:30,611 [INFO] FileExtend:248 - Unzip File : cube-finder-db.zip
2026-07-31 10:03:30,612 [INFO] FileExtend:263 - Standard Zip Deflate
2026-07-31 10:03:31,658 [INFO] WebApp:463 - Apply proxy settings
2026-07-31 10:03:31,659 [INFO] WebApp:548 - Chromium requires no authentication
2026-07-31 10:03:31,688 [INFO] WebApp:491 - Direct internet connection detected
2026-07-31 10:03:31,744 [INFO] WebApp:900 - Register for checkConnection events
2026-07-31 10:03:31,744 [INFO] WebApp:463 - Apply proxy settings
2026-07-31 10:03:31,744 [INFO] WebApp:548 - Chromium requires no authentication
2026-07-31 10:03:31,745 [INFO] WebApp:491 - Direct internet connection detected
2026-07-31 10:03:31,991 [INFO] WebApp:191 - Connection restablished
2026-07-31 10:03:32,086 [INFO] LoadUrlFilesThread:156 - End of LoadUrlFiles Thread
2026-07-31 10:03:32,139 [INFO] WebApp:225 - Starting web application
2026-07-31 10:03:32,139 [INFO] WebApp:593 - Web application path used C:\ST\STM32CubeIDE_1.19.0\STM32CubeIDE\plugins\com.st.stm32cube.common.mx_6.15.0.202507011659\db\plugins\mcufinder\reactClient1\index.html
2026-07-31 10:03:33,007 [WARN] MainUpdater:1193 - Updater busy. Cannot search thirdparties
2026-07-31 10:03:33,007 [INFO] ThirdPartyUpdaterWithRetryManager:96 - Updater plugin is busy. [2/15]
2026-07-31 10:03:36,008 [WARN] MainUpdater:1193 - Updater busy. Cannot search thirdparties
2026-07-31 10:03:36,008 [INFO] ThirdPartyUpdaterWithRetryManager:96 - Updater plugin is busy. [3/15]
2026-07-31 10:03:39,009 [WARN] MainUpdater:1193 - Updater busy. Cannot search thirdparties
2026-07-31 10:03:39,009 [INFO] ThirdPartyUpdaterWithRetryManager:96 - Updater plugin is busy. [4/15]
2026-07-31 10:03:42,011 [WARN] MainUpdater:1193 - Updater busy. Cannot search thirdparties
2026-07-31 10:03:42,011 [INFO] ThirdPartyUpdaterWithRetryManager:96 - Updater plugin is busy. [5/15]
2026-07-31 10:03:45,012 [WARN] MainUpdater:1193 - Updater busy. Cannot search thirdparties
2026-07-31 10:03:45,012 [INFO] ThirdPartyUpdaterWithRetryManager:96 - Updater plugin is busy. [6/15]
2026-07-31 10:03:48,013 [WARN] MainUpdater:1193 - Updater busy. Cannot search thirdparties
2026-07-31 10:03:48,013 [INFO] ThirdPartyUpdaterWithRetryManager:96 - Updater plugin is busy. [7/15]
2026-07-31 10:03:51,014 [WARN] MainUpdater:1193 - Updater busy. Cannot search thirdparties
2026-07-31 10:03:51,014 [INFO] ThirdPartyUpdaterWithRetryManager:96 - Updater plugin is busy. [8/15]
2026-07-31 10:03:53,378 [ERROR] ServerAccessManage:1295 - Problem during Server Connection :  IO error Connection timed out: getsockopt
2026-07-31 10:03:53,379 [ERROR] ServerAccessManage:740 - Problem during Server Connection :  : crdb.zip.
2026-07-31 10:03:54,015 [WARN] MainUpdater:1193 - Updater busy. Cannot search thirdparties
2026-07-31 10:03:54,015 [INFO] ThirdPartyUpdaterWithRetryManager:96 - Updater plugin is busy. [9/15]
2026-07-31 10:03:57,016 [WARN] MainUpdater:1193 - Updater busy. Cannot search thirdparties
2026-07-31 10:03:57,017 [INFO] ThirdPartyUpdaterWithRetryManager:96 - Updater plugin is busy. [10/15]
2026-07-31 10:04:00,017 [WARN] MainUpdater:1193 - Updater busy. Cannot search thirdparties
2026-07-31 10:04:00,018 [INFO] ThirdPartyUpdaterWithRetryManager:96 - Updater plugin is busy. [11/15]
2026-07-31 10:04:03,019 [WARN] MainUpdater:1193 - Updater busy. Cannot search thirdparties
2026-07-31 10:04:03,019 [INFO] ThirdPartyUpdaterWithRetryManager:96 - Updater plugin is busy. [12/15]
2026-07-31 10:04:06,020 [WARN] MainUpdater:1193 - Updater busy. Cannot search thirdparties
2026-07-31 10:04:06,020 [INFO] ThirdPartyUpdaterWithRetryManager:96 - Updater plugin is busy. [13/15]
2026-07-31 10:04:09,021 [WARN] MainUpdater:1193 - Updater busy. Cannot search thirdparties
2026-07-31 10:04:09,022 [INFO] ThirdPartyUpdaterWithRetryManager:96 - Updater plugin is busy. [14/15]
2026-07-31 10:04:10,556 [INFO] LoadUrlFilesThread:156 - End of LoadUrlFiles Thread
2026-07-31 10:04:12,677 [WARN] PackLoader:240 - Cannot read IP mode file for STMicroelectronics.X-CUBE-AZRTOS-H7.3.5.0
2026-07-31 10:04:12,700 [WARN] PackLoader:240 - Cannot read IP mode file for STMicroelectronics.FP-ATR-ASTRA1.2.0.3
2026-07-31 10:04:12,740 [ERROR] Engine:466 - C:\Users\ADMIN\.stm32cubemx\thirdparties\pdsc\STMicroelectronics.X-CUBE-SMBUS.2.1.1.pdsc: PDSC version is not supported
2026-07-31 10:04:12,788 [WARN] PackLoader:240 - Cannot read IP mode file for STMicroelectronics.X-CUBE-AZRTOS-F7.1.1.0
2026-07-31 10:04:12,809 [WARN] PackLoader:240 - Cannot read IP mode file for STMicroelectronics.X-CUBE-FREERTOS.1.6.0
2026-07-31 10:04:12,817 [WARN] PackLoader:240 - Cannot read IP mode file for STMicroelectronics.FP-SNS-MOTENV1.5.1.0
2026-07-31 10:04:12,876 [WARN] PackLoader:240 - Cannot read IP mode file for STMicroelectronics.X-CUBE-AZRTOS-H7RS.1.3.0
2026-07-31 10:04:12,905 [WARN] PackLoader:240 - Cannot read IP mode file for WES.I-CUBE-Cesium.1.4.0
2026-07-31 10:04:12,918 [WARN] PackLoader:240 - Cannot read IP mode file for STMicroelectronics.X-CUBE-DISPLAY.3.0.0
2026-07-31 10:04:12,944 [WARN] PackLoader:240 - Cannot read IP mode file for STMicroelectronics.X-CUBE-GNSS1.7.1.1
2026-07-31 10:04:12,952 [WARN] PackLoader:240 - Cannot read IP mode file for STMicroelectronics.FP-SNS-MOTENVWB1.1.5.0
2026-07-31 10:04:12,960 [WARN] PackLoader:240 - Cannot read IP mode file for STMicroelectronics.X-CUBE-NFC10.1.0.0
2026-07-31 10:04:12,968 [WARN] PackLoader:240 - Cannot read IP mode file for STMicroelectronics.X-CUBE-ST60.1.1.0
2026-07-31 10:04:12,991 [WARN] PackLoader:240 - Cannot read IP mode file for emotas.I-CUBE-CANOPEN.1.3.0
2026-07-31 10:04:12,998 [WARN] PackLoader:240 - Cannot read IP mode file for wolfSSL.I-CUBE-wolfSSL.5.9.2
2026-07-31 10:04:13,003 [ERROR] Engine:466 - C:\Users\ADMIN\.stm32cubemx\thirdparties\pdsc\STMicroelectronics.X-CUBE-WBA.1.1.0.pdsc: PDSC version is not supported
2026-07-31 10:04:13,013 [WARN] PackLoader:240 - Cannot read IP mode file for STMicroelectronics.FP-SNS-STBOX1.2.1.0
2026-07-31 10:04:13,022 [WARN] PackLoader:240 - Cannot read IP mode file for STMicroelectronics.FP-SNS-SMARTAG2.1.2.0
2026-07-31 10:04:13,028 [WARN] PackLoader:240 - Cannot read IP mode file for STMicroelectronics.FP-SNS-FLIGHT1.5.1.0
2026-07-31 10:04:13,049 [INFO] LogOutputStream:77 - [STDOUT_REDIRECT] 1 : Invalid condition id : UX_CORESTACK_Condition cause : null
2026-07-31 10:04:13,051 [INFO] LogOutputStream:77 - [STDOUT_REDIRECT] 1 : Invalid condition id : UX_CORESTACK_Condition cause : null
2026-07-31 10:04:13,054 [INFO] LogOutputStream:77 - [STDOUT_REDIRECT] 1 : Invalid condition id : UX_CORESTACK_Condition cause : null
2026-07-31 10:04:13,056 [INFO] LogOutputStream:77 - [STDOUT_REDIRECT] 1 : Invalid condition id : UX_CORESTACK_Condition cause : null
2026-07-31 10:04:13,058 [INFO] LogOutputStream:77 - [STDOUT_REDIRECT] 1 : Invalid condition id : UX_CORESTACK_Condition cause : null
2026-07-31 10:04:13,060 [WARN] PackLoader:240 - Cannot read IP mode file for STMicroelectronics.X-CUBE-AZRTOS-WL.2.0.0
2026-07-31 10:04:13,070 [WARN] PackLoader:240 - Cannot read IP mode file for STMicroelectronics.X-CUBE-BLE2.3.3.0
2026-07-31 10:04:13,131 [WARN] PackLoader:240 - Cannot read IP mode file for Infineon.AIROC-Wi-Fi-Bluetooth-STM32.1.8.0
2026-07-31 10:04:13,147 [WARN] PackLoader:240 - Cannot read IP mode file for STMicroelectronics.X-CUBE-NFC9.1.0.0
2026-07-31 10:04:13,156 [WARN] PackLoader:240 - Cannot read IP mode file for STMicroelectronics.X-CUBE-BLE1.7.1.0
2026-07-31 10:04:13,162 [WARN] PackLoader:240 - Cannot read IP mode file for wolfSSL.I-CUBE-wolfMQTT.1.19.2
2026-07-31 10:04:13,172 [WARN] PackLoader:240 - Cannot read IP mode file for STMicroelectronics.X-CUBE-EEPRMA1.5.2.0
2026-07-31 10:04:13,184 [WARN] PackLoader:240 - Cannot read IP mode file for STMicroelectronics.FP-SNS-STAIOTCFT.1.1.0
2026-07-31 10:04:13,211 [WARN] PackLoader:240 - Cannot read IP mode file for STMicroelectronics.X-CUBE-AZRTOS-G0.1.1.0
2026-07-31 10:04:13,220 [WARN] PackLoader:240 - Cannot read IP mode file for STMicroelectronics.X-CUBE-NFC4.3.0.0
2026-07-31 10:04:13,231 [WARN] PackLoader:240 - Cannot read IP mode file for EmbeddedOffice.I-CUBE-FS-RTOS.1.0.1
2026-07-31 10:04:13,237 [WARN] PackLoader:240 - Cannot read IP mode file for wolfSSL.I-CUBE-wolfTPM.3.8.0
2026-07-31 10:04:13,246 [WARN] PackLoader:240 - Cannot read IP mode file for STMicroelectronics.X-CUBE-TCPP.4.2.0
2026-07-31 10:04:13,254 [WARN] PackLoader:240 - Cannot read IP mode file for RealThread.X-CUBE-RT-Thread_Nano.4.1.1
2026-07-31 10:04:13,259 [WARN] PackLoader:240 - Cannot read IP mode file for STMicroelectronics.FP-ATR-SIGFOX1.3.2.0
2026-07-31 10:04:13,268 [WARN] PackLoader:240 - Cannot read IP mode file for ITTIA_DB.I-CUBE-ITTIADB.8.9.0
2026-07-31 10:04:13,272 [WARN] PackLoader:240 - Cannot read IP mode file for Cesanta.I-CUBE-Mongoose.7.21.7
2026-07-31 10:04:13,281 [WARN] PackLoader:240 - Cannot read IP mode file for STMicroelectronics.X-CUBE-NFC6.3.2.0
2026-07-31 10:04:13,293 [WARN] PackLoader:240 - Cannot read IP mode file for STMicroelectronics.X-CUBE-AI.10.2.1
2026-07-31 10:04:13,455 [WARN] PackLoader:240 - Cannot read IP mode file for SEGGER.I-CUBE-embOS.1.3.1
2026-07-31 10:04:13,502 [WARN] PackLoader:240 - Cannot read IP mode file for STMicroelectronics.X-CUBE-NFC13.1.0.0
2026-07-31 10:04:13,510 [WARN] PackLoader:240 - Cannot read IP mode file for STMicroelectronics.X-CUBE-PM33A1.1.0.0
2026-07-31 10:04:13,541 [WARN] PackLoader:240 - Cannot read IP mode file for STMicroelectronics.X-CUBE-AZRTOS-F4.1.1.0
2026-07-31 10:04:13,553 [WARN] PackLoader:240 - Cannot read IP mode file for STMicroelectronics.X-CUBE-ISPU.2.1.0
2026-07-31 10:04:13,572 [WARN] PackLoader:240 - Cannot read IP mode file for STMicroelectronics.X-CUBE-IPS.3.2.0
2026-07-31 10:04:13,587 [WARN] PackLoader:240 - Cannot read IP mode file for STMicroelectronics.eDS-WB_DPC_TT-BIDIR.2.1.1
2026-07-31 10:04:13,594 [WARN] PackLoader:240 - Cannot read IP mode file for STMicroelectronics.X-CUBE-NFC12.1.0.0
2026-07-31 10:04:13,621 [WARN] PackLoader:240 - Cannot read IP mode file for STMicroelectronics.X-CUBE-AZRTOS-L5.2.0.0
2026-07-31 10:04:13,634 [WARN] PackLoader:240 - Cannot read IP mode file for STMicroelectronics.X-CUBE-ALGOBUILD.1.5.0
2026-07-31 10:04:13,640 [WARN] PackLoader:240 - Cannot read IP mode file for STMicroelectronics.eDS-WB_DPC_VIENNA.1.2.0
2026-07-31 10:04:13,690 [INFO] DbMcusAds:53 - JSON generation date=Wed Jul 15 15:14:54 IST 2026 (1784108694001)
2026-07-31 10:04:13,703 [WARN] PackLoader:240 - Cannot read IP mode file for STMicroelectronics.X-CUBE-MEMS1.13.0.0
2026-07-31 10:04:13,710 [ERROR] TargetSelectorAdapter:267 - Unable to refresh data
2026-07-31 10:04:13,861 [WARN] PackLoader:240 - Cannot read IP mode file for STMicroelectronics.eDS-WB_DPC_3PH2L-BIDIR.1.1.1
2026-07-31 10:04:13,866 [ERROR] Engine:466 - C:\Users\ADMIN\.stm32cubemx\thirdparties\pdsc\STMicroelectronics.X-CUBE-ST67W61.1.3.0.pdsc: PDSC version is not supported
2026-07-31 10:04:13,882 [WARN] PackLoader:240 - Cannot read IP mode file for STMicroelectronics.X-CUBE-TOUCHGFX.4.26.1
2026-07-31 10:04:13,890 [WARN] PackLoader:240 - Cannot read IP mode file for STMicroelectronics.X-CUBE-DPower.1.3.0
2026-07-31 10:04:13,918 [WARN] ConditionMgr:438 - getConditionDescription Invalid condition id : LAN8742 Phy interface Condition cause : null
2026-07-31 10:04:13,919 [WARN] PackLoader:240 - Cannot read IP mode file for STMicroelectronics.X-CUBE-AZRTOS-L4.2.0.0
2026-07-31 10:04:13,921 [WARN] ConditionMgr:1044 - genDependencies : Invalid condition id : LAN8742 Phy interface Condition cause : null
2026-07-31 10:04:13,921 [WARN] ConditionMgr:1044 - genDependencies : Invalid condition id : LAN8742 Phy interface Condition cause : null
2026-07-31 10:04:13,922 [WARN] ConditionMgr:1044 - genDependencies : Invalid condition id : LAN8742 Phy interface Condition cause : null
2026-07-31 10:04:13,931 [WARN] PackLoader:240 - Cannot read IP mode file for STMicroelectronics.X-CUBE-SFXS2LP1.4.0.0
2026-07-31 10:04:13,940 [WARN] PackLoader:240 - Cannot read IP mode file for STMicroelectronics.X-CUBE-WB05N.2.1.0
2026-07-31 10:04:13,955 [WARN] ConditionMgr:438 - getConditionDescription Invalid condition id : UX DEVICE CLASS RTOS Condition cause : null
2026-07-31 10:04:13,956 [WARN] ConditionMgr:438 - getConditionDescription Invalid condition id : UX DEVICE CLASS RTOS Condition cause : null
2026-07-31 10:04:13,959 [WARN] PackLoader:240 - Cannot read IP mode file for STMicroelectronics.X-CUBE-AZRTOS-WB.2.0.0
2026-07-31 10:04:13,959 [WARN] ConditionMgr:1044 - genDependencies : Invalid condition id : UX DEVICE CLASS RTOS Condition cause : null
2026-07-31 10:04:13,959 [WARN] ConditionMgr:1044 - genDependencies : Invalid condition id : UX DEVICE CLASS RTOS Condition cause : null
2026-07-31 10:04:13,960 [WARN] ConditionMgr:1044 - genDependencies : Invalid condition id : UX DEVICE CLASS RTOS Condition cause : null
2026-07-31 10:04:13,960 [WARN] ConditionMgr:1044 - genDependencies : Invalid condition id : UX DEVICE CLASS RTOS Condition cause : null
2026-07-31 10:04:13,960 [WARN] ConditionMgr:1044 - genDependencies : Invalid condition id : UX DEVICE CLASS RTOS Condition cause : null
2026-07-31 10:04:13,967 [WARN] ConditionMgr:438 - getConditionDescription Invalid condition id : Cortex-A Device cause : null
2026-07-31 10:04:13,977 [WARN] ConditionMgr:1044 - genDependencies : Invalid condition id : Cortex-A Device cause : null
2026-07-31 10:04:13,977 [WARN] ConditionMgr:1044 - genDependencies : Invalid condition id : Cortex-A Device cause : null
2026-07-31 10:04:13,977 [WARN] ConditionMgr:1044 - genDependencies : Invalid condition id : Cortex-A Device cause : null
2026-07-31 10:04:13,986 [WARN] PackLoader:240 - Cannot read IP mode file for STMicroelectronics.X-CUBE-STSE01.2.0.0
2026-07-31 10:04:14,000 [WARN] PackLoader:240 - Cannot read IP mode file for STMicroelectronics.X-CUBE-SUBG2.5.0.0
2026-07-31 10:04:14,040 [WARN] PackLoader:240 - Cannot read IP mode file for STMicroelectronics.X-CUBE-AZRTOS-G4.2.0.0
2026-07-31 10:04:14,046 [WARN] PackLoader:240 - Cannot read IP mode file for wolfSSL.I-CUBE-wolfSSH.1.4.20
2026-07-31 10:04:14,052 [WARN] PackLoader:240 - Cannot read IP mode file for STMicroelectronics.X-CUBE-NFC7.2.0.0
2026-07-31 10:04:14,057 [ERROR] Engine:466 - C:\Users\ADMIN\.stm32cubemx\thirdparties\pdsc\STMicroelectronics.X-CUBE-BLEMGR.4.2.0.pdsc: PDSC version is not supported
2026-07-31 10:04:14,061 [WARN] PackLoader:240 - Cannot read IP mode file for STMicroelectronics.X-CUBE-ALS.1.0.2
2026-07-31 10:04:14,073 [WARN] PackLoader:240 - Cannot read IP mode file for STMicroelectronics.X-CUBE-TOF1.3.4.3
2026-07-31 10:04:14,089 [INFO] ThirdParty:978 - Integrity check success = true
2026-07-31 10:04:14,090 [INFO] IntegrityCheckThread:100 - exiting critical section [integrity check]
2026-07-31 10:04:14,090 [INFO] IntegrityCheckThread:103 - End integrity checks thread
2026-07-31 10:04:14,518 [INFO] ApiDb:581 - Connected to CubeFinder SQLite database (C:\Users\ADMIN\.stmcufinder\plugins\mcufinder\mcu\cube-finder-db.db)
2026-07-31 10:04:14,668 [INFO] ApiDb:668 - CubeFinder database Data Model version=2.1
2026-07-31 10:04:14,668 [INFO] ApiDb:669 - CubeFinder database Configuration version=3.0.42
2026-07-31 10:04:14,668 [INFO] ApiDb:670 - CubeFinder database generation date=2026-06-23 (1782213372)
2026-07-31 10:04:14,668 [INFO] ApiDb:671 - CubeFinder database FW Pack versions=[FP-ATR-ASTRA1_V2.0.0, FP-SNS-FLIGHT1_V5.1.0, FP-SNS-MOTENV1_V5.1.0, FP-SNS-MOTENVWB1_V1.5.0, FP-SNS-SMARTAG2_V1.2.0, FP-SNS-STBOX1_V2.1.0, STM32Cube_FW_C0_V1.4.0, STM32Cube_FW_F4_V1.28.3, STM32Cube_FW_F7_V1.17.4, STM32Cube_FW_G0_V1.6.3, STM32Cube_FW_G4_V1.6.2, STM32Cube_FW_H5_V1.7.0, STM32Cube_FW_H7RS_V1.3.0, STM32Cube_FW_H7_V1.13.0, STM32Cube_FW_L0_V1.12.2, STM32Cube_FW_L4_V1.18.2, STM32Cube_FW_L5_V1.6.0, STM32Cube_FW_N6_V1.4.0, STM32Cube_FW_U0_V1.3.0, STM32Cube_FW_U3_V1.4.0, STM32Cube_FW_U5_V1.9.0, STM32Cube_FW_WB0_V1.5.0, STM32Cube_FW_WBA_V1.10.0, STM32Cube_FW_WB_V1.24.0, STM32Cube_FW_WL3_V1.5.0, STM32Cube_FW_WL_V1.6.0, X-CUBE-ALGOBUILD_V1.5.0, X-CUBE-ALS_V1.0.2, X-CUBE-AZRTOS-F4_V1.1.0, X-CUBE-AZRTOS-F7_V1.1.0, X-CUBE-AZRTOS-G0_V1.1.0, X-CUBE-AZRTOS-G4_V2.0.0, X-CUBE-AZRTOS-H7RS_V1.1.0, X-CUBE-AZRTOS-H7_V3.5.0, X-CUBE-AZRTOS-L4_V2.0.0, X-CUBE-AZRTOS-L5_V2.0.0, X-CUBE-AZRTOS-WB_V2.0.0, X-CUBE-AZRTOS-WL_V2.0.0, X-CUBE-BLE1_V7.1.0, X-CUBE-BLE2_V3.3.0, X-CUBE-BLEMGR_V4.1.0, X-CUBE-EEPRMA1_V5.2.0, X-CUBE-FREERTOS_V1.5.0, X-CUBE-GNSS1_V7.1.1, X-CUBE-MEMS1_V12.1.0, X-CUBE-NFC4_V3.0.0, X-CUBE-NFC7_V2.0.0, X-CUBE-SFXS2LP1_V4.0.0, X-CUBE-ST67W61_V1.3.0, X-CUBE-SUBG2_V5.0.0, X-CUBE-TOF1_V3.4.3]
2026-07-31 10:04:18,062 [INFO] ApiDb:240 - Found 880 in-development CPN: [B-G473E-ZEST1S, B-WB1M-WPAN1, B-WBA5M-WPAN, B-WL5M-SUBG1, NUCLEO-C031C6, NUCLEO-C051C8, NUCLEO-C071RB, NUCLEO-C092RC, NUCLEO-H503RB, NUCLEO-H533RE, NUCLEO-H563ZI, NUCLEO-H7S3L8, NUCLEO-N657X0-Q, NUCLEO-U031R8, NUCLEO-U083RC, NUCLEO-U385RG-Q, NUCLEO-U545RE-Q, NUCLEO-U5A5ZJ-Q, NUCLEO-WB05KZ, NUCLEO-WB07CC, NUCLEO-WB09KE, NUCLEO-WBA52CG, NUCLEO-WBA55CG, NUCLEO-WL33CC1, NUCLEO-WL33CC2, STEVAL-PROTEUS1, STEVAL-SMARTAG2, STEVAL-STWINBX1, STM320518-EVAL, STM32C0116-DK, STM32C011D6Y3TR, STM32C011D6Y6TR, STM32C011F4P3, STM32C011F4P6, STM32C011F4U3, STM32C011F4U6TR, STM32C011F6P3, STM32C011F6P6, STM32C011F6U3, STM32C011F6U6TR, STM32C011J4M3, STM32C011J4M6, STM32C011J6M3, STM32C011J6M6, STM32C0316-DK, STM32C031C4T3, STM32C031C4T6, STM32C031C4U3, STM32C031C4U6, STM32C031C6T3, STM32C031C6T6, STM32C031C6U3, STM32C031C6U6, STM32C031F4P3, STM32C031F4P6, STM32C031F6P3, STM32C031F6P6, STM32C031G4U3, STM32C031G4U6, STM32C031G6U3, STM32C031G6U6, STM32C031K4T3, STM32C031K4T6, STM32C031K4U3, STM32C031K4U6, STM32C031K6T3, STM32C031K6T6, STM32C031K6U3, STM32C031K6U6, STM32C051C6T6, STM32C051C6U6, STM32C051C8T6, STM32C051C8U6, STM32C051D8Y6TR, STM32C051F6P6, STM32C051F8P6, STM32C051G6U6, STM32C051G8U6, STM32C051K6T6, STM32C051K6U6, STM32C051K8T6, STM32C071C8T6, STM32C071C8T6N, STM32C071C8U6, STM32C071C8U6N, STM32C071CBT6, STM32C071CBT6N, STM32C071CBU6, STM32C071CBU6N, STM32C071F8P6, STM32C071F8P6N, STM32C071FBP6, STM32C071FBP6N, STM32C071FBY6TR, STM32C071G8U6, STM32C071G8U6N, STM32C071GBU6, STM32C071GBU6N, STM32C071K8T6, STM32C071K8T6N, STM32C071K8U6, STM32C071K8U6N, STM32C071KBT6, STM32C071KBT6N, STM32C071KBU6, STM32C071KBU6N, STM32C071R8T6, STM32C071R8T6N, STM32C071RBI6N, STM32C071RBT6, STM32C071RBT6N, STM32C091CBT6, STM32C091CBU6, STM32C091CCT6, STM32C091CCU6, STM32C091ECY6TR, STM32C091FBP6, STM32C091FCP6, STM32C091GBU6, STM32C091GCU6, STM32C091KBT6, STM32C091KBU6, STM32C091KCT6, STM32C091KCU6, STM32C091RBT6, STM32C091RCI6, STM32C091RCT6, STM32C092CBT6, STM32C092CBU6, STM32C092CCT6, STM32C092CCU6, STM32C092ECY6TR, STM32C092FBP6, STM32C092FCP6, STM32C092GBU6, STM32C092GCU6, STM32C092KBT6, STM32C092KBU6, STM32C092KCT6, STM32C092KCU6, STM32C092RBT6, STM32C092RCI6, STM32C092RCT6, STM32G071K8TXN, STM32G071K8UXN, STM32G081GBU6N, STM32G081KBT6N, STM32G081KBUXN, STM32G0B1CCT6N, STM32G0B1KCT6, STM32G0B1NEY6TR, STM32G0B1RCT6N, STM32G0C1CCT6, STM32G0C1CCT6N, STM32G0C1CCU6N, STM32G0C1CET6N, STM32G0C1CEU6N, STM32G0C1KCT6, STM32G0C1NEY6TR, STM32G0C1RCI6N, STM32G0C1RCT6N, STM32G0C1REI6N, STM32G0C1RET6N, STM32G0C1VCI6, STM32G0C1VEI6, STM32G411C6T3, STM32G411C6T6, STM32G411C6U3, STM32G411C6U6, STM32G411C8T3, STM32G411C8T6, STM32G411C8U3, STM32G411C8U6, STM32G411CBT3, STM32G411CBT6, STM32G411CBU3, STM32G411CBU6, STM32G411K6T3, STM32G411K6T6, STM32G411K6U3, STM32G411K6U6, STM32G411K8T3, STM32G411K8T6, STM32G411K8U3, STM32G411K8U6, STM32G411KBT3, STM32G411KBT6, STM32G411KBU3, STM32G411KBU6, STM32G411M6T3, STM32G411M6T6, STM32G411M8T3, STM32G411M8T6, STM32G411MBT3, STM32G411MBT6, STM32G411R6T3, STM32G411R6T6, STM32G411R8T3, STM32G411R8T6, STM32G411RBT3, STM32G411RBT6, STM32G414CBT3, STM32G414CBT6, STM32G414CBU3, STM32G414CBU6, STM32G414CCT3, STM32G414CCT6, STM32G414CCU3, STM32G414CCU6, STM32G414MBT3, STM32G414MBT6, STM32G414MCT3, STM32G414MCT6, STM32G414RBT3, STM32G414RBT6, STM32G414RCT3, STM32G414RCT6, STM32G414VBT3, STM32G414VBT6, STM32G414VCT3, STM32G414VCT6, STM32G431CBT3Z, STM32G431RBT3Z, STM32G471CCT6, STM32G471CCU6, STM32G471CET3, STM32G471CET6, STM32G471CEU3, STM32G471CEU6, STM32G471MCT6, STM32G471MET3, STM32G471MET6, STM32G471MEY6TR, STM32G471QCT6, STM32G471QET3, STM32G471RCT6, STM32G471RET3, STM32G471RET6, STM32G471VCH6, STM32G471VCI6, STM32G471VCT6, STM32G471VEH3, STM32G471VEH6, STM32G471VEI3, STM32G471VEI6, STM32G471VET3, STM32G471VET6, STM32G473QET3Z, STM32G473RET3Z, STM32G474CCT6, STM32G491RET3Z, STM32H503CBT6, STM32H503CBU6, STM32H503EBY6TR, STM32H503KBU6, STM32H503RBT6, STM32H523CCT6, STM32H523CCU6, STM32H523CET6, STM32H523CEU6, STM32H523HEY6TR, STM32H523RCT6, STM32H523RET6, STM32H523VCI6, STM32H523VCT6, STM32H523VEI6, STM32H523VET6, STM32H523ZCJ6, STM32H523ZCT6, STM32H523ZEJ6, STM32H523ZET6, STM32H533CET6, STM32H533CEU6, STM32H533HEY6TR, STM32H533RET6, STM32H533VEI6, STM32H533VET6, STM32H533ZEJ6, STM32H533ZET6, STM32H562AGI6, STM32H562AII6, STM32H562IGK6, STM32H562IGT6, STM32H562IIK6, STM32H562IIT6, STM32H562RGT6, STM32H562RGV6, STM32H562RIT6, STM32H562RIV6, STM32H562VGT6, STM32H562VIT6, STM32H562ZGT6, STM32H562ZIT6, STM32H563AGI6, STM32H563AII3Q, STM32H563AII6, STM32H563IGK6, STM32H563IGT6, STM32H563IIK3Q, STM32H563IIK6, STM32H563IIT3Q, STM32H563IIT6, STM32H563MIY3QTR, STM32H563RGT6, STM32H563RGV6, STM32H563RIT6, STM32H563RIV6, STM32H563VGT6, STM32H563VIT3Q, STM32H563VIT6, STM32H563ZGT6, STM32H563ZIT3Q, STM32H563ZIT6, STM32H573AII3Q, STM32H573AII6, STM32H573I-DK, STM32H573IIK3Q, STM32H573IIK6, STM32H573IIT3Q, STM32H573IIT6, STM32H573MIY3QTR, STM32H573RIT6, STM32H573RIV6, STM32H573VIT3Q, STM32H573VIT6, STM32H573ZIT3Q, STM32H573ZIT6, STM32H7R3A8I6, STM32H7R3I8K6, STM32H7R3I8T6, STM32H7R3L8H6, STM32H7R3L8H6H, STM32H7R3R8V6, STM32H7R3V8H6, STM32H7R3V8T6, STM32H7R3V8Y6TR, STM32H7R3Z8J6, STM32H7R3Z8T6, STM32H7R7A8I6, STM32H7R7I8K6, STM32H7R7I8T6, STM32H7R7L8H6, STM32H7R7L8H6H, STM32H7R7Z8J6, STM32H7S3A8I6, STM32H7S3I8K6, STM32H7S3I8T6, STM32H7S3L8H6, STM32H7S3L8H6H, STM32H7S3R8V6, STM32H7S3V8H6, STM32H7S3V8T6, STM32H7S3V8Y6TR, STM32H7S3Z8J6, STM32H7S3Z8T6, STM32H7S78-DK, STM32H7S7A8I6, STM32H7S7I8K6, STM32H7S7I8T6, STM32H7S7L8H6, STM32H7S7L8H6H, STM32H7S7Z8J6, STM32L4R5QGI6STR, STM32MP131AAE3, STM32MP131AAF3, STM32MP131AAG3, STM32MP131CAE3, STM32MP131CAF3, STM32MP131CAG3, STM32MP131DAE7, STM32MP131DAF7, STM32MP131DAG7, STM32MP131FAE7, STM32MP131FAF7, STM32MP131FAG7, STM32MP133AAE3, STM32MP133AAF3, STM32MP133AAG3, STM32MP133CAE3, STM32MP133CAF3, STM32MP133CAG3, STM32MP133DAE7, STM32MP133DAF7, STM32MP133DAG7, STM32MP133FAE7, STM32MP133FAF7, STM32MP133FAG7, STM32MP135AAE3, STM32MP135AAF3, STM32MP135AAG3, STM32MP135CAE3, STM32MP135CAF3, STM32MP135CAG3, STM32MP135DAE7, STM32MP135DAF7, STM32MP135DAG7, STM32MP135F-DK, STM32MP135FAE7, STM32MP135FAF7, STM32MP135FAF7T, STM32MP135FAF7U, STM32MP135FAG7, STM32MP211AAL3, STM32MP211AAM3, STM32MP211AAN3, STM32MP211AAO3, STM32MP211CAL3, STM32MP211CAM3, STM32MP211CAN3, STM32MP211CAO3, STM32MP211DAL3, STM32MP211DAM3, STM32MP211DAN3, STM32MP211DAO3, STM32MP211FAL3, STM32MP211FAM3, STM32MP211FAN3, STM32MP211FAO3, STM32MP213AAL3, STM32MP213AAM3, STM32MP213AAN3, STM32MP213AAO3, STM32MP213CAL3, STM32MP213CAM3, STM32MP213CAN3, STM32MP213CAO3, STM32MP213DAL3, STM32MP213DAM3, STM32MP213DAN3, STM32MP213DAO3, STM32MP213FAL3, STM32MP213FAM3, STM32MP213FAN3, STM32MP213FAO3, STM32MP215AAL3, STM32MP215AAM3, STM32MP215AAN3, STM32MP215AAO3, STM32MP215CAL3, STM32MP215CAM3, STM32MP215CAN3, STM32MP215CAO3, STM32MP215DAL3, STM32MP215DAM3, STM32MP215DAN3, STM32MP215DAO3, STM32MP215F-DK, STM32MP215FAL3, STM32MP215FAM3, STM32MP215FAN3, STM32MP215FAO3, STM32MP231AAJ3, STM32MP231AAK3, STM32MP231AAL3, STM32MP231CAJ3, STM32MP231CAK3, STM32MP231CAL3, STM32MP231DAJ3, STM32MP231DAK3, STM32MP231DAL3, STM32MP231FAJ3, STM32MP231FAK3, STM32MP231FAL3, STM32MP233AAJ3, STM32MP233AAK3, STM32MP233AAL3, STM32MP233CAJ3, STM32MP233CAK3, STM32MP233CAL3, STM32MP233DAJ3, STM32MP233DAK3, STM32MP233DAL3, STM32MP233FAJ3, STM32MP233FAK3, STM32MP233FAL3, STM32MP235AAJ3, STM32MP235AAK3, STM32MP235AAL3, STM32MP235CAJ3, STM32MP235CAK3, STM32MP235CAL3, STM32MP235DAJ3, STM32MP235DAK3, STM32MP235DAL3, STM32MP235FAJ3, STM32MP235FAK3, STM32MP235FAL3, STM32MP251AAI3, STM32MP251AAK3, STM32MP251AAL3, STM32MP251CAI3, STM32MP251CAK3, STM32MP251CAL3, STM32MP251DAI3, STM32MP251DAK3, STM32MP251DAL3, STM32MP251FAI3, STM32MP251FAK3, STM32MP251FAL3, STM32MP253AAI3, STM32MP253AAK3, STM32MP253AAL3, STM32MP253CAI3, STM32MP253CAK3, STM32MP253CAL3, STM32MP253DAI3, STM32MP253DAK3, STM32MP253DAL3, STM32MP253FAI3, STM32MP253FAK3, STM32MP253FAL3, STM32MP255AAI3, STM32MP255AAK3, STM32MP255AAL3, STM32MP255CAI3, STM32MP255CAK3, STM32MP255CAL3, STM32MP255DAI3, STM32MP255DAK3, STM32MP255DAL3, STM32MP255FAI3, STM32MP255FAK3, STM32MP255FAL3, STM32MP257AAI3, STM32MP257AAK3, STM32MP257AAL3, STM32MP257CAI3, STM32MP257CAK3, STM32MP257CAL3, STM32MP257DAI3, STM32MP257DAK3, STM32MP257DAL3, STM32MP257F-DK, STM32MP257F-EV1, STM32MP257FAI3, STM32MP257FAK3, STM32MP257FAL3, STM32N645A0H3Q, STM32N645B0H3Q, STM32N645I0H3Q, STM32N645L0H3Q, STM32N645X0H3Q, STM32N645Z0H3Q, STM32N647A0H3Q, STM32N647B0H3Q, STM32N647I0H3Q, STM32N647L0H3Q, STM32N647X0H3Q, STM32N647Z0H3Q, STM32N655A0H3Q, STM32N655B0H3Q, STM32N655I0H3Q, STM32N655L0H3Q, STM32N655X0H3Q, STM32N655Z0H3Q, STM32N6570-DK, STM32N657A0H3Q, STM32N657B0H3Q, STM32N657I0H3Q, STM32N657L0H3Q, STM32N657X0H3Q, STM32N657Z0H3Q, STM32U031C6T6, STM32U031C6U6, STM32U031C8T6, STM32U031C8U6, STM32U031F4P6, STM32U031F6P6, STM32U031F8P6, STM32U031G6Y6TR, STM32U031G8Y6TR, STM32U031K4U6, STM32U031K6U6, STM32U031K8U6, STM32U031R6I6, STM32U031R6T6, STM32U031R8I6, STM32U031R8T6, STM32U073C8T6, STM32U073C8U6, STM32U073CBT6, STM32U073CBU6, STM32U073CCT6, STM32U073CCU6, STM32U073H8Y6TR, STM32U073HBY6TR, STM32U073HCY6TR, STM32U073K8U6, STM32U073KBU6, STM32U073KCU6, STM32U073M8I6, STM32U073M8T6, STM32U073MBI6, STM32U073MBT6, STM32U073MCI6, STM32U073MCT6, STM32U073R8I6, STM32U073R8T6, STM32U073RBI6, STM32U073RBT6, STM32U073RCI6, STM32U073RCT6, STM32U083C-DK, STM32U083CCT6, STM32U083CCU6, STM32U083HCY6TR, STM32U083KCU6, STM32U083MCI6, STM32U083MCT6, STM32U083RCI6, STM32U083RCT6, STM32U375CET6, STM32U375CET6Q, STM32U375CEU6, STM32U375CEU6Q, STM32U375CEY6QTR, STM32U375CGT6, STM32U375CGT6Q, STM32U375CGU6, STM32U375CGU6Q, STM32U375CGY6QTR, STM32U375KEU6, STM32U375KGU6, STM32U375REI6, STM32U375REI6Q, STM32U375RET6, STM32U375RET6Q, STM32U375REY6GTR, STM32U375REY6QTR, STM32U375RGI6, STM32U375RGI6Q, STM32U375RGT6, STM32U375RGT6Q, STM32U375RGY6GTR, STM32U375RGY6QTR, STM32U375VEI6, STM32U375VEI6Q, STM32U375VET6, STM32U375VET6Q, STM32U375VGI6, STM32U375VGI6Q, STM32U375VGT6, STM32U375VGT6Q, STM32U385CGT6, STM32U385CGT6Q, STM32U385CGU6, STM32U385CGU6Q, STM32U385CGY6QTR, STM32U385KGU6, STM32U385RGI6, STM32U385RGI6Q, STM32U385RGT6, STM32U385RGT6Q, STM32U385RGY6GTR, STM32U385RGY6QTR, STM32U385VGI6, STM32U385VGI6Q, STM32U385VGT6, STM32U385VGT6Q, STM32U535CBT6, STM32U535CBT6Q, STM32U535CBU6, STM32U535CBU6Q, STM32U535CCT6, STM32U535CCT6Q, STM32U535CCU6, STM32U535CCU6Q, STM32U535CET6, STM32U535CET6Q, STM32U535CEU6, STM32U535CEU6Q, STM32U535JEY6QTR, STM32U535NCY6QTR, STM32U535NEY6QTR, STM32U535RBI6, STM32U535RBI6Q, STM32U535RBT6, STM32U535RBT6Q, STM32U535RCI6, STM32U535RCI6Q, STM32U535RCT6, STM32U535RCT6Q, STM32U535REI6, STM32U535REI6Q, STM32U535RET6, STM32U535RET6Q, STM32U535VCI6, STM32U535VCI6Q, STM32U535VCT6, STM32U535VCT6Q, STM32U535VEI6, STM32U535VEI6Q, STM32U535VET6, STM32U535VET6Q, STM32U545CET6, STM32U545CET6Q, STM32U545CEU6, STM32U545CEU6Q, STM32U545JEY6QTR, STM32U545NEY6QTR, STM32U545REI6, STM32U545REI6Q, STM32U545RET6, STM32U545RET6Q, STM32U545VEI6, STM32U545VEI6Q, STM32U545VET6, STM32U545VET6Q, STM32U595AIH6, STM32U595AIH6Q, STM32U595AJH6, STM32U595AJH6Q, STM32U595QII6, STM32U595QII6Q, STM32U595QJI6, STM32U595QJI6Q, STM32U595RIT6, STM32U595RIT6Q, STM32U595RJT6, STM32U595RJT6Q, STM32U595VIT6, STM32U595VIT6Q, STM32U595VJT6, STM32U595VJT6Q, STM32U595ZIT6, STM32U595ZIT6Q, STM32U595ZIY6QTR, STM32U595ZJT6, STM32U595ZJT6Q, STM32U595ZJY6QTR, STM32U599BJY6QTR, STM32U599NIH6Q, STM32U599NJH6Q, STM32U599VIT6Q, STM32U599VJT6, STM32U599VJT6Q, STM32U599ZIT6Q, STM32U599ZIY6QTR, STM32U599ZJT6Q, STM32U599ZJY6QTR, STM32U5A5AJH6, STM32U5A5AJH6Q, STM32U5A5QII3Q , STM32U5A5QJI6, STM32U5A5QJI6Q, STM32U5A5RJT6, STM32U5A5RJT6Q, STM32U5A5VJT6, STM32U5A5VJT6Q, STM32U5A5ZJT6, STM32U5A5ZJT6Q, STM32U5A5ZJY6QTR, STM32U5A9BJY6QTR, STM32U5A9J-DK, STM32U5A9NJH6Q, STM32U5A9VJT6Q, STM32U5A9ZJT6Q, STM32U5A9ZJY6QTR, STM32U5F7VIT6, STM32U5F7VIT6Q, STM32U5F7VJT6, STM32U5F7VJT6Q, STM32U5F9BJY6QTR, STM32U5F9NJH6Q, STM32U5F9VIT6Q, STM32U5F9VJT6Q, STM32U5F9ZIJ6QTR, STM32U5F9ZIT6Q, STM32U5F9ZJJ6QTR, STM32U5F9ZJT6Q, STM32U5G7VJT6, STM32U5G7VJT6Q, STM32U5G9BJY6QTR, STM32U5G9J-DK1, STM32U5G9J-DK2, STM32U5G9NJH6Q, STM32U5G9VJT6Q, STM32U5G9ZJJ6QTR, STM32U5G9ZJT6Q, STM32WB05KZV6TR, STM32WB05KZV7TR, STM32WB05TZF6TR, STM32WB05TZF7TR, STM32WB06CCF6TR, STM32WB06CCF7TR, STM32WB06CCV6TR, STM32WB06CCV7TR, STM32WB06KCV6TR, STM32WB06KCV7TR, STM32WB07CCF6TR, STM32WB07CCF7TR, STM32WB07CCV6TR, STM32WB07CCV7TR, STM32WB07KCV6TR, STM32WB07KCV7TR, STM32WB09KEV6TR, STM32WB09KEV7TR, STM32WB09TEF6TR, STM32WB09TEF7TR, STM32WB1MMCH6, STM32WBA50KGU6, STM32WBA50KGU6TR, STM32WBA52CEU6, STM32WBA52CEU6TR, STM32WBA52CEU7, STM32WBA52CEU7TR, STM32WBA52CGU6, STM32WBA52CGU6TR, STM32WBA52CGU6U, STM32WBA52CGU7, STM32WBA52CGU7TR, STM32WBA52KEU6, STM32WBA52KEU6TR, STM32WBA52KGU6, STM32WBA52KGU6TR, STM32WBA54CEU6, STM32WBA54CEU6TR, STM32WBA54CEU7, STM32WBA54CEU7TR, STM32WBA54CGU6, STM32WBA54CGU6TR, STM32WBA54CGU7, STM32WBA54CGU7TR, STM32WBA54KEU6, STM32WBA54KEU6TR, STM32WBA54KEU7, STM32WBA54KEU7TR, STM32WBA54KGU6, STM32WBA54KGU6TR, STM32WBA54KGU7, STM32WBA54KGU7TR, STM32WBA55CEU6, STM32WBA55CEU6TR, STM32WBA55CEU7, STM32WBA55CEU7TR, STM32WBA55CGU6, STM32WBA55CGU6TR, STM32WBA55CGU6U, STM32WBA55CGU7, STM32WBA55CGU7TR, STM32WBA55G-DK1, STM32WBA55HEF6, STM32WBA55HEF7, STM32WBA55HGF6, STM32WBA55HGF7, STM32WBA55UEI6, STM32WBA55UEI6TR, STM32WBA55UEI7, STM32WBA55UEI7TR, STM32WBA55UGI6, STM32WBA55UGI6TR, STM32WBA55UGI7, STM32WBA55UGI7TR, STM32WBA5MMGH6TR, STM32WBA62MGF6, STM32WBA62MIF6, STM32WBA65MGF7, STM32WBA65MIF6, STM32WBA65MIF7, STM32WL30K8V6, STM32WL30KBV6, STM32WL31C8V6, STM32WL31CBV6, STM32WL31K8V6, STM32WL31KBV6, STM32WL33C8V6, STM32WL33C8V6X, STM32WL33CBV6, STM32WL33CBV6X, STM32WL33CCV6, STM32WL33CCV6A, STM32WL33CCV6X, STM32WL33K8V7, STM32WL33K8V7X, STM32WL33KBV7 , STM32WL33KBV7X, STM32WL33KCV7, STM32WL33KCV7X, STM32WL5MOCH6, STM32WL5MOCH6TR]
2026-07-31 10:04:18,072 [INFO] DbMcus:218 - Found 5250 MCUs, 5097 are supported
2026-07-31 10:04:18,073 [INFO] ApiDb:423 - Load user favorites file C:\Users\ADMIN/.stm32cubeide/favorites.mcus.txt: 0 item(s)
2026-07-31 10:04:18,073 [INFO] ApiDb:427 - User favorites MCUs=[]
2026-07-31 10:04:18,073 [INFO] DbMcus:224 - Set 0 / 0 favorites MCUs
2026-07-31 10:04:18,688 [INFO] ApiDb:668 - CubeFinder database Data Model version=2.1
2026-07-31 10:04:18,688 [INFO] ApiDb:669 - CubeFinder database Configuration version=3.0.42
2026-07-31 10:04:18,688 [INFO] ApiDb:670 - CubeFinder database generation date=2026-06-23 (1782213372)
2026-07-31 10:04:18,688 [INFO] ApiDb:671 - CubeFinder database FW Pack versions=[FP-ATR-ASTRA1_V2.0.0, FP-SNS-FLIGHT1_V5.1.0, FP-SNS-MOTENV1_V5.1.0, FP-SNS-MOTENVWB1_V1.5.0, FP-SNS-SMARTAG2_V1.2.0, FP-SNS-STBOX1_V2.1.0, STM32Cube_FW_C0_V1.4.0, STM32Cube_FW_F4_V1.28.3, STM32Cube_FW_F7_V1.17.4, STM32Cube_FW_G0_V1.6.3, STM32Cube_FW_G4_V1.6.2, STM32Cube_FW_H5_V1.7.0, STM32Cube_FW_H7RS_V1.3.0, STM32Cube_FW_H7_V1.13.0, STM32Cube_FW_L0_V1.12.2, STM32Cube_FW_L4_V1.18.2, STM32Cube_FW_L5_V1.6.0, STM32Cube_FW_N6_V1.4.0, STM32Cube_FW_U0_V1.3.0, STM32Cube_FW_U3_V1.4.0, STM32Cube_FW_U5_V1.9.0, STM32Cube_FW_WB0_V1.5.0, STM32Cube_FW_WBA_V1.10.0, STM32Cube_FW_WB_V1.24.0, STM32Cube_FW_WL3_V1.5.0, STM32Cube_FW_WL_V1.6.0, X-CUBE-ALGOBUILD_V1.5.0, X-CUBE-ALS_V1.0.2, X-CUBE-AZRTOS-F4_V1.1.0, X-CUBE-AZRTOS-F7_V1.1.0, X-CUBE-AZRTOS-G0_V1.1.0, X-CUBE-AZRTOS-G4_V2.0.0, X-CUBE-AZRTOS-H7RS_V1.1.0, X-CUBE-AZRTOS-H7_V3.5.0, X-CUBE-AZRTOS-L4_V2.0.0, X-CUBE-AZRTOS-L5_V2.0.0, X-CUBE-AZRTOS-WB_V2.0.0, X-CUBE-AZRTOS-WL_V2.0.0, X-CUBE-BLE1_V7.1.0, X-CUBE-BLE2_V3.3.0, X-CUBE-BLEMGR_V4.1.0, X-CUBE-EEPRMA1_V5.2.0, X-CUBE-FREERTOS_V1.5.0, X-CUBE-GNSS1_V7.1.1, X-CUBE-MEMS1_V12.1.0, X-CUBE-NFC4_V3.0.0, X-CUBE-NFC7_V2.0.0, X-CUBE-SFXS2LP1_V4.0.0, X-CUBE-ST67W61_V1.3.0, X-CUBE-SUBG2_V5.0.0, X-CUBE-TOF1_V3.4.3]
2026-07-31 10:04:18,756 [INFO] DbBoardsSqlite:226 - include board P-NUCLEO-WB55-NUCLEO as a kit item of type 'Nucleo-64'
2026-07-31 10:04:18,756 [INFO] DbBoardsSqlite:226 - include board P-NUCLEO-WB55-USBDONGLE as a kit item of type 'Nucleo USB Dongle'
2026-07-31 10:04:18,757 [INFO] DbBoardsSqlite:226 - include board STEVAL-IDP005V1 as a kit item of type 'Evaluation Board'
2026-07-31 10:04:18,757 [INFO] DbBoardsSqlite:226 - include board STEVAL-IDP005V2 as a kit item of type 'Evaluation Board'
2026-07-31 10:04:18,854 [INFO] ApiDb:240 - Found 880 in-development CPN: [B-G473E-ZEST1S, B-WB1M-WPAN1, B-WBA5M-WPAN, B-WL5M-SUBG1, NUCLEO-C031C6, NUCLEO-C051C8, NUCLEO-C071RB, NUCLEO-C092RC, NUCLEO-H503RB, NUCLEO-H533RE, NUCLEO-H563ZI, NUCLEO-H7S3L8, NUCLEO-N657X0-Q, NUCLEO-U031R8, NUCLEO-U083RC, NUCLEO-U385RG-Q, NUCLEO-U545RE-Q, NUCLEO-U5A5ZJ-Q, NUCLEO-WB05KZ, NUCLEO-WB07CC, NUCLEO-WB09KE, NUCLEO-WBA52CG, NUCLEO-WBA55CG, NUCLEO-WL33CC1, NUCLEO-WL33CC2, STEVAL-PROTEUS1, STEVAL-SMARTAG2, STEVAL-STWINBX1, STM320518-EVAL, STM32C0116-DK, STM32C011D6Y3TR, STM32C011D6Y6TR, STM32C011F4P3, STM32C011F4P6, STM32C011F4U3, STM32C011F4U6TR, STM32C011F6P3, STM32C011F6P6, STM32C011F6U3, STM32C011F6U6TR, STM32C011J4M3, STM32C011J4M6, STM32C011J6M3, STM32C011J6M6, STM32C0316-DK, STM32C031C4T3, STM32C031C4T6, STM32C031C4U3, STM32C031C4U6, STM32C031C6T3, STM32C031C6T6, STM32C031C6U3, STM32C031C6U6, STM32C031F4P3, STM32C031F4P6, STM32C031F6P3, STM32C031F6P6, STM32C031G4U3, STM32C031G4U6, STM32C031G6U3, STM32C031G6U6, STM32C031K4T3, STM32C031K4T6, STM32C031K4U3, STM32C031K4U6, STM32C031K6T3, STM32C031K6T6, STM32C031K6U3, STM32C031K6U6, STM32C051C6T6, STM32C051C6U6, STM32C051C8T6, STM32C051C8U6, STM32C051D8Y6TR, STM32C051F6P6, STM32C051F8P6, STM32C051G6U6, STM32C051G8U6, STM32C051K6T6, STM32C051K6U6, STM32C051K8T6, STM32C071C8T6, STM32C071C8T6N, STM32C071C8U6, STM32C071C8U6N, STM32C071CBT6, STM32C071CBT6N, STM32C071CBU6, STM32C071CBU6N, STM32C071F8P6, STM32C071F8P6N, STM32C071FBP6, STM32C071FBP6N, STM32C071FBY6TR, STM32C071G8U6, STM32C071G8U6N, STM32C071GBU6, STM32C071GBU6N, STM32C071K8T6, STM32C071K8T6N, STM32C071K8U6, STM32C071K8U6N, STM32C071KBT6, STM32C071KBT6N, STM32C071KBU6, STM32C071KBU6N, STM32C071R8T6, STM32C071R8T6N, STM32C071RBI6N, STM32C071RBT6, STM32C071RBT6N, STM32C091CBT6, STM32C091CBU6, STM32C091CCT6, STM32C091CCU6, STM32C091ECY6TR, STM32C091FBP6, STM32C091FCP6, STM32C091GBU6, STM32C091GCU6, STM32C091KBT6, STM32C091KBU6, STM32C091KCT6, STM32C091KCU6, STM32C091RBT6, STM32C091RCI6, STM32C091RCT6, STM32C092CBT6, STM32C092CBU6, STM32C092CCT6, STM32C092CCU6, STM32C092ECY6TR, STM32C092FBP6, STM32C092FCP6, STM32C092GBU6, STM32C092GCU6, STM32C092KBT6, STM32C092KBU6, STM32C092KCT6, STM32C092KCU6, STM32C092RBT6, STM32C092RCI6, STM32C092RCT6, STM32G071K8TXN, STM32G071K8UXN, STM32G081GBU6N, STM32G081KBT6N, STM32G081KBUXN, STM32G0B1CCT6N, STM32G0B1KCT6, STM32G0B1NEY6TR, STM32G0B1RCT6N, STM32G0C1CCT6, STM32G0C1CCT6N, STM32G0C1CCU6N, STM32G0C1CET6N, STM32G0C1CEU6N, STM32G0C1KCT6, STM32G0C1NEY6TR, STM32G0C1RCI6N, STM32G0C1RCT6N, STM32G0C1REI6N, STM32G0C1RET6N, STM32G0C1VCI6, STM32G0C1VEI6, STM32G411C6T3, STM32G411C6T6, STM32G411C6U3, STM32G411C6U6, STM32G411C8T3, STM32G411C8T6, STM32G411C8U3, STM32G411C8U6, STM32G411CBT3, STM32G411CBT6, STM32G411CBU3, STM32G411CBU6, STM32G411K6T3, STM32G411K6T6, STM32G411K6U3, STM32G411K6U6, STM32G411K8T3, STM32G411K8T6, STM32G411K8U3, STM32G411K8U6, STM32G411KBT3, STM32G411KBT6, STM32G411KBU3, STM32G411KBU6, STM32G411M6T3, STM32G411M6T6, STM32G411M8T3, STM32G411M8T6, STM32G411MBT3, STM32G411MBT6, STM32G411R6T3, STM32G411R6T6, STM32G411R8T3, STM32G411R8T6, STM32G411RBT3, STM32G411RBT6, STM32G414CBT3, STM32G414CBT6, STM32G414CBU3, STM32G414CBU6, STM32G414CCT3, STM32G414CCT6, STM32G414CCU3, STM32G414CCU6, STM32G414MBT3, STM32G414MBT6, STM32G414MCT3, STM32G414MCT6, STM32G414RBT3, STM32G414RBT6, STM32G414RCT3, STM32G414RCT6, STM32G414VBT3, STM32G414VBT6, STM32G414VCT3, STM32G414VCT6, STM32G431CBT3Z, STM32G431RBT3Z, STM32G471CCT6, STM32G471CCU6, STM32G471CET3, STM32G471CET6, STM32G471CEU3, STM32G471CEU6, STM32G471MCT6, STM32G471MET3, STM32G471MET6, STM32G471MEY6TR, STM32G471QCT6, STM32G471QET3, STM32G471RCT6, STM32G471RET3, STM32G471RET6, STM32G471VCH6, STM32G471VCI6, STM32G471VCT6, STM32G471VEH3, STM32G471VEH6, STM32G471VEI3, STM32G471VEI6, STM32G471VET3, STM32G471VET6, STM32G473QET3Z, STM32G473RET3Z, STM32G474CCT6, STM32G491RET3Z, STM32H503CBT6, STM32H503CBU6, STM32H503EBY6TR, STM32H503KBU6, STM32H503RBT6, STM32H523CCT6, STM32H523CCU6, STM32H523CET6, STM32H523CEU6, STM32H523HEY6TR, STM32H523RCT6, STM32H523RET6, STM32H523VCI6, STM32H523VCT6, STM32H523VEI6, STM32H523VET6, STM32H523ZCJ6, STM32H523ZCT6, STM32H523ZEJ6, STM32H523ZET6, STM32H533CET6, STM32H533CEU6, STM32H533HEY6TR, STM32H533RET6, STM32H533VEI6, STM32H533VET6, STM32H533ZEJ6, STM32H533ZET6, STM32H562AGI6, STM32H562AII6, STM32H562IGK6, STM32H562IGT6, STM32H562IIK6, STM32H562IIT6, STM32H562RGT6, STM32H562RGV6, STM32H562RIT6, STM32H562RIV6, STM32H562VGT6, STM32H562VIT6, STM32H562ZGT6, STM32H562ZIT6, STM32H563AGI6, STM32H563AII3Q, STM32H563AII6, STM32H563IGK6, STM32H563IGT6, STM32H563IIK3Q, STM32H563IIK6, STM32H563IIT3Q, STM32H563IIT6, STM32H563MIY3QTR, STM32H563RGT6, STM32H563RGV6, STM32H563RIT6, STM32H563RIV6, STM32H563VGT6, STM32H563VIT3Q, STM32H563VIT6, STM32H563ZGT6, STM32H563ZIT3Q, STM32H563ZIT6, STM32H573AII3Q, STM32H573AII6, STM32H573I-DK, STM32H573IIK3Q, STM32H573IIK6, STM32H573IIT3Q, STM32H573IIT6, STM32H573MIY3QTR, STM32H573RIT6, STM32H573RIV6, STM32H573VIT3Q, STM32H573VIT6, STM32H573ZIT3Q, STM32H573ZIT6, STM32H7R3A8I6, STM32H7R3I8K6, STM32H7R3I8T6, STM32H7R3L8H6, STM32H7R3L8H6H, STM32H7R3R8V6, STM32H7R3V8H6, STM32H7R3V8T6, STM32H7R3V8Y6TR, STM32H7R3Z8J6, STM32H7R3Z8T6, STM32H7R7A8I6, STM32H7R7I8K6, STM32H7R7I8T6, STM32H7R7L8H6, STM32H7R7L8H6H, STM32H7R7Z8J6, STM32H7S3A8I6, STM32H7S3I8K6, STM32H7S3I8T6, STM32H7S3L8H6, STM32H7S3L8H6H, STM32H7S3R8V6, STM32H7S3V8H6, STM32H7S3V8T6, STM32H7S3V8Y6TR, STM32H7S3Z8J6, STM32H7S3Z8T6, STM32H7S78-DK, STM32H7S7A8I6, STM32H7S7I8K6, STM32H7S7I8T6, STM32H7S7L8H6, STM32H7S7L8H6H, STM32H7S7Z8J6, STM32L4R5QGI6STR, STM32MP131AAE3, STM32MP131AAF3, STM32MP131AAG3, STM32MP131CAE3, STM32MP131CAF3, STM32MP131CAG3, STM32MP131DAE7, STM32MP131DAF7, STM32MP131DAG7, STM32MP131FAE7, STM32MP131FAF7, STM32MP131FAG7, STM32MP133AAE3, STM32MP133AAF3, STM32MP133AAG3, STM32MP133CAE3, STM32MP133CAF3, STM32MP133CAG3, STM32MP133DAE7, STM32MP133DAF7, STM32MP133DAG7, STM32MP133FAE7, STM32MP133FAF7, STM32MP133FAG7, STM32MP135AAE3, STM32MP135AAF3, STM32MP135AAG3, STM32MP135CAE3, STM32MP135CAF3, STM32MP135CAG3, STM32MP135DAE7, STM32MP135DAF7, STM32MP135DAG7, STM32MP135F-DK, STM32MP135FAE7, STM32MP135FAF7, STM32MP135FAF7T, STM32MP135FAF7U, STM32MP135FAG7, STM32MP211AAL3, STM32MP211AAM3, STM32MP211AAN3, STM32MP211AAO3, STM32MP211CAL3, STM32MP211CAM3, STM32MP211CAN3, STM32MP211CAO3, STM32MP211DAL3, STM32MP211DAM3, STM32MP211DAN3, STM32MP211DAO3, STM32MP211FAL3, STM32MP211FAM3, STM32MP211FAN3, STM32MP211FAO3, STM32MP213AAL3, STM32MP213AAM3, STM32MP213AAN3, STM32MP213AAO3, STM32MP213CAL3, STM32MP213CAM3, STM32MP213CAN3, STM32MP213CAO3, STM32MP213DAL3, STM32MP213DAM3, STM32MP213DAN3, STM32MP213DAO3, STM32MP213FAL3, STM32MP213FAM3, STM32MP213FAN3, STM32MP213FAO3, STM32MP215AAL3, STM32MP215AAM3, STM32MP215AAN3, STM32MP215AAO3, STM32MP215CAL3, STM32MP215CAM3, STM32MP215CAN3, STM32MP215CAO3, STM32MP215DAL3, STM32MP215DAM3, STM32MP215DAN3, STM32MP215DAO3, STM32MP215F-DK, STM32MP215FAL3, STM32MP215FAM3, STM32MP215FAN3, STM32MP215FAO3, STM32MP231AAJ3, STM32MP231AAK3, STM32MP231AAL3, STM32MP231CAJ3, STM32MP231CAK3, STM32MP231CAL3, STM32MP231DAJ3, STM32MP231DAK3, STM32MP231DAL3, STM32MP231FAJ3, STM32MP231FAK3, STM32MP231FAL3, STM32MP233AAJ3, STM32MP233AAK3, STM32MP233AAL3, STM32MP233CAJ3, STM32MP233CAK3, STM32MP233CAL3, STM32MP233DAJ3, STM32MP233DAK3, STM32MP233DAL3, STM32MP233FAJ3, STM32MP233FAK3, STM32MP233FAL3, STM32MP235AAJ3, STM32MP235AAK3, STM32MP235AAL3, STM32MP235CAJ3, STM32MP235CAK3, STM32MP235CAL3, STM32MP235DAJ3, STM32MP235DAK3, STM32MP235DAL3, STM32MP235FAJ3, STM32MP235FAK3, STM32MP235FAL3, STM32MP251AAI3, STM32MP251AAK3, STM32MP251AAL3, STM32MP251CAI3, STM32MP251CAK3, STM32MP251CAL3, STM32MP251DAI3, STM32MP251DAK3, STM32MP251DAL3, STM32MP251FAI3, STM32MP251FAK3, STM32MP251FAL3, STM32MP253AAI3, STM32MP253AAK3, STM32MP253AAL3, STM32MP253CAI3, STM32MP253CAK3, STM32MP253CAL3, STM32MP253DAI3, STM32MP253DAK3, STM32MP253DAL3, STM32MP253FAI3, STM32MP253FAK3, STM32MP253FAL3, STM32MP255AAI3, STM32MP255AAK3, STM32MP255AAL3, STM32MP255CAI3, STM32MP255CAK3, STM32MP255CAL3, STM32MP255DAI3, STM32MP255DAK3, STM32MP255DAL3, STM32MP255FAI3, STM32MP255FAK3, STM32MP255FAL3, STM32MP257AAI3, STM32MP257AAK3, STM32MP257AAL3, STM32MP257CAI3, STM32MP257CAK3, STM32MP257CAL3, STM32MP257DAI3, STM32MP257DAK3, STM32MP257DAL3, STM32MP257F-DK, STM32MP257F-EV1, STM32MP257FAI3, STM32MP257FAK3, STM32MP257FAL3, STM32N645A0H3Q, STM32N645B0H3Q, STM32N645I0H3Q, STM32N645L0H3Q, STM32N645X0H3Q, STM32N645Z0H3Q, STM32N647A0H3Q, STM32N647B0H3Q, STM32N647I0H3Q, STM32N647L0H3Q, STM32N647X0H3Q, STM32N647Z0H3Q, STM32N655A0H3Q, STM32N655B0H3Q, STM32N655I0H3Q, STM32N655L0H3Q, STM32N655X0H3Q, STM32N655Z0H3Q, STM32N6570-DK, STM32N657A0H3Q, STM32N657B0H3Q, STM32N657I0H3Q, STM32N657L0H3Q, STM32N657X0H3Q, STM32N657Z0H3Q, STM32U031C6T6, STM32U031C6U6, STM32U031C8T6, STM32U031C8U6, STM32U031F4P6, STM32U031F6P6, STM32U031F8P6, STM32U031G6Y6TR, STM32U031G8Y6TR, STM32U031K4U6, STM32U031K6U6, STM32U031K8U6, STM32U031R6I6, STM32U031R6T6, STM32U031R8I6, STM32U031R8T6, STM32U073C8T6, STM32U073C8U6, STM32U073CBT6, STM32U073CBU6, STM32U073CCT6, STM32U073CCU6, STM32U073H8Y6TR, STM32U073HBY6TR, STM32U073HCY6TR, STM32U073K8U6, STM32U073KBU6, STM32U073KCU6, STM32U073M8I6, STM32U073M8T6, STM32U073MBI6, STM32U073MBT6, STM32U073MCI6, STM32U073MCT6, STM32U073R8I6, STM32U073R8T6, STM32U073RBI6, STM32U073RBT6, STM32U073RCI6, STM32U073RCT6, STM32U083C-DK, STM32U083CCT6, STM32U083CCU6, STM32U083HCY6TR, STM32U083KCU6, STM32U083MCI6, STM32U083MCT6, STM32U083RCI6, STM32U083RCT6, STM32U375CET6, STM32U375CET6Q, STM32U375CEU6, STM32U375CEU6Q, STM32U375CEY6QTR, STM32U375CGT6, STM32U375CGT6Q, STM32U375CGU6, STM32U375CGU6Q, STM32U375CGY6QTR, STM32U375KEU6, STM32U375KGU6, STM32U375REI6, STM32U375REI6Q, STM32U375RET6, STM32U375RET6Q, STM32U375REY6GTR, STM32U375REY6QTR, STM32U375RGI6, STM32U375RGI6Q, STM32U375RGT6, STM32U375RGT6Q, STM32U375RGY6GTR, STM32U375RGY6QTR, STM32U375VEI6, STM32U375VEI6Q, STM32U375VET6, STM32U375VET6Q, STM32U375VGI6, STM32U375VGI6Q, STM32U375VGT6, STM32U375VGT6Q, STM32U385CGT6, STM32U385CGT6Q, STM32U385CGU6, STM32U385CGU6Q, STM32U385CGY6QTR, STM32U385KGU6, STM32U385RGI6, STM32U385RGI6Q, STM32U385RGT6, STM32U385RGT6Q, STM32U385RGY6GTR, STM32U385RGY6QTR, STM32U385VGI6, STM32U385VGI6Q, STM32U385VGT6, STM32U385VGT6Q, STM32U535CBT6, STM32U535CBT6Q, STM32U535CBU6, STM32U535CBU6Q, STM32U535CCT6, STM32U535CCT6Q, STM32U535CCU6, STM32U535CCU6Q, STM32U535CET6, STM32U535CET6Q, STM32U535CEU6, STM32U535CEU6Q, STM32U535JEY6QTR, STM32U535NCY6QTR, STM32U535NEY6QTR, STM32U535RBI6, STM32U535RBI6Q, STM32U535RBT6, STM32U535RBT6Q, STM32U535RCI6, STM32U535RCI6Q, STM32U535RCT6, STM32U535RCT6Q, STM32U535REI6, STM32U535REI6Q, STM32U535RET6, STM32U535RET6Q, STM32U535VCI6, STM32U535VCI6Q, STM32U535VCT6, STM32U535VCT6Q, STM32U535VEI6, STM32U535VEI6Q, STM32U535VET6, STM32U535VET6Q, STM32U545CET6, STM32U545CET6Q, STM32U545CEU6, STM32U545CEU6Q, STM32U545JEY6QTR, STM32U545NEY6QTR, STM32U545REI6, STM32U545REI6Q, STM32U545RET6, STM32U545RET6Q, STM32U545VEI6, STM32U545VEI6Q, STM32U545VET6, STM32U545VET6Q, STM32U595AIH6, STM32U595AIH6Q, STM32U595AJH6, STM32U595AJH6Q, STM32U595QII6, STM32U595QII6Q, STM32U595QJI6, STM32U595QJI6Q, STM32U595RIT6, STM32U595RIT6Q, STM32U595RJT6, STM32U595RJT6Q, STM32U595VIT6, STM32U595VIT6Q, STM32U595VJT6, STM32U595VJT6Q, STM32U595ZIT6, STM32U595ZIT6Q, STM32U595ZIY6QTR, STM32U595ZJT6, STM32U595ZJT6Q, STM32U595ZJY6QTR, STM32U599BJY6QTR, STM32U599NIH6Q, STM32U599NJH6Q, STM32U599VIT6Q, STM32U599VJT6, STM32U599VJT6Q, STM32U599ZIT6Q, STM32U599ZIY6QTR, STM32U599ZJT6Q, STM32U599ZJY6QTR, STM32U5A5AJH6, STM32U5A5AJH6Q, STM32U5A5QII3Q , STM32U5A5QJI6, STM32U5A5QJI6Q, STM32U5A5RJT6, STM32U5A5RJT6Q, STM32U5A5VJT6, STM32U5A5VJT6Q, STM32U5A5ZJT6, STM32U5A5ZJT6Q, STM32U5A5ZJY6QTR, STM32U5A9BJY6QTR, STM32U5A9J-DK, STM32U5A9NJH6Q, STM32U5A9VJT6Q, STM32U5A9ZJT6Q, STM32U5A9ZJY6QTR, STM32U5F7VIT6, STM32U5F7VIT6Q, STM32U5F7VJT6, STM32U5F7VJT6Q, STM32U5F9BJY6QTR, STM32U5F9NJH6Q, STM32U5F9VIT6Q, STM32U5F9VJT6Q, STM32U5F9ZIJ6QTR, STM32U5F9ZIT6Q, STM32U5F9ZJJ6QTR, STM32U5F9ZJT6Q, STM32U5G7VJT6, STM32U5G7VJT6Q, STM32U5G9BJY6QTR, STM32U5G9J-DK1, STM32U5G9J-DK2, STM32U5G9NJH6Q, STM32U5G9VJT6Q, STM32U5G9ZJJ6QTR, STM32U5G9ZJT6Q, STM32WB05KZV6TR, STM32WB05KZV7TR, STM32WB05TZF6TR, STM32WB05TZF7TR, STM32WB06CCF6TR, STM32WB06CCF7TR, STM32WB06CCV6TR, STM32WB06CCV7TR, STM32WB06KCV6TR, STM32WB06KCV7TR, STM32WB07CCF6TR, STM32WB07CCF7TR, STM32WB07CCV6TR, STM32WB07CCV7TR, STM32WB07KCV6TR, STM32WB07KCV7TR, STM32WB09KEV6TR, STM32WB09KEV7TR, STM32WB09TEF6TR, STM32WB09TEF7TR, STM32WB1MMCH6, STM32WBA50KGU6, STM32WBA50KGU6TR, STM32WBA52CEU6, STM32WBA52CEU6TR, STM32WBA52CEU7, STM32WBA52CEU7TR, STM32WBA52CGU6, STM32WBA52CGU6TR, STM32WBA52CGU6U, STM32WBA52CGU7, STM32WBA52CGU7TR, STM32WBA52KEU6, STM32WBA52KEU6TR, STM32WBA52KGU6, STM32WBA52KGU6TR, STM32WBA54CEU6, STM32WBA54CEU6TR, STM32WBA54CEU7, STM32WBA54CEU7TR, STM32WBA54CGU6, STM32WBA54CGU6TR, STM32WBA54CGU7, STM32WBA54CGU7TR, STM32WBA54KEU6, STM32WBA54KEU6TR, STM32WBA54KEU7, STM32WBA54KEU7TR, STM32WBA54KGU6, STM32WBA54KGU6TR, STM32WBA54KGU7, STM32WBA54KGU7TR, STM32WBA55CEU6, STM32WBA55CEU6TR, STM32WBA55CEU7, STM32WBA55CEU7TR, STM32WBA55CGU6, STM32WBA55CGU6TR, STM32WBA55CGU6U, STM32WBA55CGU7, STM32WBA55CGU7TR, STM32WBA55G-DK1, STM32WBA55HEF6, STM32WBA55HEF7, STM32WBA55HGF6, STM32WBA55HGF7, STM32WBA55UEI6, STM32WBA55UEI6TR, STM32WBA55UEI7, STM32WBA55UEI7TR, STM32WBA55UGI6, STM32WBA55UGI6TR, STM32WBA55UGI7, STM32WBA55UGI7TR, STM32WBA5MMGH6TR, STM32WBA62MGF6, STM32WBA62MIF6, STM32WBA65MGF7, STM32WBA65MIF6, STM32WBA65MIF7, STM32WL30K8V6, STM32WL30KBV6, STM32WL31C8V6, STM32WL31CBV6, STM32WL31K8V6, STM32WL31KBV6, STM32WL33C8V6, STM32WL33C8V6X, STM32WL33CBV6, STM32WL33CBV6X, STM32WL33CCV6, STM32WL33CCV6A, STM32WL33CCV6X, STM32WL33K8V7, STM32WL33K8V7X, STM32WL33KBV7 , STM32WL33KBV7X, STM32WL33KCV7, STM32WL33KCV7X, STM32WL5MOCH6, STM32WL5MOCH6TR]
2026-07-31 10:04:19,127 [INFO] BoardInfo:889 - No configuration file found for board NUCLEO-H5E5ZJ
2026-07-31 10:04:19,130 [INFO] DbBoards:161 - Board is not supported: NUCLEO-H5E5ZJ
2026-07-31 10:04:19,282 [INFO] BoardInfo:889 - No configuration file found for board NUCLEO-U3C5ZI-Q
2026-07-31 10:04:19,284 [INFO] DbBoards:161 - Board is not supported: NUCLEO-U3C5ZI-Q
2026-07-31 10:04:19,320 [INFO] BoardInfo:889 - No configuration file found for board NUCLEO-WBA25CE1
2026-07-31 10:04:19,322 [INFO] DbBoards:161 - Board is not supported: NUCLEO-WBA25CE1
2026-07-31 10:04:19,345 [INFO] BoardInfo:889 - No configuration file found for board NUCLEO-WL3RKB1
2026-07-31 10:04:19,347 [INFO] DbBoards:161 - Board is not supported: NUCLEO-WL3RKB1
2026-07-31 10:04:19,350 [INFO] BoardInfo:889 - No configuration file found for board NUCLEO-WL3RKB2
2026-07-31 10:04:19,352 [INFO] DbBoards:161 - Board is not supported: NUCLEO-WL3RKB2
2026-07-31 10:04:19,371 [INFO] BoardInfo:889 - No configuration file found for board P-NUCLEO-WB55
2026-07-31 10:04:19,373 [INFO] DbBoards:161 - Kit is not supported: P-NUCLEO-WB55
2026-07-31 10:04:19,386 [INFO] BoardInfo:889 - No configuration file found for board STEVAL-BFA001V1B
2026-07-31 10:04:19,388 [INFO] DbBoards:161 - Kit is not supported: STEVAL-BFA001V1B
2026-07-31 10:04:19,390 [INFO] BoardInfo:889 - No configuration file found for board STEVAL-BFA001V2B
2026-07-31 10:04:19,392 [INFO] DbBoards:161 - Kit is not supported: STEVAL-BFA001V2B
2026-07-31 10:04:19,620 [INFO] BoardInfo:889 - No configuration file found for board STM32H5F5J-DK
2026-07-31 10:04:19,622 [INFO] DbBoards:161 - Board is not supported: STM32H5F5J-DK
2026-07-31 10:04:19,784 [INFO] DbBoards:168 - Found 218 boards, 209 are supported
2026-07-31 10:04:19,785 [INFO] DbBoards:169 - Found 218 boards, 43 of them is supported for  Bsp
2026-07-31 10:04:19,788 [INFO] ApiDb:423 - Load user favorites file C:\Users\ADMIN/.stm32cubeide/favorites.boards.txt: 0 item(s)
2026-07-31 10:04:19,788 [INFO] ApiDb:427 - User favorites Boards=[]
2026-07-31 10:04:19,788 [INFO] DbBoards:198 - Set 0 / 0 favorites Boards
2026-07-31 10:04:19,789 [INFO] McuFinderGlobals:76 - Set McuFinderConnectedMode to true
2026-07-31 10:04:19,800 [INFO] MultiScanPanel:200 - Auto-refresh data requested => check proxy status ongoing
2026-07-31 10:04:19,804 [INFO] FinderPluginLoader:96 - Searching for filters in installed packs
2026-07-31 10:04:19,805 [INFO] FinderPluginLoader:109 - Found C:\Users\ADMIN\STM32Cube\Repository\Packs\STMicroelectronics\X-CUBE-AI\10.2.1\CubeMX\plugins\ip\ai.10.2.1.jar
2026-07-31 10:04:19,806 [INFO] FinderPluginLoader:119 - Loading ai.10.2.1
2026-07-31 10:04:19,835 [INFO] McuExtendedFiltersManager:95 - Add MCU extended filter: Artificial Intelligence
2026-07-31 10:04:21,159 [INFO] AInterface:116 - AInterface using toolDir: C:/Users/ADMIN/STM32Cube/Repository//Packs/STMicroelectronics/X-CUBE-AI/10.2.1/Utilities/windows
2026-07-31 10:04:22,044 [INFO] LoadUrlFilesThread:185 - End of LoadServerUrlFiles without Thread
2026-07-31 10:04:22,083 [INFO] DetailPanel:341 - Set advertising image to C:/Users/ADMIN/STM32Cube/Repository/\en.stm32h5cubemxbanner.png
2026-07-31 10:04:26,174 [INFO] MultiScanPanel:200 - Auto-refresh data requested => check proxy status ongoing
2026-07-31 10:04:26,415 [INFO] LoadUrlFilesThread:185 - End of LoadServerUrlFiles without Thread
2026-07-31 10:04:26,415 [INFO] DetailPanel:341 - Set advertising image to C:/Users/ADMIN/STM32Cube/Repository/\en.stm32h5cubemxbanner.png
2026-07-31 10:04:26,436 [INFO] DbBoards:642 - Loading board mini-images...
2026-07-31 10:04:29,473 [INFO] DbBoards:665 - Loaded 218 board mini-images
2026-07-31 10:04:45,075 [INFO] MainUpdater:2872 - connection check result : 10
2026-07-31 10:04:45,075 [INFO] MainUpdater:2872 - connection check result : 10
2026-07-31 10:04:45,098 [INFO] MicroXplorer:468 - Change Database Path : 
2026-07-31 10:04:45,098 [INFO] MicroXplorer:498 - Change Database Version : DB.6.0.150
2026-07-31 10:04:45,105 [WARN] ThirdParty:871 - waiting for thirdparty lock release [close project]
2026-07-31 10:04:45,105 [INFO] ThirdParty:873 - entering critical section [close project]
2026-07-31 10:04:45,106 [INFO] ThirdParty:883 - exiting critical section [close project]
2026-07-31 10:04:45,110 [INFO] PinOutPanel:1589 - setPackage(No Configuration,No Configuration)
2026-07-31 10:04:45,111 [INFO] UtilMem:75 - Begin LoadConfig() Used Memory: 976107200 Bytes (1073741824)
2026-07-31 10:04:45,120 [INFO] OpenFileManager:355 - Change cursor
2026-07-31 10:04:45,164 [INFO] ProjectFactory:514 - No CPN specified for board B-L4S5I-IOT01A => set CPN to STM32L4S5VIT6
2026-07-31 10:04:45,165 [INFO] Mcu:2029 - Initializing MCU STM32L4S5VITx STM32L4S5VITx STM32L4S5VIT6
2026-07-31 10:04:48,399 [INFO] Context:786 - Trying to add GPIOservice into a context  which must be forbidden
2026-07-31 10:04:49,307 [INFO] Rule:233 - rule 117617 - U5Cobra4M][GTZC] default value MPCBB3 and MPCBB5 - Not Secured memory - MPCBB1 is applicable
2026-07-31 10:04:49,307 [INFO] Rule:233 - rule 117617 - U5Cobra4M][GTZC] default value MPCBB3 and MPCBB5 - Not Secured memory - MPCBB1 is applicable
2026-07-31 10:04:49,307 [INFO] Rule:233 - rule 117617 - U5Cobra4M][GTZC] default value MPCBB3 and MPCBB5 - Not Secured memory - MPCBB2 is applicable
2026-07-31 10:04:49,307 [INFO] Rule:233 - rule 117617 - U5Cobra4M][GTZC] default value MPCBB3 and MPCBB5 - Not Secured memory - MPCBB2 is applicable
2026-07-31 10:04:49,307 [INFO] Rule:233 - rule 117617 - U5Cobra4M][GTZC] default value MPCBB3 and MPCBB5 - Not Secured memory - MPCBB3 is applicable
2026-07-31 10:04:49,307 [INFO] Rule:233 - rule 117617 - U5Cobra4M][GTZC] default value MPCBB3 and MPCBB5 - Not Secured memory - MPCBB3 is applicable
2026-07-31 10:04:49,307 [INFO] Rule:233 - rule 117617 - U5Cobra4M][GTZC] default value MPCBB3 and MPCBB5 - Not Secured memory - MPCBB4 is applicable
2026-07-31 10:04:49,308 [INFO] Rule:233 - rule 117617 - U5Cobra4M][GTZC] default value MPCBB3 and MPCBB5 - Not Secured memory - MPCBB4 is applicable
2026-07-31 10:04:49,308 [INFO] Rule:233 - rule 117617 - U5Cobra4M][GTZC] default value MPCBB3 and MPCBB5 - Secured memory - MPCBB1 is applicable
2026-07-31 10:04:49,308 [INFO] Rule:233 - rule 117617 - U5Cobra4M][GTZC] default value MPCBB3 and MPCBB5 - Secured memory - MPCBB2 is applicable
2026-07-31 10:04:49,308 [INFO] Rule:233 - rule 117617 - U5Cobra4M][GTZC] default value MPCBB3 and MPCBB5 - Secured memory - MPCBB3 is applicable
2026-07-31 10:04:49,308 [INFO] Rule:233 - rule 117617 - U5Cobra4M][GTZC] default value MPCBB3 and MPCBB5 - Secured memory - MPCBB4 is applicable
2026-07-31 10:04:49,308 [INFO] Rule:233 - rule 117617 - U5Cobra4M][GTZC] default value MPCBB3 and MPCBB5 - Privileged memory - MPCBB1 is applicable
2026-07-31 10:04:49,308 [INFO] Rule:233 - rule 117617 - U5Cobra4M][GTZC] default value MPCBB3 and MPCBB5 - Privileged memory - MPCBB2 is applicable
2026-07-31 10:04:49,308 [INFO] Rule:233 - rule 117617 - U5Cobra4M][GTZC] default value MPCBB3 and MPCBB5 - Privileged memory - MPCBB3 is applicable
2026-07-31 10:04:49,308 [INFO] Rule:233 - rule 117617 - U5Cobra4M][GTZC] default value MPCBB3 and MPCBB5 - Privileged memory - MPCBB4 is applicable
2026-07-31 10:04:49,308 [INFO] Rule:233 - rule 117617 - U5Cobra4M][GTZC] default value MPCBB3 and MPCBB5 - Not Privileged memory - MPCBB1 is applicable
2026-07-31 10:04:49,308 [INFO] Rule:233 - rule 117617 - U5Cobra4M][GTZC] default value MPCBB3 and MPCBB5 - Not Privileged memory - MPCBB2 is applicable
2026-07-31 10:04:49,308 [INFO] Rule:233 - rule 117617 - U5Cobra4M][GTZC] default value MPCBB3 and MPCBB5 - Not Privileged memory - MPCBB3 is applicable
2026-07-31 10:04:49,309 [INFO] Rule:233 - rule 117617 - U5Cobra4M][GTZC] default value MPCBB3 and MPCBB5 - Not Privileged memory - MPCBB4 is applicable
2026-07-31 10:04:49,309 [INFO] Rule:233 - rule 117617 - U5Cobra4M][GTZC] default value MPCBB3 and MPCBB5 - Privileged memory - MPCBB1 is applicable
2026-07-31 10:04:49,309 [INFO] Rule:233 - rule 117617 - U5Cobra4M][GTZC] default value MPCBB3 and MPCBB5 - Privileged memory - MPCBB2 is applicable
2026-07-31 10:04:49,309 [INFO] Rule:233 - rule 117617 - U5Cobra4M][GTZC] default value MPCBB3 and MPCBB5 - Privileged memory - MPCBB3 is applicable
2026-07-31 10:04:49,309 [INFO] Rule:233 - rule 117617 - U5Cobra4M][GTZC] default value MPCBB3 and MPCBB5 - Privileged memory - MPCBB4 is applicable
2026-07-31 10:04:49,309 [INFO] Rule:233 - rule 117617 - U5Cobra4M][GTZC] default value MPCBB3 and MPCBB5 - Privileged memory - MPCBB1 is applicable
2026-07-31 10:04:49,309 [INFO] Rule:233 - rule 117617 - U5Cobra4M][GTZC] default value MPCBB3 and MPCBB5 - Privileged memory - MPCBB2 is applicable
2026-07-31 10:04:49,309 [INFO] Rule:233 - rule 117617 - U5Cobra4M][GTZC] default value MPCBB3 and MPCBB5 - Privileged memory - MPCBB3 is applicable
2026-07-31 10:04:49,309 [INFO] Rule:233 - rule 117617 - U5Cobra4M][GTZC] default value MPCBB3 and MPCBB5 - Privileged memory - MPCBB4 is applicable
2026-07-31 10:04:49,309 [INFO] Rule:233 - rule 117617 - U5Cobra4M][GTZC] default value MPCBB3 and MPCBB5 - Not Privileged memory - MPCBB1 is applicable
2026-07-31 10:04:49,309 [INFO] Rule:233 - rule 117617 - U5Cobra4M][GTZC] default value MPCBB3 and MPCBB5 - Not Privileged memory - MPCBB2 is applicable
2026-07-31 10:04:49,310 [INFO] Rule:233 - rule 117617 - U5Cobra4M][GTZC] default value MPCBB3 and MPCBB5 - Not Privileged memory - MPCBB3 is applicable
2026-07-31 10:04:49,310 [INFO] Rule:233 - rule 117617 - U5Cobra4M][GTZC] default value MPCBB3 and MPCBB5 - Not Privileged memory - MPCBB4 is applicable
2026-07-31 10:04:49,310 [INFO] Rule:233 - rule 117617 - U5Cobra4M][GTZC] default value MPCBB3 and MPCBB5 - Privileged memory - MPCBB1 is applicable
2026-07-31 10:04:49,310 [INFO] Rule:233 - rule 117617 - U5Cobra4M][GTZC] default value MPCBB3 and MPCBB5 - Privileged memory - MPCBB2 is applicable
2026-07-31 10:04:49,310 [INFO] Rule:233 - rule 117617 - U5Cobra4M][GTZC] default value MPCBB3 and MPCBB5 - Privileged memory - MPCBB3 is applicable
2026-07-31 10:04:49,310 [INFO] Rule:233 - rule 117617 - U5Cobra4M][GTZC] default value MPCBB3 and MPCBB5 - Privileged memory - MPCBB4 is applicable
2026-07-31 10:04:49,310 [INFO] Rule:233 - rule WakeUp0 Mode is applicable
2026-07-31 10:04:49,310 [INFO] Rule:233 - rule WakeUp0 SIGNAL is applicable
2026-07-31 10:04:49,310 [INFO] Rule:233 - rule WakeUp1 Mode is applicable
2026-07-31 10:04:49,310 [INFO] Rule:233 - rule WakeUp1 SIGNAL is applicable
2026-07-31 10:04:49,311 [INFO] Rule:233 - rule WakeUp2 Mode is applicable
2026-07-31 10:04:49,311 [INFO] Rule:233 - rule WakeUp2 SIGNAL is applicable
2026-07-31 10:04:49,311 [INFO] Rule:233 - rule WakeUp4 Mode is applicable
2026-07-31 10:04:49,311 [INFO] Rule:233 - rule WakeUp4 SIGNAL is applicable
2026-07-31 10:04:49,311 [INFO] Rule:233 - rule WakeUp5 Mode is applicable
2026-07-31 10:04:49,311 [INFO] Rule:233 - rule WakeUp5 SIGNAL is applicable
2026-07-31 10:04:49,311 [INFO] Rule:233 - rule Change Default Value for LSE Drive Capability for WB family is applicable
2026-07-31 10:04:49,312 [INFO] Rule:233 - rule change FDCAN default value is applicable
2026-07-31 10:04:49,312 [INFO] Rule:233 - rule Adapt Old IOC before rework replace old CORTEX_M33/CORTEX_M55 attributes by the new one. is applicable
2026-07-31 10:04:49,312 [INFO] Rule:233 - rule Rename parametre of RCC RCC_APBDBG_DIV2 to RCC_TIMPRES_DIV2 is applicable
2026-07-31 10:04:49,312 [INFO] Rule:233 - rule Rename DIE493 pin PA10 [PA12] -> PA10 is applicable
2026-07-31 10:04:49,312 [INFO] Rule:233 - rule Rename DIE493 pin PA9 [PA11] -> PA9 is applicable
2026-07-31 10:04:49,313 [INFO] Rule:233 - rule Rename DIE492 PartNumber CPN STM32WBA5MJGHx -> STM32WBA5MMGHx is applicable
2026-07-31 10:04:49,313 [INFO] Rule:233 - rule Rename DIE492 PartNumber  Name STM32WBA5MJGHx -> STM32WBA5MMGHx is applicable
2026-07-31 10:04:49,313 [INFO] Rule:233 - rule Rename DIE492 PartNumber UserName STM32WBA5MJGHx -> STM32WBA5MMGHx is applicable
2026-07-31 10:04:49,313 [INFO] Rule:233 - rule Rename DIE492 PartNumber DeviceId STM32WBA5MJGHx -> STM32WBA5MMGHx is applicable
2026-07-31 10:04:49,313 [INFO] Rule:233 - rule Adapt Old IOC CSI. is applicable
2026-07-31 10:04:49,313 [INFO] Rule:233 - rule Adapt Old IOC DCMIPP. is applicable
2026-07-31 10:04:49,313 [INFO] Rule:233 - rule Adapt Old IOC DCMIPP Mode Parallel. is applicable
2026-07-31 10:04:49,313 [INFO] Rule:233 - rule Adapt Old IOC LTDC. is applicable
2026-07-31 10:04:49,313 [INFO] Rule:233 - rule Rename STM32MP2 RIF Peripheral LTDC RIF.RISUP.LTDC_L0L1.Privilege -> RIF.RISUP.LTDC_L1L2.Privilege is applicable
2026-07-31 10:04:49,313 [INFO] Rule:233 - rule Rename STM32MP2 RIF Peripheral LTDC RIF.RISUP.LTDC_L0L1.Privilege -> RIF.RISUP.LTDC_L1L2.Privilege is applicable
2026-07-31 10:04:49,314 [INFO] Rule:233 - rule Rename STM32MP2 RIF Peripheral LTDC RIF.RISUP.LTDC_L0L1.Lock -> RIF.RISUP.LTDC_L1L2.Lock is applicable
2026-07-31 10:04:49,314 [INFO] Rule:233 - rule Rename STM32MP2 RIF Peripheral LTDC RIF.RISUP.LTDC_L2.Lock -> RIF.RISUP.LTDC_L3.Lock is applicable
2026-07-31 10:04:49,314 [INFO] Rule:233 - rule Adapt the old IOC example for updating the SYS when it is misconfigured. is applicable
2026-07-31 10:04:49,314 [INFO] Rule:233 - rule Rename STM32C09 Mcu.Package LQFP64 -> LQFP48 is applicable
2026-07-31 10:04:49,314 [INFO] Rule:233 - rule Adapt the old IOC example for updating the SYS when it is misconfigured. is applicable
2026-07-31 10:04:49,314 [INFO] Rule:233 - rule Adapt the old IOC example for updating the SYS when it is misconfigured. is applicable
2026-07-31 10:04:49,332 [INFO] DbConfProperties:307 - Apply Compatibility (5/68 Rules)
2026-07-31 10:04:49,407 [INFO] ImportTextPane:234 - (OptionalMessage_ERROR) Pin84 (VP_RIF_VS_RIF1) cannot be retrieved for this MCU
2026-07-31 10:04:49,686 [INFO] RtosManager:558 - Registered RTOS mode: class=CMSIS, group=RTOS, mode=CMSIS_V1, owner=FREERTOS
2026-07-31 10:04:49,686 [INFO] RtosManager:558 - Registered RTOS mode: class=CMSIS, group=RTOS2, mode=CMSIS_V2, owner=FREERTOS
2026-07-31 10:04:49,686 [INFO] RtosManager:558 - Registered RTOS mode: class=RTOS, group=Core, mode=CMSIS_V1, owner=FREERTOS
2026-07-31 10:04:49,686 [INFO] RtosManager:558 - Registered RTOS mode: class=RTOS, group=Core, mode=CMSIS_V2, owner=FREERTOS
2026-07-31 10:04:49,686 [WARN] ModelIntegratedComponent:184 - Missing modes for component STMicroelectronics:FreeRTOS:0.0.1:STMicroelectronics:RTOS:FreeRTOS:Core:::10.2.0:
2026-07-31 10:04:49,797 [WARN] ModelIntegratedComponent:63 - No mode defined for component null
2026-07-31 10:04:49,797 [WARN] ModelIntegratedComponent:63 - No mode defined for component null
2026-07-31 10:04:49,797 [WARN] ModelIntegratedComponent:63 - No mode defined for component null
2026-07-31 10:04:49,797 [WARN] ModelIntegratedComponent:63 - No mode defined for component null
2026-07-31 10:04:49,797 [WARN] ModelIntegratedComponent:63 - No mode defined for component null
2026-07-31 10:04:49,797 [WARN] ModelIntegratedComponent:63 - No mode defined for component null
2026-07-31 10:04:49,797 [WARN] ModelIntegratedComponent:63 - No mode defined for component null
2026-07-31 10:04:49,797 [WARN] ModelIntegratedComponent:63 - No mode defined for component null
2026-07-31 10:04:49,798 [WARN] ModelIntegratedComponent:63 - No mode defined for component null
2026-07-31 10:04:49,798 [WARN] ModelIntegratedComponent:63 - No mode defined for component null
2026-07-31 10:04:49,798 [WARN] ModelIntegratedComponent:63 - No mode defined for component null
2026-07-31 10:04:49,798 [WARN] ModelIntegratedComponent:63 - No mode defined for component null
2026-07-31 10:04:49,798 [WARN] ModelIntegratedComponent:63 - No mode defined for component null
2026-07-31 10:04:49,798 [WARN] ModelIntegratedComponent:63 - No mode defined for component null
2026-07-31 10:04:49,798 [WARN] ModelIntegratedComponent:63 - No mode defined for component null
2026-07-31 10:04:49,798 [WARN] ModelIntegratedComponent:63 - No mode defined for component null
2026-07-31 10:04:49,798 [WARN] ModelIntegratedComponent:63 - No mode defined for component null
2026-07-31 10:04:49,798 [WARN] ModelIntegratedComponent:63 - No mode defined for component null
2026-07-31 10:04:49,798 [WARN] ModelIntegratedComponent:63 - No mode defined for component null
2026-07-31 10:04:49,798 [WARN] ModelIntegratedComponent:63 - No mode defined for component null
2026-07-31 10:04:49,798 [WARN] ModelIntegratedComponent:63 - No mode defined for component null
2026-07-31 10:04:49,798 [WARN] ModelIntegratedComponent:63 - No mode defined for component null
2026-07-31 10:04:49,798 [WARN] ModelIntegratedComponent:63 - No mode defined for component null
2026-07-31 10:04:49,798 [WARN] ModelIntegratedComponent:63 - No mode defined for component null
2026-07-31 10:04:49,799 [WARN] ModelIntegratedComponent:63 - No mode defined for component null
2026-07-31 10:04:49,799 [WARN] ModelIntegratedComponent:63 - No mode defined for component null
2026-07-31 10:04:49,799 [WARN] ModelIntegratedComponent:63 - No mode defined for component null
2026-07-31 10:04:49,799 [WARN] ModelIntegratedComponent:63 - No mode defined for component null
2026-07-31 10:04:49,799 [WARN] ModelIntegratedComponent:63 - No mode defined for component null
2026-07-31 10:04:49,799 [WARN] ModelIntegratedComponent:63 - No mode defined for component null
2026-07-31 10:04:49,799 [WARN] ModelIntegratedComponent:63 - No mode defined for component null
2026-07-31 10:04:49,799 [WARN] ModelIntegratedComponent:63 - No mode defined for component null
2026-07-31 10:04:49,799 [WARN] ModelIntegratedComponent:63 - No mode defined for component null
2026-07-31 10:04:49,799 [WARN] ModelIntegratedComponent:63 - No mode defined for component null
2026-07-31 10:04:49,799 [WARN] ModelIntegratedComponent:63 - No mode defined for component null
2026-07-31 10:04:49,799 [WARN] ModelPack:524 - Component already loaded: STMicroelectronics:HAL Drivers:0.0.0:STMicroelectronics:Device:STMicro_Driver:XSPI:HAL::0.0.1:HAL_XSPI
2026-07-31 10:04:49,868 [INFO] ThirdPartyModel:298 - Start build external matchings
2026-07-31 10:04:50,450 [INFO] ThirdPartyModel:316 - End build external matchings
2026-07-31 10:04:50,482 [WARN] IP:2250 - MaxTran not found: check if there is a RefParameter without a condition.
2026-07-31 10:04:50,483 [WARN] IP:2250 - Refresh not found: check if there is a RefParameter without a condition.
2026-07-31 10:04:50,483 [INFO] ImportTextPane:234 - (OptionalMessage_ERROR) IP (RCC) : Invalid parameter (FamilyName)
2026-07-31 10:04:50,941 [INFO] UtilMem:75 - End LoadConfig() Used Memory: 1016871296 Bytes (1073741824)
2026-07-31 10:04:51,113 [WARN] ThirdParty:833 - waiting for thirdparty lock release [change project]
2026-07-31 10:04:51,114 [INFO] ThirdParty:835 - entering critical section [change project]
2026-07-31 10:04:51,114 [INFO] ThirdParty:1030 - CMSIS Pack Vendor :STMicroelectronics X-CUBE-AZRTOS-H7 3.5.0
2026-07-31 10:04:51,114 [INFO] ThirdParty:1030 - CMSIS Pack Vendor :STMicroelectronics X-CUBE-PM33A1 1.0.0
2026-07-31 10:04:51,114 [INFO] ThirdParty:1030 - CMSIS Pack Vendor :STMicroelectronics USBPD 4.1
2026-07-31 10:04:51,114 [INFO] ThirdParty:1030 - CMSIS Pack Vendor :STMicroelectronics X-CUBE-NFC9 1.0.0
2026-07-31 10:04:51,114 [INFO] ThirdParty:1030 - CMSIS Pack Vendor :STMicroelectronics USB_HOST 2.0.0
2026-07-31 10:04:51,114 [INFO] ThirdParty:1030 - CMSIS Pack Vendor :STMicroelectronics FP-ATR-ASTRA1 2.0.3
2026-07-31 10:04:51,114 [INFO] ThirdParty:1030 - CMSIS Pack Vendor :STMicroelectronics X-CUBE-AZRTOS-F4 1.1.0
2026-07-31 10:04:51,114 [INFO] ThirdParty:1030 - CMSIS Pack Vendor :STMicroelectronics LIBJPEG 8.0.0
2026-07-31 10:04:51,114 [INFO] ThirdParty:1030 - CMSIS Pack Vendor :STMicroelectronics X-CUBE-BLE1 7.1.0
2026-07-31 10:04:51,114 [INFO] ThirdParty:1030 - CMSIS Pack Vendor :wolfSSL I-CUBE-wolfMQTT 1.19.2
2026-07-31 10:04:51,114 [INFO] ThirdParty:1030 - CMSIS Pack Vendor :STMicroelectronics USB_DEVICE 3.0.0
2026-07-31 10:04:51,114 [INFO] ThirdParty:1030 - CMSIS Pack Vendor :STMicroelectronics X-CUBE-ISPU 2.1.0
2026-07-31 10:04:51,114 [INFO] ThirdParty:1030 - CMSIS Pack Vendor :STMicroelectronics X-CUBE-EEPRMA1 5.2.0
2026-07-31 10:04:51,114 [INFO] ThirdParty:1030 - CMSIS Pack Vendor :STMicroelectronics X-CUBE-IPS 3.2.0
2026-07-31 10:04:51,114 [INFO] ThirdParty:1030 - CMSIS Pack Vendor :STMicroelectronics eDS-WB_DPC_TT-BIDIR 2.1.1
2026-07-31 10:04:51,114 [INFO] ThirdParty:1030 - CMSIS Pack Vendor :STMicroelectronics X-CUBE-AZRTOS-WB 2.0.0
2026-07-31 10:04:51,114 [INFO] ThirdParty:1030 - CMSIS Pack Vendor :STMicroelectronics X-CUBE-NFC12 1.0.0
2026-07-31 10:04:51,114 [INFO] ThirdParty:1030 - CMSIS Pack Vendor :STMicroelectronics X-CUBE-AZRTOS-F7 1.1.0
2026-07-31 10:04:51,114 [INFO] ThirdParty:1030 - CMSIS Pack Vendor :STMicroelectronics X-CUBE-AZRTOS-L5 2.0.0
2026-07-31 10:04:51,114 [INFO] ThirdParty:1030 - CMSIS Pack Vendor :STMicroelectronics USB_DEVICE 2.0.0
2026-07-31 10:04:51,114 [INFO] ThirdParty:1030 - CMSIS Pack Vendor :STMicroelectronics X-CUBE-FREERTOS 1.6.0
2026-07-31 10:04:51,114 [INFO] ThirdParty:1030 - CMSIS Pack Vendor :STMicroelectronics FP-SNS-STAIOTCFT 1.1.0
2026-07-31 10:04:51,115 [INFO] ThirdParty:1030 - CMSIS Pack Vendor :quantropi X-CUBE-qispace-sdk-base 2.1.0
2026-07-31 10:04:51,115 [INFO] ThirdParty:1030 - CMSIS Pack Vendor :STMicroelectronics X-CUBE-STSE01 2.0.0
2026-07-31 10:04:51,115 [INFO] ThirdParty:1030 - CMSIS Pack Vendor :STMicroelectronics X-CUBE-ALGOBUILD 1.5.0
2026-07-31 10:04:51,115 [INFO] ThirdParty:1030 - CMSIS Pack Vendor :STMicroelectronics FP-SNS-MOTENV1 5.1.0
2026-07-31 10:04:51,115 [INFO] ThirdParty:1030 - CMSIS Pack Vendor :STMicroelectronics FreeRTOS 0.0.1
2026-07-31 10:04:51,115 [INFO] ThirdParty:1030 - CMSIS Pack Vendor :STMicroelectronics X-CUBE-AZRTOS-H7RS 1.3.0
2026-07-31 10:04:51,115 [INFO] ThirdParty:1030 - CMSIS Pack Vendor :STMicroelectronics X-CUBE-AZRTOS-G0 1.1.0
2026-07-31 10:04:51,115 [INFO] ThirdParty:1030 - CMSIS Pack Vendor :STMicroelectronics X-CUBE-NFC4 3.0.0
2026-07-31 10:04:51,115 [INFO] ThirdParty:1030 - CMSIS Pack Vendor :STMicroelectronics X-CUBE-SUBG2 5.0.0
2026-07-31 10:04:51,115 [INFO] ThirdParty:1030 - CMSIS Pack Vendor :STMicroelectronics STM32_WPAN 1.0.0
2026-07-31 10:04:51,115 [INFO] ThirdParty:1030 - CMSIS Pack Vendor :STMicroelectronics eDS-WB_DPC_VIENNA 1.2.0
2026-07-31 10:04:51,115 [INFO] ThirdParty:1030 - CMSIS Pack Vendor :EmbeddedOffice I-CUBE-FS-RTOS 1.0.1
2026-07-31 10:04:51,115 [INFO] ThirdParty:1030 - CMSIS Pack Vendor :STMicroelectronics lwIP 2.0.3
2026-07-31 10:04:51,115 [INFO] ThirdParty:1030 - CMSIS Pack Vendor :WES I-CUBE-Cesium 1.4.0
2026-07-31 10:04:51,115 [INFO] ThirdParty:1030 - CMSIS Pack Vendor :STMicroelectronics X-CUBE-MEMS1 13.0.0
2026-07-31 10:04:51,115 [INFO] ThirdParty:1030 - CMSIS Pack Vendor :STMicroelectronics eDS-WB_DPC_3PH2L-BIDIR 1.1.1
2026-07-31 10:04:51,115 [INFO] ThirdParty:1030 - CMSIS Pack Vendor :STMicroelectronics USB_HOST 1.0.0
2026-07-31 10:04:51,115 [INFO] ThirdParty:1030 - CMSIS Pack Vendor :STMicroelectronics X-CUBE-AZRTOS-G4 2.0.0
2026-07-31 10:04:51,115 [INFO] ThirdParty:1030 - CMSIS Pack Vendor :STMicroelectronics PDM2PCM 3.1.0
2026-07-31 10:04:51,115 [INFO] ThirdParty:1030 - CMSIS Pack Vendor :STMicroelectronics PDM2PCM 3.3.0
2026-07-31 10:04:51,115 [INFO] ThirdParty:1030 - CMSIS Pack Vendor :wolfSSL I-CUBE-wolfTPM 3.8.0
2026-07-31 10:04:51,115 [INFO] ThirdParty:1030 - CMSIS Pack Vendor :STMicroelectronics X-CUBE-DISPLAY 3.0.0
2026-07-31 10:04:51,115 [INFO] ThirdParty:1030 - CMSIS Pack Vendor :wolfSSL I-CUBE-wolfSSH 1.4.20
2026-07-31 10:04:51,115 [INFO] ThirdParty:1030 - CMSIS Pack Vendor :STMicroelectronics X-CUBE-NFC7 2.0.0
2026-07-31 10:04:51,115 [INFO] ThirdParty:1030 - CMSIS Pack Vendor :STMicroelectronics X-CUBE-GNSS1 7.1.1
2026-07-31 10:04:51,115 [INFO] ThirdParty:1030 - CMSIS Pack Vendor :STMicroelectronics FP-SNS-MOTENVWB1 1.5.0
2026-07-31 10:04:51,115 [INFO] ThirdParty:1030 - CMSIS Pack Vendor :STMicroelectronics X-CUBE-TCPP 4.2.0
2026-07-31 10:04:51,115 [INFO] ThirdParty:1030 - CMSIS Pack Vendor :RealThread X-CUBE-RT-Thread_Nano 4.1.1
2026-07-31 10:04:51,115 [INFO] ThirdParty:1030 - CMSIS Pack Vendor :STMicroelectronics FP-ATR-SIGFOX1 3.2.0
2026-07-31 10:04:51,115 [INFO] ThirdParty:1030 - CMSIS Pack Vendor :STMicroelectronics X-CUBE-NFC10 1.0.0
2026-07-31 10:04:51,115 [INFO] ThirdParty:1030 - CMSIS Pack Vendor :STMicroelectronics HAL Drivers 0.0.0
2026-07-31 10:04:51,115 [INFO] ThirdParty:1030 - CMSIS Pack Vendor :STMicroelectronics MBEDTLS 2.16.2
2026-07-31 10:04:51,116 [INFO] ThirdParty:1030 - CMSIS Pack Vendor :STMicroelectronics X-CUBE-ST60 1.1.0
2026-07-31 10:04:51,116 [INFO] ThirdParty:1030 - CMSIS Pack Vendor :STMicroelectronics X-CUBE-ALS 1.0.2
2026-07-31 10:04:51,116 [INFO] ThirdParty:1030 - CMSIS Pack Vendor :emotas I-CUBE-CANOPEN 1.3.0
2026-07-31 10:04:51,116 [INFO] ThirdParty:1030 - CMSIS Pack Vendor :wolfSSL I-CUBE-wolfSSL 5.9.2
2026-07-31 10:04:51,116 [INFO] ThirdParty:1030 - CMSIS Pack Vendor :STMicroelectronics MBEDTLS 2.14.1
2026-07-31 10:04:51,116 [INFO] ThirdParty:1030 - CMSIS Pack Vendor :ITTIA_DB I-CUBE-ITTIADB 8.9.0
2026-07-31 10:04:51,116 [INFO] ThirdParty:1030 - CMSIS Pack Vendor :Cesanta I-CUBE-Mongoose 7.21.7
2026-07-31 10:04:51,116 [INFO] ThirdParty:1030 - CMSIS Pack Vendor :STMicroelectronics X-CUBE-TOUCHGFX 4.26.1
2026-07-31 10:04:51,116 [INFO] ThirdParty:1030 - CMSIS Pack Vendor :STMicroelectronics X-CUBE-NFC6 3.2.0
2026-07-31 10:04:51,116 [INFO] ThirdParty:1030 - CMSIS Pack Vendor :STMicroelectronics FP-SNS-STBOX1 2.1.0
2026-07-31 10:04:51,116 [INFO] ThirdParty:1030 - CMSIS Pack Vendor :STMicroelectronics X-CUBE-AI 10.2.1
2026-07-31 10:04:51,116 [INFO] ThirdParty:1030 - CMSIS Pack Vendor :STMicroelectronics ThreadX 1.0.0
2026-07-31 10:04:51,116 [INFO] ThirdParty:1030 - CMSIS Pack Vendor :STMicroelectronics FP-SNS-SMARTAG2 1.2.0
2026-07-31 10:04:51,116 [INFO] ThirdParty:1030 - CMSIS Pack Vendor :STMicroelectronics FP-SNS-FLIGHT1 5.1.0
2026-07-31 10:04:51,116 [INFO] ThirdParty:1030 - CMSIS Pack Vendor :STMicroelectronics X-CUBE-AZRTOS-WL 2.0.0
2026-07-31 10:04:51,116 [INFO] ThirdParty:1030 - CMSIS Pack Vendor :SEGGER I-CUBE-embOS 1.3.1
2026-07-31 10:04:51,116 [INFO] ThirdParty:1030 - CMSIS Pack Vendor :STMicroelectronics X-CUBE-DPower 1.3.0
2026-07-31 10:04:51,116 [INFO] ThirdParty:1030 - CMSIS Pack Vendor :STMicroelectronics USB_DEVICE 1.0.0
2026-07-31 10:04:51,116 [INFO] ThirdParty:1030 - CMSIS Pack Vendor :STMicroelectronics X-CUBE-AZRTOS-L4 2.0.0
2026-07-31 10:04:51,116 [INFO] ThirdParty:1030 - CMSIS Pack Vendor :STMicroelectronics ThreadX 0.0.2
2026-07-31 10:04:51,116 [INFO] ThirdParty:1030 - CMSIS Pack Vendor :STMicroelectronics lwIP 2.1.2
2026-07-31 10:04:51,116 [INFO] ThirdParty:1030 - CMSIS Pack Vendor :STMicroelectronics X-CUBE-SFXS2LP1 4.0.0
2026-07-31 10:04:51,116 [INFO] ThirdParty:1030 - CMSIS Pack Vendor :STMicroelectronics X-CUBE-BLE2 3.3.0
2026-07-31 10:04:51,116 [INFO] ThirdParty:1030 - CMSIS Pack Vendor :Avnet-IOTCONNECT X-CUBE-iotc-st67-sdk 1.0.0
2026-07-31 10:04:51,116 [INFO] ThirdParty:1030 - CMSIS Pack Vendor :STMicroelectronics X-CUBE-TOF1 3.4.3
2026-07-31 10:04:51,116 [INFO] ThirdParty:1030 - CMSIS Pack Vendor :Infineon AIROC-Wi-Fi-Bluetooth-STM32 1.8.0
2026-07-31 10:04:51,116 [INFO] ThirdParty:1030 - CMSIS Pack Vendor :STMicroelectronics X-CUBE-NFC13 1.0.0
2026-07-31 10:04:51,116 [INFO] ThirdParty:1030 - CMSIS Pack Vendor :STMicroelectronics PDM2PCM 3.2.0
2026-07-31 10:04:51,116 [INFO] ThirdParty:1030 - CMSIS Pack Vendor :STMicroelectronics X-CUBE-WB05N 2.1.0
2026-07-31 10:04:51,117 [INFO] ThirdParty:841 - exiting critical section [change project]
2026-07-31 10:04:51,755 [INFO] PinOutPanel:1589 - setPackage(No Configuration,No Configuration)
2026-07-31 10:04:51,757 [INFO] PinOutPanel:1589 - setPackage(STM32L4S5VITx,LQFP100)
2026-07-31 10:04:52,733 [INFO] UtilMem:75 - Before build in PCC Used Memory: 1028356032 Bytes (1073741824)
2026-07-31 10:04:54,551 [INFO] UtilMem:75 - After build in PCC Used Memory: 973515840 Bytes (1073741824)
2026-07-31 10:04:54,604 [INFO] IPUIPlugin:80 - create IPUIPlugin
2026-07-31 10:04:54,604 [INFO] IPUIPlugin:80 - create IPUIPlugin
2026-07-31 10:04:54,604 [INFO] IPUIPlugin:80 - create IPUIPlugin
2026-07-31 10:04:54,604 [INFO] IPUIPlugin:80 - create IPUIPlugin
2026-07-31 10:04:54,604 [INFO] IPUIPlugin:80 - create IPUIPlugin
2026-07-31 10:04:54,604 [INFO] IPUIPlugin:80 - create IPUIPlugin
2026-07-31 10:04:54,605 [INFO] IPUIPlugin:80 - create IPUIPlugin
2026-07-31 10:04:54,605 [INFO] IPUIPlugin:80 - create IPUIPlugin
2026-07-31 10:04:54,605 [INFO] IPUIPlugin:80 - create IPUIPlugin
2026-07-31 10:04:54,605 [INFO] IPUIPlugin:80 - create IPUIPlugin
2026-07-31 10:04:54,605 [INFO] IPUIPlugin:80 - create IPUIPlugin
2026-07-31 10:04:54,605 [INFO] IPUIPlugin:80 - create IPUIPlugin
2026-07-31 10:04:54,605 [INFO] IPUIPlugin:80 - create IPUIPlugin
2026-07-31 10:04:54,605 [INFO] IPUIPlugin:80 - create IPUIPlugin
2026-07-31 10:04:54,605 [INFO] IPUIPlugin:80 - create IPUIPlugin
2026-07-31 10:04:54,606 [INFO] IPUIPlugin:80 - create IPUIPlugin
2026-07-31 10:04:54,606 [INFO] IPUIPlugin:80 - create IPUIPlugin
2026-07-31 10:04:54,606 [INFO] IPUIPlugin:80 - create IPUIPlugin
2026-07-31 10:04:54,606 [INFO] IPUIPlugin:80 - create IPUIPlugin
2026-07-31 10:04:54,606 [INFO] IPUIPlugin:80 - create IPUIPlugin
2026-07-31 10:04:54,606 [INFO] IPUIPlugin:80 - create IPUIPlugin
2026-07-31 10:04:54,606 [INFO] IPUIPlugin:80 - create IPUIPlugin
2026-07-31 10:04:54,607 [INFO] IPUIPlugin:80 - create IPUIPlugin
2026-07-31 10:04:54,607 [INFO] IPUIPlugin:80 - create IPUIPlugin
2026-07-31 10:04:54,607 [INFO] IPUIPlugin:80 - create IPUIPlugin
2026-07-31 10:04:54,607 [INFO] IPUIPlugin:80 - create IPUIPlugin
2026-07-31 10:04:54,607 [INFO] IPUIPlugin:80 - create IPUIPlugin
2026-07-31 10:04:54,608 [INFO] IPUIPlugin:80 - create IPUIPlugin
2026-07-31 10:04:54,608 [INFO] IPUIPlugin:80 - create IPUIPlugin
2026-07-31 10:04:54,608 [INFO] IPUIPlugin:80 - create IPUIPlugin
2026-07-31 10:04:54,608 [INFO] IPUIPlugin:80 - create IPUIPlugin
2026-07-31 10:04:54,609 [INFO] IPUIPlugin:80 - create IPUIPlugin
2026-07-31 10:04:54,609 [INFO] IPUIPlugin:80 - create IPUIPlugin
2026-07-31 10:04:54,609 [INFO] IPUIPlugin:80 - create IPUIPlugin
2026-07-31 10:04:54,609 [INFO] IPUIPlugin:80 - create IPUIPlugin
2026-07-31 10:04:54,609 [INFO] IPUIPlugin:80 - create IPUIPlugin
2026-07-31 10:04:54,610 [INFO] IPUIPlugin:80 - create IPUIPlugin
2026-07-31 10:04:54,610 [INFO] IPUIPlugin:80 - create IPUIPlugin
2026-07-31 10:04:54,610 [INFO] IPUIPlugin:80 - create IPUIPlugin
2026-07-31 10:04:54,611 [INFO] IPUIPlugin:80 - create IPUIPlugin
2026-07-31 10:04:54,611 [INFO] IPUIPlugin:80 - create IPUIPlugin
2026-07-31 10:04:54,611 [INFO] IPUIPlugin:80 - create IPUIPlugin
2026-07-31 10:04:54,611 [INFO] IPUIPlugin:80 - create IPUIPlugin
2026-07-31 10:04:54,611 [INFO] IPUIPlugin:80 - create IPUIPlugin
2026-07-31 10:04:54,612 [INFO] IPUIPlugin:80 - create IPUIPlugin
2026-07-31 10:04:54,612 [INFO] IPUIPlugin:80 - create IPUIPlugin
2026-07-31 10:04:54,612 [INFO] IPUIPlugin:80 - create IPUIPlugin
2026-07-31 10:04:54,612 [INFO] IPUIPlugin:80 - create IPUIPlugin
2026-07-31 10:04:54,613 [INFO] IPUIPlugin:80 - create IPUIPlugin
2026-07-31 10:04:54,613 [INFO] IPUIPlugin:80 - create IPUIPlugin
2026-07-31 10:04:54,613 [INFO] IPUIPlugin:80 - create IPUIPlugin
2026-07-31 10:04:54,613 [INFO] IPUIPlugin:80 - create IPUIPlugin
2026-07-31 10:04:54,614 [INFO] IPUIPlugin:80 - create IPUIPlugin
2026-07-31 10:04:54,614 [INFO] IPUIPlugin:80 - create IPUIPlugin
2026-07-31 10:04:54,615 [INFO] IPUIPlugin:80 - create IPUIPlugin
2026-07-31 10:04:54,615 [INFO] IPUIPlugin:80 - create IPUIPlugin
2026-07-31 10:04:54,615 [INFO] IPUIPlugin:80 - create IPUIPlugin
2026-07-31 10:04:54,616 [INFO] IPUIPlugin:80 - create IPUIPlugin
2026-07-31 10:04:54,616 [INFO] IPUIPlugin:80 - create IPUIPlugin
2026-07-31 10:04:54,616 [INFO] IPUIPlugin:80 - create IPUIPlugin
2026-07-31 10:04:54,617 [INFO] IPUIPlugin:80 - create IPUIPlugin
2026-07-31 10:04:54,617 [INFO] IPUIPlugin:80 - create IPUIPlugin
2026-07-31 10:04:54,623 [INFO] IPUIPlugin:80 - create IPUIPlugin
2026-07-31 10:04:55,036 [INFO] CADModel:165 - CPN selected for project levelSTM32L4S5VIT6
2026-07-31 10:04:55,037 [INFO] CADModel:114 - Register for checkConnection events
2026-07-31 10:04:55,089 [INFO] OpenFileManager:386 - Restore cursor
2026-07-31 10:04:55,632 [WARN] IP:2250 - MaxTran not found: check if there is a RefParameter without a condition.
2026-07-31 10:04:55,633 [WARN] IP:2250 - Refresh not found: check if there is a RefParameter without a condition.
2026-07-31 10:04:55,634 [WARN] IP:2250 - MaxTran not found: check if there is a RefParameter without a condition.
2026-07-31 10:04:55,634 [WARN] IP:2250 - Refresh not found: check if there is a RefParameter without a condition.
2026-07-31 10:04:56,846 [INFO] UtilMem:75 - End SaveConfig() Used Memory: 946915000 Bytes (1073741824)
2026-07-31 10:04:57,016 [INFO] UtilMem:75 - End SaveConfig() Used Memory: 965780608 Bytes (1073741824)
2026-07-31 10:04:57,809 [INFO] BlockDiagram:2775 - set Specific Code input for plugin: SPI
2026-07-31 10:04:57,809 [INFO] BlockDiagram:2775 - set Specific Code input for plugin: SPI
2026-07-31 10:04:57,809 [INFO] BlockDiagram:2775 - set Specific Code input for plugin: DFSDM
2026-07-31 10:04:57,809 [INFO] BlockDiagram:2775 - set Specific Code input for plugin: SYS
2026-07-31 10:04:57,809 [INFO] BlockDiagram:2775 - set Specific Code input for plugin: ADC
2026-07-31 10:04:57,809 [INFO] BlockDiagram:2775 - set Specific Code input for plugin: RCC
2026-07-31 10:04:57,809 [INFO] BlockDiagram:2775 - set Specific Code input for plugin: I2C
2026-07-31 10:04:57,809 [INFO] BlockDiagram:2775 - set Specific Code input for plugin: I2C
2026-07-31 10:04:57,809 [INFO] BlockDiagram:2775 - set Specific Code input for plugin: USB_OTG_FS
2026-07-31 10:04:57,809 [INFO] BlockDiagram:2775 - set Specific Code input for plugin: NVIC
2026-07-31 10:04:57,809 [INFO] BlockDiagram:2775 - set Specific Code input for plugin: USART
2026-07-31 10:04:57,810 [INFO] BlockDiagram:2775 - set Specific Code input for plugin: USART
2026-07-31 10:04:57,810 [INFO] BlockDiagram:2775 - set Specific Code input for plugin: USART
2026-07-31 10:04:57,810 [INFO] BlockDiagram:2775 - set Specific Code input for plugin: OCTOSPI
2026-07-31 10:04:57,810 [INFO] BlockDiagram:2775 - set Specific Code input for plugin: UART
2026-07-31 10:04:57,811 [INFO] BlockDiagram:2775 - set Specific Code input for plugin: GPIO
2026-07-31 10:04:57,812 [INFO] CodeGenerator:892 - code generatio: config db path: C:\ST\STM32CubeIDE_1.19.0\STM32CubeIDE\plugins\com.st.stm32cube.common.mx_6.15.0.202507011659\\db\
2026-07-31 10:04:57,905 [WARN] IP:2250 - MaxTran not found: check if there is a RefParameter without a condition.
2026-07-31 10:04:57,906 [WARN] IP:2250 - Refresh not found: check if there is a RefParameter without a condition.
2026-07-31 10:04:58,360 [INFO] CodeEngine:265 - oldGeneratedFile, D:\TinyML_Workshop-main\TinyML_Workshop_PGR\TinyML_PGR\STM32\DL\MXTmpFiles\license.tmp_save
2026-07-31 10:04:58,909 [INFO] CodeEngine:289 - Generated code: D:\TinyML_Workshop-main\TinyML_Workshop_PGR\TinyML_PGR\STM32\DL\MXTmpFiles\license.tmp
2026-07-31 10:04:59,557 [INFO] CodeEngine:265 - oldGeneratedFile, D:\TinyML_Workshop-main\TinyML_Workshop_PGR\TinyML_PGR\STM32\DL\MXTmpFiles\gpio.tmp_save
2026-07-31 10:04:59,956 [INFO] CodeEngine:289 - Generated code: D:\TinyML_Workshop-main\TinyML_Workshop_PGR\TinyML_PGR\STM32\DL\MXTmpFiles\gpio.tmp
2026-07-31 10:05:03,872 [WARN] IPConfigManager:103 - WARNING: Missing Config File for USB ip!!
2026-07-31 10:05:04,093 [WARN] IPConfigManager:3238 - Warning: the RefConfig PWREx_EnableUSBVoltageDetector is not available in your config.xml file
2026-07-31 10:05:04,128 [INFO] CodeEngine:265 - oldGeneratedFile, D:\TinyML_Workshop-main\TinyML_Workshop_PGR\TinyML_PGR\STM32\DL\Core\Src\stm32l4xx_it.c_save
2026-07-31 10:05:04,310 [INFO] CodeEngine:289 - Generated code: D:\TinyML_Workshop-main\TinyML_Workshop_PGR\TinyML_PGR\STM32\DL\Core\Src\stm32l4xx_it.c
2026-07-31 10:05:04,316 [INFO] CodeEngine:265 - oldGeneratedFile, D:\TinyML_Workshop-main\TinyML_Workshop_PGR\TinyML_PGR\STM32\DL\Core\Inc\stm32l4xx_it.h_save
2026-07-31 10:05:04,404 [INFO] CodeEngine:289 - Generated code: D:\TinyML_Workshop-main\TinyML_Workshop_PGR\TinyML_PGR\STM32\DL\Core\Inc\stm32l4xx_it.h
2026-07-31 10:05:04,425 [INFO] CodeEngine:265 - oldGeneratedFile, D:\TinyML_Workshop-main\TinyML_Workshop_PGR\TinyML_PGR\STM32\DL\Core\Src\stm32l4xx_hal_msp.c_save
2026-07-31 10:05:04,699 [INFO] CodeEngine:289 - Generated code: D:\TinyML_Workshop-main\TinyML_Workshop_PGR\TinyML_PGR\STM32\DL\Core\Src\stm32l4xx_hal_msp.c
2026-07-31 10:05:04,705 [INFO] CodeEngine:265 - oldGeneratedFile, D:\TinyML_Workshop-main\TinyML_Workshop_PGR\TinyML_PGR\STM32\DL\MXTmpFiles\system.tmp_save
2026-07-31 10:05:04,815 [INFO] CodeEngine:289 - Generated code: D:\TinyML_Workshop-main\TinyML_Workshop_PGR\TinyML_PGR\STM32\DL\MXTmpFiles\system.tmp
2026-07-31 10:05:04,827 [INFO] CodeEngine:321 - oldGeneratedFile, D:\TinyML_Workshop-main\TinyML_Workshop_PGR\TinyML_PGR\STM32\DL\Core\Inc\stm32l4xx_hal_conf.h_save
2026-07-31 10:05:04,921 [INFO] CodeEngine:345 - Generated code: D:\TinyML_Workshop-main\TinyML_Workshop_PGR\TinyML_PGR\STM32\DL\Core\Inc\stm32l4xx_hal_conf.h
2026-07-31 10:05:04,994 [INFO] ApiDbMcu:532 - Load IP Config File for ADC1
2026-07-31 10:05:05,033 [INFO] ApiDbMcu:532 - Load IP Config File for DFSDM1
2026-07-31 10:05:05,044 [INFO] ApiDbMcu:532 - Load IP Config File for I2C1
2026-07-31 10:05:05,051 [INFO] ApiDbMcu:532 - Load IP Config File for I2C2
2026-07-31 10:05:05,057 [INFO] ApiDbMcu:532 - Load IP Config File for OCTOSPI1
2026-07-31 10:05:05,063 [INFO] ApiDbMcu:532 - Load IP Config File for SPI1
2026-07-31 10:05:05,069 [INFO] ApiDbMcu:532 - Load IP Config File for SPI3
2026-07-31 10:05:05,097 [INFO] ApiDbMcu:532 - Load IP Config File for UART4
2026-07-31 10:05:05,119 [INFO] ApiDbMcu:532 - Load IP Config File for USART1
2026-07-31 10:05:05,138 [INFO] ApiDbMcu:532 - Load IP Config File for USART2
2026-07-31 10:05:05,162 [INFO] ApiDbMcu:532 - Load IP Config File for USART3
2026-07-31 10:05:05,163 [ERROR] ApiDbMcu:560 - Cannot parse USB_OTG_FS_Config file : file do not exist
2026-07-31 10:05:05,163 [ERROR] ApiDbMcu:560 - Cannot parse USB_OTG_FS_Config file : file do not exist
2026-07-31 10:05:05,170 [INFO] ApiDbMcu:532 - Load IP Config File for RCC
2026-07-31 10:05:05,178 [WARN] IPConfigManager:3811 - IP not found : USB_OTG
2026-07-31 10:05:05,182 [WARN] CodeGenerator:4259 - IP not found : null
2026-07-31 10:05:05,192 [INFO] CodeEngine:265 - oldGeneratedFile, D:\TinyML_Workshop-main\TinyML_Workshop_PGR\TinyML_PGR\STM32\DL\Core\Inc\main.h_save
2026-07-31 10:05:05,362 [INFO] CodeEngine:289 - Generated code: D:\TinyML_Workshop-main\TinyML_Workshop_PGR\TinyML_PGR\STM32\DL\Core\Inc\main.h
2026-07-31 10:05:05,369 [INFO] CodeEngine:265 - oldGeneratedFile, D:\TinyML_Workshop-main\TinyML_Workshop_PGR\TinyML_PGR\STM32\DL\Core\Src\main.c_save
2026-07-31 10:05:05,702 [INFO] CodeEngine:289 - Generated code: D:\TinyML_Workshop-main\TinyML_Workshop_PGR\TinyML_PGR\STM32\DL\Core\Src\main.c
2026-07-31 10:05:06,408 [INFO] ProjectBuilder:3606 - Time for Copy HAL[1] : 229mS.
2026-07-31 10:05:06,426 [INFO] ProjectBuilder:5216 - Project Generator version: 4.7.0-B52
2026-07-31 10:05:06,565 [INFO] ConfigFileManager:1595 - The Die is : DIE470
2026-07-31 10:05:06,619 [INFO] ApiDbMcu:532 - Load IP Config File for FATFS
2026-07-31 10:05:06,627 [INFO] ApiDbMcu:532 - Load IP Config File for FREERTOS
2026-07-31 10:05:06,642 [INFO] ApiDbMcu:532 - Load IP Config File for TOUCHSENSING
2026-07-31 10:05:06,651 [INFO] ApiDbMcu:532 - Load IP Config File for USB_DEVICE
2026-07-31 10:05:06,658 [INFO] ApiDbMcu:532 - Load IP Config File for USB_HOST
2026-07-31 10:05:07,245 [INFO] LogOutputStream:77 - [STDOUT_REDIRECT] 
2026-07-31 10:05:10,610 [INFO] ProjectBuilder:5496 - Time for Generating toolchain IDE Files: 4183mS.
2026-07-31 10:05:10,611 [INFO] ProjectBuilder:3463 - Time for Copy CMSIS : 1mS.
2026-07-31 10:05:10,612 [INFO] ProjectBuilder:3463 - Time for Copy CMSIS : 0mS.
2026-07-31 10:05:11,770 [INFO] McuFinderGlobals:76 - Set McuFinderConnectedMode to true
2026-07-31 10:05:11,776 [INFO] ApiDb:448 - Save user favorites file C:\Users\ADMIN/.stm32cubeide/favorites.mcus.txt: 0 item(s)
2026-07-31 10:05:11,776 [INFO] ApiDb:452 - User favorites MCUs=[]
2026-07-31 10:05:11,780 [INFO] ApiDb:448 - Save user favorites file C:\Users\ADMIN/.stm32cubeide/favorites.boards.txt: 0 item(s)
2026-07-31 10:05:11,780 [INFO] ApiDb:452 - User favorites Boards=[]
2026-07-31 10:05:47,450 [INFO] UtilMem:75 - End SaveConfig() Used Memory: 999719536 Bytes (1073741824)
2026-07-31 10:05:54,336 [INFO] I2cTimingTraitement:330 - 0x30A175AB
2026-07-31 10:06:03,067 [INFO] UtilMem:75 - End SaveConfig() Used Memory: 751298448 Bytes (1073741824)
2026-07-31 10:06:35,069 [INFO] ApiDbMcu:532 - Load IP Config File for STMicroelectronics.X-CUBE-AI.10.2.1
2026-07-31 10:06:35,247 [WARN] SupportedApi:132 - Cannot load RTOS API schema: s4s-elt-must-match.1: The content of 'definitions' must match (annotation?, (simpleType | complexType)?, (unique | key | keyref)*)). A problem was found starting at: attribute.
2026-07-31 10:06:35,264 [INFO] IPUIPlugin:80 - create IPUIPlugin
2026-07-31 10:06:35,286 [INFO] PluginManager:220 - loadIPPluginJar : add ai.10.2.1
2026-07-31 10:06:35,827 [INFO] IPUIPlugin:80 - create IPUIPlugin
2026-07-31 10:06:36,469 [INFO] ServerAccessManage:452 - Complete download http(s) 200
2026-07-31 10:06:36,469 [INFO] ServerAccessManage:509 - Download File 
2026-07-31 10:06:36,472 [INFO] LoadUrlFilesThread:185 - End of LoadServerUrlFiles without Thread
2026-07-31 10:07:09,937 [INFO] AIMainUI:1269 - Restoring parameters from IP...
2026-07-31 10:07:09,938 [INFO] AIMainUI:1392 - No old model detected
2026-07-31 10:07:09,979 [INFO] AI:955 - getUI adding AI com.st.microxplorer.plugins.ip.ai.AI@1f509fd5 on STMicroelectronics.X-CUBE-AI.10.2.1
2026-07-31 10:07:32,874 [INFO] AInterface:116 - AInterface using toolDir: C:/Users/ADMIN/STM32Cube/Repository//Packs/STMicroelectronics/X-CUBE-AI/10.2.1/Utilities/windows
2026-07-31 10:07:32,926 [INFO] AIModelDetailledView:2264 - Analysis status: -
2026-07-31 10:07:32,926 [INFO] AIModelDetailledView:898 - Selected model: Keras
2026-07-31 10:07:36,714 [INFO] AIModelDetailledView:898 - Selected model: ONNX
2026-07-31 10:08:34,311 [INFO] AInterface:259 - ModelName:network; files:[D:\TinyML_Workshop-main\TinyML_Workshop_PGR\TinyML_PGR\ONNX\mlp_model.onnx]; type:ONNX; compression:None
2026-07-31 10:08:34,312 [INFO] AInterface:526 - workspaceTempDir: C:/Users/ADMIN/AppData/Local/Temp/mxAI_workspace661966438340008524578304709791502
2026-07-31 10:08:34,313 [INFO] AInterface:1179 - Setting Env: C:/Users/ADMIN/STM32Cube/Repository//Packs/STMicroelectronics/X-CUBE-AI/10.2.1/Utilities/windows
2026-07-31 10:08:34,461 [INFO] STM32CubeIDEBuilder:265 - Looking for gnu-tools-for-stm32 tools/bin/arm-none-eabi-gcc.exe in C:\ST\STM32CubeIDE_1.19.0\STM32CubeIDE
2026-07-31 10:08:34,464 [INFO] STM32CubeIDEBuilder:294 - checking C:\ST\STM32CubeIDE_1.19.0\STM32CubeIDE\plugins\com.st.stm32cube.ide.mcu.externaltools.gnu-tools-for-stm32.13.3.rel1.win32_1.0.0.202411081344\tools\bin\arm-none-eabi-gcc.exe
2026-07-31 10:08:34,464 [INFO] STM32CubeIDEBuilder:297 - ret=C:\ST\STM32CubeIDE_1.19.0\STM32CubeIDE\plugins\com.st.stm32cube.ide.mcu.externaltools.gnu-tools-for-stm32.13.3.rel1.win32_1.0.0.202411081344\tools\bin\arm-none-eabi-gcc.exe
2026-07-31 10:08:34,464 [INFO] STM32CubeIDEBuilder:311 - returning C:\ST\STM32CubeIDE_1.19.0\STM32CubeIDE\plugins\com.st.stm32cube.ide.mcu.externaltools.gnu-tools-for-stm32.13.3.rel1.win32_1.0.0.202411081344\tools\bin\arm-none-eabi-gcc.exe
2026-07-31 10:08:34,465 [INFO] AInterface:1236 - Custom PATH variable: C:/Users/ADMIN/STM32Cube/Repository//Packs/STMicroelectronics/X-CUBE-AI/10.2.1/Utilities/windows;C:/Users/ADMIN/STM32Cube/Repository//Packs/STMicroelectronics/X-CUBE-AI/10.2.1/Utilities/windows/mingw64/bin;C:/Users/ADMIN/STM32Cube/Repository//Packs/STMicroelectronics/X-CUBE-AI/10.2.1/Utilities/windows/mingw64/libexec/gcc/x86_64-w64-mingw32/7.3.0;;C:\ST\STM32CubeIDE_1.19.0\STM32CubeIDE\plugins\com.st.stm32cube.ide.mcu.externaltools.gnu-tools-for-stm32.13.3.rel1.win32_1.0.0.202411081344\tools\bin
2026-07-31 10:08:34,471 [INFO] CmdLine:115 - Command: C:/Users/ADMIN/STM32Cube/Repository//Packs/STMicroelectronics/X-CUBE-AI/10.2.1/Utilities/windows/stedgeai.exe analyze --target stm32l4 --name network -m D:/TinyML_Workshop-main/TinyML_Workshop_PGR/TinyML_PGR/ONNX/mlp_model.onnx --compression none --verbosity 1 --workspace C:/Users/ADMIN/AppData/Local/Temp/mxAI_workspace661966438340008524578304709791502 --output C:/Users/ADMIN/.stm32cubemx/network_output
2026-07-31 10:08:34,478 [INFO] AIModelDetailledView:2264 - Analysis status: pending
2026-07-31 10:08:48,735 [INFO] CmdLine:76 - ST Edge AI Core v2.2.0-20266 2adc00962
2026-07-31 10:10:40,933 [INFO] CmdLine:76 - Creating c (debug) info json file C:\Users\ADMIN\.stm32cubemx\network_output\network_c_info.json
2026-07-31 10:10:40,960 [INFO] CmdLine:76 -  
2026-07-31 10:10:40,960 [INFO] CmdLine:76 -  Exec/report summary (analyze)
2026-07-31 10:10:40,961 [INFO] CmdLine:76 -  -----------------------------------------------------------------------------------------------------------
2026-07-31 10:10:40,961 [INFO] CmdLine:76 -  model file         :   D:\TinyML_Workshop-main\TinyML_Workshop_PGR\TinyML_PGR\ONNX\mlp_model.onnx          
2026-07-31 10:10:40,961 [INFO] CmdLine:76 -  type               :   onnx                                                                                
2026-07-31 10:10:40,961 [INFO] CmdLine:76 -  c_name             :   network                                                                             
2026-07-31 10:10:40,962 [INFO] CmdLine:76 -  compression        :   none                                                                                
2026-07-31 10:10:40,962 [INFO] CmdLine:76 -  options            :   allocate-inputs, allocate-outputs                                                   
2026-07-31 10:10:40,962 [INFO] CmdLine:76 -  optimization       :   balanced                                                                            
2026-07-31 10:10:40,966 [INFO] CmdLine:76 -  target/series      :   stm32l4                                                                             
2026-07-31 10:10:40,966 [INFO] CmdLine:76 -  workspace dir      :   C:\Users\ADMIN\AppData\Local\Temp\mxAI_workspace661966438340008524578304709791502   
2026-07-31 10:10:40,967 [INFO] CmdLine:76 -  output dir         :   C:\Users\ADMIN\.stm32cubemx\network_output                                          
2026-07-31 10:10:40,967 [INFO] CmdLine:76 -  model_fmt          :   float                                                                               
2026-07-31 10:10:40,968 [INFO] CmdLine:76 -  model_name         :   mlp_model                                                                           
2026-07-31 10:10:40,968 [INFO] CmdLine:76 -  model_hash         :   0x6244a8562aee069bc4ee7be628ef2ac9                                                  
2026-07-31 10:10:40,968 [INFO] CmdLine:76 -  params #           :   2,693 items (10.52 KiB)                                                             
2026-07-31 10:10:40,968 [INFO] CmdLine:76 -  -----------------------------------------------------------------------------------------------------------
2026-07-31 10:10:40,969 [INFO] CmdLine:76 -  input 1/1          :   'input', f32(1x6), 24 Bytes, activations                                            
2026-07-31 10:10:40,969 [INFO] CmdLine:76 -  output 1/1         :   'output', f32(1x5), 20 Bytes, activations                                           
2026-07-31 10:10:40,969 [INFO] CmdLine:76 -  macc               :   2,789                                                                               
2026-07-31 10:10:40,969 [INFO] CmdLine:76 -  weights (ro)       :   10,772 B (10.52 KiB) (1 segment)                                                    
2026-07-31 10:10:40,969 [INFO] CmdLine:76 -  activations (rw)   :   384 B (384 B) (1 segment) *                                                         
2026-07-31 10:10:40,970 [INFO] CmdLine:76 -  ram (total)        :   384 B (384 B) = 384 + 0 + 0                                                         
2026-07-31 10:10:40,970 [INFO] CmdLine:76 -  -----------------------------------------------------------------------------------------------------------
2026-07-31 10:10:40,970 [INFO] CmdLine:76 -  (*) 'input'/'output' buffers are allocated in the activations buffer
2026-07-31 10:10:40,970 [INFO] CmdLine:76 - Computing AI RT data/code size (target=stm32l4)..
2026-07-31 10:10:45,768 [INFO] CmdLine:76 -  Model name - mlp_model
2026-07-31 10:10:45,768 [INFO] CmdLine:76 -  ------ ------------------- ------------- ------------- ------- --------------
2026-07-31 10:10:45,769 [INFO] CmdLine:76 -  m_id   layer (original)    oshape        param/size       macc   connected to
2026-07-31 10:10:45,769 [INFO] CmdLine:76 -  ------ ------------------- ------------- ------------- ------- --------------
2026-07-31 10:10:45,769 [INFO] CmdLine:76 -  1      fc1_weight (Gemm)   [b:64,c:6]    384/1,536
2026-07-31 10:10:45,770 [INFO] CmdLine:76 -         fc1_bias (Gemm)     [b:64]        64/256
2026-07-31 10:10:45,770 [INFO] CmdLine:76 -  ------ ------------------- ------------- ------------- ------- --------------
2026-07-31 10:10:45,771 [INFO] CmdLine:76 -  3      fc2_weight (Gemm)   [b:32,c:64]   2,048/8,192
2026-07-31 10:10:45,772 [INFO] CmdLine:76 -         fc2_bias (Gemm)     [b:32]        32/128
2026-07-31 10:10:45,772 [INFO] CmdLine:76 -  ------ ------------------- ------------- ------------- ------- --------------
2026-07-31 10:10:45,772 [INFO] CmdLine:76 -  5      fc3_weight (Gemm)   [b:5,c:32]    160/640
2026-07-31 10:10:45,773 [INFO] CmdLine:76 -         fc3_bias (Gemm)     [b:5]         5/20
2026-07-31 10:10:45,773 [INFO] CmdLine:76 -  ------ ------------------- ------------- ------------- ------- --------------
2026-07-31 10:10:45,773 [INFO] CmdLine:76 -  0      input ()            [b:1,c:6]
2026-07-31 10:10:45,774 [INFO] CmdLine:76 -  ------ ------------------- ------------- ------------- ------- --------------
2026-07-31 10:10:45,774 [INFO] CmdLine:76 -  1      linear (Gemm)       [b:1,c:64]                      448          input
2026-07-31 10:10:45,774 [INFO] CmdLine:76 -                                                                     fc1_weight
2026-07-31 10:10:45,775 [INFO] CmdLine:76 -                                                                       fc1_bias
2026-07-31 10:10:45,775 [INFO] CmdLine:76 -  ------ ------------------- ------------- ------------- ------- --------------
2026-07-31 10:10:45,777 [INFO] CmdLine:76 -  2      relu (Relu)         [b:1,c:64]                       64         linear
2026-07-31 10:10:45,778 [INFO] CmdLine:76 -  ------ ------------------- ------------- ------------- ------- --------------
2026-07-31 10:10:45,778 [INFO] CmdLine:76 -  3      linear_1 (Gemm)     [b:1,c:32]                    2,080           relu
2026-07-31 10:10:45,779 [INFO] CmdLine:76 -                                                                     fc2_weight
2026-07-31 10:10:45,779 [INFO] CmdLine:76 -                                                                       fc2_bias
2026-07-31 10:10:45,779 [INFO] CmdLine:76 -  ------ ------------------- ------------- ------------- ------- --------------
2026-07-31 10:10:45,779 [INFO] CmdLine:76 -  4      relu_1 (Relu)       [b:1,c:32]                       32       linear_1
2026-07-31 10:10:45,780 [INFO] CmdLine:76 -  ------ ------------------- ------------- ------------- ------- --------------
2026-07-31 10:10:45,780 [INFO] CmdLine:76 -  5      output (Gemm)       [b:1,c:5]                       165         relu_1
2026-07-31 10:10:45,781 [INFO] CmdLine:76 -                                                                     fc3_weight
2026-07-31 10:10:45,781 [INFO] CmdLine:76 -                                                                       fc3_bias
2026-07-31 10:10:45,781 [INFO] CmdLine:76 -  ------ ------------------- ------------- ------------- ------- --------------
2026-07-31 10:10:45,782 [INFO] CmdLine:76 -  model: macc=2,789 weights=10,772 activations=-- io=--
2026-07-31 10:10:45,783 [INFO] CmdLine:76 -  Number of operations per c-layer
2026-07-31 10:10:45,785 [INFO] CmdLine:76 -  ------- ------ ----------------------- ------- --------------
2026-07-31 10:10:45,785 [INFO] CmdLine:76 -  c_id    m_id   name (type)                 #op           type
2026-07-31 10:10:45,786 [INFO] CmdLine:76 -  ------- ------ ----------------------- ------- --------------
2026-07-31 10:10:45,786 [INFO] CmdLine:76 -  0       1      linear (Dense)              448   smul_f32_f32
2026-07-31 10:10:45,786 [INFO] CmdLine:76 -  1       2      relu (Nonlinearity)          64     op_f32_f32
2026-07-31 10:10:45,787 [INFO] CmdLine:76 -  2       3      linear_1 (Dense)          2,080   smul_f32_f32
2026-07-31 10:10:45,787 [INFO] CmdLine:76 -  3       4      relu_1 (Nonlinearity)        32     op_f32_f32
2026-07-31 10:10:45,787 [INFO] CmdLine:76 -  4       5      output (Dense)              165   smul_f32_f32
2026-07-31 10:10:45,788 [INFO] CmdLine:76 -  ------- ------ ----------------------- ------- --------------
2026-07-31 10:10:45,788 [INFO] CmdLine:76 -  total                                    2,789
2026-07-31 10:10:45,788 [INFO] CmdLine:76 -  Number of operation types
2026-07-31 10:10:45,788 [INFO] CmdLine:76 -  ---------------- ------- -----------
2026-07-31 10:10:45,789 [INFO] CmdLine:76 -  operation type         #           %
2026-07-31 10:10:45,789 [INFO] CmdLine:76 -  ---------------- ------- -----------
2026-07-31 10:10:45,789 [INFO] CmdLine:76 -  smul_f32_f32       2,693       96.6%
2026-07-31 10:10:45,789 [INFO] CmdLine:76 -  op_f32_f32            96        3.4%
2026-07-31 10:10:45,789 [INFO] CmdLine:76 -  Complexity report (model)
2026-07-31 10:10:45,790 [INFO] CmdLine:76 -  ------ ------------ ------------------------- ------------------------- ------
2026-07-31 10:10:45,790 [INFO] CmdLine:76 -  m_id   name         c_macc                    c_rom                     c_id
2026-07-31 10:10:45,790 [INFO] CmdLine:76 -  ------ ------------ ------------------------- ------------------------- ------
2026-07-31 10:10:45,791 [INFO] CmdLine:76 -  1      fc1_weight   ||||              16.1%   ||||              16.6%   [0]
2026-07-31 10:10:45,791 [INFO] CmdLine:76 -  3      fc2_weight   ||||||||||||||||  74.6%   ||||||||||||||||  77.2%   [2]
2026-07-31 10:10:45,791 [INFO] CmdLine:76 -  5      fc3_weight   ||                 5.9%   ||                 6.1%   [4]
2026-07-31 10:10:45,791 [INFO] CmdLine:76 -  2      relu         |                  2.3%   |                  0.0%   [1]
2026-07-31 10:10:45,792 [INFO] CmdLine:76 -  4      relu_1       |                  1.1%   |                  0.0%   [3]
2026-07-31 10:10:45,792 [INFO] CmdLine:76 -  ------ ------------ ------------------------- ------------------------- ------
2026-07-31 10:10:45,792 [INFO] CmdLine:76 -  macc=2,789 weights=10,772 act=384 ram_io=0
2026-07-31 10:10:45,793 [INFO] CmdLine:76 -  Requested memory size by section - "stm32l4" target
2026-07-31 10:10:45,793 [INFO] CmdLine:76 -  ------------------------------ ------- -------- ------- -----
2026-07-31 10:10:45,794 [INFO] CmdLine:76 -  module                            text   rodata    data   bss
2026-07-31 10:10:45,794 [INFO] CmdLine:76 -  ------------------------------ ------- -------- ------- -----
2026-07-31 10:10:45,794 [INFO] CmdLine:76 -  NetworkRuntime1020_CM4_GCC.a     6,452        0       0     0
2026-07-31 10:10:45,794 [INFO] CmdLine:76 -  network.o                          528       40   1,584   140
2026-07-31 10:10:45,795 [INFO] CmdLine:76 -  network_data.o                      48       16      88     0
2026-07-31 10:10:45,795 [INFO] CmdLine:76 -  lib (toolchain)*                     0        0       0     0
2026-07-31 10:10:45,802 [INFO] CmdLine:76 -  ------------------------------ ------- -------- ------- -----
2026-07-31 10:10:45,802 [INFO] CmdLine:76 -  RT total**                       7,028       56   1,672   140
2026-07-31 10:10:45,802 [INFO] CmdLine:76 -  ------------------------------ ------- -------- ------- -----
2026-07-31 10:10:45,803 [INFO] CmdLine:76 -  weights                              0   10,776       0     0
2026-07-31 10:10:45,803 [INFO] CmdLine:76 -  activations                          0        0       0   384
2026-07-31 10:10:45,803 [INFO] CmdLine:76 -  io                                   0        0       0     0
2026-07-31 10:10:45,804 [INFO] CmdLine:76 -  ------------------------------ ------- -------- ------- -----
2026-07-31 10:10:45,804 [INFO] CmdLine:76 -  TOTAL                            7,028   10,832   1,672   524
2026-07-31 10:10:45,804 [INFO] CmdLine:76 -  ------------------------------ ------- -------- ------- -----
2026-07-31 10:10:45,804 [INFO] CmdLine:76 -  *  toolchain objects (libm/libgcc*)
2026-07-31 10:10:45,805 [INFO] CmdLine:76 -  ** RT AI runtime objects (kernels+infrastructure)
2026-07-31 10:10:45,805 [INFO] CmdLine:76 -   Summary - "stm32l4" target
2026-07-31 10:10:45,805 [INFO] CmdLine:76 -   ---------------------------------------------------
2026-07-31 10:10:45,806 [INFO] CmdLine:76 -                FLASH (ro)      %*   RAM (rw)       %
2026-07-31 10:10:45,806 [INFO] CmdLine:76 -   ---------------------------------------------------
2026-07-31 10:10:45,806 [INFO] CmdLine:76 -   RT total          8,756   44.8%      1,812   82.5%
2026-07-31 10:10:45,807 [INFO] CmdLine:76 -   ---------------------------------------------------
2026-07-31 10:10:45,807 [INFO] CmdLine:76 -   TOTAL            19,532              2,196
2026-07-31 10:10:45,807 [INFO] CmdLine:76 -   ---------------------------------------------------
2026-07-31 10:10:45,807 [INFO] CmdLine:76 -   *  rt/total
2026-07-31 10:10:45,808 [INFO] CmdLine:76 - Creating txt report file C:\Users\ADMIN\.stm32cubemx\network_output\network_analyze_report.txt
2026-07-31 10:10:58,566 [INFO] CmdLine:76 - elapsed time (analyze): 129.831s
2026-07-31 10:10:59,213 [INFO] CmdLine:148 - stedgeai exit with status: 0
2026-07-31 10:10:59,231 [INFO] AIModelDetailledView:1077 - Model file:      mlp_model.onnx
2026-07-31 10:10:59,232 [INFO] AIModelDetailledView:1077 - Total Flash:     19528 B (19.07 KiB)
2026-07-31 10:10:59,233 [INFO] AIModelDetailledView:1077 -     Weights:     10772 B (10.52 KiB)
2026-07-31 10:10:59,233 [INFO] AIModelDetailledView:1077 -     Library:     8756 B (8.55 KiB)
2026-07-31 10:10:59,233 [INFO] AIModelDetailledView:1077 - Total Ram:       2196 B (2.14 KiB)
2026-07-31 10:10:59,234 [INFO] AIModelDetailledView:1077 -     Activations: 384 B
2026-07-31 10:10:59,234 [INFO] AIModelDetailledView:1077 -     Library:     1812 B (1.77 KiB)
2026-07-31 10:10:59,234 [INFO] AIModelDetailledView:1077 -     Input:       24 B (included in Activations)
2026-07-31 10:10:59,234 [INFO] AIModelDetailledView:1077 -     Output:      20 B (included in Activations)
2026-07-31 10:10:59,235 [INFO] AIModelDetailledView:1077 - Done
2026-07-31 10:10:59,235 [INFO] AIModelDetailledView:2598 - Analyze complete on AI model
2026-07-31 10:10:59,395 [INFO] AIModelDetailledView:2264 - Analysis status: done
2026-07-31 10:11:17,677 [INFO] UtilMem:75 - End SaveConfig() Used Memory: 894098192 Bytes (1073741824)
2026-07-31 10:11:17,854 [INFO] AIModelDetailledView:2264 - Analysis status: -
2026-07-31 10:11:17,855 [INFO] AInterface:259 - ModelName:network; files:[D:\TinyML_Workshop-main\TinyML_Workshop_PGR\TinyML_PGR\ONNX\mlp_model.onnx]; type:ONNX; compression:None
2026-07-31 10:11:17,856 [INFO] AInterface:526 - workspaceTempDir: C:/Users/ADMIN/AppData/Local/Temp/mxAI_workspace663601878496001876922431748098474
2026-07-31 10:11:17,856 [INFO] AInterface:1179 - Setting Env: C:/Users/ADMIN/STM32Cube/Repository//Packs/STMicroelectronics/X-CUBE-AI/10.2.1/Utilities/windows
2026-07-31 10:11:17,862 [INFO] STM32CubeIDEBuilder:265 - Looking for gnu-tools-for-stm32 tools/bin/arm-none-eabi-gcc.exe in C:\ST\STM32CubeIDE_1.19.0\STM32CubeIDE
2026-07-31 10:11:17,865 [INFO] STM32CubeIDEBuilder:294 - checking C:\ST\STM32CubeIDE_1.19.0\STM32CubeIDE\plugins\com.st.stm32cube.ide.mcu.externaltools.gnu-tools-for-stm32.13.3.rel1.win32_1.0.0.202411081344\tools\bin\arm-none-eabi-gcc.exe
2026-07-31 10:11:17,865 [INFO] STM32CubeIDEBuilder:297 - ret=C:\ST\STM32CubeIDE_1.19.0\STM32CubeIDE\plugins\com.st.stm32cube.ide.mcu.externaltools.gnu-tools-for-stm32.13.3.rel1.win32_1.0.0.202411081344\tools\bin\arm-none-eabi-gcc.exe
2026-07-31 10:11:17,865 [INFO] STM32CubeIDEBuilder:311 - returning C:\ST\STM32CubeIDE_1.19.0\STM32CubeIDE\plugins\com.st.stm32cube.ide.mcu.externaltools.gnu-tools-for-stm32.13.3.rel1.win32_1.0.0.202411081344\tools\bin\arm-none-eabi-gcc.exe
2026-07-31 10:11:17,866 [INFO] AInterface:1236 - Custom PATH variable: C:/Users/ADMIN/STM32Cube/Repository//Packs/STMicroelectronics/X-CUBE-AI/10.2.1/Utilities/windows;C:/Users/ADMIN/STM32Cube/Repository//Packs/STMicroelectronics/X-CUBE-AI/10.2.1/Utilities/windows/mingw64/bin;C:/Users/ADMIN/STM32Cube/Repository//Packs/STMicroelectronics/X-CUBE-AI/10.2.1/Utilities/windows/mingw64/libexec/gcc/x86_64-w64-mingw32/7.3.0;;C:\ST\STM32CubeIDE_1.19.0\STM32CubeIDE\plugins\com.st.stm32cube.ide.mcu.externaltools.gnu-tools-for-stm32.13.3.rel1.win32_1.0.0.202411081344\tools\bin
2026-07-31 10:11:17,867 [INFO] CmdLine:115 - Command: C:/Users/ADMIN/STM32Cube/Repository//Packs/STMicroelectronics/X-CUBE-AI/10.2.1/Utilities/windows/stedgeai.exe analyze --target stm32l4 --name network -m D:/TinyML_Workshop-main/TinyML_Workshop_PGR/TinyML_PGR/ONNX/mlp_model.onnx --compression none --verbosity 1 --workspace C:/Users/ADMIN/AppData/Local/Temp/mxAI_workspace663601878496001876922431748098474 --output C:/Users/ADMIN/.stm32cubemx/network_output
2026-07-31 10:11:17,868 [INFO] AIModelDetailledView:2264 - Analysis status: pending
2026-07-31 10:11:18,626 [INFO] CmdLine:76 - ST Edge AI Core v2.2.0-20266 2adc00962
2026-07-31 10:11:27,519 [INFO] CmdLine:76 - Creating c (debug) info json file C:\Users\ADMIN\.stm32cubemx\network_output\network_c_info.json
2026-07-31 10:11:27,546 [INFO] CmdLine:76 -  
2026-07-31 10:11:27,547 [INFO] CmdLine:76 -  Exec/report summary (analyze)
2026-07-31 10:11:27,547 [INFO] CmdLine:76 -  -----------------------------------------------------------------------------------------------------------
2026-07-31 10:11:27,547 [INFO] CmdLine:76 -  model file         :   D:\TinyML_Workshop-main\TinyML_Workshop_PGR\TinyML_PGR\ONNX\mlp_model.onnx          
2026-07-31 10:11:27,547 [INFO] CmdLine:76 -  type               :   onnx                                                                                
2026-07-31 10:11:27,547 [INFO] CmdLine:76 -  c_name             :   network                                                                             
2026-07-31 10:11:27,548 [INFO] CmdLine:76 -  compression        :   none                                                                                
2026-07-31 10:11:27,548 [INFO] CmdLine:76 -  options            :   allocate-inputs, allocate-outputs                                                   
2026-07-31 10:11:27,548 [INFO] CmdLine:76 -  optimization       :   balanced                                                                            
2026-07-31 10:11:27,548 [INFO] CmdLine:76 -  target/series      :   stm32l4                                                                             
2026-07-31 10:11:27,548 [INFO] CmdLine:76 -  workspace dir      :   C:\Users\ADMIN\AppData\Local\Temp\mxAI_workspace663601878496001876922431748098474   
2026-07-31 10:11:27,548 [INFO] CmdLine:76 -  output dir         :   C:\Users\ADMIN\.stm32cubemx\network_output                                          
2026-07-31 10:11:27,548 [INFO] CmdLine:76 -  model_fmt          :   float                                                                               
2026-07-31 10:11:27,548 [INFO] CmdLine:76 -  model_name         :   mlp_model                                                                           
2026-07-31 10:11:27,548 [INFO] CmdLine:76 -  model_hash         :   0x6244a8562aee069bc4ee7be628ef2ac9                                                  
2026-07-31 10:11:27,549 [INFO] CmdLine:76 -  params #           :   2,693 items (10.52 KiB)                                                             
2026-07-31 10:11:27,549 [INFO] CmdLine:76 -  -----------------------------------------------------------------------------------------------------------
2026-07-31 10:11:27,549 [INFO] CmdLine:76 -  input 1/1          :   'input', f32(1x6), 24 Bytes, activations                                            
2026-07-31 10:11:27,549 [INFO] CmdLine:76 -  output 1/1         :   'output', f32(1x5), 20 Bytes, activations                                           
2026-07-31 10:11:27,549 [INFO] CmdLine:76 -  macc               :   2,789                                                                               
2026-07-31 10:11:27,549 [INFO] CmdLine:76 -  weights (ro)       :   10,772 B (10.52 KiB) (1 segment)                                                    
2026-07-31 10:11:27,549 [INFO] CmdLine:76 -  activations (rw)   :   384 B (384 B) (1 segment) *                                                         
2026-07-31 10:11:27,550 [INFO] CmdLine:76 -  ram (total)        :   384 B (384 B) = 384 + 0 + 0                                                         
2026-07-31 10:11:27,550 [INFO] CmdLine:76 -  -----------------------------------------------------------------------------------------------------------
2026-07-31 10:11:27,550 [INFO] CmdLine:76 -  (*) 'input'/'output' buffers are allocated in the activations buffer
2026-07-31 10:11:27,554 [INFO] CmdLine:76 - Computing AI RT data/code size (target=stm32l4)..
2026-07-31 10:11:29,011 [INFO] CmdLine:76 -  Model name - mlp_model
2026-07-31 10:11:29,012 [INFO] CmdLine:76 -  ------ ------------------- ------------- ------------- ------- --------------
2026-07-31 10:11:29,013 [INFO] CmdLine:76 -  m_id   layer (original)    oshape        param/size       macc   connected to
2026-07-31 10:11:29,013 [INFO] CmdLine:76 -  ------ ------------------- ------------- ------------- ------- --------------
2026-07-31 10:11:29,013 [INFO] CmdLine:76 -  1      fc1_weight (Gemm)   [b:64,c:6]    384/1,536
2026-07-31 10:11:29,013 [INFO] CmdLine:76 -         fc1_bias (Gemm)     [b:64]        64/256
2026-07-31 10:11:29,014 [INFO] CmdLine:76 -  ------ ------------------- ------------- ------------- ------- --------------
2026-07-31 10:11:29,014 [INFO] CmdLine:76 -  3      fc2_weight (Gemm)   [b:32,c:64]   2,048/8,192
2026-07-31 10:11:29,014 [INFO] CmdLine:76 -         fc2_bias (Gemm)     [b:32]        32/128
2026-07-31 10:11:29,014 [INFO] CmdLine:76 -  ------ ------------------- ------------- ------------- ------- --------------
2026-07-31 10:11:29,015 [INFO] CmdLine:76 -  5      fc3_weight (Gemm)   [b:5,c:32]    160/640
2026-07-31 10:11:29,015 [INFO] CmdLine:76 -         fc3_bias (Gemm)     [b:5]         5/20
2026-07-31 10:11:29,015 [INFO] CmdLine:76 -  ------ ------------------- ------------- ------------- ------- --------------
2026-07-31 10:11:29,016 [INFO] CmdLine:76 -  0      input ()            [b:1,c:6]
2026-07-31 10:11:29,016 [INFO] CmdLine:76 -  ------ ------------------- ------------- ------------- ------- --------------
2026-07-31 10:11:29,016 [INFO] CmdLine:76 -  1      linear (Gemm)       [b:1,c:64]                      448          input
2026-07-31 10:11:29,016 [INFO] CmdLine:76 -                                                                     fc1_weight
2026-07-31 10:11:29,016 [INFO] CmdLine:76 -                                                                       fc1_bias
2026-07-31 10:11:29,017 [INFO] CmdLine:76 -  ------ ------------------- ------------- ------------- ------- --------------
2026-07-31 10:11:29,017 [INFO] CmdLine:76 -  2      relu (Relu)         [b:1,c:64]                       64         linear
2026-07-31 10:11:29,017 [INFO] CmdLine:76 -  ------ ------------------- ------------- ------------- ------- --------------
2026-07-31 10:11:29,017 [INFO] CmdLine:76 -  3      linear_1 (Gemm)     [b:1,c:32]                    2,080           relu
2026-07-31 10:11:29,017 [INFO] CmdLine:76 -                                                                     fc2_weight
2026-07-31 10:11:29,018 [INFO] CmdLine:76 -                                                                       fc2_bias
2026-07-31 10:11:29,018 [INFO] CmdLine:76 -  ------ ------------------- ------------- ------------- ------- --------------
2026-07-31 10:11:29,018 [INFO] CmdLine:76 -  4      relu_1 (Relu)       [b:1,c:32]                       32       linear_1
2026-07-31 10:11:29,018 [INFO] CmdLine:76 -  ------ ------------------- ------------- ------------- ------- --------------
2026-07-31 10:11:29,019 [INFO] CmdLine:76 -  5      output (Gemm)       [b:1,c:5]                       165         relu_1
2026-07-31 10:11:29,019 [INFO] CmdLine:76 -                                                                     fc3_weight
2026-07-31 10:11:29,019 [INFO] CmdLine:76 -                                                                       fc3_bias
2026-07-31 10:11:29,019 [INFO] CmdLine:76 -  ------ ------------------- ------------- ------------- ------- --------------
2026-07-31 10:11:29,019 [INFO] CmdLine:76 -  model: macc=2,789 weights=10,772 activations=-- io=--
2026-07-31 10:11:29,019 [INFO] CmdLine:76 -  Number of operations per c-layer
2026-07-31 10:11:29,019 [INFO] CmdLine:76 -  ------- ------ ----------------------- ------- --------------
2026-07-31 10:11:29,020 [INFO] CmdLine:76 -  c_id    m_id   name (type)                 #op           type
2026-07-31 10:11:29,020 [INFO] CmdLine:76 -  ------- ------ ----------------------- ------- --------------
2026-07-31 10:11:29,020 [INFO] CmdLine:76 -  0       1      linear (Dense)              448   smul_f32_f32
2026-07-31 10:11:29,020 [INFO] CmdLine:76 -  1       2      relu (Nonlinearity)          64     op_f32_f32
2026-07-31 10:11:29,020 [INFO] CmdLine:76 -  2       3      linear_1 (Dense)          2,080   smul_f32_f32
2026-07-31 10:11:29,020 [INFO] CmdLine:76 -  3       4      relu_1 (Nonlinearity)        32     op_f32_f32
2026-07-31 10:11:29,020 [INFO] CmdLine:76 -  4       5      output (Dense)              165   smul_f32_f32
2026-07-31 10:11:29,021 [INFO] CmdLine:76 -  ------- ------ ----------------------- ------- --------------
2026-07-31 10:11:29,021 [INFO] CmdLine:76 -  total                                    2,789
2026-07-31 10:11:29,021 [INFO] CmdLine:76 -  Number of operation types
2026-07-31 10:11:29,021 [INFO] CmdLine:76 -  ---------------- ------- -----------
2026-07-31 10:11:29,021 [INFO] CmdLine:76 -  operation type         #           %
2026-07-31 10:11:29,021 [INFO] CmdLine:76 -  ---------------- ------- -----------
2026-07-31 10:11:29,021 [INFO] CmdLine:76 -  smul_f32_f32       2,693       96.6%
2026-07-31 10:11:29,021 [INFO] CmdLine:76 -  op_f32_f32            96        3.4%
2026-07-31 10:11:29,022 [INFO] CmdLine:76 -  Complexity report (model)
2026-07-31 10:11:29,022 [INFO] CmdLine:76 -  ------ ------------ ------------------------- ------------------------- ------
2026-07-31 10:11:29,022 [INFO] CmdLine:76 -  m_id   name         c_macc                    c_rom                     c_id
2026-07-31 10:11:29,022 [INFO] CmdLine:76 -  ------ ------------ ------------------------- ------------------------- ------
2026-07-31 10:11:29,022 [INFO] CmdLine:76 -  1      fc1_weight   ||||              16.1%   ||||              16.6%   [0]
2026-07-31 10:11:29,022 [INFO] CmdLine:76 -  3      fc2_weight   ||||||||||||||||  74.6%   ||||||||||||||||  77.2%   [2]
2026-07-31 10:11:29,022 [INFO] CmdLine:76 -  5      fc3_weight   ||                 5.9%   ||                 6.1%   [4]
2026-07-31 10:11:29,023 [INFO] CmdLine:76 -  2      relu         |                  2.3%   |                  0.0%   [1]
2026-07-31 10:11:29,023 [INFO] CmdLine:76 -  4      relu_1       |                  1.1%   |                  0.0%   [3]
2026-07-31 10:11:29,023 [INFO] CmdLine:76 -  ------ ------------ ------------------------- ------------------------- ------
2026-07-31 10:11:29,023 [INFO] CmdLine:76 -  macc=2,789 weights=10,772 act=384 ram_io=0
2026-07-31 10:11:29,023 [INFO] CmdLine:76 -  Requested memory size by section - "stm32l4" target
2026-07-31 10:11:29,024 [INFO] CmdLine:76 -  ------------------------------ ------- -------- ------- -----
2026-07-31 10:11:29,024 [INFO] CmdLine:76 -  module                            text   rodata    data   bss
2026-07-31 10:11:29,024 [INFO] CmdLine:76 -  ------------------------------ ------- -------- ------- -----
2026-07-31 10:11:29,024 [INFO] CmdLine:76 -  NetworkRuntime1020_CM4_GCC.a     6,452        0       0     0
2026-07-31 10:11:29,024 [INFO] CmdLine:76 -  network.o                          528       40   1,584   140
2026-07-31 10:11:29,024 [INFO] CmdLine:76 -  network_data.o                      48       16      88     0
2026-07-31 10:11:29,024 [INFO] CmdLine:76 -  lib (toolchain)*                     0        0       0     0
2026-07-31 10:11:29,025 [INFO] CmdLine:76 -  ------------------------------ ------- -------- ------- -----
2026-07-31 10:11:29,025 [INFO] CmdLine:76 -  RT total**                       7,028       56   1,672   140
2026-07-31 10:11:29,025 [INFO] CmdLine:76 -  ------------------------------ ------- -------- ------- -----
2026-07-31 10:11:29,025 [INFO] CmdLine:76 -  weights                              0   10,776       0     0
2026-07-31 10:11:29,025 [INFO] CmdLine:76 -  activations                          0        0       0   384
2026-07-31 10:11:29,025 [INFO] CmdLine:76 -  io                                   0        0       0     0
2026-07-31 10:11:29,025 [INFO] CmdLine:76 -  ------------------------------ ------- -------- ------- -----
2026-07-31 10:11:29,026 [INFO] CmdLine:76 -  TOTAL                            7,028   10,832   1,672   524
2026-07-31 10:11:29,026 [INFO] CmdLine:76 -  ------------------------------ ------- -------- ------- -----
2026-07-31 10:11:29,026 [INFO] CmdLine:76 -  *  toolchain objects (libm/libgcc*)
2026-07-31 10:11:29,026 [INFO] CmdLine:76 -  ** RT AI runtime objects (kernels+infrastructure)
2026-07-31 10:11:29,026 [INFO] CmdLine:76 -   Summary - "stm32l4" target
2026-07-31 10:11:29,026 [INFO] CmdLine:76 -   ---------------------------------------------------
2026-07-31 10:11:29,027 [INFO] CmdLine:76 -                FLASH (ro)      %*   RAM (rw)       %
2026-07-31 10:11:29,027 [INFO] CmdLine:76 -   ---------------------------------------------------
2026-07-31 10:11:29,027 [INFO] CmdLine:76 -   RT total          8,756   44.8%      1,812   82.5%
2026-07-31 10:11:29,028 [INFO] CmdLine:76 -   ---------------------------------------------------
2026-07-31 10:11:29,028 [INFO] CmdLine:76 -   TOTAL            19,532              2,196
2026-07-31 10:11:29,028 [INFO] CmdLine:76 -   ---------------------------------------------------
2026-07-31 10:11:29,028 [INFO] CmdLine:76 -   *  rt/total
2026-07-31 10:11:29,028 [INFO] CmdLine:76 - Creating txt report file C:\Users\ADMIN\.stm32cubemx\network_output\network_analyze_report.txt
2026-07-31 10:11:29,929 [INFO] CmdLine:76 - elapsed time (analyze): 11.305s
2026-07-31 10:11:30,524 [INFO] CmdLine:148 - stedgeai exit with status: 0
2026-07-31 10:11:30,535 [INFO] AIModelDetailledView:2598 - Analyze complete on AI model
2026-07-31 10:11:30,537 [INFO] AIModelDetailledView:2264 - Analysis status: done
2026-07-31 10:11:30,547 [ERROR] LogOutputStream:75 - [STDERR_REDIRECT] Exception in thread "AWT-EventQueue-0" java.lang.ClassCastException: class javax.swing.SwingUtilities$SharedOwnerFrame cannot be cast to class com.st.microxplorer.maingui.MainFrame (javax.swing.SwingUtilities$SharedOwnerFrame is in module java.desktop of loader 'bootstrap'; com.st.microxplorer.maingui.MainFrame is in unnamed module of loader org.eclipse.osgi.internal.loader.EquinoxClassLoader @7e0986c9)
2026-07-31 10:11:30,549 [ERROR] LogOutputStream:75 - [STDERR_REDIRECT] 	at com.st.microxplorer.plugins.ip.ai.model.AIAdvancedSettingsData.saveSettings(AIAdvancedSettingsData.java:655)
2026-07-31 10:11:30,551 [ERROR] LogOutputStream:75 - [STDERR_REDIRECT] 	at com.st.microxplorer.plugins.ip.ai.model.AIAdvancedSettingsData.cmdSaveSettings(AIAdvancedSettingsData.java:527)
2026-07-31 10:11:30,552 [ERROR] LogOutputStream:75 - [STDERR_REDIRECT] 	at com.st.microxplorer.plugins.ip.ai.gui.AIModelDetailledView.saveData(AIModelDetailledView.java:471)
2026-07-31 10:11:30,554 [ERROR] LogOutputStream:75 - [STDERR_REDIRECT] 	at com.st.microxplorer.plugins.ip.ai.gui.AIMainUI.saveModelDataNeededForGeneration(AIMainUI.java:912)
2026-07-31 10:11:30,555 [ERROR] LogOutputStream:75 - [STDERR_REDIRECT] 	at com.st.microxplorer.plugins.ip.ai.gui.AITopWindow.saveModelsData(AITopWindow.java:253)
2026-07-31 10:11:30,556 [ERROR] LogOutputStream:75 - [STDERR_REDIRECT] 	at com.st.microxplorer.plugins.ip.ai.AI.propertyChange(AI.java:1654)
2026-07-31 10:11:30,557 [ERROR] LogOutputStream:75 - [STDERR_REDIRECT] 	at java.desktop/java.beans.PropertyChangeSupport.fire(PropertyChangeSupport.java:343)
2026-07-31 10:11:30,558 [ERROR] LogOutputStream:75 - [STDERR_REDIRECT] 	at java.desktop/java.beans.PropertyChangeSupport.firePropertyChange(PropertyChangeSupport.java:335)
2026-07-31 10:11:30,560 [ERROR] LogOutputStream:75 - [STDERR_REDIRECT] 	at java.desktop/java.beans.PropertyChangeSupport.firePropertyChange(PropertyChangeSupport.java:268)
2026-07-31 10:11:30,561 [ERROR] LogOutputStream:75 - [STDERR_REDIRECT] 	at com.st.microxplorer.util.MXPropertyChangeSupport.firePropertyChange(MXPropertyChangeSupport.java:54)
2026-07-31 10:11:30,562 [ERROR] LogOutputStream:75 - [STDERR_REDIRECT] 	at com.st.microxplorer.mxsystem.MxSystem.completeSaveConfig(MxSystem.java:843)
2026-07-31 10:11:30,564 [ERROR] LogOutputStream:75 - [STDERR_REDIRECT] 	at com.st.microxplorer.plugins.filemanager.engine.SaveFileManager.saveConfiguration(SaveFileManager.java:125)
2026-07-31 10:11:30,565 [ERROR] LogOutputStream:75 - [STDERR_REDIRECT] 	at com.st.microxplorer.plugins.filemanager.engine.MainFileManager.userSaveConfig(MainFileManager.java:482)
2026-07-31 10:11:30,567 [ERROR] LogOutputStream:75 - [STDERR_REDIRECT] 	at com.st.microxplorer.plugins.filemanager.FileManagerView.getSpecificTask(FileManagerView.java:280)
2026-07-31 10:11:30,568 [ERROR] LogOutputStream:75 - [STDERR_REDIRECT] 	at com.st.stm32cube.common.mx.editor.CubeMxEditor$9.run(CubeMxEditor.java:690)
2026-07-31 10:11:30,569 [ERROR] LogOutputStream:75 - [STDERR_REDIRECT] 	at com.st.stm32cube.common.mx.oss.core.awtswtbridge.AwtEnvironment$2.run(AwtEnvironment.java:166)
2026-07-31 10:11:30,571 [ERROR] LogOutputStream:75 - [STDERR_REDIRECT] 	at java.desktop/java.awt.event.InvocationEvent.dispatch(InvocationEvent.java:318)
2026-07-31 10:11:30,572 [ERROR] LogOutputStream:75 - [STDERR_REDIRECT] 	at java.desktop/java.awt.EventQueue.dispatchEventImpl(EventQueue.java:773)
2026-07-31 10:11:30,573 [ERROR] LogOutputStream:75 - [STDERR_REDIRECT] 	at java.desktop/java.awt.EventQueue$4.run(EventQueue.java:720)
2026-07-31 10:11:30,574 [ERROR] LogOutputStream:75 - [STDERR_REDIRECT] 	at java.desktop/java.awt.EventQueue$4.run(EventQueue.java:714)
2026-07-31 10:11:30,575 [ERROR] LogOutputStream:75 - [STDERR_REDIRECT] 	at java.base/java.security.AccessController.doPrivileged(AccessController.java:400)
2026-07-31 10:11:30,576 [ERROR] LogOutputStream:75 - [STDERR_REDIRECT] 	at java.base/java.security.ProtectionDomain$JavaSecurityAccessImpl.doIntersectionPrivilege(ProtectionDomain.java:87)
2026-07-31 10:11:30,577 [ERROR] LogOutputStream:75 - [STDERR_REDIRECT] 	at java.desktop/java.awt.EventQueue.dispatchEvent(EventQueue.java:742)
2026-07-31 10:11:30,578 [ERROR] LogOutputStream:75 - [STDERR_REDIRECT] 	at java.desktop/java.awt.EventDispatchThread.pumpOneEventForFilters(EventDispatchThread.java:203)
2026-07-31 10:11:30,580 [ERROR] LogOutputStream:75 - [STDERR_REDIRECT] 	at java.desktop/java.awt.EventDispatchThread.pumpEventsForFilter(EventDispatchThread.java:124)
2026-07-31 10:11:30,581 [ERROR] LogOutputStream:75 - [STDERR_REDIRECT] 	at java.desktop/java.awt.EventDispatchThread.pumpEventsForHierarchy(EventDispatchThread.java:113)
2026-07-31 10:11:30,583 [ERROR] LogOutputStream:75 - [STDERR_REDIRECT] 	at java.desktop/java.awt.EventDispatchThread.pumpEvents(EventDispatchThread.java:109)
2026-07-31 10:11:30,584 [ERROR] LogOutputStream:75 - [STDERR_REDIRECT] 	at java.desktop/java.awt.EventDispatchThread.pumpEvents(EventDispatchThread.java:101)
2026-07-31 10:11:30,585 [ERROR] LogOutputStream:75 - [STDERR_REDIRECT] 	at java.desktop/java.awt.EventDispatchThread.run(EventDispatchThread.java:90)
2026-07-31 10:11:48,316 [INFO] UtilMem:75 - End SaveConfig() Used Memory: 852294792 Bytes (1073741824)
2026-07-31 10:11:50,323 [INFO] UtilMem:75 - End SaveConfig() Used Memory: 777904720 Bytes (1073741824)
2026-07-31 10:11:52,085 [INFO] UtilMem:75 - End SaveConfig() Used Memory: 878067776 Bytes (1073741824)
2026-07-31 10:11:53,054 [INFO] BlockDiagram:2775 - set Specific Code input for plugin: SYS
2026-07-31 10:11:53,054 [INFO] BlockDiagram:2775 - set Specific Code input for plugin: RCC
2026-07-31 10:11:53,054 [INFO] BlockDiagram:2775 - set Specific Code input for plugin: I2C
2026-07-31 10:11:53,054 [INFO] BlockDiagram:2775 - set Specific Code input for plugin: NVIC
2026-07-31 10:11:53,054 [INFO] BlockDiagram:2775 - set Specific Code input for plugin: USART
2026-07-31 10:11:53,054 [INFO] BlockDiagram:2775 - set Specific Code input for plugin: STMicroelectronics.X-CUBE-AI.10.2.1
2026-07-31 10:11:53,055 [INFO] BlockDiagram:2775 - set Specific Code input for plugin: GPIO
2026-07-31 10:11:53,066 [INFO] CodeGenerator:892 - code generatio: config db path: C:\ST\STM32CubeIDE_1.19.0\STM32CubeIDE\plugins\com.st.stm32cube.common.mx_6.15.0.202507011659\\db\
2026-07-31 10:11:53,395 [INFO] IP:3329 - RTE Config file name : RTE_Component
2026-07-31 10:11:53,395 [INFO] IP:3347 - RTE template : RTE_Components.ftl
2026-07-31 10:11:53,406 [INFO] CodeEngine:265 - oldGeneratedFile, D:\TinyML_Workshop-main\TinyML_Workshop_PGR\TinyML_PGR\STM32\DL\MXTmpFiles\license.tmp_save
2026-07-31 10:11:53,717 [INFO] CodeEngine:289 - Generated code: D:\TinyML_Workshop-main\TinyML_Workshop_PGR\TinyML_PGR\STM32\DL\MXTmpFiles\license.tmp
2026-07-31 10:11:53,744 [INFO] CodeEngine:265 - oldGeneratedFile, D:\TinyML_Workshop-main\TinyML_Workshop_PGR\TinyML_PGR\STM32\DL\MXTmpFiles\gpio.tmp_save
2026-07-31 10:11:53,871 [INFO] CodeEngine:289 - Generated code: D:\TinyML_Workshop-main\TinyML_Workshop_PGR\TinyML_PGR\STM32\DL\MXTmpFiles\gpio.tmp
2026-07-31 10:11:54,019 [INFO] Middleware:1452 - No code input for Bsp Dependency
2026-07-31 10:11:54,022 [INFO] Middleware:1452 - No code input for Bsp Dependency
2026-07-31 10:11:54,035 [INFO] CodeEngine:265 - oldGeneratedFile, D:\TinyML_Workshop-main\TinyML_Workshop_PGR\TinyML_PGR\STM32\DL\Core\Src\stm32l4xx_it.c_save
2026-07-31 10:11:54,341 [INFO] CodeEngine:289 - Generated code: D:\TinyML_Workshop-main\TinyML_Workshop_PGR\TinyML_PGR\STM32\DL\Core\Src\stm32l4xx_it.c
2026-07-31 10:11:54,348 [INFO] CodeEngine:265 - oldGeneratedFile, D:\TinyML_Workshop-main\TinyML_Workshop_PGR\TinyML_PGR\STM32\DL\Core\Inc\stm32l4xx_it.h_save
2026-07-31 10:11:54,449 [INFO] CodeEngine:289 - Generated code: D:\TinyML_Workshop-main\TinyML_Workshop_PGR\TinyML_PGR\STM32\DL\Core\Inc\stm32l4xx_it.h
2026-07-31 10:11:54,468 [INFO] CodeEngine:265 - oldGeneratedFile, D:\TinyML_Workshop-main\TinyML_Workshop_PGR\TinyML_PGR\STM32\DL\Core\Src\stm32l4xx_hal_msp.c_save
2026-07-31 10:11:54,693 [INFO] CodeEngine:289 - Generated code: D:\TinyML_Workshop-main\TinyML_Workshop_PGR\TinyML_PGR\STM32\DL\Core\Src\stm32l4xx_hal_msp.c
2026-07-31 10:11:54,699 [INFO] CodeEngine:265 - oldGeneratedFile, D:\TinyML_Workshop-main\TinyML_Workshop_PGR\TinyML_PGR\STM32\DL\MXTmpFiles\system.tmp_save
2026-07-31 10:11:54,785 [INFO] CodeEngine:289 - Generated code: D:\TinyML_Workshop-main\TinyML_Workshop_PGR\TinyML_PGR\STM32\DL\MXTmpFiles\system.tmp
2026-07-31 10:11:54,796 [INFO] CodeEngine:321 - oldGeneratedFile, D:\TinyML_Workshop-main\TinyML_Workshop_PGR\TinyML_PGR\STM32\DL\Core\Inc\stm32l4xx_hal_conf.h_save
2026-07-31 10:11:54,890 [INFO] CodeEngine:345 - Generated code: D:\TinyML_Workshop-main\TinyML_Workshop_PGR\TinyML_PGR\STM32\DL\Core\Inc\stm32l4xx_hal_conf.h
2026-07-31 10:11:54,922 [INFO] CodeEngine:265 - oldGeneratedFile, D:\TinyML_Workshop-main\TinyML_Workshop_PGR\TinyML_PGR\STM32\DL\Core\Inc\main.h_save
2026-07-31 10:11:55,055 [INFO] CodeEngine:289 - Generated code: D:\TinyML_Workshop-main\TinyML_Workshop_PGR\TinyML_PGR\STM32\DL\Core\Inc\main.h
2026-07-31 10:11:55,061 [INFO] CodeEngine:265 - oldGeneratedFile, D:\TinyML_Workshop-main\TinyML_Workshop_PGR\TinyML_PGR\STM32\DL\Core\Src\main.c_save
2026-07-31 10:11:55,214 [INFO] CodeEngine:289 - Generated code: D:\TinyML_Workshop-main\TinyML_Workshop_PGR\TinyML_PGR\STM32\DL\Core\Src\main.c
2026-07-31 10:11:55,459 [INFO] AInterface:322 - ModelName:network; files:[D:\TinyML_Workshop-main\TinyML_Workshop_PGR\TinyML_PGR\ONNX\mlp_model.onnx]; type:ONNX; compression:None
2026-07-31 10:11:55,461 [INFO] AInterface:526 - workspaceTempDir: C:/Users/ADMIN/AppData/Local/Temp/mxAI_workspace6639779224920014073533405334663385
2026-07-31 10:11:55,461 [INFO] AInterface:1179 - Setting Env: C:/Users/ADMIN/STM32Cube/Repository//Packs/STMicroelectronics/X-CUBE-AI/10.2.1/Utilities/windows
2026-07-31 10:11:55,470 [INFO] STM32CubeIDEBuilder:265 - Looking for gnu-tools-for-stm32 tools/bin/arm-none-eabi-gcc.exe in C:\ST\STM32CubeIDE_1.19.0\STM32CubeIDE
2026-07-31 10:11:55,472 [INFO] STM32CubeIDEBuilder:294 - checking C:\ST\STM32CubeIDE_1.19.0\STM32CubeIDE\plugins\com.st.stm32cube.ide.mcu.externaltools.gnu-tools-for-stm32.13.3.rel1.win32_1.0.0.202411081344\tools\bin\arm-none-eabi-gcc.exe
2026-07-31 10:11:55,473 [INFO] STM32CubeIDEBuilder:297 - ret=C:\ST\STM32CubeIDE_1.19.0\STM32CubeIDE\plugins\com.st.stm32cube.ide.mcu.externaltools.gnu-tools-for-stm32.13.3.rel1.win32_1.0.0.202411081344\tools\bin\arm-none-eabi-gcc.exe
2026-07-31 10:11:55,473 [INFO] STM32CubeIDEBuilder:311 - returning C:\ST\STM32CubeIDE_1.19.0\STM32CubeIDE\plugins\com.st.stm32cube.ide.mcu.externaltools.gnu-tools-for-stm32.13.3.rel1.win32_1.0.0.202411081344\tools\bin\arm-none-eabi-gcc.exe
2026-07-31 10:11:55,473 [INFO] AInterface:1236 - Custom PATH variable: C:/Users/ADMIN/STM32Cube/Repository//Packs/STMicroelectronics/X-CUBE-AI/10.2.1/Utilities/windows;C:/Users/ADMIN/STM32Cube/Repository//Packs/STMicroelectronics/X-CUBE-AI/10.2.1/Utilities/windows/mingw64/bin;C:/Users/ADMIN/STM32Cube/Repository//Packs/STMicroelectronics/X-CUBE-AI/10.2.1/Utilities/windows/mingw64/libexec/gcc/x86_64-w64-mingw32/7.3.0;;C:\ST\STM32CubeIDE_1.19.0\STM32CubeIDE\plugins\com.st.stm32cube.ide.mcu.externaltools.gnu-tools-for-stm32.13.3.rel1.win32_1.0.0.202411081344\tools\bin
2026-07-31 10:11:55,475 [INFO] CmdLine:115 - Command: C:/Users/ADMIN/STM32Cube/Repository//Packs/STMicroelectronics/X-CUBE-AI/10.2.1/Utilities/windows/stedgeai.exe generate --target stm32l4 --name network -m D:/TinyML_Workshop-main/TinyML_Workshop_PGR/TinyML_PGR/ONNX/mlp_model.onnx --compression none --verbosity 1 --workspace C:/Users/ADMIN/AppData/Local/Temp/mxAI_workspace6639779224920014073533405334663385 --output C:/Users/ADMIN/.stm32cubemx/network_output
2026-07-31 10:11:55,477 [INFO] AIModelDetailledView:2264 - Analysis status: pending
2026-07-31 10:11:56,354 [INFO] CmdLine:76 - ST Edge AI Core v2.2.0-20266 2adc00962
2026-07-31 10:12:05,482 [INFO] CmdLine:76 - Creating c (debug) info json file C:\Users\ADMIN\.stm32cubemx\network_output\network_c_info.json
2026-07-31 10:12:05,504 [INFO] CmdLine:76 -  
2026-07-31 10:12:05,505 [INFO] CmdLine:76 -  Exec/report summary (generate)
2026-07-31 10:12:05,505 [INFO] CmdLine:76 -  ------------------------------------------------------------------------------------------------------------
2026-07-31 10:12:05,505 [INFO] CmdLine:76 -  model file         :   D:\TinyML_Workshop-main\TinyML_Workshop_PGR\TinyML_PGR\ONNX\mlp_model.onnx           
2026-07-31 10:12:05,505 [INFO] CmdLine:76 -  type               :   onnx                                                                                 
2026-07-31 10:12:05,505 [INFO] CmdLine:76 -  c_name             :   network                                                                              
2026-07-31 10:12:05,505 [INFO] CmdLine:76 -  compression        :   none                                                                                 
2026-07-31 10:12:05,505 [INFO] CmdLine:76 -  options            :   allocate-inputs, allocate-outputs                                                    
2026-07-31 10:12:05,505 [INFO] CmdLine:76 -  optimization       :   balanced                                                                             
2026-07-31 10:12:05,505 [INFO] CmdLine:76 -  target/series      :   stm32l4                                                                              
2026-07-31 10:12:05,505 [INFO] CmdLine:76 -  workspace dir      :   C:\Users\ADMIN\AppData\Local\Temp\mxAI_workspace6639779224920014073533405334663385   
2026-07-31 10:12:05,505 [INFO] CmdLine:76 -  output dir         :   C:\Users\ADMIN\.stm32cubemx\network_output                                           
2026-07-31 10:12:05,505 [INFO] CmdLine:76 -  model_fmt          :   float                                                                                
2026-07-31 10:12:05,505 [INFO] CmdLine:76 -  model_name         :   mlp_model                                                                            
2026-07-31 10:12:05,506 [INFO] CmdLine:76 -  model_hash         :   0x6244a8562aee069bc4ee7be628ef2ac9                                                   
2026-07-31 10:12:05,506 [INFO] CmdLine:76 -  params #           :   2,693 items (10.52 KiB)                                                              
2026-07-31 10:12:05,506 [INFO] CmdLine:76 -  ------------------------------------------------------------------------------------------------------------
2026-07-31 10:12:05,506 [INFO] CmdLine:76 -  input 1/1          :   'input', f32(1x6), 24 Bytes, activations                                             
2026-07-31 10:12:05,506 [INFO] CmdLine:76 -  output 1/1         :   'output', f32(1x5), 20 Bytes, activations                                            
2026-07-31 10:12:05,506 [INFO] CmdLine:76 -  macc               :   2,789                                                                                
2026-07-31 10:12:05,506 [INFO] CmdLine:76 -  weights (ro)       :   10,772 B (10.52 KiB) (1 segment)                                                     
2026-07-31 10:12:05,506 [INFO] CmdLine:76 -  activations (rw)   :   384 B (384 B) (1 segment) *                                                          
2026-07-31 10:12:05,506 [INFO] CmdLine:76 -  ram (total)        :   384 B (384 B) = 384 + 0 + 0                                                          
2026-07-31 10:12:05,506 [INFO] CmdLine:76 -  ------------------------------------------------------------------------------------------------------------
2026-07-31 10:12:05,506 [INFO] CmdLine:76 -  (*) 'input'/'output' buffers are allocated in the activations buffer
2026-07-31 10:12:05,511 [INFO] CmdLine:76 - Computing AI RT data/code size (target=stm32l4)..
2026-07-31 10:12:06,995 [INFO] CmdLine:76 -  Requested memory size by section - "stm32l4" target
2026-07-31 10:12:06,995 [INFO] CmdLine:76 -  ------------------------------ ------- -------- ------- -----
2026-07-31 10:12:06,995 [INFO] CmdLine:76 -  module                            text   rodata    data   bss
2026-07-31 10:12:06,996 [INFO] CmdLine:76 -  ------------------------------ ------- -------- ------- -----
2026-07-31 10:12:06,996 [INFO] CmdLine:76 -  NetworkRuntime1020_CM4_GCC.a     6,452        0       0     0
2026-07-31 10:12:06,996 [INFO] CmdLine:76 -  network.o                          528       40   1,584   140
2026-07-31 10:12:06,996 [INFO] CmdLine:76 -  network_data.o                      48       16      88     0
2026-07-31 10:12:06,996 [INFO] CmdLine:76 -  lib (toolchain)*                     0        0       0     0
2026-07-31 10:12:06,996 [INFO] CmdLine:76 -  ------------------------------ ------- -------- ------- -----
2026-07-31 10:12:06,996 [INFO] CmdLine:76 -  RT total**                       7,028       56   1,672   140
2026-07-31 10:12:06,996 [INFO] CmdLine:76 -  ------------------------------ ------- -------- ------- -----
2026-07-31 10:12:06,997 [INFO] CmdLine:76 -  weights                              0   10,776       0     0
2026-07-31 10:12:06,997 [INFO] CmdLine:76 -  activations                          0        0       0   384
2026-07-31 10:12:06,997 [INFO] CmdLine:76 -  io                                   0        0       0     0
2026-07-31 10:12:06,997 [INFO] CmdLine:76 -  ------------------------------ ------- -------- ------- -----
2026-07-31 10:12:06,997 [INFO] CmdLine:76 -  TOTAL                            7,028   10,832   1,672   524
2026-07-31 10:12:06,997 [INFO] CmdLine:76 -  ------------------------------ ------- -------- ------- -----
2026-07-31 10:12:06,997 [INFO] CmdLine:76 -  *  toolchain objects (libm/libgcc*)
2026-07-31 10:12:06,998 [INFO] CmdLine:76 -  ** RT AI runtime objects (kernels+infrastructure)
2026-07-31 10:12:06,998 [INFO] CmdLine:76 -   Summary - "stm32l4" target
2026-07-31 10:12:06,998 [INFO] CmdLine:76 -   ---------------------------------------------------
2026-07-31 10:12:06,998 [INFO] CmdLine:76 -                FLASH (ro)      %*   RAM (rw)       %
2026-07-31 10:12:06,998 [INFO] CmdLine:76 -   ---------------------------------------------------
2026-07-31 10:12:06,998 [INFO] CmdLine:76 -   RT total          8,756   44.8%      1,812   82.5%
2026-07-31 10:12:06,998 [INFO] CmdLine:76 -   ---------------------------------------------------
2026-07-31 10:12:06,999 [INFO] CmdLine:76 -   TOTAL            19,532              2,196
2026-07-31 10:12:06,999 [INFO] CmdLine:76 -   ---------------------------------------------------
2026-07-31 10:12:06,999 [INFO] CmdLine:76 -   *  rt/total
2026-07-31 10:12:06,999 [INFO] CmdLine:76 -  Generated files (7)
2026-07-31 10:12:06,999 [INFO] CmdLine:76 -  ------------------------------------------------------------------
2026-07-31 10:12:06,999 [INFO] CmdLine:76 -  C:\Users\ADMIN\.stm32cubemx\network_output\network_data_params.h
2026-07-31 10:12:06,999 [INFO] CmdLine:76 -  C:\Users\ADMIN\.stm32cubemx\network_output\network_data_params.c
2026-07-31 10:12:07,000 [INFO] CmdLine:76 -  C:\Users\ADMIN\.stm32cubemx\network_output\network_data.h
2026-07-31 10:12:07,000 [INFO] CmdLine:76 -  C:\Users\ADMIN\.stm32cubemx\network_output\network_data.c
2026-07-31 10:12:07,000 [INFO] CmdLine:76 -  C:\Users\ADMIN\.stm32cubemx\network_output\network_config.h
2026-07-31 10:12:07,000 [INFO] CmdLine:76 -  C:\Users\ADMIN\.stm32cubemx\network_output\network.h
2026-07-31 10:12:07,000 [INFO] CmdLine:76 -  C:\Users\ADMIN\.stm32cubemx\network_output\network.c
2026-07-31 10:12:07,000 [INFO] CmdLine:76 - Creating txt report file C:\Users\ADMIN\.stm32cubemx\network_output\network_generate_report.txt
2026-07-31 10:12:13,474 [INFO] CmdLine:76 - elapsed time (generate): 17.121s
2026-07-31 10:12:14,078 [INFO] CmdLine:148 - stedgeai exit with status: 0
2026-07-31 10:12:14,089 [INFO] AIModelDetailledView:2264 - Analysis status: done
2026-07-31 10:12:14,511 [INFO] ProjectBuilder:3606 - Time for Copy HAL[1] : 155mS.
2026-07-31 10:12:14,511 [ERROR] Middleware:2950 - Invalid RefComponent list
2026-07-31 10:12:14,512 [ERROR] Middleware:2950 - Invalid RefComponent list
2026-07-31 10:12:14,512 [ERROR] Middleware:2950 - Invalid RefComponent list
2026-07-31 10:12:14,512 [ERROR] Middleware:2950 - Invalid RefComponent list
2026-07-31 10:12:14,512 [ERROR] Middleware:2950 - Invalid RefComponent list
2026-07-31 10:12:14,512 [ERROR] Middleware:2950 - Invalid RefComponent list
2026-07-31 10:12:14,512 [ERROR] Middleware:2950 - Invalid RefComponent list
2026-07-31 10:12:14,512 [ERROR] Middleware:2950 - Invalid RefComponent list
2026-07-31 10:12:14,512 [ERROR] Middleware:2950 - Invalid RefComponent list
2026-07-31 10:12:14,512 [ERROR] Middleware:2950 - Invalid RefComponent list
2026-07-31 10:12:14,512 [ERROR] Middleware:2950 - Invalid RefComponent list
2026-07-31 10:12:14,512 [ERROR] Middleware:2950 - Invalid RefComponent list
2026-07-31 10:12:14,512 [ERROR] Middleware:2950 - Invalid RefComponent list
2026-07-31 10:12:14,512 [ERROR] Middleware:2950 - Invalid RefComponent list
2026-07-31 10:12:14,512 [ERROR] Middleware:2950 - Invalid RefComponent list
2026-07-31 10:12:14,512 [ERROR] Middleware:2950 - Invalid RefComponent list
2026-07-31 10:12:14,512 [ERROR] Middleware:2950 - Invalid RefComponent list
2026-07-31 10:12:14,512 [ERROR] Middleware:2950 - Invalid RefComponent list
2026-07-31 10:12:14,512 [ERROR] Middleware:2950 - Invalid RefComponent list
2026-07-31 10:12:14,512 [ERROR] Middleware:2950 - Invalid RefComponent list
2026-07-31 10:12:14,512 [ERROR] Middleware:2950 - Invalid RefComponent list
2026-07-31 10:12:14,512 [ERROR] Middleware:2950 - Invalid RefComponent list
2026-07-31 10:12:14,512 [ERROR] Middleware:2950 - Invalid RefComponent list
2026-07-31 10:12:14,512 [ERROR] Middleware:2950 - Invalid RefComponent list
2026-07-31 10:12:14,512 [ERROR] Middleware:2950 - Invalid RefComponent list
2026-07-31 10:12:14,512 [ERROR] Middleware:2950 - Invalid RefComponent list
2026-07-31 10:12:14,513 [ERROR] Middleware:2950 - Invalid RefComponent list
2026-07-31 10:12:14,513 [ERROR] Middleware:2950 - Invalid RefComponent list
2026-07-31 10:12:14,513 [ERROR] Middleware:2950 - Invalid RefComponent list
2026-07-31 10:12:14,513 [ERROR] Middleware:2950 - Invalid RefComponent list
2026-07-31 10:12:14,513 [ERROR] Middleware:2950 - Invalid RefComponent list
2026-07-31 10:12:14,513 [ERROR] Middleware:2950 - Invalid RefComponent list
2026-07-31 10:12:14,513 [ERROR] Middleware:2950 - Invalid RefComponent list
2026-07-31 10:12:14,513 [ERROR] Middleware:2950 - Invalid RefComponent list
2026-07-31 10:12:14,513 [ERROR] Middleware:2950 - Invalid RefComponent list
2026-07-31 10:12:14,513 [ERROR] Middleware:2950 - Invalid RefComponent list
2026-07-31 10:12:14,513 [ERROR] Middleware:2950 - Invalid RefComponent list
2026-07-31 10:12:14,513 [ERROR] Middleware:2950 - Invalid RefComponent list
2026-07-31 10:12:14,513 [ERROR] Middleware:2950 - Invalid RefComponent list
2026-07-31 10:12:14,513 [ERROR] Middleware:2950 - Invalid RefComponent list
2026-07-31 10:12:14,513 [ERROR] Middleware:2950 - Invalid RefComponent list
2026-07-31 10:12:14,513 [ERROR] Middleware:2950 - Invalid RefComponent list
2026-07-31 10:12:14,513 [ERROR] Middleware:2950 - Invalid RefComponent list
2026-07-31 10:12:14,513 [ERROR] Middleware:2950 - Invalid RefComponent list
2026-07-31 10:12:14,513 [ERROR] Middleware:2950 - Invalid RefComponent list
2026-07-31 10:12:14,513 [ERROR] Middleware:2950 - Invalid RefComponent list
2026-07-31 10:12:14,513 [ERROR] Middleware:2950 - Invalid RefComponent list
2026-07-31 10:12:14,513 [ERROR] Middleware:2950 - Invalid RefComponent list
2026-07-31 10:12:14,513 [ERROR] Middleware:2950 - Invalid RefComponent list
2026-07-31 10:12:14,513 [ERROR] Middleware:2950 - Invalid RefComponent list
2026-07-31 10:12:14,518 [INFO] ProjectBuilder:5216 - Project Generator version: 4.7.0-B52
2026-07-31 10:12:14,612 [INFO] ConfigFileManager:1595 - The Die is : DIE470
2026-07-31 10:12:16,189 [INFO] ProjectBuilder:5496 - Time for Generating toolchain IDE Files: 1670mS.
2026-07-31 10:12:16,190 [INFO] ProjectBuilder:3463 - Time for Copy CMSIS : 1mS.
2026-07-31 10:12:16,193 [INFO] ProjectBuilder:3463 - Time for Copy CMSIS : 0mS.
2026-07-31 10:13:26,973 [INFO] UtilMem:75 - End SaveConfig() Used Memory: 907037704 Bytes (1073741824)
2026-07-31 10:13:28,668 [INFO] UtilMem:75 - End SaveConfig() Used Memory: 948980744 Bytes (1073741824)
2026-07-31 10:13:28,924 [INFO] UtilMem:75 - End SaveConfig() Used Memory: 845786832 Bytes (1073741824)
2026-07-31 10:13:29,139 [INFO] BlockDiagram:2775 - set Specific Code input for plugin: SYS
2026-07-31 10:13:29,139 [INFO] BlockDiagram:2775 - set Specific Code input for plugin: RCC
2026-07-31 10:13:29,139 [INFO] BlockDiagram:2775 - set Specific Code input for plugin: I2C
2026-07-31 10:13:29,139 [INFO] BlockDiagram:2775 - set Specific Code input for plugin: NVIC
2026-07-31 10:13:29,139 [INFO] BlockDiagram:2775 - set Specific Code input for plugin: USART
2026-07-31 10:13:29,139 [INFO] BlockDiagram:2775 - set Specific Code input for plugin: STMicroelectronics.X-CUBE-AI.10.2.1
2026-07-31 10:13:29,139 [INFO] BlockDiagram:2775 - set Specific Code input for plugin: GPIO
2026-07-31 10:13:29,141 [INFO] CodeGenerator:892 - code generatio: config db path: C:\ST\STM32CubeIDE_1.19.0\STM32CubeIDE\plugins\com.st.stm32cube.common.mx_6.15.0.202507011659\\db\
2026-07-31 10:13:29,227 [INFO] IP:3329 - RTE Config file name : RTE_Component
2026-07-31 10:13:29,227 [INFO] IP:3347 - RTE template : RTE_Components.ftl
2026-07-31 10:13:29,236 [INFO] CodeEngine:265 - oldGeneratedFile, D:\TinyML_Workshop-main\TinyML_Workshop_PGR\TinyML_PGR\STM32\DL\MXTmpFiles\license.tmp_save
2026-07-31 10:13:29,315 [INFO] CodeEngine:289 - Generated code: D:\TinyML_Workshop-main\TinyML_Workshop_PGR\TinyML_PGR\STM32\DL\MXTmpFiles\license.tmp
2026-07-31 10:13:29,337 [INFO] CodeEngine:265 - oldGeneratedFile, D:\TinyML_Workshop-main\TinyML_Workshop_PGR\TinyML_PGR\STM32\DL\MXTmpFiles\gpio.tmp_save
2026-07-31 10:13:29,438 [INFO] CodeEngine:289 - Generated code: D:\TinyML_Workshop-main\TinyML_Workshop_PGR\TinyML_PGR\STM32\DL\MXTmpFiles\gpio.tmp
2026-07-31 10:13:29,514 [INFO] Middleware:1452 - No code input for Bsp Dependency
2026-07-31 10:13:29,516 [INFO] Middleware:1452 - No code input for Bsp Dependency
2026-07-31 10:13:29,526 [INFO] CodeEngine:265 - oldGeneratedFile, D:\TinyML_Workshop-main\TinyML_Workshop_PGR\TinyML_PGR\STM32\DL\Core\Src\stm32l4xx_it.c_save
2026-07-31 10:13:29,608 [INFO] CodeEngine:289 - Generated code: D:\TinyML_Workshop-main\TinyML_Workshop_PGR\TinyML_PGR\STM32\DL\Core\Src\stm32l4xx_it.c
2026-07-31 10:13:29,615 [INFO] CodeEngine:265 - oldGeneratedFile, D:\TinyML_Workshop-main\TinyML_Workshop_PGR\TinyML_PGR\STM32\DL\Core\Inc\stm32l4xx_it.h_save
2026-07-31 10:13:29,691 [INFO] CodeEngine:289 - Generated code: D:\TinyML_Workshop-main\TinyML_Workshop_PGR\TinyML_PGR\STM32\DL\Core\Inc\stm32l4xx_it.h
2026-07-31 10:13:29,706 [INFO] CodeEngine:265 - oldGeneratedFile, D:\TinyML_Workshop-main\TinyML_Workshop_PGR\TinyML_PGR\STM32\DL\Core\Src\stm32l4xx_hal_msp.c_save
2026-07-31 10:13:29,822 [INFO] CodeEngine:289 - Generated code: D:\TinyML_Workshop-main\TinyML_Workshop_PGR\TinyML_PGR\STM32\DL\Core\Src\stm32l4xx_hal_msp.c
2026-07-31 10:13:29,826 [INFO] CodeEngine:265 - oldGeneratedFile, D:\TinyML_Workshop-main\TinyML_Workshop_PGR\TinyML_PGR\STM32\DL\MXTmpFiles\system.tmp_save
2026-07-31 10:13:29,890 [INFO] CodeEngine:289 - Generated code: D:\TinyML_Workshop-main\TinyML_Workshop_PGR\TinyML_PGR\STM32\DL\MXTmpFiles\system.tmp
2026-07-31 10:13:29,902 [INFO] CodeEngine:321 - oldGeneratedFile, D:\TinyML_Workshop-main\TinyML_Workshop_PGR\TinyML_PGR\STM32\DL\Core\Inc\stm32l4xx_hal_conf.h_save
2026-07-31 10:13:29,973 [INFO] CodeEngine:345 - Generated code: D:\TinyML_Workshop-main\TinyML_Workshop_PGR\TinyML_PGR\STM32\DL\Core\Inc\stm32l4xx_hal_conf.h
2026-07-31 10:13:29,996 [INFO] CodeEngine:265 - oldGeneratedFile, D:\TinyML_Workshop-main\TinyML_Workshop_PGR\TinyML_PGR\STM32\DL\Core\Inc\main.h_save
2026-07-31 10:13:30,086 [INFO] CodeEngine:289 - Generated code: D:\TinyML_Workshop-main\TinyML_Workshop_PGR\TinyML_PGR\STM32\DL\Core\Inc\main.h
2026-07-31 10:13:30,093 [INFO] CodeEngine:265 - oldGeneratedFile, D:\TinyML_Workshop-main\TinyML_Workshop_PGR\TinyML_PGR\STM32\DL\Core\Src\main.c_save
2026-07-31 10:13:30,225 [INFO] CodeEngine:289 - Generated code: D:\TinyML_Workshop-main\TinyML_Workshop_PGR\TinyML_PGR\STM32\DL\Core\Src\main.c
2026-07-31 10:13:30,463 [INFO] AInterface:322 - ModelName:network; files:[D:\TinyML_Workshop-main\TinyML_Workshop_PGR\TinyML_PGR\ONNX\mlp_model.onnx]; type:ONNX; compression:None
2026-07-31 10:13:30,464 [INFO] AInterface:526 - workspaceTempDir: C:/Users/ADMIN/AppData/Local/Temp/mxAI_workspace6649279634060018236895650214231543
2026-07-31 10:13:30,465 [INFO] AInterface:1179 - Setting Env: C:/Users/ADMIN/STM32Cube/Repository//Packs/STMicroelectronics/X-CUBE-AI/10.2.1/Utilities/windows
2026-07-31 10:13:30,469 [INFO] STM32CubeIDEBuilder:265 - Looking for gnu-tools-for-stm32 tools/bin/arm-none-eabi-gcc.exe in C:\ST\STM32CubeIDE_1.19.0\STM32CubeIDE
2026-07-31 10:13:30,472 [INFO] STM32CubeIDEBuilder:294 - checking C:\ST\STM32CubeIDE_1.19.0\STM32CubeIDE\plugins\com.st.stm32cube.ide.mcu.externaltools.gnu-tools-for-stm32.13.3.rel1.win32_1.0.0.202411081344\tools\bin\arm-none-eabi-gcc.exe
2026-07-31 10:13:30,472 [INFO] STM32CubeIDEBuilder:297 - ret=C:\ST\STM32CubeIDE_1.19.0\STM32CubeIDE\plugins\com.st.stm32cube.ide.mcu.externaltools.gnu-tools-for-stm32.13.3.rel1.win32_1.0.0.202411081344\tools\bin\arm-none-eabi-gcc.exe
2026-07-31 10:13:30,472 [INFO] STM32CubeIDEBuilder:311 - returning C:\ST\STM32CubeIDE_1.19.0\STM32CubeIDE\plugins\com.st.stm32cube.ide.mcu.externaltools.gnu-tools-for-stm32.13.3.rel1.win32_1.0.0.202411081344\tools\bin\arm-none-eabi-gcc.exe
2026-07-31 10:13:30,473 [INFO] AInterface:1236 - Custom PATH variable: C:/Users/ADMIN/STM32Cube/Repository//Packs/STMicroelectronics/X-CUBE-AI/10.2.1/Utilities/windows;C:/Users/ADMIN/STM32Cube/Repository//Packs/STMicroelectronics/X-CUBE-AI/10.2.1/Utilities/windows/mingw64/bin;C:/Users/ADMIN/STM32Cube/Repository//Packs/STMicroelectronics/X-CUBE-AI/10.2.1/Utilities/windows/mingw64/libexec/gcc/x86_64-w64-mingw32/7.3.0;;C:\ST\STM32CubeIDE_1.19.0\STM32CubeIDE\plugins\com.st.stm32cube.ide.mcu.externaltools.gnu-tools-for-stm32.13.3.rel1.win32_1.0.0.202411081344\tools\bin
2026-07-31 10:13:30,474 [INFO] CmdLine:115 - Command: C:/Users/ADMIN/STM32Cube/Repository//Packs/STMicroelectronics/X-CUBE-AI/10.2.1/Utilities/windows/stedgeai.exe generate --target stm32l4 --name network -m D:/TinyML_Workshop-main/TinyML_Workshop_PGR/TinyML_PGR/ONNX/mlp_model.onnx --compression none --verbosity 1 --workspace C:/Users/ADMIN/AppData/Local/Temp/mxAI_workspace6649279634060018236895650214231543 --output C:/Users/ADMIN/.stm32cubemx/network_output
2026-07-31 10:13:30,475 [INFO] AIModelDetailledView:2264 - Analysis status: pending
2026-07-31 10:13:31,221 [INFO] CmdLine:76 - ST Edge AI Core v2.2.0-20266 2adc00962
2026-07-31 10:13:39,881 [INFO] CmdLine:76 - Creating c (debug) info json file C:\Users\ADMIN\.stm32cubemx\network_output\network_c_info.json
2026-07-31 10:13:39,904 [INFO] CmdLine:76 -  
2026-07-31 10:13:39,904 [INFO] CmdLine:76 -  Exec/report summary (generate)
2026-07-31 10:13:39,904 [INFO] CmdLine:76 -  ------------------------------------------------------------------------------------------------------------
2026-07-31 10:13:39,904 [INFO] CmdLine:76 -  model file         :   D:\TinyML_Workshop-main\TinyML_Workshop_PGR\TinyML_PGR\ONNX\mlp_model.onnx           
2026-07-31 10:13:39,904 [INFO] CmdLine:76 -  type               :   onnx                                                                                 
2026-07-31 10:13:39,906 [INFO] CmdLine:76 -  c_name             :   network                                                                              
2026-07-31 10:13:39,906 [INFO] CmdLine:76 -  compression        :   none                                                                                 
2026-07-31 10:13:39,906 [INFO] CmdLine:76 -  options            :   allocate-inputs, allocate-outputs                                                    
2026-07-31 10:13:39,906 [INFO] CmdLine:76 -  optimization       :   balanced                                                                             
2026-07-31 10:13:39,906 [INFO] CmdLine:76 -  target/series      :   stm32l4                                                                              
2026-07-31 10:13:39,906 [INFO] CmdLine:76 -  workspace dir      :   C:\Users\ADMIN\AppData\Local\Temp\mxAI_workspace6649279634060018236895650214231543   
2026-07-31 10:13:39,906 [INFO] CmdLine:76 -  output dir         :   C:\Users\ADMIN\.stm32cubemx\network_output                                           
2026-07-31 10:13:39,906 [INFO] CmdLine:76 -  model_fmt          :   float                                                                                
2026-07-31 10:13:39,906 [INFO] CmdLine:76 -  model_name         :   mlp_model                                                                            
2026-07-31 10:13:39,906 [INFO] CmdLine:76 -  model_hash         :   0x6244a8562aee069bc4ee7be628ef2ac9                                                   
2026-07-31 10:13:39,906 [INFO] CmdLine:76 -  params #           :   2,693 items (10.52 KiB)                                                              
2026-07-31 10:13:39,906 [INFO] CmdLine:76 -  ------------------------------------------------------------------------------------------------------------
2026-07-31 10:13:39,906 [INFO] CmdLine:76 -  input 1/1          :   'input', f32(1x6), 24 Bytes, activations                                             
2026-07-31 10:13:39,906 [INFO] CmdLine:76 -  output 1/1         :   'output', f32(1x5), 20 Bytes, activations                                            
2026-07-31 10:13:39,906 [INFO] CmdLine:76 -  macc               :   2,789                                                                                
2026-07-31 10:13:39,906 [INFO] CmdLine:76 -  weights (ro)       :   10,772 B (10.52 KiB) (1 segment)                                                     
2026-07-31 10:13:39,906 [INFO] CmdLine:76 -  activations (rw)   :   384 B (384 B) (1 segment) *                                                          
2026-07-31 10:13:39,906 [INFO] CmdLine:76 -  ram (total)        :   384 B (384 B) = 384 + 0 + 0                                                          
2026-07-31 10:13:39,906 [INFO] CmdLine:76 -  ------------------------------------------------------------------------------------------------------------
2026-07-31 10:13:39,906 [INFO] CmdLine:76 -  (*) 'input'/'output' buffers are allocated in the activations buffer
2026-07-31 10:13:39,911 [INFO] CmdLine:76 - Computing AI RT data/code size (target=stm32l4)..
2026-07-31 10:13:41,378 [INFO] CmdLine:76 -  Requested memory size by section - "stm32l4" target
2026-07-31 10:13:41,378 [INFO] CmdLine:76 -  ------------------------------ ------- -------- ------- -----
2026-07-31 10:13:41,379 [INFO] CmdLine:76 -  module                            text   rodata    data   bss
2026-07-31 10:13:41,379 [INFO] CmdLine:76 -  ------------------------------ ------- -------- ------- -----
2026-07-31 10:13:41,379 [INFO] CmdLine:76 -  NetworkRuntime1020_CM4_GCC.a     6,452        0       0     0
2026-07-31 10:13:41,379 [INFO] CmdLine:76 -  network.o                          528       40   1,584   140
2026-07-31 10:13:41,379 [INFO] CmdLine:76 -  network_data.o                      48       16      88     0
2026-07-31 10:13:41,379 [INFO] CmdLine:76 -  lib (toolchain)*                     0        0       0     0
2026-07-31 10:13:41,379 [INFO] CmdLine:76 -  ------------------------------ ------- -------- ------- -----
2026-07-31 10:13:41,379 [INFO] CmdLine:76 -  RT total**                       7,028       56   1,672   140
2026-07-31 10:13:41,380 [INFO] CmdLine:76 -  ------------------------------ ------- -------- ------- -----
2026-07-31 10:13:41,380 [INFO] CmdLine:76 -  weights                              0   10,776       0     0
2026-07-31 10:13:41,380 [INFO] CmdLine:76 -  activations                          0        0       0   384
2026-07-31 10:13:41,380 [INFO] CmdLine:76 -  io                                   0        0       0     0
2026-07-31 10:13:41,380 [INFO] CmdLine:76 -  ------------------------------ ------- -------- ------- -----
2026-07-31 10:13:41,380 [INFO] CmdLine:76 -  TOTAL                            7,028   10,832   1,672   524
2026-07-31 10:13:41,381 [INFO] CmdLine:76 -  ------------------------------ ------- -------- ------- -----
2026-07-31 10:13:41,381 [INFO] CmdLine:76 -  *  toolchain objects (libm/libgcc*)
2026-07-31 10:13:41,381 [INFO] CmdLine:76 -  ** RT AI runtime objects (kernels+infrastructure)
2026-07-31 10:13:41,382 [INFO] CmdLine:76 -   Summary - "stm32l4" target
2026-07-31 10:13:41,382 [INFO] CmdLine:76 -   ---------------------------------------------------
2026-07-31 10:13:41,383 [INFO] CmdLine:76 -                FLASH (ro)      %*   RAM (rw)       %
2026-07-31 10:13:41,383 [INFO] CmdLine:76 -   ---------------------------------------------------
2026-07-31 10:13:41,384 [INFO] CmdLine:76 -   RT total          8,756   44.8%      1,812   82.5%
2026-07-31 10:13:41,385 [INFO] CmdLine:76 -   ---------------------------------------------------
2026-07-31 10:13:41,385 [INFO] CmdLine:76 -   TOTAL            19,532              2,196
2026-07-31 10:13:41,385 [INFO] CmdLine:76 -   ---------------------------------------------------
2026-07-31 10:13:41,385 [INFO] CmdLine:76 -   *  rt/total
2026-07-31 10:13:41,385 [INFO] CmdLine:76 -  Generated files (7)
2026-07-31 10:13:41,385 [INFO] CmdLine:76 -  ------------------------------------------------------------------
2026-07-31 10:13:41,385 [INFO] CmdLine:76 -  C:\Users\ADMIN\.stm32cubemx\network_output\network_data_params.h
2026-07-31 10:13:41,386 [INFO] CmdLine:76 -  C:\Users\ADMIN\.stm32cubemx\network_output\network_data_params.c
2026-07-31 10:13:41,386 [INFO] CmdLine:76 -  C:\Users\ADMIN\.stm32cubemx\network_output\network_data.h
2026-07-31 10:13:41,386 [INFO] CmdLine:76 -  C:\Users\ADMIN\.stm32cubemx\network_output\network_data.c
2026-07-31 10:13:41,386 [INFO] CmdLine:76 -  C:\Users\ADMIN\.stm32cubemx\network_output\network_config.h
2026-07-31 10:13:41,386 [INFO] CmdLine:76 -  C:\Users\ADMIN\.stm32cubemx\network_output\network.h
2026-07-31 10:13:41,386 [INFO] CmdLine:76 -  C:\Users\ADMIN\.stm32cubemx\network_output\network.c
2026-07-31 10:13:41,387 [INFO] CmdLine:76 - Creating txt report file C:\Users\ADMIN\.stm32cubemx\network_output\network_generate_report.txt
2026-07-31 10:13:53,321 [INFO] CmdLine:76 - elapsed time (generate): 22.101s
2026-07-31 10:13:53,924 [INFO] CmdLine:148 - stedgeai exit with status: 0
2026-07-31 10:13:53,935 [INFO] AIModelDetailledView:2264 - Analysis status: done
2026-07-31 10:13:54,332 [INFO] ProjectBuilder:3606 - Time for Copy HAL[1] : 144mS.
2026-07-31 10:13:54,332 [ERROR] Middleware:2950 - Invalid RefComponent list
2026-07-31 10:13:54,332 [ERROR] Middleware:2950 - Invalid RefComponent list
2026-07-31 10:13:54,332 [ERROR] Middleware:2950 - Invalid RefComponent list
2026-07-31 10:13:54,332 [ERROR] Middleware:2950 - Invalid RefComponent list
2026-07-31 10:13:54,332 [ERROR] Middleware:2950 - Invalid RefComponent list
2026-07-31 10:13:54,332 [ERROR] Middleware:2950 - Invalid RefComponent list
2026-07-31 10:13:54,332 [ERROR] Middleware:2950 - Invalid RefComponent list
2026-07-31 10:13:54,332 [ERROR] Middleware:2950 - Invalid RefComponent list
2026-07-31 10:13:54,332 [ERROR] Middleware:2950 - Invalid RefComponent list
2026-07-31 10:13:54,332 [ERROR] Middleware:2950 - Invalid RefComponent list
2026-07-31 10:13:54,332 [ERROR] Middleware:2950 - Invalid RefComponent list
2026-07-31 10:13:54,332 [ERROR] Middleware:2950 - Invalid RefComponent list
2026-07-31 10:13:54,333 [ERROR] Middleware:2950 - Invalid RefComponent list
2026-07-31 10:13:54,333 [ERROR] Middleware:2950 - Invalid RefComponent list
2026-07-31 10:13:54,333 [ERROR] Middleware:2950 - Invalid RefComponent list
2026-07-31 10:13:54,333 [ERROR] Middleware:2950 - Invalid RefComponent list
2026-07-31 10:13:54,333 [ERROR] Middleware:2950 - Invalid RefComponent list
2026-07-31 10:13:54,333 [ERROR] Middleware:2950 - Invalid RefComponent list
2026-07-31 10:13:54,333 [ERROR] Middleware:2950 - Invalid RefComponent list
2026-07-31 10:13:54,333 [ERROR] Middleware:2950 - Invalid RefComponent list
2026-07-31 10:13:54,333 [ERROR] Middleware:2950 - Invalid RefComponent list
2026-07-31 10:13:54,333 [ERROR] Middleware:2950 - Invalid RefComponent list
2026-07-31 10:13:54,333 [ERROR] Middleware:2950 - Invalid RefComponent list
2026-07-31 10:13:54,333 [ERROR] Middleware:2950 - Invalid RefComponent list
2026-07-31 10:13:54,333 [ERROR] Middleware:2950 - Invalid RefComponent list
2026-07-31 10:13:54,333 [ERROR] Middleware:2950 - Invalid RefComponent list
2026-07-31 10:13:54,333 [ERROR] Middleware:2950 - Invalid RefComponent list
2026-07-31 10:13:54,333 [ERROR] Middleware:2950 - Invalid RefComponent list
2026-07-31 10:13:54,333 [ERROR] Middleware:2950 - Invalid RefComponent list
2026-07-31 10:13:54,333 [ERROR] Middleware:2950 - Invalid RefComponent list
2026-07-31 10:13:54,333 [ERROR] Middleware:2950 - Invalid RefComponent list
2026-07-31 10:13:54,333 [ERROR] Middleware:2950 - Invalid RefComponent list
2026-07-31 10:13:54,333 [ERROR] Middleware:2950 - Invalid RefComponent list
2026-07-31 10:13:54,333 [ERROR] Middleware:2950 - Invalid RefComponent list
2026-07-31 10:13:54,333 [ERROR] Middleware:2950 - Invalid RefComponent list
2026-07-31 10:13:54,333 [ERROR] Middleware:2950 - Invalid RefComponent list
2026-07-31 10:13:54,333 [ERROR] Middleware:2950 - Invalid RefComponent list
2026-07-31 10:13:54,333 [ERROR] Middleware:2950 - Invalid RefComponent list
2026-07-31 10:13:54,333 [ERROR] Middleware:2950 - Invalid RefComponent list
2026-07-31 10:13:54,333 [ERROR] Middleware:2950 - Invalid RefComponent list
2026-07-31 10:13:54,333 [ERROR] Middleware:2950 - Invalid RefComponent list
2026-07-31 10:13:54,333 [ERROR] Middleware:2950 - Invalid RefComponent list
2026-07-31 10:13:54,333 [ERROR] Middleware:2950 - Invalid RefComponent list
2026-07-31 10:13:54,333 [ERROR] Middleware:2950 - Invalid RefComponent list
2026-07-31 10:13:54,333 [ERROR] Middleware:2950 - Invalid RefComponent list
2026-07-31 10:13:54,334 [ERROR] Middleware:2950 - Invalid RefComponent list
2026-07-31 10:13:54,334 [ERROR] Middleware:2950 - Invalid RefComponent list
2026-07-31 10:13:54,334 [ERROR] Middleware:2950 - Invalid RefComponent list
2026-07-31 10:13:54,334 [ERROR] Middleware:2950 - Invalid RefComponent list
2026-07-31 10:13:54,334 [ERROR] Middleware:2950 - Invalid RefComponent list
2026-07-31 10:13:54,337 [INFO] ProjectBuilder:5216 - Project Generator version: 4.7.0-B52
2026-07-31 10:13:54,426 [INFO] ConfigFileManager:1595 - The Die is : DIE470
2026-07-31 10:13:55,402 [INFO] ProjectBuilder:5496 - Time for Generating toolchain IDE Files: 1064mS.
2026-07-31 10:13:55,403 [INFO] ProjectBuilder:3463 - Time for Copy CMSIS : 1mS.
2026-07-31 10:13:55,405 [INFO] ProjectBuilder:3463 - Time for Copy CMSIS : 0mS.
2026-07-31 10:13:55,962 [INFO] UtilMem:75 - End SaveConfig() Used Memory: 978682144 Bytes (1073741824)
2026-07-31 10:13:58,878 [INFO] UtilMem:75 - End SaveConfig() Used Memory: 908500640 Bytes (1073741824)
2026-07-31 10:13:59,088 [INFO] UtilMem:75 - End SaveConfig() Used Memory: 949921440 Bytes (1073741824)
2026-07-31 10:13:59,282 [INFO] BlockDiagram:2775 - set Specific Code input for plugin: SYS
2026-07-31 10:13:59,282 [INFO] BlockDiagram:2775 - set Specific Code input for plugin: RCC
2026-07-31 10:13:59,282 [INFO] BlockDiagram:2775 - set Specific Code input for plugin: I2C
2026-07-31 10:13:59,282 [INFO] BlockDiagram:2775 - set Specific Code input for plugin: NVIC
2026-07-31 10:13:59,282 [INFO] BlockDiagram:2775 - set Specific Code input for plugin: USART
2026-07-31 10:13:59,282 [INFO] BlockDiagram:2775 - set Specific Code input for plugin: STMicroelectronics.X-CUBE-AI.10.2.1
2026-07-31 10:13:59,282 [INFO] BlockDiagram:2775 - set Specific Code input for plugin: GPIO
2026-07-31 10:13:59,283 [INFO] CodeGenerator:892 - code generatio: config db path: C:\ST\STM32CubeIDE_1.19.0\STM32CubeIDE\plugins\com.st.stm32cube.common.mx_6.15.0.202507011659\\db\
2026-07-31 10:13:59,378 [INFO] IP:3329 - RTE Config file name : RTE_Component
2026-07-31 10:13:59,378 [INFO] IP:3347 - RTE template : RTE_Components.ftl
2026-07-31 10:13:59,386 [INFO] CodeEngine:265 - oldGeneratedFile, D:\TinyML_Workshop-main\TinyML_Workshop_PGR\TinyML_PGR\STM32\DL\MXTmpFiles\license.tmp_save
2026-07-31 10:13:59,452 [INFO] CodeEngine:289 - Generated code: D:\TinyML_Workshop-main\TinyML_Workshop_PGR\TinyML_PGR\STM32\DL\MXTmpFiles\license.tmp
2026-07-31 10:13:59,472 [INFO] CodeEngine:265 - oldGeneratedFile, D:\TinyML_Workshop-main\TinyML_Workshop_PGR\TinyML_PGR\STM32\DL\MXTmpFiles\gpio.tmp_save
2026-07-31 10:13:59,542 [INFO] CodeEngine:289 - Generated code: D:\TinyML_Workshop-main\TinyML_Workshop_PGR\TinyML_PGR\STM32\DL\MXTmpFiles\gpio.tmp
2026-07-31 10:13:59,616 [INFO] Middleware:1452 - No code input for Bsp Dependency
2026-07-31 10:13:59,617 [INFO] Middleware:1452 - No code input for Bsp Dependency
2026-07-31 10:13:59,628 [INFO] CodeEngine:265 - oldGeneratedFile, D:\TinyML_Workshop-main\TinyML_Workshop_PGR\TinyML_PGR\STM32\DL\Core\Src\stm32l4xx_it.c_save
2026-07-31 10:13:59,702 [INFO] CodeEngine:289 - Generated code: D:\TinyML_Workshop-main\TinyML_Workshop_PGR\TinyML_PGR\STM32\DL\Core\Src\stm32l4xx_it.c
2026-07-31 10:13:59,707 [INFO] CodeEngine:265 - oldGeneratedFile, D:\TinyML_Workshop-main\TinyML_Workshop_PGR\TinyML_PGR\STM32\DL\Core\Inc\stm32l4xx_it.h_save
2026-07-31 10:13:59,772 [INFO] CodeEngine:289 - Generated code: D:\TinyML_Workshop-main\TinyML_Workshop_PGR\TinyML_PGR\STM32\DL\Core\Inc\stm32l4xx_it.h
2026-07-31 10:13:59,785 [INFO] CodeEngine:265 - oldGeneratedFile, D:\TinyML_Workshop-main\TinyML_Workshop_PGR\TinyML_PGR\STM32\DL\Core\Src\stm32l4xx_hal_msp.c_save
2026-07-31 10:13:59,886 [INFO] CodeEngine:289 - Generated code: D:\TinyML_Workshop-main\TinyML_Workshop_PGR\TinyML_PGR\STM32\DL\Core\Src\stm32l4xx_hal_msp.c
2026-07-31 10:13:59,890 [INFO] CodeEngine:265 - oldGeneratedFile, D:\TinyML_Workshop-main\TinyML_Workshop_PGR\TinyML_PGR\STM32\DL\MXTmpFiles\system.tmp_save
2026-07-31 10:13:59,953 [INFO] CodeEngine:289 - Generated code: D:\TinyML_Workshop-main\TinyML_Workshop_PGR\TinyML_PGR\STM32\DL\MXTmpFiles\system.tmp
2026-07-31 10:13:59,963 [INFO] CodeEngine:321 - oldGeneratedFile, D:\TinyML_Workshop-main\TinyML_Workshop_PGR\TinyML_PGR\STM32\DL\Core\Inc\stm32l4xx_hal_conf.h_save
2026-07-31 10:14:00,035 [INFO] CodeEngine:345 - Generated code: D:\TinyML_Workshop-main\TinyML_Workshop_PGR\TinyML_PGR\STM32\DL\Core\Inc\stm32l4xx_hal_conf.h
2026-07-31 10:14:00,056 [INFO] CodeEngine:265 - oldGeneratedFile, D:\TinyML_Workshop-main\TinyML_Workshop_PGR\TinyML_PGR\STM32\DL\Core\Inc\main.h_save
2026-07-31 10:14:00,128 [INFO] CodeEngine:289 - Generated code: D:\TinyML_Workshop-main\TinyML_Workshop_PGR\TinyML_PGR\STM32\DL\Core\Inc\main.h
2026-07-31 10:14:00,134 [INFO] CodeEngine:265 - oldGeneratedFile, D:\TinyML_Workshop-main\TinyML_Workshop_PGR\TinyML_PGR\STM32\DL\Core\Src\main.c_save
2026-07-31 10:14:00,244 [INFO] CodeEngine:289 - Generated code: D:\TinyML_Workshop-main\TinyML_Workshop_PGR\TinyML_PGR\STM32\DL\Core\Src\main.c
2026-07-31 10:14:00,504 [INFO] AInterface:322 - ModelName:network; files:[D:\TinyML_Workshop-main\TinyML_Workshop_PGR\TinyML_PGR\ONNX\mlp_model.onnx]; type:ONNX; compression:None
2026-07-31 10:14:00,505 [INFO] AInterface:526 - workspaceTempDir: C:/Users/ADMIN/AppData/Local/Temp/mxAI_workspace665228370732009178998404363076107
2026-07-31 10:14:00,505 [INFO] AInterface:1179 - Setting Env: C:/Users/ADMIN/STM32Cube/Repository//Packs/STMicroelectronics/X-CUBE-AI/10.2.1/Utilities/windows
2026-07-31 10:14:00,510 [INFO] STM32CubeIDEBuilder:265 - Looking for gnu-tools-for-stm32 tools/bin/arm-none-eabi-gcc.exe in C:\ST\STM32CubeIDE_1.19.0\STM32CubeIDE
2026-07-31 10:14:00,512 [INFO] STM32CubeIDEBuilder:294 - checking C:\ST\STM32CubeIDE_1.19.0\STM32CubeIDE\plugins\com.st.stm32cube.ide.mcu.externaltools.gnu-tools-for-stm32.13.3.rel1.win32_1.0.0.202411081344\tools\bin\arm-none-eabi-gcc.exe
2026-07-31 10:14:00,513 [INFO] STM32CubeIDEBuilder:297 - ret=C:\ST\STM32CubeIDE_1.19.0\STM32CubeIDE\plugins\com.st.stm32cube.ide.mcu.externaltools.gnu-tools-for-stm32.13.3.rel1.win32_1.0.0.202411081344\tools\bin\arm-none-eabi-gcc.exe
2026-07-31 10:14:00,513 [INFO] STM32CubeIDEBuilder:311 - returning C:\ST\STM32CubeIDE_1.19.0\STM32CubeIDE\plugins\com.st.stm32cube.ide.mcu.externaltools.gnu-tools-for-stm32.13.3.rel1.win32_1.0.0.202411081344\tools\bin\arm-none-eabi-gcc.exe
2026-07-31 10:14:00,514 [INFO] AInterface:1236 - Custom PATH variable: C:/Users/ADMIN/STM32Cube/Repository//Packs/STMicroelectronics/X-CUBE-AI/10.2.1/Utilities/windows;C:/Users/ADMIN/STM32Cube/Repository//Packs/STMicroelectronics/X-CUBE-AI/10.2.1/Utilities/windows/mingw64/bin;C:/Users/ADMIN/STM32Cube/Repository//Packs/STMicroelectronics/X-CUBE-AI/10.2.1/Utilities/windows/mingw64/libexec/gcc/x86_64-w64-mingw32/7.3.0;;C:\ST\STM32CubeIDE_1.19.0\STM32CubeIDE\plugins\com.st.stm32cube.ide.mcu.externaltools.gnu-tools-for-stm32.13.3.rel1.win32_1.0.0.202411081344\tools\bin
2026-07-31 10:14:00,515 [INFO] CmdLine:115 - Command: C:/Users/ADMIN/STM32Cube/Repository//Packs/STMicroelectronics/X-CUBE-AI/10.2.1/Utilities/windows/stedgeai.exe generate --target stm32l4 --name network -m D:/TinyML_Workshop-main/TinyML_Workshop_PGR/TinyML_PGR/ONNX/mlp_model.onnx --compression none --verbosity 1 --workspace C:/Users/ADMIN/AppData/Local/Temp/mxAI_workspace665228370732009178998404363076107 --output C:/Users/ADMIN/.stm32cubemx/network_output
2026-07-31 10:14:00,517 [INFO] AIModelDetailledView:2264 - Analysis status: pending
2026-07-31 10:14:01,239 [INFO] CmdLine:76 - ST Edge AI Core v2.2.0-20266 2adc00962
2026-07-31 10:14:09,813 [INFO] CmdLine:76 - Creating c (debug) info json file C:\Users\ADMIN\.stm32cubemx\network_output\network_c_info.json
2026-07-31 10:14:09,835 [INFO] CmdLine:76 -  
2026-07-31 10:14:09,836 [INFO] CmdLine:76 -  Exec/report summary (generate)
2026-07-31 10:14:09,836 [INFO] CmdLine:76 -  -----------------------------------------------------------------------------------------------------------
2026-07-31 10:14:09,836 [INFO] CmdLine:76 -  model file         :   D:\TinyML_Workshop-main\TinyML_Workshop_PGR\TinyML_PGR\ONNX\mlp_model.onnx          
2026-07-31 10:14:09,836 [INFO] CmdLine:76 -  type               :   onnx                                                                                
2026-07-31 10:14:09,836 [INFO] CmdLine:76 -  c_name             :   network                                                                             
2026-07-31 10:14:09,836 [INFO] CmdLine:76 -  compression        :   none                                                                                
2026-07-31 10:14:09,836 [INFO] CmdLine:76 -  options            :   allocate-inputs, allocate-outputs                                                   
2026-07-31 10:14:09,836 [INFO] CmdLine:76 -  optimization       :   balanced                                                                            
2026-07-31 10:14:09,836 [INFO] CmdLine:76 -  target/series      :   stm32l4                                                                             
2026-07-31 10:14:09,836 [INFO] CmdLine:76 -  workspace dir      :   C:\Users\ADMIN\AppData\Local\Temp\mxAI_workspace665228370732009178998404363076107   
2026-07-31 10:14:09,836 [INFO] CmdLine:76 -  output dir         :   C:\Users\ADMIN\.stm32cubemx\network_output                                          
2026-07-31 10:14:09,836 [INFO] CmdLine:76 -  model_fmt          :   float                                                                               
2026-07-31 10:14:09,836 [INFO] CmdLine:76 -  model_name         :   mlp_model                                                                           
2026-07-31 10:14:09,837 [INFO] CmdLine:76 -  model_hash         :   0x6244a8562aee069bc4ee7be628ef2ac9                                                  
2026-07-31 10:14:09,837 [INFO] CmdLine:76 -  params #           :   2,693 items (10.52 KiB)                                                             
2026-07-31 10:14:09,837 [INFO] CmdLine:76 -  -----------------------------------------------------------------------------------------------------------
2026-07-31 10:14:09,837 [INFO] CmdLine:76 -  input 1/1          :   'input', f32(1x6), 24 Bytes, activations                                            
2026-07-31 10:14:09,837 [INFO] CmdLine:76 -  output 1/1         :   'output', f32(1x5), 20 Bytes, activations                                           
2026-07-31 10:14:09,837 [INFO] CmdLine:76 -  macc               :   2,789                                                                               
2026-07-31 10:14:09,837 [INFO] CmdLine:76 -  weights (ro)       :   10,772 B (10.52 KiB) (1 segment)                                                    
2026-07-31 10:14:09,837 [INFO] CmdLine:76 -  activations (rw)   :   384 B (384 B) (1 segment) *                                                         
2026-07-31 10:14:09,837 [INFO] CmdLine:76 -  ram (total)        :   384 B (384 B) = 384 + 0 + 0                                                         
2026-07-31 10:14:09,837 [INFO] CmdLine:76 -  -----------------------------------------------------------------------------------------------------------
2026-07-31 10:14:09,837 [INFO] CmdLine:76 -  (*) 'input'/'output' buffers are allocated in the activations buffer
2026-07-31 10:14:09,842 [INFO] CmdLine:76 - Computing AI RT data/code size (target=stm32l4)..
2026-07-31 10:14:11,299 [INFO] CmdLine:76 -  Requested memory size by section - "stm32l4" target
2026-07-31 10:14:11,300 [INFO] CmdLine:76 -  ------------------------------ ------- -------- ------- -----
2026-07-31 10:14:11,300 [INFO] CmdLine:76 -  module                            text   rodata    data   bss
2026-07-31 10:14:11,300 [INFO] CmdLine:76 -  ------------------------------ ------- -------- ------- -----
2026-07-31 10:14:11,300 [INFO] CmdLine:76 -  NetworkRuntime1020_CM4_GCC.a     6,452        0       0     0
2026-07-31 10:14:11,300 [INFO] CmdLine:76 -  network.o                          528       40   1,584   140
2026-07-31 10:14:11,301 [INFO] CmdLine:76 -  network_data.o                      48       16      88     0
2026-07-31 10:14:11,301 [INFO] CmdLine:76 -  lib (toolchain)*                     0        0       0     0
2026-07-31 10:14:11,301 [INFO] CmdLine:76 -  ------------------------------ ------- -------- ------- -----
2026-07-31 10:14:11,301 [INFO] CmdLine:76 -  RT total**                       7,028       56   1,672   140
2026-07-31 10:14:11,301 [INFO] CmdLine:76 -  ------------------------------ ------- -------- ------- -----
2026-07-31 10:14:11,301 [INFO] CmdLine:76 -  weights                              0   10,776       0     0
2026-07-31 10:14:11,301 [INFO] CmdLine:76 -  activations                          0        0       0   384
2026-07-31 10:14:11,302 [INFO] CmdLine:76 -  io                                   0        0       0     0
2026-07-31 10:14:11,302 [INFO] CmdLine:76 -  ------------------------------ ------- -------- ------- -----
2026-07-31 10:14:11,302 [INFO] CmdLine:76 -  TOTAL                            7,028   10,832   1,672   524
2026-07-31 10:14:11,302 [INFO] CmdLine:76 -  ------------------------------ ------- -------- ------- -----
2026-07-31 10:14:11,302 [INFO] CmdLine:76 -  *  toolchain objects (libm/libgcc*)
2026-07-31 10:14:11,302 [INFO] CmdLine:76 -  ** RT AI runtime objects (kernels+infrastructure)
2026-07-31 10:14:11,302 [INFO] CmdLine:76 -   Summary - "stm32l4" target
2026-07-31 10:14:11,302 [INFO] CmdLine:76 -   ---------------------------------------------------
2026-07-31 10:14:11,302 [INFO] CmdLine:76 -                FLASH (ro)      %*   RAM (rw)       %
2026-07-31 10:14:11,303 [INFO] CmdLine:76 -   ---------------------------------------------------
2026-07-31 10:14:11,303 [INFO] CmdLine:76 -   RT total          8,756   44.8%      1,812   82.5%
2026-07-31 10:14:11,303 [INFO] CmdLine:76 -   ---------------------------------------------------
2026-07-31 10:14:11,303 [INFO] CmdLine:76 -   TOTAL            19,532              2,196
2026-07-31 10:14:11,303 [INFO] CmdLine:76 -   ---------------------------------------------------
2026-07-31 10:14:11,303 [INFO] CmdLine:76 -   *  rt/total
2026-07-31 10:14:11,303 [INFO] CmdLine:76 -  Generated files (7)
2026-07-31 10:14:11,303 [INFO] CmdLine:76 -  ------------------------------------------------------------------
2026-07-31 10:14:11,303 [INFO] CmdLine:76 -  C:\Users\ADMIN\.stm32cubemx\network_output\network_data_params.h
2026-07-31 10:14:11,304 [INFO] CmdLine:76 -  C:\Users\ADMIN\.stm32cubemx\network_output\network_data_params.c
2026-07-31 10:14:11,304 [INFO] CmdLine:76 -  C:\Users\ADMIN\.stm32cubemx\network_output\network_data.h
2026-07-31 10:14:11,304 [INFO] CmdLine:76 -  C:\Users\ADMIN\.stm32cubemx\network_output\network_data.c
2026-07-31 10:14:11,304 [INFO] CmdLine:76 -  C:\Users\ADMIN\.stm32cubemx\network_output\network_config.h
2026-07-31 10:14:11,304 [INFO] CmdLine:76 -  C:\Users\ADMIN\.stm32cubemx\network_output\network.h
2026-07-31 10:14:11,304 [INFO] CmdLine:76 -  C:\Users\ADMIN\.stm32cubemx\network_output\network.c
2026-07-31 10:14:11,304 [INFO] CmdLine:76 - Creating txt report file C:\Users\ADMIN\.stm32cubemx\network_output\network_generate_report.txt
2026-07-31 10:14:22,996 [INFO] CmdLine:76 - elapsed time (generate): 21.757s
2026-07-31 10:14:23,598 [INFO] CmdLine:148 - stedgeai exit with status: 0
2026-07-31 10:14:23,607 [INFO] AIModelDetailledView:2264 - Analysis status: done
2026-07-31 10:14:24,001 [INFO] ProjectBuilder:3606 - Time for Copy HAL[1] : 147mS.
2026-07-31 10:14:24,001 [ERROR] Middleware:2950 - Invalid RefComponent list
2026-07-31 10:14:24,001 [ERROR] Middleware:2950 - Invalid RefComponent list
2026-07-31 10:14:24,001 [ERROR] Middleware:2950 - Invalid RefComponent list
2026-07-31 10:14:24,001 [ERROR] Middleware:2950 - Invalid RefComponent list
2026-07-31 10:14:24,001 [ERROR] Middleware:2950 - Invalid RefComponent list
2026-07-31 10:14:24,001 [ERROR] Middleware:2950 - Invalid RefComponent list
2026-07-31 10:14:24,002 [ERROR] Middleware:2950 - Invalid RefComponent list
2026-07-31 10:14:24,002 [ERROR] Middleware:2950 - Invalid RefComponent list
2026-07-31 10:14:24,002 [ERROR] Middleware:2950 - Invalid RefComponent list
2026-07-31 10:14:24,002 [ERROR] Middleware:2950 - Invalid RefComponent list
2026-07-31 10:14:24,002 [ERROR] Middleware:2950 - Invalid RefComponent list
2026-07-31 10:14:24,002 [ERROR] Middleware:2950 - Invalid RefComponent list
2026-07-31 10:14:24,002 [ERROR] Middleware:2950 - Invalid RefComponent list
2026-07-31 10:14:24,002 [ERROR] Middleware:2950 - Invalid RefComponent list
2026-07-31 10:14:24,002 [ERROR] Middleware:2950 - Invalid RefComponent list
2026-07-31 10:14:24,002 [ERROR] Middleware:2950 - Invalid RefComponent list
2026-07-31 10:14:24,002 [ERROR] Middleware:2950 - Invalid RefComponent list
2026-07-31 10:14:24,002 [ERROR] Middleware:2950 - Invalid RefComponent list
2026-07-31 10:14:24,002 [ERROR] Middleware:2950 - Invalid RefComponent list
2026-07-31 10:14:24,002 [ERROR] Middleware:2950 - Invalid RefComponent list
2026-07-31 10:14:24,002 [ERROR] Middleware:2950 - Invalid RefComponent list
2026-07-31 10:14:24,002 [ERROR] Middleware:2950 - Invalid RefComponent list
2026-07-31 10:14:24,002 [ERROR] Middleware:2950 - Invalid RefComponent list
2026-07-31 10:14:24,002 [ERROR] Middleware:2950 - Invalid RefComponent list
2026-07-31 10:14:24,002 [ERROR] Middleware:2950 - Invalid RefComponent list
2026-07-31 10:14:24,002 [ERROR] Middleware:2950 - Invalid RefComponent list
2026-07-31 10:14:24,002 [ERROR] Middleware:2950 - Invalid RefComponent list
2026-07-31 10:14:24,002 [ERROR] Middleware:2950 - Invalid RefComponent list
2026-07-31 10:14:24,002 [ERROR] Middleware:2950 - Invalid RefComponent list
2026-07-31 10:14:24,002 [ERROR] Middleware:2950 - Invalid RefComponent list
2026-07-31 10:14:24,002 [ERROR] Middleware:2950 - Invalid RefComponent list
2026-07-31 10:14:24,002 [ERROR] Middleware:2950 - Invalid RefComponent list
2026-07-31 10:14:24,002 [ERROR] Middleware:2950 - Invalid RefComponent list
2026-07-31 10:14:24,002 [ERROR] Middleware:2950 - Invalid RefComponent list
2026-07-31 10:14:24,002 [ERROR] Middleware:2950 - Invalid RefComponent list
2026-07-31 10:14:24,002 [ERROR] Middleware:2950 - Invalid RefComponent list
2026-07-31 10:14:24,002 [ERROR] Middleware:2950 - Invalid RefComponent list
2026-07-31 10:14:24,003 [ERROR] Middleware:2950 - Invalid RefComponent list
2026-07-31 10:14:24,003 [ERROR] Middleware:2950 - Invalid RefComponent list
2026-07-31 10:14:24,003 [ERROR] Middleware:2950 - Invalid RefComponent list
2026-07-31 10:14:24,003 [ERROR] Middleware:2950 - Invalid RefComponent list
2026-07-31 10:14:24,003 [ERROR] Middleware:2950 - Invalid RefComponent list
2026-07-31 10:14:24,003 [ERROR] Middleware:2950 - Invalid RefComponent list
2026-07-31 10:14:24,003 [ERROR] Middleware:2950 - Invalid RefComponent list
2026-07-31 10:14:24,003 [ERROR] Middleware:2950 - Invalid RefComponent list
2026-07-31 10:14:24,003 [ERROR] Middleware:2950 - Invalid RefComponent list
2026-07-31 10:14:24,003 [ERROR] Middleware:2950 - Invalid RefComponent list
2026-07-31 10:14:24,003 [ERROR] Middleware:2950 - Invalid RefComponent list
2026-07-31 10:14:24,003 [ERROR] Middleware:2950 - Invalid RefComponent list
2026-07-31 10:14:24,003 [ERROR] Middleware:2950 - Invalid RefComponent list
2026-07-31 10:14:24,006 [INFO] ProjectBuilder:5216 - Project Generator version: 4.7.0-B52
2026-07-31 10:14:24,090 [INFO] ConfigFileManager:1595 - The Die is : DIE470
2026-07-31 10:14:24,926 [INFO] ProjectBuilder:5496 - Time for Generating toolchain IDE Files: 920mS.
2026-07-31 10:14:24,927 [INFO] ProjectBuilder:3463 - Time for Copy CMSIS : 1mS.
2026-07-31 10:14:24,928 [INFO] ProjectBuilder:3463 - Time for Copy CMSIS : 0mS.
2026-07-31 10:21:41,359 [INFO] UtilMem:75 - End SaveConfig() Used Memory: 883007720 Bytes (1073741824)
2026-07-31 10:21:42,473 [INFO] UtilMem:75 - End SaveConfig() Used Memory: 922853608 Bytes (1073741824)
2026-07-31 10:21:42,692 [INFO] UtilMem:75 - End SaveConfig() Used Memory: 963883712 Bytes (1073741824)
2026-07-31 10:21:42,948 [INFO] BlockDiagram:2775 - set Specific Code input for plugin: SYS
2026-07-31 10:21:42,949 [INFO] BlockDiagram:2775 - set Specific Code input for plugin: RCC
2026-07-31 10:21:42,949 [INFO] BlockDiagram:2775 - set Specific Code input for plugin: I2C
2026-07-31 10:21:42,949 [INFO] BlockDiagram:2775 - set Specific Code input for plugin: NVIC
2026-07-31 10:21:42,949 [INFO] BlockDiagram:2775 - set Specific Code input for plugin: USART
2026-07-31 10:21:42,949 [INFO] BlockDiagram:2775 - set Specific Code input for plugin: STMicroelectronics.X-CUBE-AI.10.2.1
2026-07-31 10:21:42,949 [INFO] BlockDiagram:2775 - set Specific Code input for plugin: GPIO
2026-07-31 10:21:42,952 [INFO] CodeGenerator:892 - code generatio: config db path: C:\ST\STM32CubeIDE_1.19.0\STM32CubeIDE\plugins\com.st.stm32cube.common.mx_6.15.0.202507011659\\db\
2026-07-31 10:21:43,053 [INFO] IP:3329 - RTE Config file name : RTE_Component
2026-07-31 10:21:43,053 [INFO] IP:3347 - RTE template : RTE_Components.ftl
2026-07-31 10:21:43,064 [INFO] CodeEngine:265 - oldGeneratedFile, D:\TinyML_Workshop-main\TinyML_Workshop_PGR\TinyML_PGR\STM32\DL\MXTmpFiles\license.tmp_save
2026-07-31 10:21:43,157 [INFO] CodeEngine:289 - Generated code: D:\TinyML_Workshop-main\TinyML_Workshop_PGR\TinyML_PGR\STM32\DL\MXTmpFiles\license.tmp
2026-07-31 10:21:43,179 [INFO] CodeEngine:265 - oldGeneratedFile, D:\TinyML_Workshop-main\TinyML_Workshop_PGR\TinyML_PGR\STM32\DL\MXTmpFiles\gpio.tmp_save
2026-07-31 10:21:43,253 [INFO] CodeEngine:289 - Generated code: D:\TinyML_Workshop-main\TinyML_Workshop_PGR\TinyML_PGR\STM32\DL\MXTmpFiles\gpio.tmp
2026-07-31 10:21:43,403 [INFO] Middleware:1452 - No code input for Bsp Dependency
2026-07-31 10:21:43,405 [INFO] Middleware:1452 - No code input for Bsp Dependency
2026-07-31 10:21:43,417 [INFO] CodeEngine:265 - oldGeneratedFile, D:\TinyML_Workshop-main\TinyML_Workshop_PGR\TinyML_PGR\STM32\DL\Core\Src\stm32l4xx_it.c_save
2026-07-31 10:21:43,617 [INFO] CodeEngine:289 - Generated code: D:\TinyML_Workshop-main\TinyML_Workshop_PGR\TinyML_PGR\STM32\DL\Core\Src\stm32l4xx_it.c
2026-07-31 10:21:43,623 [INFO] CodeEngine:265 - oldGeneratedFile, D:\TinyML_Workshop-main\TinyML_Workshop_PGR\TinyML_PGR\STM32\DL\Core\Inc\stm32l4xx_it.h_save
2026-07-31 10:21:43,705 [INFO] CodeEngine:289 - Generated code: D:\TinyML_Workshop-main\TinyML_Workshop_PGR\TinyML_PGR\STM32\DL\Core\Inc\stm32l4xx_it.h
2026-07-31 10:21:43,724 [INFO] CodeEngine:265 - oldGeneratedFile, D:\TinyML_Workshop-main\TinyML_Workshop_PGR\TinyML_PGR\STM32\DL\Core\Src\stm32l4xx_hal_msp.c_save
2026-07-31 10:21:43,862 [INFO] CodeEngine:289 - Generated code: D:\TinyML_Workshop-main\TinyML_Workshop_PGR\TinyML_PGR\STM32\DL\Core\Src\stm32l4xx_hal_msp.c
2026-07-31 10:21:43,866 [INFO] CodeEngine:265 - oldGeneratedFile, D:\TinyML_Workshop-main\TinyML_Workshop_PGR\TinyML_PGR\STM32\DL\MXTmpFiles\system.tmp_save
2026-07-31 10:21:43,937 [INFO] CodeEngine:289 - Generated code: D:\TinyML_Workshop-main\TinyML_Workshop_PGR\TinyML_PGR\STM32\DL\MXTmpFiles\system.tmp
2026-07-31 10:21:43,946 [INFO] CodeEngine:321 - oldGeneratedFile, D:\TinyML_Workshop-main\TinyML_Workshop_PGR\TinyML_PGR\STM32\DL\Core\Inc\stm32l4xx_hal_conf.h_save
2026-07-31 10:21:44,019 [INFO] CodeEngine:345 - Generated code: D:\TinyML_Workshop-main\TinyML_Workshop_PGR\TinyML_PGR\STM32\DL\Core\Inc\stm32l4xx_hal_conf.h
2026-07-31 10:21:44,039 [INFO] CodeEngine:265 - oldGeneratedFile, D:\TinyML_Workshop-main\TinyML_Workshop_PGR\TinyML_PGR\STM32\DL\Core\Inc\main.h_save
2026-07-31 10:21:44,139 [INFO] CodeEngine:289 - Generated code: D:\TinyML_Workshop-main\TinyML_Workshop_PGR\TinyML_PGR\STM32\DL\Core\Inc\main.h
2026-07-31 10:21:44,144 [INFO] CodeEngine:265 - oldGeneratedFile, D:\TinyML_Workshop-main\TinyML_Workshop_PGR\TinyML_PGR\STM32\DL\Core\Src\main.c_save
2026-07-31 10:21:44,273 [INFO] CodeEngine:289 - Generated code: D:\TinyML_Workshop-main\TinyML_Workshop_PGR\TinyML_PGR\STM32\DL\Core\Src\main.c
2026-07-31 10:21:44,649 [INFO] AInterface:322 - ModelName:network; files:[D:\TinyML_Workshop-main\TinyML_Workshop_PGR\TinyML_PGR\ONNX\mlp_model.onnx]; type:ONNX; compression:None
2026-07-31 10:21:44,650 [INFO] AInterface:526 - workspaceTempDir: C:/Users/ADMIN/AppData/Local/Temp/mxAI_workspace6698698121800010348545057600933894
2026-07-31 10:21:44,650 [INFO] AInterface:1179 - Setting Env: C:/Users/ADMIN/STM32Cube/Repository//Packs/STMicroelectronics/X-CUBE-AI/10.2.1/Utilities/windows
2026-07-31 10:21:44,655 [INFO] STM32CubeIDEBuilder:265 - Looking for gnu-tools-for-stm32 tools/bin/arm-none-eabi-gcc.exe in C:\ST\STM32CubeIDE_1.19.0\STM32CubeIDE
2026-07-31 10:21:44,657 [INFO] STM32CubeIDEBuilder:294 - checking C:\ST\STM32CubeIDE_1.19.0\STM32CubeIDE\plugins\com.st.stm32cube.ide.mcu.externaltools.gnu-tools-for-stm32.13.3.rel1.win32_1.0.0.202411081344\tools\bin\arm-none-eabi-gcc.exe
2026-07-31 10:21:44,657 [INFO] STM32CubeIDEBuilder:297 - ret=C:\ST\STM32CubeIDE_1.19.0\STM32CubeIDE\plugins\com.st.stm32cube.ide.mcu.externaltools.gnu-tools-for-stm32.13.3.rel1.win32_1.0.0.202411081344\tools\bin\arm-none-eabi-gcc.exe
2026-07-31 10:21:44,657 [INFO] STM32CubeIDEBuilder:311 - returning C:\ST\STM32CubeIDE_1.19.0\STM32CubeIDE\plugins\com.st.stm32cube.ide.mcu.externaltools.gnu-tools-for-stm32.13.3.rel1.win32_1.0.0.202411081344\tools\bin\arm-none-eabi-gcc.exe
2026-07-31 10:21:44,658 [INFO] AInterface:1236 - Custom PATH variable: C:/Users/ADMIN/STM32Cube/Repository//Packs/STMicroelectronics/X-CUBE-AI/10.2.1/Utilities/windows;C:/Users/ADMIN/STM32Cube/Repository//Packs/STMicroelectronics/X-CUBE-AI/10.2.1/Utilities/windows/mingw64/bin;C:/Users/ADMIN/STM32Cube/Repository//Packs/STMicroelectronics/X-CUBE-AI/10.2.1/Utilities/windows/mingw64/libexec/gcc/x86_64-w64-mingw32/7.3.0;;C:\ST\STM32CubeIDE_1.19.0\STM32CubeIDE\plugins\com.st.stm32cube.ide.mcu.externaltools.gnu-tools-for-stm32.13.3.rel1.win32_1.0.0.202411081344\tools\bin
2026-07-31 10:21:44,661 [INFO] CmdLine:115 - Command: C:/Users/ADMIN/STM32Cube/Repository//Packs/STMicroelectronics/X-CUBE-AI/10.2.1/Utilities/windows/stedgeai.exe generate --target stm32l4 --name network -m D:/TinyML_Workshop-main/TinyML_Workshop_PGR/TinyML_PGR/ONNX/mlp_model.onnx --compression none --verbosity 1 --workspace C:/Users/ADMIN/AppData/Local/Temp/mxAI_workspace6698698121800010348545057600933894 --output C:/Users/ADMIN/.stm32cubemx/network_output
2026-07-31 10:21:44,663 [INFO] AIModelDetailledView:2264 - Analysis status: pending
2026-07-31 10:21:45,447 [INFO] CmdLine:76 - ST Edge AI Core v2.2.0-20266 2adc00962
2026-07-31 10:21:54,493 [INFO] CmdLine:76 - Creating c (debug) info json file C:\Users\ADMIN\.stm32cubemx\network_output\network_c_info.json
2026-07-31 10:21:54,517 [INFO] CmdLine:76 -  
2026-07-31 10:21:54,517 [INFO] CmdLine:76 -  Exec/report summary (generate)
2026-07-31 10:21:54,517 [INFO] CmdLine:76 -  ------------------------------------------------------------------------------------------------------------
2026-07-31 10:21:54,517 [INFO] CmdLine:76 -  model file         :   D:\TinyML_Workshop-main\TinyML_Workshop_PGR\TinyML_PGR\ONNX\mlp_model.onnx           
2026-07-31 10:21:54,517 [INFO] CmdLine:76 -  type               :   onnx                                                                                 
2026-07-31 10:21:54,517 [INFO] CmdLine:76 -  c_name             :   network                                                                              
2026-07-31 10:21:54,517 [INFO] CmdLine:76 -  compression        :   none                                                                                 
2026-07-31 10:21:54,517 [INFO] CmdLine:76 -  options            :   allocate-inputs, allocate-outputs                                                    
2026-07-31 10:21:54,517 [INFO] CmdLine:76 -  optimization       :   balanced                                                                             
2026-07-31 10:21:54,517 [INFO] CmdLine:76 -  target/series      :   stm32l4                                                                              
2026-07-31 10:21:54,518 [INFO] CmdLine:76 -  workspace dir      :   C:\Users\ADMIN\AppData\Local\Temp\mxAI_workspace6698698121800010348545057600933894   
2026-07-31 10:21:54,518 [INFO] CmdLine:76 -  output dir         :   C:\Users\ADMIN\.stm32cubemx\network_output                                           
2026-07-31 10:21:54,518 [INFO] CmdLine:76 -  model_fmt          :   float                                                                                
2026-07-31 10:21:54,518 [INFO] CmdLine:76 -  model_name         :   mlp_model                                                                            
2026-07-31 10:21:54,518 [INFO] CmdLine:76 -  model_hash         :   0x6244a8562aee069bc4ee7be628ef2ac9                                                   
2026-07-31 10:21:54,518 [INFO] CmdLine:76 -  params #           :   2,693 items (10.52 KiB)                                                              
2026-07-31 10:21:54,518 [INFO] CmdLine:76 -  ------------------------------------------------------------------------------------------------------------
2026-07-31 10:21:54,518 [INFO] CmdLine:76 -  input 1/1          :   'input', f32(1x6), 24 Bytes, activations                                             
2026-07-31 10:21:54,518 [INFO] CmdLine:76 -  output 1/1         :   'output', f32(1x5), 20 Bytes, activations                                            
2026-07-31 10:21:54,518 [INFO] CmdLine:76 -  macc               :   2,789                                                                                
2026-07-31 10:21:54,519 [INFO] CmdLine:76 -  weights (ro)       :   10,772 B (10.52 KiB) (1 segment)                                                     
2026-07-31 10:21:54,519 [INFO] CmdLine:76 -  activations (rw)   :   384 B (384 B) (1 segment) *                                                          
2026-07-31 10:21:54,519 [INFO] CmdLine:76 -  ram (total)        :   384 B (384 B) = 384 + 0 + 0                                                          
2026-07-31 10:21:54,519 [INFO] CmdLine:76 -  ------------------------------------------------------------------------------------------------------------
2026-07-31 10:21:54,519 [INFO] CmdLine:76 -  (*) 'input'/'output' buffers are allocated in the activations buffer
2026-07-31 10:21:54,524 [INFO] CmdLine:76 - Computing AI RT data/code size (target=stm32l4)..
2026-07-31 10:21:56,076 [INFO] CmdLine:76 -  Requested memory size by section - "stm32l4" target
2026-07-31 10:21:56,076 [INFO] CmdLine:76 -  ------------------------------ ------- -------- ------- -----
2026-07-31 10:21:56,076 [INFO] CmdLine:76 -  module                            text   rodata    data   bss
2026-07-31 10:21:56,076 [INFO] CmdLine:76 -  ------------------------------ ------- -------- ------- -----
2026-07-31 10:21:56,077 [INFO] CmdLine:76 -  NetworkRuntime1020_CM4_GCC.a     6,452        0       0     0
2026-07-31 10:21:56,077 [INFO] CmdLine:76 -  network.o                          528       40   1,584   140
2026-07-31 10:21:56,077 [INFO] CmdLine:76 -  network_data.o                      48       16      88     0
2026-07-31 10:21:56,077 [INFO] CmdLine:76 -  lib (toolchain)*                     0        0       0     0
2026-07-31 10:21:56,077 [INFO] CmdLine:76 -  ------------------------------ ------- -------- ------- -----
2026-07-31 10:21:56,077 [INFO] CmdLine:76 -  RT total**                       7,028       56   1,672   140
2026-07-31 10:21:56,077 [INFO] CmdLine:76 -  ------------------------------ ------- -------- ------- -----
2026-07-31 10:21:56,078 [INFO] CmdLine:76 -  weights                              0   10,776       0     0
2026-07-31 10:21:56,078 [INFO] CmdLine:76 -  activations                          0        0       0   384
2026-07-31 10:21:56,078 [INFO] CmdLine:76 -  io                                   0        0       0     0
2026-07-31 10:21:56,078 [INFO] CmdLine:76 -  ------------------------------ ------- -------- ------- -----
2026-07-31 10:21:56,078 [INFO] CmdLine:76 -  TOTAL                            7,028   10,832   1,672   524
2026-07-31 10:21:56,078 [INFO] CmdLine:76 -  ------------------------------ ------- -------- ------- -----
2026-07-31 10:21:56,078 [INFO] CmdLine:76 -  *  toolchain objects (libm/libgcc*)
2026-07-31 10:21:56,079 [INFO] CmdLine:76 -  ** RT AI runtime objects (kernels+infrastructure)
2026-07-31 10:21:56,079 [INFO] CmdLine:76 -   Summary - "stm32l4" target
2026-07-31 10:21:56,079 [INFO] CmdLine:76 -   ---------------------------------------------------
2026-07-31 10:21:56,079 [INFO] CmdLine:76 -                FLASH (ro)      %*   RAM (rw)       %
2026-07-31 10:21:56,079 [INFO] CmdLine:76 -   ---------------------------------------------------
2026-07-31 10:21:56,079 [INFO] CmdLine:76 -   RT total          8,756   44.8%      1,812   82.5%
2026-07-31 10:21:56,079 [INFO] CmdLine:76 -   ---------------------------------------------------
2026-07-31 10:21:56,080 [INFO] CmdLine:76 -   TOTAL            19,532              2,196
2026-07-31 10:21:56,080 [INFO] CmdLine:76 -   ---------------------------------------------------
2026-07-31 10:21:56,080 [INFO] CmdLine:76 -   *  rt/total
2026-07-31 10:21:56,080 [INFO] CmdLine:76 -  Generated files (7)
2026-07-31 10:21:56,080 [INFO] CmdLine:76 -  ------------------------------------------------------------------
2026-07-31 10:21:56,081 [INFO] CmdLine:76 -  C:\Users\ADMIN\.stm32cubemx\network_output\network_data_params.h
2026-07-31 10:21:56,081 [INFO] CmdLine:76 -  C:\Users\ADMIN\.stm32cubemx\network_output\network_data_params.c
2026-07-31 10:21:56,081 [INFO] CmdLine:76 -  C:\Users\ADMIN\.stm32cubemx\network_output\network_data.h
2026-07-31 10:21:56,081 [INFO] CmdLine:76 -  C:\Users\ADMIN\.stm32cubemx\network_output\network_data.c
2026-07-31 10:21:56,081 [INFO] CmdLine:76 -  C:\Users\ADMIN\.stm32cubemx\network_output\network_config.h
2026-07-31 10:21:56,081 [INFO] CmdLine:76 -  C:\Users\ADMIN\.stm32cubemx\network_output\network.h
2026-07-31 10:21:56,082 [INFO] CmdLine:76 -  C:\Users\ADMIN\.stm32cubemx\network_output\network.c
2026-07-31 10:21:56,082 [INFO] CmdLine:76 - Creating txt report file C:\Users\ADMIN\.stm32cubemx\network_output\network_generate_report.txt
2026-07-31 10:22:07,827 [INFO] CmdLine:76 - elapsed time (generate): 22.379s
2026-07-31 10:22:08,428 [INFO] CmdLine:148 - stedgeai exit with status: 0
2026-07-31 10:22:08,436 [INFO] AIModelDetailledView:2264 - Analysis status: done
2026-07-31 10:22:08,804 [INFO] ProjectBuilder:3606 - Time for Copy HAL[1] : 136mS.
2026-07-31 10:22:08,804 [ERROR] Middleware:2950 - Invalid RefComponent list
2026-07-31 10:22:08,804 [ERROR] Middleware:2950 - Invalid RefComponent list
2026-07-31 10:22:08,804 [ERROR] Middleware:2950 - Invalid RefComponent list
2026-07-31 10:22:08,804 [ERROR] Middleware:2950 - Invalid RefComponent list
2026-07-31 10:22:08,804 [ERROR] Middleware:2950 - Invalid RefComponent list
2026-07-31 10:22:08,804 [ERROR] Middleware:2950 - Invalid RefComponent list
2026-07-31 10:22:08,805 [ERROR] Middleware:2950 - Invalid RefComponent list
2026-07-31 10:22:08,805 [ERROR] Middleware:2950 - Invalid RefComponent list
2026-07-31 10:22:08,805 [ERROR] Middleware:2950 - Invalid RefComponent list
2026-07-31 10:22:08,805 [ERROR] Middleware:2950 - Invalid RefComponent list
2026-07-31 10:22:08,805 [ERROR] Middleware:2950 - Invalid RefComponent list
2026-07-31 10:22:08,805 [ERROR] Middleware:2950 - Invalid RefComponent list
2026-07-31 10:22:08,805 [ERROR] Middleware:2950 - Invalid RefComponent list
2026-07-31 10:22:08,805 [ERROR] Middleware:2950 - Invalid RefComponent list
2026-07-31 10:22:08,805 [ERROR] Middleware:2950 - Invalid RefComponent list
2026-07-31 10:22:08,805 [ERROR] Middleware:2950 - Invalid RefComponent list
2026-07-31 10:22:08,805 [ERROR] Middleware:2950 - Invalid RefComponent list
2026-07-31 10:22:08,805 [ERROR] Middleware:2950 - Invalid RefComponent list
2026-07-31 10:22:08,805 [ERROR] Middleware:2950 - Invalid RefComponent list
2026-07-31 10:22:08,805 [ERROR] Middleware:2950 - Invalid RefComponent list
2026-07-31 10:22:08,805 [ERROR] Middleware:2950 - Invalid RefComponent list
2026-07-31 10:22:08,805 [ERROR] Middleware:2950 - Invalid RefComponent list
2026-07-31 10:22:08,805 [ERROR] Middleware:2950 - Invalid RefComponent list
2026-07-31 10:22:08,805 [ERROR] Middleware:2950 - Invalid RefComponent list
2026-07-31 10:22:08,805 [ERROR] Middleware:2950 - Invalid RefComponent list
2026-07-31 10:22:08,805 [ERROR] Middleware:2950 - Invalid RefComponent list
2026-07-31 10:22:08,805 [ERROR] Middleware:2950 - Invalid RefComponent list
2026-07-31 10:22:08,805 [ERROR] Middleware:2950 - Invalid RefComponent list
2026-07-31 10:22:08,805 [ERROR] Middleware:2950 - Invalid RefComponent list
2026-07-31 10:22:08,805 [ERROR] Middleware:2950 - Invalid RefComponent list
2026-07-31 10:22:08,805 [ERROR] Middleware:2950 - Invalid RefComponent list
2026-07-31 10:22:08,805 [ERROR] Middleware:2950 - Invalid RefComponent list
2026-07-31 10:22:08,805 [ERROR] Middleware:2950 - Invalid RefComponent list
2026-07-31 10:22:08,805 [ERROR] Middleware:2950 - Invalid RefComponent list
2026-07-31 10:22:08,805 [ERROR] Middleware:2950 - Invalid RefComponent list
2026-07-31 10:22:08,805 [ERROR] Middleware:2950 - Invalid RefComponent list
2026-07-31 10:22:08,805 [ERROR] Middleware:2950 - Invalid RefComponent list
2026-07-31 10:22:08,805 [ERROR] Middleware:2950 - Invalid RefComponent list
2026-07-31 10:22:08,805 [ERROR] Middleware:2950 - Invalid RefComponent list
2026-07-31 10:22:08,806 [ERROR] Middleware:2950 - Invalid RefComponent list
2026-07-31 10:22:08,806 [ERROR] Middleware:2950 - Invalid RefComponent list
2026-07-31 10:22:08,806 [ERROR] Middleware:2950 - Invalid RefComponent list
2026-07-31 10:22:08,806 [ERROR] Middleware:2950 - Invalid RefComponent list
2026-07-31 10:22:08,806 [ERROR] Middleware:2950 - Invalid RefComponent list
2026-07-31 10:22:08,806 [ERROR] Middleware:2950 - Invalid RefComponent list
2026-07-31 10:22:08,806 [ERROR] Middleware:2950 - Invalid RefComponent list
2026-07-31 10:22:08,806 [ERROR] Middleware:2950 - Invalid RefComponent list
2026-07-31 10:22:08,806 [ERROR] Middleware:2950 - Invalid RefComponent list
2026-07-31 10:22:08,806 [ERROR] Middleware:2950 - Invalid RefComponent list
2026-07-31 10:22:08,806 [ERROR] Middleware:2950 - Invalid RefComponent list
2026-07-31 10:22:08,809 [INFO] ProjectBuilder:5216 - Project Generator version: 4.7.0-B52
2026-07-31 10:22:08,894 [INFO] ConfigFileManager:1595 - The Die is : DIE470
2026-07-31 10:22:09,793 [INFO] ProjectBuilder:5496 - Time for Generating toolchain IDE Files: 983mS.
2026-07-31 10:22:09,794 [INFO] ProjectBuilder:3463 - Time for Copy CMSIS : 1mS.
2026-07-31 10:22:09,797 [INFO] ProjectBuilder:3463 - Time for Copy CMSIS : 0mS.
2026-07-31 10:23:30,624 [INFO] MainUpdater:2872 - connection check result : 10
2026-07-31 10:23:30,624 [INFO] MainUpdater:2872 - connection check result : 10
2026-07-31 10:23:30,858 [INFO] I2cTimingTraitement:330 - 0x30A175AB
2026-07-31 10:23:30,868 [INFO] MicroXplorer:468 - Change Database Path : 
2026-07-31 10:23:30,868 [INFO] MicroXplorer:498 - Change Database Version : DB.6.0.150
2026-07-31 10:23:30,911 [ERROR] ProjectManagerView:395 - 
java.lang.NullPointerException: Cannot invoke "javax.swing.JTextField.getText()" because the return value of "java.util.List.get(int)" is null
	at com.st.microxplorer.plugins.projectmanager.gui.ProjectChoiceTab$9.caretUpdate(ProjectChoiceTab.java:2706) ~[filemanager.jar:?]
	at javax.swing.text.JTextComponent.fireCaretUpdate(JTextComponent.java:408) ~[?:?]
	at javax.swing.text.JTextComponent$MutableCaretEvent.fire(JTextComponent.java:4484) ~[?:?]
	at javax.swing.text.JTextComponent$MutableCaretEvent.stateChanged(JTextComponent.java:4506) ~[?:?]
	at javax.swing.text.DefaultCaret.fireStateChanged(DefaultCaret.java:857) ~[?:?]
	at javax.swing.text.DefaultCaret.changeCaretPosition(DefaultCaret.java:1343) ~[?:?]
	at javax.swing.text.DefaultCaret.handleSetDot(DefaultCaret.java:1242) ~[?:?]
	at javax.swing.text.DefaultCaret.setDot(DefaultCaret.java:1223) ~[?:?]
	at javax.swing.text.DefaultCaret$Handler.insertUpdate(DefaultCaret.java:1819) ~[?:?]
	at javax.swing.text.AbstractDocument.fireInsertUpdate(AbstractDocument.java:227) ~[?:?]
	at javax.swing.text.AbstractDocument.handleInsertString(AbstractDocument.java:781) ~[?:?]
	at javax.swing.text.AbstractDocument.insertString(AbstractDocument.java:740) ~[?:?]
	at javax.swing.text.PlainDocument.insertString(PlainDocument.java:131) ~[?:?]
	at javax.swing.text.AbstractDocument.replace(AbstractDocument.java:699) ~[?:?]
	at javax.swing.text.JTextComponent.setText(JTextComponent.java:1725) ~[?:?]
	at com.st.microxplorer.plugins.projectmanager.gui.ProjectChoiceTab.createHeapStackFields(ProjectChoiceTab.java:993) ~[filemanager.jar:?]
	at com.st.microxplorer.plugins.projectmanager.gui.ProjectChoiceTab.buildLinkSettingsPanel(ProjectChoiceTab.java:3813) ~[filemanager.jar:?]
	at com.st.microxplorer.plugins.projectmanager.gui.ProjectChoiceTab.defineWindowsFields(ProjectChoiceTab.java:1987) ~[filemanager.jar:?]
	at com.st.microxplorer.plugins.projectmanager.gui.ProjectChoiceTab.updateSettings(ProjectChoiceTab.java:558) ~[filemanager.jar:?]
	at com.st.microxplorer.plugins.projectmanager.gui.ProjectSettingsPanel.UpdateDialog(ProjectSettingsPanel.java:247) ~[filemanager.jar:?]
	at com.st.microxplorer.plugins.projectmanager.ProjectManagerView.propertyChange(ProjectManagerView.java:392) ~[filemanager.jar:?]
	at java.beans.PropertyChangeSupport.fire(PropertyChangeSupport.java:343) ~[?:?]
	at java.beans.PropertyChangeSupport.firePropertyChange(PropertyChangeSupport.java:335) ~[?:?]
	at java.beans.PropertyChangeSupport.firePropertyChange(PropertyChangeSupport.java:268) ~[?:?]
	at com.st.microxplorer.util.MXPropertyChangeSupport.firePropertyChange(MXPropertyChangeSupport.java:54) ~[STM32CubeMX.jar:?]
	at com.st.microxplorer.mxsystem.MxSystem.closeConfig(MxSystem.java:899) ~[STM32CubeMX.jar:?]
	at com.st.microxplorer.maingui.MainPanel.closeConfig(MainPanel.java:792) ~[STM32CubeMX.jar:?]
	at com.st.microxplorer.plugins.filemanager.engine.OpenFileManager.loadConfigurationFile(OpenFileManager.java:288) ~[filemanager.jar:?]
	at com.st.microxplorer.plugins.filemanager.engine.MainFileManager.userLoadConfig(MainFileManager.java:364) ~[filemanager.jar:?]
	at com.st.microxplorer.plugins.filemanager.engine.MainFileManager.userLoadConfig(MainFileManager.java:342) ~[filemanager.jar:?]
	at com.st.microxplorer.plugins.filemanager.FileManagerView.getSpecificTask(FileManagerView.java:264) ~[filemanager.jar:?]
	at com.st.stm32cube.common.mx.editor.CubeMxEditor.getMxTabbedPaneInstance(CubeMxEditor.java:1198) ~[com.st.stm32cube.common.mx_6.15.0.202507011659/:?]
	at com.st.stm32cube.common.mx.editor.CubeMxEditor$12$1.createSwingComponent(CubeMxEditor.java:1068) ~[com.st.stm32cube.common.mx_6.15.0.202507011659/:?]
	at com.st.stm32cube.common.mx.oss.core.awtswtbridge.EmbeddedSwingComposite.doComponentCreation(EmbeddedSwingComposite.java:492) ~[com.st.stm32cube.common.mx.oss_6.15.0.202507011659/:?]
	at com.st.stm32cube.common.mx.oss.core.awtswtbridge.EmbeddedSwingComposite$4.run(EmbeddedSwingComposite.java:291) ~[com.st.stm32cube.common.mx.oss_6.15.0.202507011659/:?]
	at com.st.stm32cube.common.mx.oss.core.awtswtbridge.AwtEnvironment$2.run(AwtEnvironment.java:166) ~[com.st.stm32cube.common.mx.oss_6.15.0.202507011659/:?]
	at java.awt.event.InvocationEvent.dispatch(InvocationEvent.java:318) ~[?:?]
	at java.awt.EventQueue.dispatchEventImpl(EventQueue.java:773) ~[?:?]
	at java.awt.EventQueue$4.run(EventQueue.java:720) ~[?:?]
	at java.awt.EventQueue$4.run(EventQueue.java:714) ~[?:?]
	at java.security.AccessController.doPrivileged(AccessController.java:400) ~[?:?]
	at java.security.ProtectionDomain$JavaSecurityAccessImpl.doIntersectionPrivilege(ProtectionDomain.java:87) ~[?:?]
	at java.awt.EventQueue.dispatchEvent(EventQueue.java:742) ~[?:?]
	at java.awt.EventDispatchThread.pumpOneEventForFilters(EventDispatchThread.java:203) ~[?:?]
	at java.awt.EventDispatchThread.pumpEventsForFilter(EventDispatchThread.java:124) ~[?:?]
	at java.awt.EventDispatchThread.pumpEventsForHierarchy(EventDispatchThread.java:113) ~[?:?]
	at java.awt.EventDispatchThread.pumpEvents(EventDispatchThread.java:109) ~[?:?]
	at java.awt.EventDispatchThread.pumpEvents(EventDispatchThread.java:101) ~[?:?]
	at java.awt.EventDispatchThread.run(EventDispatchThread.java:90) ~[?:?]
2026-07-31 10:23:30,937 [WARN] ThirdParty:871 - waiting for thirdparty lock release [close project]
2026-07-31 10:23:30,937 [INFO] ThirdParty:873 - entering critical section [close project]
2026-07-31 10:23:30,939 [INFO] ThirdParty:883 - exiting critical section [close project]
2026-07-31 10:23:30,941 [INFO] PinOutPanel:1589 - setPackage(No Configuration,No Configuration)
2026-07-31 10:23:30,942 [INFO] AI:982 - onDisable adding AI com.st.microxplorer.plugins.ip.ai.AI@1f509fd5 on STMicroelectronics.X-CUBE-AI.10.2.1
2026-07-31 10:23:30,953 [INFO] UtilMem:75 - Begin LoadConfig() Used Memory: 913813640 Bytes (1073741824)
2026-07-31 10:23:30,954 [INFO] MicroXplorer:468 - Change Database Path : 
2026-07-31 10:23:30,954 [INFO] MicroXplorer:498 - Change Database Version : DB.6.0.150
2026-07-31 10:23:30,954 [INFO] OpenFileManager:355 - Change cursor
2026-07-31 10:23:30,986 [INFO] RulesReader:64 - Compatibility file has been processed (317 Rules)
2026-07-31 10:23:30,990 [INFO] Mcu:2029 - Initializing MCU STM32L4S5VITx STM32L4S5VITx STM32L4S5VIT6
2026-07-31 10:23:33,846 [INFO] Context:786 - Trying to add GPIOservice into a context  which must be forbidden
2026-07-31 10:23:34,958 [INFO] ApiDbMcu:532 - Load IP Config File for STMicroelectronics.X-CUBE-AI.10.2.1
2026-07-31 10:23:35,082 [INFO] ImportTextPane:234 - (OptionalMessage_ERROR) Pin6 (VP_RIF_VS_RIF1) cannot be retrieved for this MCU
2026-07-31 10:23:35,192 [INFO] RtosManager:558 - Registered RTOS mode: class=CMSIS, group=RTOS, mode=CMSIS_V1, owner=FREERTOS
2026-07-31 10:23:35,192 [INFO] RtosManager:558 - Registered RTOS mode: class=CMSIS, group=RTOS2, mode=CMSIS_V2, owner=FREERTOS
2026-07-31 10:23:35,192 [INFO] RtosManager:558 - Registered RTOS mode: class=RTOS, group=Core, mode=CMSIS_V1, owner=FREERTOS
2026-07-31 10:23:35,192 [INFO] RtosManager:558 - Registered RTOS mode: class=RTOS, group=Core, mode=CMSIS_V2, owner=FREERTOS
2026-07-31 10:23:35,192 [WARN] ModelIntegratedComponent:184 - Missing modes for component STMicroelectronics:FreeRTOS:0.0.1:STMicroelectronics:RTOS:FreeRTOS:Core:::10.2.0:
2026-07-31 10:23:35,342 [WARN] ModelIntegratedComponent:63 - No mode defined for component null
2026-07-31 10:23:35,342 [WARN] ModelIntegratedComponent:63 - No mode defined for component null
2026-07-31 10:23:35,342 [WARN] ModelIntegratedComponent:63 - No mode defined for component null
2026-07-31 10:23:35,342 [WARN] ModelIntegratedComponent:63 - No mode defined for component null
2026-07-31 10:23:35,342 [WARN] ModelIntegratedComponent:63 - No mode defined for component null
2026-07-31 10:23:35,342 [WARN] ModelIntegratedComponent:63 - No mode defined for component null
2026-07-31 10:23:35,342 [WARN] ModelIntegratedComponent:63 - No mode defined for component null
2026-07-31 10:23:35,342 [WARN] ModelIntegratedComponent:63 - No mode defined for component null
2026-07-31 10:23:35,342 [WARN] ModelIntegratedComponent:63 - No mode defined for component null
2026-07-31 10:23:35,342 [WARN] ModelIntegratedComponent:63 - No mode defined for component null
2026-07-31 10:23:35,343 [WARN] ModelIntegratedComponent:63 - No mode defined for component null
2026-07-31 10:23:35,343 [WARN] ModelIntegratedComponent:63 - No mode defined for component null
2026-07-31 10:23:35,343 [WARN] ModelIntegratedComponent:63 - No mode defined for component null
2026-07-31 10:23:35,343 [WARN] ModelIntegratedComponent:63 - No mode defined for component null
2026-07-31 10:23:35,343 [WARN] ModelIntegratedComponent:63 - No mode defined for component null
2026-07-31 10:23:35,343 [WARN] ModelIntegratedComponent:63 - No mode defined for component null
2026-07-31 10:23:35,343 [WARN] ModelIntegratedComponent:63 - No mode defined for component null
2026-07-31 10:23:35,343 [WARN] ModelIntegratedComponent:63 - No mode defined for component null
2026-07-31 10:23:35,343 [WARN] ModelIntegratedComponent:63 - No mode defined for component null
2026-07-31 10:23:35,343 [WARN] ModelIntegratedComponent:63 - No mode defined for component null
2026-07-31 10:23:35,343 [WARN] ModelIntegratedComponent:63 - No mode defined for component null
2026-07-31 10:23:35,343 [WARN] ModelIntegratedComponent:63 - No mode defined for component null
2026-07-31 10:23:35,343 [WARN] ModelIntegratedComponent:63 - No mode defined for component null
2026-07-31 10:23:35,343 [WARN] ModelIntegratedComponent:63 - No mode defined for component null
2026-07-31 10:23:35,343 [WARN] ModelIntegratedComponent:63 - No mode defined for component null
2026-07-31 10:23:35,343 [WARN] ModelIntegratedComponent:63 - No mode defined for component null
2026-07-31 10:23:35,343 [WARN] ModelIntegratedComponent:63 - No mode defined for component null
2026-07-31 10:23:35,343 [WARN] ModelIntegratedComponent:63 - No mode defined for component null
2026-07-31 10:23:35,343 [WARN] ModelIntegratedComponent:63 - No mode defined for component null
2026-07-31 10:23:35,343 [WARN] ModelIntegratedComponent:63 - No mode defined for component null
2026-07-31 10:23:35,343 [WARN] ModelIntegratedComponent:63 - No mode defined for component null
2026-07-31 10:23:35,343 [WARN] ModelIntegratedComponent:63 - No mode defined for component null
2026-07-31 10:23:35,343 [WARN] ModelIntegratedComponent:63 - No mode defined for component null
2026-07-31 10:23:35,343 [WARN] ModelIntegratedComponent:63 - No mode defined for component null
2026-07-31 10:23:35,343 [WARN] ModelIntegratedComponent:63 - No mode defined for component null
2026-07-31 10:23:35,343 [WARN] ModelPack:524 - Component already loaded: STMicroelectronics:HAL Drivers:0.0.0:STMicroelectronics:Device:STMicro_Driver:XSPI:HAL::0.0.1:HAL_XSPI
2026-07-31 10:23:35,760 [INFO] ThirdPartyModel:298 - Start build external matchings
2026-07-31 10:23:36,220 [INFO] ThirdPartyModel:316 - End build external matchings
2026-07-31 10:23:36,239 [INFO] ImportTextPane:234 - (OptionalMessage_ERROR) IP (STMicroelectronics.X-CUBE-AI.10.2.1) : Parameter (ModelName) has Id (977d5e7b55bde15369aa140eaccf21928b5baf410319876fbe5cce302c03cf81) currently not set
2026-07-31 10:23:36,239 [INFO] ImportTextPane:234 - (OptionalMessage_ERROR) IP (STMicroelectronics.X-CUBE-AI.10.2.1) : Parameter (ModelKind) has Id (977d5e7b55bde15369aa140eaccf21928b5baf410319876fbe5cce302c03cf81) currently not set
2026-07-31 10:23:36,239 [INFO] ImportTextPane:234 - (OptionalMessage_ERROR) IP (STMicroelectronics.X-CUBE-AI.10.2.1) : Parameter (ModelCompression) has Id (977d5e7b55bde15369aa140eaccf21928b5baf410319876fbe5cce302c03cf81) currently not set
2026-07-31 10:23:36,239 [INFO] ImportTextPane:234 - (OptionalMessage_ERROR) IP (STMicroelectronics.X-CUBE-AI.10.2.1) : Invalid parameter (LatestDirectoryUsed)
2026-07-31 10:23:36,239 [INFO] ImportTextPane:234 - (OptionalMessage_ERROR) IP (STMicroelectronics.X-CUBE-AI.10.2.1) : Parameter (ModelStructureFile) has Id (977d5e7b55bde15369aa140eaccf21928b5baf410319876fbe5cce302c03cf81) currently not set
2026-07-31 10:23:36,239 [INFO] ImportTextPane:234 - (OptionalMessage_ERROR) IP (STMicroelectronics.X-CUBE-AI.10.2.1) : Parameter (ModelMacc) has Id (977d5e7b55bde15369aa140eaccf21928b5baf410319876fbe5cce302c03cf81) currently not set
2026-07-31 10:23:36,239 [INFO] ImportTextPane:234 - (OptionalMessage_ERROR) IP (STMicroelectronics.X-CUBE-AI.10.2.1) : Parameter (ModelActualCompression) has Id (977d5e7b55bde15369aa140eaccf21928b5baf410319876fbe5cce302c03cf81) currently not set
2026-07-31 10:23:36,239 [INFO] ImportTextPane:234 - (OptionalMessage_ERROR) IP (STMicroelectronics.X-CUBE-AI.10.2.1) : Parameter (ModelRamOccupation) has Id (977d5e7b55bde15369aa140eaccf21928b5baf410319876fbe5cce302c03cf81) currently not set
2026-07-31 10:23:36,239 [INFO] ImportTextPane:234 - (OptionalMessage_ERROR) IP (STMicroelectronics.X-CUBE-AI.10.2.1) : Parameter (ModelFlashOccupation) has Id (977d5e7b55bde15369aa140eaccf21928b5baf410319876fbe5cce302c03cf81) currently not set
2026-07-31 10:23:36,239 [INFO] ImportTextPane:234 - (OptionalMessage_ERROR) IP (STMicroelectronics.X-CUBE-AI.10.2.1) : Parameter (ModelType) has Id (977d5e7b55bde15369aa140eaccf21928b5baf410319876fbe5cce302c03cf81) currently not set
2026-07-31 10:23:36,239 [INFO] ImportTextPane:234 - (OptionalMessage_ERROR) IP (STMicroelectronics.X-CUBE-AI.10.2.1) : Invalid parameter (useInputAllocation)
2026-07-31 10:23:36,239 [INFO] ImportTextPane:234 - (OptionalMessage_ERROR) IP (STMicroelectronics.X-CUBE-AI.10.2.1) : Invalid parameter (useOutputAllocation)
2026-07-31 10:23:36,239 [INFO] ImportTextPane:234 - (OptionalMessage_ERROR) IP (STMicroelectronics.X-CUBE-AI.10.2.1) : Invalid parameter (customLayerConfigEnabled)
2026-07-31 10:23:36,239 [INFO] ImportTextPane:234 - (OptionalMessage_ERROR) IP (STMicroelectronics.X-CUBE-AI.10.2.1) : Invalid parameter (noOnnxIoTranspose)
2026-07-31 10:23:36,239 [INFO] ImportTextPane:234 - (OptionalMessage_ERROR) IP (STMicroelectronics.X-CUBE-AI.10.2.1) : Invalid parameter (MaximumNumberOfInputLayer)
2026-07-31 10:23:36,239 [INFO] ImportTextPane:234 - (OptionalMessage_ERROR) IP (STMicroelectronics.X-CUBE-AI.10.2.1) : Invalid parameter (MaximumNumberOfOutputLayer)
2026-07-31 10:23:36,734 [INFO] UtilMem:75 - End LoadConfig() Used Memory: 997232968 Bytes (1073741824)
2026-07-31 10:23:36,784 [WARN] ThirdParty:833 - waiting for thirdparty lock release [change project]
2026-07-31 10:23:36,784 [INFO] ThirdParty:835 - entering critical section [change project]
2026-07-31 10:23:36,784 [INFO] ThirdParty:1030 - CMSIS Pack Vendor :STMicroelectronics X-CUBE-AZRTOS-H7 3.5.0
2026-07-31 10:23:36,784 [INFO] ThirdParty:1030 - CMSIS Pack Vendor :STMicroelectronics X-CUBE-PM33A1 1.0.0
2026-07-31 10:23:36,784 [INFO] ThirdParty:1030 - CMSIS Pack Vendor :STMicroelectronics USBPD 4.1
2026-07-31 10:23:36,785 [INFO] ThirdParty:1030 - CMSIS Pack Vendor :STMicroelectronics X-CUBE-NFC9 1.0.0
2026-07-31 10:23:36,785 [INFO] ThirdParty:1030 - CMSIS Pack Vendor :STMicroelectronics USB_HOST 2.0.0
2026-07-31 10:23:36,785 [INFO] ThirdParty:1030 - CMSIS Pack Vendor :STMicroelectronics FP-ATR-ASTRA1 2.0.3
2026-07-31 10:23:36,785 [INFO] ThirdParty:1030 - CMSIS Pack Vendor :STMicroelectronics X-CUBE-AZRTOS-F4 1.1.0
2026-07-31 10:23:36,785 [INFO] ThirdParty:1030 - CMSIS Pack Vendor :STMicroelectronics LIBJPEG 8.0.0
2026-07-31 10:23:36,785 [INFO] ThirdParty:1030 - CMSIS Pack Vendor :STMicroelectronics X-CUBE-BLE1 7.1.0
2026-07-31 10:23:36,785 [INFO] ThirdParty:1030 - CMSIS Pack Vendor :wolfSSL I-CUBE-wolfMQTT 1.19.2
2026-07-31 10:23:36,785 [INFO] ThirdParty:1030 - CMSIS Pack Vendor :STMicroelectronics USB_DEVICE 3.0.0
2026-07-31 10:23:36,785 [INFO] ThirdParty:1030 - CMSIS Pack Vendor :STMicroelectronics X-CUBE-ISPU 2.1.0
2026-07-31 10:23:36,785 [INFO] ThirdParty:1030 - CMSIS Pack Vendor :STMicroelectronics X-CUBE-EEPRMA1 5.2.0
2026-07-31 10:23:36,785 [INFO] ThirdParty:1030 - CMSIS Pack Vendor :STMicroelectronics X-CUBE-IPS 3.2.0
2026-07-31 10:23:36,785 [INFO] ThirdParty:1030 - CMSIS Pack Vendor :STMicroelectronics eDS-WB_DPC_TT-BIDIR 2.1.1
2026-07-31 10:23:36,785 [INFO] ThirdParty:1030 - CMSIS Pack Vendor :STMicroelectronics X-CUBE-AZRTOS-WB 2.0.0
2026-07-31 10:23:36,785 [INFO] ThirdParty:1030 - CMSIS Pack Vendor :STMicroelectronics X-CUBE-NFC12 1.0.0
2026-07-31 10:23:36,785 [INFO] ThirdParty:1030 - CMSIS Pack Vendor :STMicroelectronics X-CUBE-AZRTOS-F7 1.1.0
2026-07-31 10:23:36,785 [INFO] ThirdParty:1030 - CMSIS Pack Vendor :STMicroelectronics X-CUBE-AZRTOS-L5 2.0.0
2026-07-31 10:23:36,785 [INFO] ThirdParty:1030 - CMSIS Pack Vendor :STMicroelectronics USB_DEVICE 2.0.0
2026-07-31 10:23:36,785 [INFO] ThirdParty:1030 - CMSIS Pack Vendor :STMicroelectronics X-CUBE-FREERTOS 1.6.0
2026-07-31 10:23:36,785 [INFO] ThirdParty:1030 - CMSIS Pack Vendor :STMicroelectronics FP-SNS-STAIOTCFT 1.1.0
2026-07-31 10:23:36,785 [INFO] ThirdParty:1030 - CMSIS Pack Vendor :quantropi X-CUBE-qispace-sdk-base 2.1.0
2026-07-31 10:23:36,785 [INFO] ThirdParty:1030 - CMSIS Pack Vendor :STMicroelectronics X-CUBE-STSE01 2.0.0
2026-07-31 10:23:36,785 [INFO] ThirdParty:1030 - CMSIS Pack Vendor :STMicroelectronics X-CUBE-ALGOBUILD 1.5.0
2026-07-31 10:23:36,785 [INFO] ThirdParty:1030 - CMSIS Pack Vendor :STMicroelectronics FP-SNS-MOTENV1 5.1.0
2026-07-31 10:23:36,785 [INFO] ThirdParty:1030 - CMSIS Pack Vendor :STMicroelectronics FreeRTOS 0.0.1
2026-07-31 10:23:36,785 [INFO] ThirdParty:1030 - CMSIS Pack Vendor :STMicroelectronics X-CUBE-AZRTOS-H7RS 1.3.0
2026-07-31 10:23:36,785 [INFO] ThirdParty:1030 - CMSIS Pack Vendor :STMicroelectronics X-CUBE-AZRTOS-G0 1.1.0
2026-07-31 10:23:36,785 [INFO] ThirdParty:1030 - CMSIS Pack Vendor :STMicroelectronics X-CUBE-NFC4 3.0.0
2026-07-31 10:23:36,785 [INFO] ThirdParty:1030 - CMSIS Pack Vendor :STMicroelectronics X-CUBE-SUBG2 5.0.0
2026-07-31 10:23:36,785 [INFO] ThirdParty:1030 - CMSIS Pack Vendor :STMicroelectronics STM32_WPAN 1.0.0
2026-07-31 10:23:36,785 [INFO] ThirdParty:1030 - CMSIS Pack Vendor :STMicroelectronics eDS-WB_DPC_VIENNA 1.2.0
2026-07-31 10:23:36,785 [INFO] ThirdParty:1030 - CMSIS Pack Vendor :EmbeddedOffice I-CUBE-FS-RTOS 1.0.1
2026-07-31 10:23:36,785 [INFO] ThirdParty:1030 - CMSIS Pack Vendor :STMicroelectronics lwIP 2.0.3
2026-07-31 10:23:36,785 [INFO] ThirdParty:1030 - CMSIS Pack Vendor :WES I-CUBE-Cesium 1.4.0
2026-07-31 10:23:36,785 [INFO] ThirdParty:1030 - CMSIS Pack Vendor :STMicroelectronics X-CUBE-MEMS1 13.0.0
2026-07-31 10:23:36,785 [INFO] ThirdParty:1030 - CMSIS Pack Vendor :STMicroelectronics eDS-WB_DPC_3PH2L-BIDIR 1.1.1
2026-07-31 10:23:36,785 [INFO] ThirdParty:1030 - CMSIS Pack Vendor :STMicroelectronics USB_HOST 1.0.0
2026-07-31 10:23:36,785 [INFO] ThirdParty:1030 - CMSIS Pack Vendor :STMicroelectronics X-CUBE-AZRTOS-G4 2.0.0
2026-07-31 10:23:36,785 [INFO] ThirdParty:1030 - CMSIS Pack Vendor :STMicroelectronics PDM2PCM 3.1.0
2026-07-31 10:23:36,785 [INFO] ThirdParty:1030 - CMSIS Pack Vendor :STMicroelectronics PDM2PCM 3.3.0
2026-07-31 10:23:36,785 [INFO] ThirdParty:1030 - CMSIS Pack Vendor :wolfSSL I-CUBE-wolfTPM 3.8.0
2026-07-31 10:23:36,785 [INFO] ThirdParty:1030 - CMSIS Pack Vendor :STMicroelectronics X-CUBE-DISPLAY 3.0.0
2026-07-31 10:23:36,785 [INFO] ThirdParty:1030 - CMSIS Pack Vendor :wolfSSL I-CUBE-wolfSSH 1.4.20
2026-07-31 10:23:36,785 [INFO] ThirdParty:1030 - CMSIS Pack Vendor :STMicroelectronics X-CUBE-NFC7 2.0.0
2026-07-31 10:23:36,785 [INFO] ThirdParty:1030 - CMSIS Pack Vendor :STMicroelectronics X-CUBE-GNSS1 7.1.1
2026-07-31 10:23:36,785 [INFO] ThirdParty:1030 - CMSIS Pack Vendor :STMicroelectronics FP-SNS-MOTENVWB1 1.5.0
2026-07-31 10:23:36,786 [INFO] ThirdParty:1030 - CMSIS Pack Vendor :STMicroelectronics X-CUBE-TCPP 4.2.0
2026-07-31 10:23:36,786 [INFO] ThirdParty:1030 - CMSIS Pack Vendor :RealThread X-CUBE-RT-Thread_Nano 4.1.1
2026-07-31 10:23:36,786 [INFO] ThirdParty:1030 - CMSIS Pack Vendor :STMicroelectronics FP-ATR-SIGFOX1 3.2.0
2026-07-31 10:23:36,786 [INFO] ThirdParty:1030 - CMSIS Pack Vendor :STMicroelectronics X-CUBE-NFC10 1.0.0
2026-07-31 10:23:36,786 [INFO] ThirdParty:1030 - CMSIS Pack Vendor :STMicroelectronics HAL Drivers 0.0.0
2026-07-31 10:23:36,786 [INFO] ThirdParty:1030 - CMSIS Pack Vendor :STMicroelectronics MBEDTLS 2.16.2
2026-07-31 10:23:36,786 [INFO] ThirdParty:1030 - CMSIS Pack Vendor :STMicroelectronics X-CUBE-ST60 1.1.0
2026-07-31 10:23:36,786 [INFO] ThirdParty:1030 - CMSIS Pack Vendor :STMicroelectronics X-CUBE-ALS 1.0.2
2026-07-31 10:23:36,786 [INFO] ThirdParty:1030 - CMSIS Pack Vendor :emotas I-CUBE-CANOPEN 1.3.0
2026-07-31 10:23:36,786 [INFO] ThirdParty:1030 - CMSIS Pack Vendor :wolfSSL I-CUBE-wolfSSL 5.9.2
2026-07-31 10:23:36,786 [INFO] ThirdParty:1030 - CMSIS Pack Vendor :STMicroelectronics MBEDTLS 2.14.1
2026-07-31 10:23:36,786 [INFO] ThirdParty:1030 - CMSIS Pack Vendor :ITTIA_DB I-CUBE-ITTIADB 8.9.0
2026-07-31 10:23:36,786 [INFO] ThirdParty:1030 - CMSIS Pack Vendor :Cesanta I-CUBE-Mongoose 7.21.7
2026-07-31 10:23:36,786 [INFO] ThirdParty:1030 - CMSIS Pack Vendor :STMicroelectronics X-CUBE-TOUCHGFX 4.26.1
2026-07-31 10:23:36,786 [INFO] ThirdParty:1030 - CMSIS Pack Vendor :STMicroelectronics X-CUBE-NFC6 3.2.0
2026-07-31 10:23:36,786 [INFO] ThirdParty:1030 - CMSIS Pack Vendor :STMicroelectronics FP-SNS-STBOX1 2.1.0
2026-07-31 10:23:36,786 [INFO] ThirdParty:1030 - CMSIS Pack Vendor :STMicroelectronics X-CUBE-AI 10.2.1
2026-07-31 10:23:36,786 [INFO] ThirdParty:1030 - CMSIS Pack Vendor :STMicroelectronics ThreadX 1.0.0
2026-07-31 10:23:36,786 [INFO] ThirdParty:1030 - CMSIS Pack Vendor :STMicroelectronics FP-SNS-SMARTAG2 1.2.0
2026-07-31 10:23:36,786 [INFO] ThirdParty:1030 - CMSIS Pack Vendor :STMicroelectronics FP-SNS-FLIGHT1 5.1.0
2026-07-31 10:23:36,786 [INFO] ThirdParty:1030 - CMSIS Pack Vendor :STMicroelectronics X-CUBE-AZRTOS-WL 2.0.0
2026-07-31 10:23:36,786 [INFO] ThirdParty:1030 - CMSIS Pack Vendor :SEGGER I-CUBE-embOS 1.3.1
2026-07-31 10:23:36,786 [INFO] ThirdParty:1030 - CMSIS Pack Vendor :STMicroelectronics X-CUBE-DPower 1.3.0
2026-07-31 10:23:36,786 [INFO] ThirdParty:1030 - CMSIS Pack Vendor :STMicroelectronics USB_DEVICE 1.0.0
2026-07-31 10:23:36,786 [INFO] ThirdParty:1030 - CMSIS Pack Vendor :STMicroelectronics X-CUBE-AZRTOS-L4 2.0.0
2026-07-31 10:23:36,786 [INFO] ThirdParty:1030 - CMSIS Pack Vendor :STMicroelectronics ThreadX 0.0.2
2026-07-31 10:23:36,786 [INFO] ThirdParty:1030 - CMSIS Pack Vendor :STMicroelectronics lwIP 2.1.2
2026-07-31 10:23:36,786 [INFO] ThirdParty:1030 - CMSIS Pack Vendor :STMicroelectronics X-CUBE-SFXS2LP1 4.0.0
2026-07-31 10:23:36,786 [INFO] ThirdParty:1030 - CMSIS Pack Vendor :STMicroelectronics X-CUBE-BLE2 3.3.0
2026-07-31 10:23:36,786 [INFO] ThirdParty:1030 - CMSIS Pack Vendor :Avnet-IOTCONNECT X-CUBE-iotc-st67-sdk 1.0.0
2026-07-31 10:23:36,786 [INFO] ThirdParty:1030 - CMSIS Pack Vendor :STMicroelectronics X-CUBE-TOF1 3.4.3
2026-07-31 10:23:36,786 [INFO] ThirdParty:1030 - CMSIS Pack Vendor :Infineon AIROC-Wi-Fi-Bluetooth-STM32 1.8.0
2026-07-31 10:23:36,786 [INFO] ThirdParty:1030 - CMSIS Pack Vendor :STMicroelectronics X-CUBE-NFC13 1.0.0
2026-07-31 10:23:36,786 [INFO] ThirdParty:1030 - CMSIS Pack Vendor :STMicroelectronics PDM2PCM 3.2.0
2026-07-31 10:23:36,786 [INFO] ThirdParty:1030 - CMSIS Pack Vendor :STMicroelectronics X-CUBE-WB05N 2.1.0
2026-07-31 10:23:36,786 [INFO] ThirdParty:841 - exiting critical section [change project]
2026-07-31 10:23:37,059 [INFO] PinOutPanel:1589 - setPackage(No Configuration,No Configuration)
2026-07-31 10:23:37,061 [INFO] PinOutPanel:1589 - setPackage(STM32L4S5VITx,LQFP100)
2026-07-31 10:23:37,620 [INFO] UtilMem:75 - Before build in PCC Used Memory: 851125200 Bytes (1073741824)
2026-07-31 10:23:38,378 [INFO] UtilMem:75 - After build in PCC Used Memory: 959650768 Bytes (1073741824)
2026-07-31 10:23:38,414 [INFO] IPUIPlugin:80 - create IPUIPlugin
2026-07-31 10:23:38,414 [INFO] IPUIPlugin:80 - create IPUIPlugin
2026-07-31 10:23:38,414 [INFO] IPUIPlugin:80 - create IPUIPlugin
2026-07-31 10:23:38,414 [INFO] IPUIPlugin:80 - create IPUIPlugin
2026-07-31 10:23:38,414 [INFO] IPUIPlugin:80 - create IPUIPlugin
2026-07-31 10:23:38,415 [INFO] IPUIPlugin:80 - create IPUIPlugin
2026-07-31 10:23:38,415 [INFO] IPUIPlugin:80 - create IPUIPlugin
2026-07-31 10:23:38,415 [INFO] IPUIPlugin:80 - create IPUIPlugin
2026-07-31 10:23:38,415 [INFO] IPUIPlugin:80 - create IPUIPlugin
2026-07-31 10:23:38,415 [INFO] IPUIPlugin:80 - create IPUIPlugin
2026-07-31 10:23:38,415 [INFO] IPUIPlugin:80 - create IPUIPlugin
2026-07-31 10:23:38,415 [INFO] IPUIPlugin:80 - create IPUIPlugin
2026-07-31 10:23:38,416 [INFO] IPUIPlugin:80 - create IPUIPlugin
2026-07-31 10:23:38,416 [INFO] IPUIPlugin:80 - create IPUIPlugin
2026-07-31 10:23:38,416 [INFO] IPUIPlugin:80 - create IPUIPlugin
2026-07-31 10:23:38,416 [INFO] IPUIPlugin:80 - create IPUIPlugin
2026-07-31 10:23:38,416 [INFO] IPUIPlugin:80 - create IPUIPlugin
2026-07-31 10:23:38,416 [INFO] IPUIPlugin:80 - create IPUIPlugin
2026-07-31 10:23:38,416 [INFO] IPUIPlugin:80 - create IPUIPlugin
2026-07-31 10:23:38,416 [INFO] IPUIPlugin:80 - create IPUIPlugin
2026-07-31 10:23:38,417 [INFO] IPUIPlugin:80 - create IPUIPlugin
2026-07-31 10:23:38,417 [INFO] IPUIPlugin:80 - create IPUIPlugin
2026-07-31 10:23:38,417 [INFO] IPUIPlugin:80 - create IPUIPlugin
2026-07-31 10:23:38,417 [INFO] IPUIPlugin:80 - create IPUIPlugin
2026-07-31 10:23:38,418 [INFO] IPUIPlugin:80 - create IPUIPlugin
2026-07-31 10:23:38,418 [INFO] IPUIPlugin:80 - create IPUIPlugin
2026-07-31 10:23:38,418 [INFO] IPUIPlugin:80 - create IPUIPlugin
2026-07-31 10:23:38,418 [INFO] IPUIPlugin:80 - create IPUIPlugin
2026-07-31 10:23:38,419 [INFO] IPUIPlugin:80 - create IPUIPlugin
2026-07-31 10:23:38,419 [INFO] IPUIPlugin:80 - create IPUIPlugin
2026-07-31 10:23:38,419 [INFO] IPUIPlugin:80 - create IPUIPlugin
2026-07-31 10:23:38,419 [INFO] IPUIPlugin:80 - create IPUIPlugin
2026-07-31 10:23:38,420 [INFO] IPUIPlugin:80 - create IPUIPlugin
2026-07-31 10:23:38,420 [INFO] IPUIPlugin:80 - create IPUIPlugin
2026-07-31 10:23:38,420 [INFO] IPUIPlugin:80 - create IPUIPlugin
2026-07-31 10:23:38,420 [INFO] IPUIPlugin:80 - create IPUIPlugin
2026-07-31 10:23:38,421 [INFO] IPUIPlugin:80 - create IPUIPlugin
2026-07-31 10:23:38,421 [INFO] IPUIPlugin:80 - create IPUIPlugin
2026-07-31 10:23:38,421 [INFO] IPUIPlugin:80 - create IPUIPlugin
2026-07-31 10:23:38,421 [INFO] IPUIPlugin:80 - create IPUIPlugin
2026-07-31 10:23:38,422 [INFO] IPUIPlugin:80 - create IPUIPlugin
2026-07-31 10:23:38,423 [INFO] IPUIPlugin:80 - create IPUIPlugin
2026-07-31 10:23:38,423 [INFO] IPUIPlugin:80 - create IPUIPlugin
2026-07-31 10:23:38,424 [INFO] IPUIPlugin:80 - create IPUIPlugin
2026-07-31 10:23:38,424 [INFO] IPUIPlugin:80 - create IPUIPlugin
2026-07-31 10:23:38,424 [INFO] IPUIPlugin:80 - create IPUIPlugin
2026-07-31 10:23:38,424 [INFO] IPUIPlugin:80 - create IPUIPlugin
2026-07-31 10:23:38,424 [INFO] IPUIPlugin:80 - create IPUIPlugin
2026-07-31 10:23:38,425 [INFO] IPUIPlugin:80 - create IPUIPlugin
2026-07-31 10:23:38,425 [INFO] IPUIPlugin:80 - create IPUIPlugin
2026-07-31 10:23:38,425 [INFO] IPUIPlugin:80 - create IPUIPlugin
2026-07-31 10:23:38,426 [INFO] IPUIPlugin:80 - create IPUIPlugin
2026-07-31 10:23:38,426 [INFO] IPUIPlugin:80 - create IPUIPlugin
2026-07-31 10:23:38,426 [INFO] IPUIPlugin:80 - create IPUIPlugin
2026-07-31 10:23:38,427 [INFO] IPUIPlugin:80 - create IPUIPlugin
2026-07-31 10:23:38,427 [INFO] IPUIPlugin:80 - create IPUIPlugin
2026-07-31 10:23:38,427 [INFO] IPUIPlugin:80 - create IPUIPlugin
2026-07-31 10:23:38,428 [INFO] IPUIPlugin:80 - create IPUIPlugin
2026-07-31 10:23:38,428 [INFO] IPUIPlugin:80 - create IPUIPlugin
2026-07-31 10:23:38,428 [INFO] IPUIPlugin:80 - create IPUIPlugin
2026-07-31 10:23:38,429 [INFO] IPUIPlugin:80 - create IPUIPlugin
2026-07-31 10:23:38,429 [INFO] IPUIPlugin:80 - create IPUIPlugin
2026-07-31 10:23:38,429 [INFO] IPUIPlugin:80 - create IPUIPlugin
2026-07-31 10:23:38,430 [INFO] IPUIPlugin:80 - create IPUIPlugin
2026-07-31 10:23:38,439 [INFO] AI:982 - onDisable adding AI com.st.microxplorer.plugins.ip.ai.AI@3d102065 on STMicroelectronics.X-CUBE-AI.10.2.1
2026-07-31 10:23:38,532 [INFO] CADModel:165 - CPN selected for project levelSTM32L4S5VIT6
2026-07-31 10:23:38,532 [INFO] CADModel:114 - Register for checkConnection events
2026-07-31 10:23:38,748 [INFO] OpenFileManager:386 - Restore cursor
2026-07-31 10:23:39,042 [INFO] AIMainUI:1269 - Restoring parameters from IP...
2026-07-31 10:23:39,042 [INFO] AIMainUI:1392 - No old model detected
2026-07-31 10:23:39,106 [INFO] AInterface:116 - AInterface using toolDir: C:/Users/ADMIN/STM32Cube/Repository//Packs/STMicroelectronics/X-CUBE-AI/10.2.1/Utilities/windows
2026-07-31 10:23:39,116 [INFO] AIModelDetailledView:2264 - Analysis status: -
2026-07-31 10:23:39,116 [INFO] AIModelDetailledView:898 - Selected model: ONNX
2026-07-31 10:23:39,510 [INFO] AIModelDetailledView:2264 - Analysis status: done
2026-07-31 10:23:39,549 [ERROR] LogOutputStream:75 - [STDERR_REDIRECT] Exception in thread "AWT-EventQueue-0" java.lang.NullPointerException: Cannot invoke "com.st.stm32cube.common.mx.oss.core.awtswtbridge.EmbeddedSwingComposite$AwtContext.setContentPane(java.awt.Container)" because "this.awtContext" is null
2026-07-31 10:23:39,554 [ERROR] LogOutputStream:75 - [STDERR_REDIRECT] 	at com.st.stm32cube.common.mx.oss.core.awtswtbridge.EmbeddedSwingComposite.doComponentCreation(EmbeddedSwingComposite.java:494)
2026-07-31 10:23:39,557 [ERROR] LogOutputStream:75 - [STDERR_REDIRECT] 	at com.st.stm32cube.common.mx.oss.core.awtswtbridge.EmbeddedSwingComposite$4.run(EmbeddedSwingComposite.java:291)
2026-07-31 10:23:39,560 [ERROR] LogOutputStream:75 - [STDERR_REDIRECT] 	at com.st.stm32cube.common.mx.oss.core.awtswtbridge.AwtEnvironment$2.run(AwtEnvironment.java:166)
2026-07-31 10:23:39,563 [ERROR] LogOutputStream:75 - [STDERR_REDIRECT] 	at java.desktop/java.awt.event.InvocationEvent.dispatch(InvocationEvent.java:318)
2026-07-31 10:23:39,565 [ERROR] LogOutputStream:75 - [STDERR_REDIRECT] 	at java.desktop/java.awt.EventQueue.dispatchEventImpl(EventQueue.java:773)
2026-07-31 10:23:39,568 [ERROR] LogOutputStream:75 - [STDERR_REDIRECT] 	at java.desktop/java.awt.EventQueue$4.run(EventQueue.java:720)
2026-07-31 10:23:39,570 [ERROR] LogOutputStream:75 - [STDERR_REDIRECT] 	at java.desktop/java.awt.EventQueue$4.run(EventQueue.java:714)
2026-07-31 10:23:39,573 [ERROR] LogOutputStream:75 - [STDERR_REDIRECT] 	at java.base/java.security.AccessController.doPrivileged(AccessController.java:400)
2026-07-31 10:23:39,576 [ERROR] LogOutputStream:75 - [STDERR_REDIRECT] 	at java.base/java.security.ProtectionDomain$JavaSecurityAccessImpl.doIntersectionPrivilege(ProtectionDomain.java:87)
2026-07-31 10:23:39,578 [ERROR] LogOutputStream:75 - [STDERR_REDIRECT] 	at java.desktop/java.awt.EventQueue.dispatchEvent(EventQueue.java:742)
2026-07-31 10:23:39,581 [ERROR] LogOutputStream:75 - [STDERR_REDIRECT] 	at java.desktop/java.awt.EventDispatchThread.pumpOneEventForFilters(EventDispatchThread.java:203)
2026-07-31 10:23:39,584 [ERROR] LogOutputStream:75 - [STDERR_REDIRECT] 	at java.desktop/java.awt.EventDispatchThread.pumpEventsForFilter(EventDispatchThread.java:124)
2026-07-31 10:23:39,587 [ERROR] LogOutputStream:75 - [STDERR_REDIRECT] 	at java.desktop/java.awt.EventDispatchThread.pumpEventsForHierarchy(EventDispatchThread.java:113)
2026-07-31 10:23:39,589 [ERROR] LogOutputStream:75 - [STDERR_REDIRECT] 	at java.desktop/java.awt.EventDispatchThread.pumpEvents(EventDispatchThread.java:109)
2026-07-31 10:23:39,592 [ERROR] LogOutputStream:75 - [STDERR_REDIRECT] 	at java.desktop/java.awt.EventDispatchThread.pumpEvents(EventDispatchThread.java:101)
2026-07-31 10:23:39,594 [ERROR] LogOutputStream:75 - [STDERR_REDIRECT] 	at java.desktop/java.awt.EventDispatchThread.run(EventDispatchThread.java:90)
2026-07-31 10:23:46,603 [INFO] MainUpdater:2872 - connection check result : 10
2026-07-31 10:23:46,603 [INFO] MainUpdater:2872 - connection check result : 10
2026-07-31 10:23:46,896 [INFO] I2cTimingTraitement:330 - 0x30A175AB
2026-07-31 10:23:46,902 [INFO] MicroXplorer:468 - Change Database Path : 
2026-07-31 10:23:46,902 [INFO] MicroXplorer:498 - Change Database Version : DB.6.0.150
2026-07-31 10:23:46,953 [ERROR] ProjectManagerView:395 - 
java.lang.NullPointerException: Cannot invoke "javax.swing.JTextField.getText()" because the return value of "java.util.List.get(int)" is null
	at com.st.microxplorer.plugins.projectmanager.gui.ProjectChoiceTab$9.caretUpdate(ProjectChoiceTab.java:2706) ~[filemanager.jar:?]
	at javax.swing.text.JTextComponent.fireCaretUpdate(JTextComponent.java:408) ~[?:?]
	at javax.swing.text.JTextComponent$MutableCaretEvent.fire(JTextComponent.java:4484) ~[?:?]
	at javax.swing.text.JTextComponent$MutableCaretEvent.stateChanged(JTextComponent.java:4506) ~[?:?]
	at javax.swing.text.DefaultCaret.fireStateChanged(DefaultCaret.java:857) ~[?:?]
	at javax.swing.text.DefaultCaret.changeCaretPosition(DefaultCaret.java:1343) ~[?:?]
	at javax.swing.text.DefaultCaret.handleSetDot(DefaultCaret.java:1242) ~[?:?]
	at javax.swing.text.DefaultCaret.setDot(DefaultCaret.java:1223) ~[?:?]
	at javax.swing.text.DefaultCaret$Handler.insertUpdate(DefaultCaret.java:1819) ~[?:?]
	at javax.swing.text.AbstractDocument.fireInsertUpdate(AbstractDocument.java:227) ~[?:?]
	at javax.swing.text.AbstractDocument.handleInsertString(AbstractDocument.java:781) ~[?:?]
	at javax.swing.text.AbstractDocument.insertString(AbstractDocument.java:740) ~[?:?]
	at javax.swing.text.PlainDocument.insertString(PlainDocument.java:131) ~[?:?]
	at javax.swing.text.AbstractDocument.replace(AbstractDocument.java:699) ~[?:?]
	at javax.swing.text.JTextComponent.setText(JTextComponent.java:1725) ~[?:?]
	at com.st.microxplorer.plugins.projectmanager.gui.ProjectChoiceTab.createHeapStackFields(ProjectChoiceTab.java:993) ~[filemanager.jar:?]
	at com.st.microxplorer.plugins.projectmanager.gui.ProjectChoiceTab.buildLinkSettingsPanel(ProjectChoiceTab.java:3813) ~[filemanager.jar:?]
	at com.st.microxplorer.plugins.projectmanager.gui.ProjectChoiceTab.defineWindowsFields(ProjectChoiceTab.java:1987) ~[filemanager.jar:?]
	at com.st.microxplorer.plugins.projectmanager.gui.ProjectChoiceTab.updateSettings(ProjectChoiceTab.java:558) ~[filemanager.jar:?]
	at com.st.microxplorer.plugins.projectmanager.gui.ProjectSettingsPanel.UpdateDialog(ProjectSettingsPanel.java:247) ~[filemanager.jar:?]
	at com.st.microxplorer.plugins.projectmanager.ProjectManagerView.propertyChange(ProjectManagerView.java:392) ~[filemanager.jar:?]
	at java.beans.PropertyChangeSupport.fire(PropertyChangeSupport.java:343) ~[?:?]
	at java.beans.PropertyChangeSupport.firePropertyChange(PropertyChangeSupport.java:335) ~[?:?]
	at java.beans.PropertyChangeSupport.firePropertyChange(PropertyChangeSupport.java:268) ~[?:?]
	at com.st.microxplorer.util.MXPropertyChangeSupport.firePropertyChange(MXPropertyChangeSupport.java:54) ~[STM32CubeMX.jar:?]
	at com.st.microxplorer.mxsystem.MxSystem.closeConfig(MxSystem.java:899) ~[STM32CubeMX.jar:?]
	at com.st.microxplorer.maingui.MainPanel.closeConfig(MainPanel.java:792) ~[STM32CubeMX.jar:?]
	at com.st.microxplorer.plugins.filemanager.engine.OpenFileManager.loadConfigurationFile(OpenFileManager.java:288) ~[filemanager.jar:?]
	at com.st.microxplorer.plugins.filemanager.engine.MainFileManager.userLoadConfig(MainFileManager.java:364) ~[filemanager.jar:?]
	at com.st.microxplorer.plugins.filemanager.engine.MainFileManager.userLoadConfig(MainFileManager.java:342) ~[filemanager.jar:?]
	at com.st.microxplorer.plugins.filemanager.FileManagerView.getSpecificTask(FileManagerView.java:264) ~[filemanager.jar:?]
	at com.st.stm32cube.common.mx.editor.CubeMxEditor.getMxTabbedPaneInstance(CubeMxEditor.java:1198) ~[com.st.stm32cube.common.mx_6.15.0.202507011659/:?]
	at com.st.stm32cube.common.mx.editor.CubeMxEditor$12$1.createSwingComponent(CubeMxEditor.java:1068) ~[com.st.stm32cube.common.mx_6.15.0.202507011659/:?]
	at com.st.stm32cube.common.mx.oss.core.awtswtbridge.EmbeddedSwingComposite.doComponentCreation(EmbeddedSwingComposite.java:492) ~[com.st.stm32cube.common.mx.oss_6.15.0.202507011659/:?]
	at com.st.stm32cube.common.mx.oss.core.awtswtbridge.EmbeddedSwingComposite$4.run(EmbeddedSwingComposite.java:291) ~[com.st.stm32cube.common.mx.oss_6.15.0.202507011659/:?]
	at com.st.stm32cube.common.mx.oss.core.awtswtbridge.AwtEnvironment$2.run(AwtEnvironment.java:166) ~[com.st.stm32cube.common.mx.oss_6.15.0.202507011659/:?]
	at java.awt.event.InvocationEvent.dispatch(InvocationEvent.java:318) ~[?:?]
	at java.awt.EventQueue.dispatchEventImpl(EventQueue.java:773) ~[?:?]
	at java.awt.EventQueue$4.run(EventQueue.java:720) ~[?:?]
	at java.awt.EventQueue$4.run(EventQueue.java:714) ~[?:?]
	at java.security.AccessController.doPrivileged(AccessController.java:400) ~[?:?]
	at java.security.ProtectionDomain$JavaSecurityAccessImpl.doIntersectionPrivilege(ProtectionDomain.java:87) ~[?:?]
	at java.awt.EventQueue.dispatchEvent(EventQueue.java:742) ~[?:?]
	at java.awt.EventDispatchThread.pumpOneEventForFilters(EventDispatchThread.java:203) ~[?:?]
	at java.awt.EventDispatchThread.pumpEventsForFilter(EventDispatchThread.java:124) ~[?:?]
	at java.awt.EventDispatchThread.pumpEventsForHierarchy(EventDispatchThread.java:113) ~[?:?]
	at java.awt.EventDispatchThread.pumpEvents(EventDispatchThread.java:109) ~[?:?]
	at java.awt.EventDispatchThread.pumpEvents(EventDispatchThread.java:101) ~[?:?]
	at java.awt.EventDispatchThread.run(EventDispatchThread.java:90) ~[?:?]
2026-07-31 10:23:46,958 [WARN] ThirdParty:871 - waiting for thirdparty lock release [close project]
2026-07-31 10:23:46,958 [INFO] ThirdParty:873 - entering critical section [close project]
2026-07-31 10:23:46,958 [INFO] ThirdParty:883 - exiting critical section [close project]
2026-07-31 10:23:46,963 [INFO] PinOutPanel:1589 - setPackage(No Configuration,No Configuration)
2026-07-31 10:23:46,975 [INFO] AI:982 - onDisable adding AI com.st.microxplorer.plugins.ip.ai.AI@3d102065 on STMicroelectronics.X-CUBE-AI.10.2.1
2026-07-31 10:23:46,986 [INFO] UtilMem:75 - Begin LoadConfig() Used Memory: 902317520 Bytes (1073741824)
2026-07-31 10:23:46,987 [INFO] MicroXplorer:468 - Change Database Path : 
2026-07-31 10:23:46,987 [INFO] MicroXplorer:498 - Change Database Version : DB.6.0.150
2026-07-31 10:23:46,987 [INFO] OpenFileManager:355 - Change cursor
2026-07-31 10:23:47,001 [INFO] Mcu:2029 - Initializing MCU STM32L4S5VITx STM32L4S5VITx STM32L4S5VIT6
2026-07-31 10:23:48,999 [INFO] Context:786 - Trying to add GPIOservice into a context  which must be forbidden
2026-07-31 10:23:49,506 [INFO] ApiDbMcu:532 - Load IP Config File for STMicroelectronics.X-CUBE-AI.10.2.1
2026-07-31 10:23:49,695 [INFO] ImportTextPane:234 - (OptionalMessage_ERROR) Pin6 (VP_RIF_VS_RIF1) cannot be retrieved for this MCU
2026-07-31 10:23:49,795 [INFO] RtosManager:558 - Registered RTOS mode: class=CMSIS, group=RTOS, mode=CMSIS_V1, owner=FREERTOS
2026-07-31 10:23:49,795 [INFO] RtosManager:558 - Registered RTOS mode: class=CMSIS, group=RTOS2, mode=CMSIS_V2, owner=FREERTOS
2026-07-31 10:23:49,795 [INFO] RtosManager:558 - Registered RTOS mode: class=RTOS, group=Core, mode=CMSIS_V1, owner=FREERTOS
2026-07-31 10:23:49,795 [INFO] RtosManager:558 - Registered RTOS mode: class=RTOS, group=Core, mode=CMSIS_V2, owner=FREERTOS
2026-07-31 10:23:49,795 [WARN] ModelIntegratedComponent:184 - Missing modes for component STMicroelectronics:FreeRTOS:0.0.1:STMicroelectronics:RTOS:FreeRTOS:Core:::10.2.0:
2026-07-31 10:23:49,886 [WARN] ModelIntegratedComponent:63 - No mode defined for component null
2026-07-31 10:23:49,886 [WARN] ModelIntegratedComponent:63 - No mode defined for component null
2026-07-31 10:23:49,886 [WARN] ModelIntegratedComponent:63 - No mode defined for component null
2026-07-31 10:23:49,886 [WARN] ModelIntegratedComponent:63 - No mode defined for component null
2026-07-31 10:23:49,886 [WARN] ModelIntegratedComponent:63 - No mode defined for component null
2026-07-31 10:23:49,886 [WARN] ModelIntegratedComponent:63 - No mode defined for component null
2026-07-31 10:23:49,886 [WARN] ModelIntegratedComponent:63 - No mode defined for component null
2026-07-31 10:23:49,886 [WARN] ModelIntegratedComponent:63 - No mode defined for component null
2026-07-31 10:23:49,886 [WARN] ModelIntegratedComponent:63 - No mode defined for component null
2026-07-31 10:23:49,886 [WARN] ModelIntegratedComponent:63 - No mode defined for component null
2026-07-31 10:23:49,886 [WARN] ModelIntegratedComponent:63 - No mode defined for component null
2026-07-31 10:23:49,886 [WARN] ModelIntegratedComponent:63 - No mode defined for component null
2026-07-31 10:23:49,886 [WARN] ModelIntegratedComponent:63 - No mode defined for component null
2026-07-31 10:23:49,886 [WARN] ModelIntegratedComponent:63 - No mode defined for component null
2026-07-31 10:23:49,886 [WARN] ModelIntegratedComponent:63 - No mode defined for component null
2026-07-31 10:23:49,886 [WARN] ModelIntegratedComponent:63 - No mode defined for component null
2026-07-31 10:23:49,886 [WARN] ModelIntegratedComponent:63 - No mode defined for component null
2026-07-31 10:23:49,887 [WARN] ModelIntegratedComponent:63 - No mode defined for component null
2026-07-31 10:23:49,887 [WARN] ModelIntegratedComponent:63 - No mode defined for component null
2026-07-31 10:23:49,887 [WARN] ModelIntegratedComponent:63 - No mode defined for component null
2026-07-31 10:23:49,887 [WARN] ModelIntegratedComponent:63 - No mode defined for component null
2026-07-31 10:23:49,887 [WARN] ModelIntegratedComponent:63 - No mode defined for component null
2026-07-31 10:23:49,887 [WARN] ModelIntegratedComponent:63 - No mode defined for component null
2026-07-31 10:23:49,887 [WARN] ModelIntegratedComponent:63 - No mode defined for component null
2026-07-31 10:23:49,887 [WARN] ModelIntegratedComponent:63 - No mode defined for component null
2026-07-31 10:23:49,887 [WARN] ModelIntegratedComponent:63 - No mode defined for component null
2026-07-31 10:23:49,887 [WARN] ModelIntegratedComponent:63 - No mode defined for component null
2026-07-31 10:23:49,887 [WARN] ModelIntegratedComponent:63 - No mode defined for component null
2026-07-31 10:23:49,887 [WARN] ModelIntegratedComponent:63 - No mode defined for component null
2026-07-31 10:23:49,887 [WARN] ModelIntegratedComponent:63 - No mode defined for component null
2026-07-31 10:23:49,887 [WARN] ModelIntegratedComponent:63 - No mode defined for component null
2026-07-31 10:23:49,887 [WARN] ModelIntegratedComponent:63 - No mode defined for component null
2026-07-31 10:23:49,887 [WARN] ModelIntegratedComponent:63 - No mode defined for component null
2026-07-31 10:23:49,887 [WARN] ModelIntegratedComponent:63 - No mode defined for component null
2026-07-31 10:23:49,887 [WARN] ModelIntegratedComponent:63 - No mode defined for component null
2026-07-31 10:23:49,887 [WARN] ModelPack:524 - Component already loaded: STMicroelectronics:HAL Drivers:0.0.0:STMicroelectronics:Device:STMicro_Driver:XSPI:HAL::0.0.1:HAL_XSPI
2026-07-31 10:23:50,223 [INFO] ThirdPartyModel:298 - Start build external matchings
2026-07-31 10:23:50,630 [INFO] ThirdPartyModel:316 - End build external matchings
2026-07-31 10:23:50,640 [INFO] ImportTextPane:234 - (OptionalMessage_ERROR) IP (STMicroelectronics.X-CUBE-AI.10.2.1) : Parameter (ModelName) has Id (9768739c1e00d8dc2c0b29e2023e5a888d45308df69dacfc3efc94a535adbe6e) currently not set
2026-07-31 10:23:50,641 [INFO] ImportTextPane:234 - (OptionalMessage_ERROR) IP (STMicroelectronics.X-CUBE-AI.10.2.1) : Parameter (ModelKind) has Id (9768739c1e00d8dc2c0b29e2023e5a888d45308df69dacfc3efc94a535adbe6e) currently not set
2026-07-31 10:23:50,641 [INFO] ImportTextPane:234 - (OptionalMessage_ERROR) IP (STMicroelectronics.X-CUBE-AI.10.2.1) : Parameter (ModelCompression) has Id (9768739c1e00d8dc2c0b29e2023e5a888d45308df69dacfc3efc94a535adbe6e) currently not set
2026-07-31 10:23:50,641 [INFO] ImportTextPane:234 - (OptionalMessage_ERROR) IP (STMicroelectronics.X-CUBE-AI.10.2.1) : Invalid parameter (LatestDirectoryUsed)
2026-07-31 10:23:50,641 [INFO] ImportTextPane:234 - (OptionalMessage_ERROR) IP (STMicroelectronics.X-CUBE-AI.10.2.1) : Parameter (ModelStructureFile) has Id (9768739c1e00d8dc2c0b29e2023e5a888d45308df69dacfc3efc94a535adbe6e) currently not set
2026-07-31 10:23:50,641 [INFO] ImportTextPane:234 - (OptionalMessage_ERROR) IP (STMicroelectronics.X-CUBE-AI.10.2.1) : Parameter (ModelMacc) has Id (9768739c1e00d8dc2c0b29e2023e5a888d45308df69dacfc3efc94a535adbe6e) currently not set
2026-07-31 10:23:50,641 [INFO] ImportTextPane:234 - (OptionalMessage_ERROR) IP (STMicroelectronics.X-CUBE-AI.10.2.1) : Parameter (ModelActualCompression) has Id (9768739c1e00d8dc2c0b29e2023e5a888d45308df69dacfc3efc94a535adbe6e) currently not set
2026-07-31 10:23:50,641 [INFO] ImportTextPane:234 - (OptionalMessage_ERROR) IP (STMicroelectronics.X-CUBE-AI.10.2.1) : Parameter (ModelRamOccupation) has Id (9768739c1e00d8dc2c0b29e2023e5a888d45308df69dacfc3efc94a535adbe6e) currently not set
2026-07-31 10:23:50,641 [INFO] ImportTextPane:234 - (OptionalMessage_ERROR) IP (STMicroelectronics.X-CUBE-AI.10.2.1) : Parameter (ModelFlashOccupation) has Id (9768739c1e00d8dc2c0b29e2023e5a888d45308df69dacfc3efc94a535adbe6e) currently not set
2026-07-31 10:23:50,641 [INFO] ImportTextPane:234 - (OptionalMessage_ERROR) IP (STMicroelectronics.X-CUBE-AI.10.2.1) : Parameter (ModelType) has Id (9768739c1e00d8dc2c0b29e2023e5a888d45308df69dacfc3efc94a535adbe6e) currently not set
2026-07-31 10:23:50,641 [INFO] ImportTextPane:234 - (OptionalMessage_ERROR) IP (STMicroelectronics.X-CUBE-AI.10.2.1) : Invalid parameter (useInputAllocation)
2026-07-31 10:23:50,641 [INFO] ImportTextPane:234 - (OptionalMessage_ERROR) IP (STMicroelectronics.X-CUBE-AI.10.2.1) : Invalid parameter (useOutputAllocation)
2026-07-31 10:23:50,641 [INFO] ImportTextPane:234 - (OptionalMessage_ERROR) IP (STMicroelectronics.X-CUBE-AI.10.2.1) : Invalid parameter (customLayerConfigEnabled)
2026-07-31 10:23:50,641 [INFO] ImportTextPane:234 - (OptionalMessage_ERROR) IP (STMicroelectronics.X-CUBE-AI.10.2.1) : Invalid parameter (noOnnxIoTranspose)
2026-07-31 10:23:50,641 [INFO] ImportTextPane:234 - (OptionalMessage_ERROR) IP (STMicroelectronics.X-CUBE-AI.10.2.1) : Invalid parameter (MaximumNumberOfInputLayer)
2026-07-31 10:23:50,641 [INFO] ImportTextPane:234 - (OptionalMessage_ERROR) IP (STMicroelectronics.X-CUBE-AI.10.2.1) : Invalid parameter (MaximumNumberOfOutputLayer)
2026-07-31 10:23:51,040 [INFO] UtilMem:75 - End LoadConfig() Used Memory: 919223360 Bytes (1073741824)
2026-07-31 10:23:51,074 [WARN] ThirdParty:833 - waiting for thirdparty lock release [change project]
2026-07-31 10:23:51,075 [INFO] ThirdParty:835 - entering critical section [change project]
2026-07-31 10:23:51,075 [INFO] ThirdParty:1030 - CMSIS Pack Vendor :STMicroelectronics X-CUBE-AZRTOS-H7 3.5.0
2026-07-31 10:23:51,075 [INFO] ThirdParty:1030 - CMSIS Pack Vendor :STMicroelectronics X-CUBE-PM33A1 1.0.0
2026-07-31 10:23:51,075 [INFO] ThirdParty:1030 - CMSIS Pack Vendor :STMicroelectronics USBPD 4.1
2026-07-31 10:23:51,075 [INFO] ThirdParty:1030 - CMSIS Pack Vendor :STMicroelectronics X-CUBE-NFC9 1.0.0
2026-07-31 10:23:51,075 [INFO] ThirdParty:1030 - CMSIS Pack Vendor :STMicroelectronics USB_HOST 2.0.0
2026-07-31 10:23:51,075 [INFO] ThirdParty:1030 - CMSIS Pack Vendor :STMicroelectronics FP-ATR-ASTRA1 2.0.3
2026-07-31 10:23:51,075 [INFO] ThirdParty:1030 - CMSIS Pack Vendor :STMicroelectronics X-CUBE-AZRTOS-F4 1.1.0
2026-07-31 10:23:51,075 [INFO] ThirdParty:1030 - CMSIS Pack Vendor :STMicroelectronics LIBJPEG 8.0.0
2026-07-31 10:23:51,075 [INFO] ThirdParty:1030 - CMSIS Pack Vendor :STMicroelectronics X-CUBE-BLE1 7.1.0
2026-07-31 10:23:51,075 [INFO] ThirdParty:1030 - CMSIS Pack Vendor :wolfSSL I-CUBE-wolfMQTT 1.19.2
2026-07-31 10:23:51,075 [INFO] ThirdParty:1030 - CMSIS Pack Vendor :STMicroelectronics USB_DEVICE 3.0.0
2026-07-31 10:23:51,075 [INFO] ThirdParty:1030 - CMSIS Pack Vendor :STMicroelectronics X-CUBE-ISPU 2.1.0
2026-07-31 10:23:51,075 [INFO] ThirdParty:1030 - CMSIS Pack Vendor :STMicroelectronics X-CUBE-EEPRMA1 5.2.0
2026-07-31 10:23:51,075 [INFO] ThirdParty:1030 - CMSIS Pack Vendor :STMicroelectronics X-CUBE-IPS 3.2.0
2026-07-31 10:23:51,075 [INFO] ThirdParty:1030 - CMSIS Pack Vendor :STMicroelectronics eDS-WB_DPC_TT-BIDIR 2.1.1
2026-07-31 10:23:51,075 [INFO] ThirdParty:1030 - CMSIS Pack Vendor :STMicroelectronics X-CUBE-AZRTOS-WB 2.0.0
2026-07-31 10:23:51,075 [INFO] ThirdParty:1030 - CMSIS Pack Vendor :STMicroelectronics X-CUBE-NFC12 1.0.0
2026-07-31 10:23:51,075 [INFO] ThirdParty:1030 - CMSIS Pack Vendor :STMicroelectronics X-CUBE-AZRTOS-F7 1.1.0
2026-07-31 10:23:51,075 [INFO] ThirdParty:1030 - CMSIS Pack Vendor :STMicroelectronics X-CUBE-AZRTOS-L5 2.0.0
2026-07-31 10:23:51,075 [INFO] ThirdParty:1030 - CMSIS Pack Vendor :STMicroelectronics USB_DEVICE 2.0.0
2026-07-31 10:23:51,075 [INFO] ThirdParty:1030 - CMSIS Pack Vendor :STMicroelectronics X-CUBE-FREERTOS 1.6.0
2026-07-31 10:23:51,075 [INFO] ThirdParty:1030 - CMSIS Pack Vendor :STMicroelectronics FP-SNS-STAIOTCFT 1.1.0
2026-07-31 10:23:51,075 [INFO] ThirdParty:1030 - CMSIS Pack Vendor :quantropi X-CUBE-qispace-sdk-base 2.1.0
2026-07-31 10:23:51,075 [INFO] ThirdParty:1030 - CMSIS Pack Vendor :STMicroelectronics X-CUBE-STSE01 2.0.0
2026-07-31 10:23:51,075 [INFO] ThirdParty:1030 - CMSIS Pack Vendor :STMicroelectronics X-CUBE-ALGOBUILD 1.5.0
2026-07-31 10:23:51,075 [INFO] ThirdParty:1030 - CMSIS Pack Vendor :STMicroelectronics FP-SNS-MOTENV1 5.1.0
2026-07-31 10:23:51,075 [INFO] ThirdParty:1030 - CMSIS Pack Vendor :STMicroelectronics FreeRTOS 0.0.1
2026-07-31 10:23:51,075 [INFO] ThirdParty:1030 - CMSIS Pack Vendor :STMicroelectronics X-CUBE-AZRTOS-H7RS 1.3.0
2026-07-31 10:23:51,075 [INFO] ThirdParty:1030 - CMSIS Pack Vendor :STMicroelectronics X-CUBE-AZRTOS-G0 1.1.0
2026-07-31 10:23:51,075 [INFO] ThirdParty:1030 - CMSIS Pack Vendor :STMicroelectronics X-CUBE-NFC4 3.0.0
2026-07-31 10:23:51,075 [INFO] ThirdParty:1030 - CMSIS Pack Vendor :STMicroelectronics X-CUBE-SUBG2 5.0.0
2026-07-31 10:23:51,075 [INFO] ThirdParty:1030 - CMSIS Pack Vendor :STMicroelectronics STM32_WPAN 1.0.0
2026-07-31 10:23:51,076 [INFO] ThirdParty:1030 - CMSIS Pack Vendor :STMicroelectronics eDS-WB_DPC_VIENNA 1.2.0
2026-07-31 10:23:51,076 [INFO] ThirdParty:1030 - CMSIS Pack Vendor :EmbeddedOffice I-CUBE-FS-RTOS 1.0.1
2026-07-31 10:23:51,076 [INFO] ThirdParty:1030 - CMSIS Pack Vendor :STMicroelectronics lwIP 2.0.3
2026-07-31 10:23:51,076 [INFO] ThirdParty:1030 - CMSIS Pack Vendor :WES I-CUBE-Cesium 1.4.0
2026-07-31 10:23:51,076 [INFO] ThirdParty:1030 - CMSIS Pack Vendor :STMicroelectronics X-CUBE-MEMS1 13.0.0
2026-07-31 10:23:51,076 [INFO] ThirdParty:1030 - CMSIS Pack Vendor :STMicroelectronics eDS-WB_DPC_3PH2L-BIDIR 1.1.1
2026-07-31 10:23:51,076 [INFO] ThirdParty:1030 - CMSIS Pack Vendor :STMicroelectronics USB_HOST 1.0.0
2026-07-31 10:23:51,076 [INFO] ThirdParty:1030 - CMSIS Pack Vendor :STMicroelectronics X-CUBE-AZRTOS-G4 2.0.0
2026-07-31 10:23:51,076 [INFO] ThirdParty:1030 - CMSIS Pack Vendor :STMicroelectronics PDM2PCM 3.1.0
2026-07-31 10:23:51,076 [INFO] ThirdParty:1030 - CMSIS Pack Vendor :STMicroelectronics PDM2PCM 3.3.0
2026-07-31 10:23:51,076 [INFO] ThirdParty:1030 - CMSIS Pack Vendor :wolfSSL I-CUBE-wolfTPM 3.8.0
2026-07-31 10:23:51,076 [INFO] ThirdParty:1030 - CMSIS Pack Vendor :STMicroelectronics X-CUBE-DISPLAY 3.0.0
2026-07-31 10:23:51,076 [INFO] ThirdParty:1030 - CMSIS Pack Vendor :wolfSSL I-CUBE-wolfSSH 1.4.20
2026-07-31 10:23:51,076 [INFO] ThirdParty:1030 - CMSIS Pack Vendor :STMicroelectronics X-CUBE-NFC7 2.0.0
2026-07-31 10:23:51,076 [INFO] ThirdParty:1030 - CMSIS Pack Vendor :STMicroelectronics X-CUBE-GNSS1 7.1.1
2026-07-31 10:23:51,076 [INFO] ThirdParty:1030 - CMSIS Pack Vendor :STMicroelectronics FP-SNS-MOTENVWB1 1.5.0
2026-07-31 10:23:51,076 [INFO] ThirdParty:1030 - CMSIS Pack Vendor :STMicroelectronics X-CUBE-TCPP 4.2.0
2026-07-31 10:23:51,076 [INFO] ThirdParty:1030 - CMSIS Pack Vendor :RealThread X-CUBE-RT-Thread_Nano 4.1.1
2026-07-31 10:23:51,076 [INFO] ThirdParty:1030 - CMSIS Pack Vendor :STMicroelectronics FP-ATR-SIGFOX1 3.2.0
2026-07-31 10:23:51,076 [INFO] ThirdParty:1030 - CMSIS Pack Vendor :STMicroelectronics X-CUBE-NFC10 1.0.0
2026-07-31 10:23:51,076 [INFO] ThirdParty:1030 - CMSIS Pack Vendor :STMicroelectronics HAL Drivers 0.0.0
2026-07-31 10:23:51,076 [INFO] ThirdParty:1030 - CMSIS Pack Vendor :STMicroelectronics MBEDTLS 2.16.2
2026-07-31 10:23:51,076 [INFO] ThirdParty:1030 - CMSIS Pack Vendor :STMicroelectronics X-CUBE-ST60 1.1.0
2026-07-31 10:23:51,076 [INFO] ThirdParty:1030 - CMSIS Pack Vendor :STMicroelectronics X-CUBE-ALS 1.0.2
2026-07-31 10:23:51,076 [INFO] ThirdParty:1030 - CMSIS Pack Vendor :emotas I-CUBE-CANOPEN 1.3.0
2026-07-31 10:23:51,076 [INFO] ThirdParty:1030 - CMSIS Pack Vendor :wolfSSL I-CUBE-wolfSSL 5.9.2
2026-07-31 10:23:51,076 [INFO] ThirdParty:1030 - CMSIS Pack Vendor :STMicroelectronics MBEDTLS 2.14.1
2026-07-31 10:23:51,076 [INFO] ThirdParty:1030 - CMSIS Pack Vendor :ITTIA_DB I-CUBE-ITTIADB 8.9.0
2026-07-31 10:23:51,076 [INFO] ThirdParty:1030 - CMSIS Pack Vendor :Cesanta I-CUBE-Mongoose 7.21.7
2026-07-31 10:23:51,076 [INFO] ThirdParty:1030 - CMSIS Pack Vendor :STMicroelectronics X-CUBE-TOUCHGFX 4.26.1
2026-07-31 10:23:51,076 [INFO] ThirdParty:1030 - CMSIS Pack Vendor :STMicroelectronics X-CUBE-NFC6 3.2.0
2026-07-31 10:23:51,076 [INFO] ThirdParty:1030 - CMSIS Pack Vendor :STMicroelectronics FP-SNS-STBOX1 2.1.0
2026-07-31 10:23:51,076 [INFO] ThirdParty:1030 - CMSIS Pack Vendor :STMicroelectronics X-CUBE-AI 10.2.1
2026-07-31 10:23:51,076 [INFO] ThirdParty:1030 - CMSIS Pack Vendor :STMicroelectronics ThreadX 1.0.0
2026-07-31 10:23:51,076 [INFO] ThirdParty:1030 - CMSIS Pack Vendor :STMicroelectronics FP-SNS-SMARTAG2 1.2.0
2026-07-31 10:23:51,076 [INFO] ThirdParty:1030 - CMSIS Pack Vendor :STMicroelectronics FP-SNS-FLIGHT1 5.1.0
2026-07-31 10:23:51,076 [INFO] ThirdParty:1030 - CMSIS Pack Vendor :STMicroelectronics X-CUBE-AZRTOS-WL 2.0.0
2026-07-31 10:23:51,076 [INFO] ThirdParty:1030 - CMSIS Pack Vendor :SEGGER I-CUBE-embOS 1.3.1
2026-07-31 10:23:51,076 [INFO] ThirdParty:1030 - CMSIS Pack Vendor :STMicroelectronics X-CUBE-DPower 1.3.0
2026-07-31 10:23:51,076 [INFO] ThirdParty:1030 - CMSIS Pack Vendor :STMicroelectronics USB_DEVICE 1.0.0
2026-07-31 10:23:51,076 [INFO] ThirdParty:1030 - CMSIS Pack Vendor :STMicroelectronics X-CUBE-AZRTOS-L4 2.0.0
2026-07-31 10:23:51,076 [INFO] ThirdParty:1030 - CMSIS Pack Vendor :STMicroelectronics ThreadX 0.0.2
2026-07-31 10:23:51,076 [INFO] ThirdParty:1030 - CMSIS Pack Vendor :STMicroelectronics lwIP 2.1.2
2026-07-31 10:23:51,076 [INFO] ThirdParty:1030 - CMSIS Pack Vendor :STMicroelectronics X-CUBE-SFXS2LP1 4.0.0
2026-07-31 10:23:51,076 [INFO] ThirdParty:1030 - CMSIS Pack Vendor :STMicroelectronics X-CUBE-BLE2 3.3.0
2026-07-31 10:23:51,076 [INFO] ThirdParty:1030 - CMSIS Pack Vendor :Avnet-IOTCONNECT X-CUBE-iotc-st67-sdk 1.0.0
2026-07-31 10:23:51,077 [INFO] ThirdParty:1030 - CMSIS Pack Vendor :STMicroelectronics X-CUBE-TOF1 3.4.3
2026-07-31 10:23:51,077 [INFO] ThirdParty:1030 - CMSIS Pack Vendor :Infineon AIROC-Wi-Fi-Bluetooth-STM32 1.8.0
2026-07-31 10:23:51,077 [INFO] ThirdParty:1030 - CMSIS Pack Vendor :STMicroelectronics X-CUBE-NFC13 1.0.0
2026-07-31 10:23:51,077 [INFO] ThirdParty:1030 - CMSIS Pack Vendor :STMicroelectronics PDM2PCM 3.2.0
2026-07-31 10:23:51,077 [INFO] ThirdParty:1030 - CMSIS Pack Vendor :STMicroelectronics X-CUBE-WB05N 2.1.0
2026-07-31 10:23:51,077 [INFO] ThirdParty:841 - exiting critical section [change project]
2026-07-31 10:23:51,374 [INFO] PinOutPanel:1589 - setPackage(No Configuration,No Configuration)
2026-07-31 10:23:51,375 [INFO] PinOutPanel:1589 - setPackage(STM32L4S5VITx,LQFP100)
2026-07-31 10:23:51,879 [INFO] UtilMem:75 - Before build in PCC Used Memory: 828886192 Bytes (1073741824)
2026-07-31 10:23:52,462 [INFO] UtilMem:75 - After build in PCC Used Memory: 936871848 Bytes (1073741824)
2026-07-31 10:23:52,496 [INFO] IPUIPlugin:80 - create IPUIPlugin
2026-07-31 10:23:52,496 [INFO] IPUIPlugin:80 - create IPUIPlugin
2026-07-31 10:23:52,496 [INFO] IPUIPlugin:80 - create IPUIPlugin
2026-07-31 10:23:52,496 [INFO] IPUIPlugin:80 - create IPUIPlugin
2026-07-31 10:23:52,496 [INFO] IPUIPlugin:80 - create IPUIPlugin
2026-07-31 10:23:52,497 [INFO] IPUIPlugin:80 - create IPUIPlugin
2026-07-31 10:23:52,497 [INFO] IPUIPlugin:80 - create IPUIPlugin
2026-07-31 10:23:52,497 [INFO] IPUIPlugin:80 - create IPUIPlugin
2026-07-31 10:23:52,497 [INFO] IPUIPlugin:80 - create IPUIPlugin
2026-07-31 10:23:52,497 [INFO] IPUIPlugin:80 - create IPUIPlugin
2026-07-31 10:23:52,497 [INFO] IPUIPlugin:80 - create IPUIPlugin
2026-07-31 10:23:52,497 [INFO] IPUIPlugin:80 - create IPUIPlugin
2026-07-31 10:23:52,498 [INFO] IPUIPlugin:80 - create IPUIPlugin
2026-07-31 10:23:52,498 [INFO] IPUIPlugin:80 - create IPUIPlugin
2026-07-31 10:23:52,498 [INFO] IPUIPlugin:80 - create IPUIPlugin
2026-07-31 10:23:52,498 [INFO] IPUIPlugin:80 - create IPUIPlugin
2026-07-31 10:23:52,498 [INFO] IPUIPlugin:80 - create IPUIPlugin
2026-07-31 10:23:52,498 [INFO] IPUIPlugin:80 - create IPUIPlugin
2026-07-31 10:23:52,498 [INFO] IPUIPlugin:80 - create IPUIPlugin
2026-07-31 10:23:52,498 [INFO] IPUIPlugin:80 - create IPUIPlugin
2026-07-31 10:23:52,498 [INFO] IPUIPlugin:80 - create IPUIPlugin
2026-07-31 10:23:52,499 [INFO] IPUIPlugin:80 - create IPUIPlugin
2026-07-31 10:23:52,499 [INFO] IPUIPlugin:80 - create IPUIPlugin
2026-07-31 10:23:52,499 [INFO] IPUIPlugin:80 - create IPUIPlugin
2026-07-31 10:23:52,499 [INFO] IPUIPlugin:80 - create IPUIPlugin
2026-07-31 10:23:52,499 [INFO] IPUIPlugin:80 - create IPUIPlugin
2026-07-31 10:23:52,500 [INFO] IPUIPlugin:80 - create IPUIPlugin
2026-07-31 10:23:52,500 [INFO] IPUIPlugin:80 - create IPUIPlugin
2026-07-31 10:23:52,500 [INFO] IPUIPlugin:80 - create IPUIPlugin
2026-07-31 10:23:52,500 [INFO] IPUIPlugin:80 - create IPUIPlugin
2026-07-31 10:23:52,501 [INFO] IPUIPlugin:80 - create IPUIPlugin
2026-07-31 10:23:52,501 [INFO] IPUIPlugin:80 - create IPUIPlugin
2026-07-31 10:23:52,501 [INFO] IPUIPlugin:80 - create IPUIPlugin
2026-07-31 10:23:52,501 [INFO] IPUIPlugin:80 - create IPUIPlugin
2026-07-31 10:23:52,501 [INFO] IPUIPlugin:80 - create IPUIPlugin
2026-07-31 10:23:52,502 [INFO] IPUIPlugin:80 - create IPUIPlugin
2026-07-31 10:23:52,502 [INFO] IPUIPlugin:80 - create IPUIPlugin
2026-07-31 10:23:52,502 [INFO] IPUIPlugin:80 - create IPUIPlugin
2026-07-31 10:23:52,503 [INFO] IPUIPlugin:80 - create IPUIPlugin
2026-07-31 10:23:52,503 [INFO] IPUIPlugin:80 - create IPUIPlugin
2026-07-31 10:23:52,503 [INFO] IPUIPlugin:80 - create IPUIPlugin
2026-07-31 10:23:52,504 [INFO] IPUIPlugin:80 - create IPUIPlugin
2026-07-31 10:23:52,505 [INFO] IPUIPlugin:80 - create IPUIPlugin
2026-07-31 10:23:52,505 [INFO] IPUIPlugin:80 - create IPUIPlugin
2026-07-31 10:23:52,505 [INFO] IPUIPlugin:80 - create IPUIPlugin
2026-07-31 10:23:52,505 [INFO] IPUIPlugin:80 - create IPUIPlugin
2026-07-31 10:23:52,506 [INFO] IPUIPlugin:80 - create IPUIPlugin
2026-07-31 10:23:52,506 [INFO] IPUIPlugin:80 - create IPUIPlugin
2026-07-31 10:23:52,506 [INFO] IPUIPlugin:80 - create IPUIPlugin
2026-07-31 10:23:52,507 [INFO] IPUIPlugin:80 - create IPUIPlugin
2026-07-31 10:23:52,507 [INFO] IPUIPlugin:80 - create IPUIPlugin
2026-07-31 10:23:52,507 [INFO] IPUIPlugin:80 - create IPUIPlugin
2026-07-31 10:23:52,507 [INFO] IPUIPlugin:80 - create IPUIPlugin
2026-07-31 10:23:52,508 [INFO] IPUIPlugin:80 - create IPUIPlugin
2026-07-31 10:23:52,508 [INFO] IPUIPlugin:80 - create IPUIPlugin
2026-07-31 10:23:52,508 [INFO] IPUIPlugin:80 - create IPUIPlugin
2026-07-31 10:23:52,509 [INFO] IPUIPlugin:80 - create IPUIPlugin
2026-07-31 10:23:52,509 [INFO] IPUIPlugin:80 - create IPUIPlugin
2026-07-31 10:23:52,509 [INFO] IPUIPlugin:80 - create IPUIPlugin
2026-07-31 10:23:52,510 [INFO] IPUIPlugin:80 - create IPUIPlugin
2026-07-31 10:23:52,510 [INFO] IPUIPlugin:80 - create IPUIPlugin
2026-07-31 10:23:52,510 [INFO] IPUIPlugin:80 - create IPUIPlugin
2026-07-31 10:23:52,511 [INFO] IPUIPlugin:80 - create IPUIPlugin
2026-07-31 10:23:52,511 [INFO] IPUIPlugin:80 - create IPUIPlugin
2026-07-31 10:23:52,520 [INFO] AI:982 - onDisable adding AI com.st.microxplorer.plugins.ip.ai.AI@626dceb2 on STMicroelectronics.X-CUBE-AI.10.2.1
2026-07-31 10:23:52,608 [INFO] CADModel:165 - CPN selected for project levelSTM32L4S5VIT6
2026-07-31 10:23:52,608 [INFO] CADModel:114 - Register for checkConnection events
2026-07-31 10:23:52,744 [INFO] OpenFileManager:386 - Restore cursor
2026-07-31 10:23:53,028 [INFO] AIMainUI:1269 - Restoring parameters from IP...
2026-07-31 10:23:53,028 [INFO] AIMainUI:1392 - No old model detected
2026-07-31 10:23:53,088 [INFO] AInterface:116 - AInterface using toolDir: C:/Users/ADMIN/STM32Cube/Repository//Packs/STMicroelectronics/X-CUBE-AI/10.2.1/Utilities/windows
2026-07-31 10:23:53,097 [INFO] AIModelDetailledView:2264 - Analysis status: -
2026-07-31 10:23:53,098 [INFO] AIModelDetailledView:898 - Selected model: ONNX
2026-07-31 10:23:53,178 [INFO] AIModelDetailledView:2264 - Analysis status: done
2026-07-31 10:23:57,901 [INFO] AI:955 - getUI adding AI com.st.microxplorer.plugins.ip.ai.AI@626dceb2 on STMicroelectronics.X-CUBE-AI.10.2.1
2026-07-31 10:24:05,131 [INFO] UtilMem:75 - End SaveConfig() Used Memory: 851281064 Bytes (1073741824)
2026-07-31 10:24:05,263 [INFO] AIModelDetailledView:2264 - Analysis status: -
2026-07-31 10:24:05,264 [INFO] AInterface:259 - ModelName:network; files:[D:\TinyML_Workshop-main\TinyML_Workshop_PGR\TinyML_PGR\ONNX\mlp_model.onnx]; type:ONNX; compression:None
2026-07-31 10:24:05,265 [INFO] AInterface:526 - workspaceTempDir: C:/Users/ADMIN/AppData/Local/Temp/mxAI_workspace671275960282008815288231018288616
2026-07-31 10:24:05,265 [INFO] AInterface:1179 - Setting Env: C:/Users/ADMIN/STM32Cube/Repository//Packs/STMicroelectronics/X-CUBE-AI/10.2.1/Utilities/windows
2026-07-31 10:24:05,272 [INFO] STM32CubeIDEBuilder:265 - Looking for gnu-tools-for-stm32 tools/bin/arm-none-eabi-gcc.exe in C:\ST\STM32CubeIDE_1.19.0\STM32CubeIDE
2026-07-31 10:24:05,275 [INFO] STM32CubeIDEBuilder:294 - checking C:\ST\STM32CubeIDE_1.19.0\STM32CubeIDE\plugins\com.st.stm32cube.ide.mcu.externaltools.gnu-tools-for-stm32.13.3.rel1.win32_1.0.0.202411081344\tools\bin\arm-none-eabi-gcc.exe
2026-07-31 10:24:05,275 [INFO] STM32CubeIDEBuilder:297 - ret=C:\ST\STM32CubeIDE_1.19.0\STM32CubeIDE\plugins\com.st.stm32cube.ide.mcu.externaltools.gnu-tools-for-stm32.13.3.rel1.win32_1.0.0.202411081344\tools\bin\arm-none-eabi-gcc.exe
2026-07-31 10:24:05,275 [INFO] STM32CubeIDEBuilder:311 - returning C:\ST\STM32CubeIDE_1.19.0\STM32CubeIDE\plugins\com.st.stm32cube.ide.mcu.externaltools.gnu-tools-for-stm32.13.3.rel1.win32_1.0.0.202411081344\tools\bin\arm-none-eabi-gcc.exe
2026-07-31 10:24:05,276 [INFO] AInterface:1236 - Custom PATH variable: C:/Users/ADMIN/STM32Cube/Repository//Packs/STMicroelectronics/X-CUBE-AI/10.2.1/Utilities/windows;C:/Users/ADMIN/STM32Cube/Repository//Packs/STMicroelectronics/X-CUBE-AI/10.2.1/Utilities/windows/mingw64/bin;C:/Users/ADMIN/STM32Cube/Repository//Packs/STMicroelectronics/X-CUBE-AI/10.2.1/Utilities/windows/mingw64/libexec/gcc/x86_64-w64-mingw32/7.3.0;;C:\ST\STM32CubeIDE_1.19.0\STM32CubeIDE\plugins\com.st.stm32cube.ide.mcu.externaltools.gnu-tools-for-stm32.13.3.rel1.win32_1.0.0.202411081344\tools\bin
2026-07-31 10:24:05,277 [INFO] CmdLine:115 - Command: C:/Users/ADMIN/STM32Cube/Repository//Packs/STMicroelectronics/X-CUBE-AI/10.2.1/Utilities/windows/stedgeai.exe analyze --target stm32l4 --name network -m D:/TinyML_Workshop-main/TinyML_Workshop_PGR/TinyML_PGR/ONNX/mlp_model.onnx --compression none --verbosity 1 --workspace C:/Users/ADMIN/AppData/Local/Temp/mxAI_workspace671275960282008815288231018288616 --output C:/Users/ADMIN/.stm32cubemx/network_output
2026-07-31 10:24:05,279 [INFO] AIModelDetailledView:2264 - Analysis status: pending
2026-07-31 10:24:06,055 [INFO] CmdLine:76 - ST Edge AI Core v2.2.0-20266 2adc00962
2026-07-31 10:24:14,844 [INFO] CmdLine:76 - Creating c (debug) info json file C:\Users\ADMIN\.stm32cubemx\network_output\network_c_info.json
2026-07-31 10:24:14,866 [INFO] CmdLine:76 -  
2026-07-31 10:24:14,866 [INFO] CmdLine:76 -  Exec/report summary (analyze)
2026-07-31 10:24:14,866 [INFO] CmdLine:76 -  -----------------------------------------------------------------------------------------------------------
2026-07-31 10:24:14,867 [INFO] CmdLine:76 -  model file         :   D:\TinyML_Workshop-main\TinyML_Workshop_PGR\TinyML_PGR\ONNX\mlp_model.onnx          
2026-07-31 10:24:14,867 [INFO] CmdLine:76 -  type               :   onnx                                                                                
2026-07-31 10:24:14,867 [INFO] CmdLine:76 -  c_name             :   network                                                                             
2026-07-31 10:24:14,867 [INFO] CmdLine:76 -  compression        :   none                                                                                
2026-07-31 10:24:14,867 [INFO] CmdLine:76 -  options            :   allocate-inputs, allocate-outputs                                                   
2026-07-31 10:24:14,867 [INFO] CmdLine:76 -  optimization       :   balanced                                                                            
2026-07-31 10:24:14,868 [INFO] CmdLine:76 -  target/series      :   stm32l4                                                                             
2026-07-31 10:24:14,868 [INFO] CmdLine:76 -  workspace dir      :   C:\Users\ADMIN\AppData\Local\Temp\mxAI_workspace671275960282008815288231018288616   
2026-07-31 10:24:14,868 [INFO] CmdLine:76 -  output dir         :   C:\Users\ADMIN\.stm32cubemx\network_output                                          
2026-07-31 10:24:14,868 [INFO] CmdLine:76 -  model_fmt          :   float                                                                               
2026-07-31 10:24:14,868 [INFO] CmdLine:76 -  model_name         :   mlp_model                                                                           
2026-07-31 10:24:14,868 [INFO] CmdLine:76 -  model_hash         :   0x6244a8562aee069bc4ee7be628ef2ac9                                                  
2026-07-31 10:24:14,868 [INFO] CmdLine:76 -  params #           :   2,693 items (10.52 KiB)                                                             
2026-07-31 10:24:14,869 [INFO] CmdLine:76 -  -----------------------------------------------------------------------------------------------------------
2026-07-31 10:24:14,869 [INFO] CmdLine:76 -  input 1/1          :   'input', f32(1x6), 24 Bytes, activations                                            
2026-07-31 10:24:14,869 [INFO] CmdLine:76 -  output 1/1         :   'output', f32(1x5), 20 Bytes, activations                                           
2026-07-31 10:24:14,869 [INFO] CmdLine:76 -  macc               :   2,789                                                                               
2026-07-31 10:24:14,870 [INFO] CmdLine:76 -  weights (ro)       :   10,772 B (10.52 KiB) (1 segment)                                                    
2026-07-31 10:24:14,870 [INFO] CmdLine:76 -  activations (rw)   :   384 B (384 B) (1 segment) *                                                         
2026-07-31 10:24:14,870 [INFO] CmdLine:76 -  ram (total)        :   384 B (384 B) = 384 + 0 + 0                                                         
2026-07-31 10:24:14,870 [INFO] CmdLine:76 -  -----------------------------------------------------------------------------------------------------------
2026-07-31 10:24:14,870 [INFO] CmdLine:76 -  (*) 'input'/'output' buffers are allocated in the activations buffer
2026-07-31 10:24:14,873 [INFO] CmdLine:76 - Computing AI RT data/code size (target=stm32l4)..
2026-07-31 10:24:16,302 [INFO] CmdLine:76 -  Model name - mlp_model
2026-07-31 10:24:16,302 [INFO] CmdLine:76 -  ------ ------------------- ------------- ------------- ------- --------------
2026-07-31 10:24:16,303 [INFO] CmdLine:76 -  m_id   layer (original)    oshape        param/size       macc   connected to
2026-07-31 10:24:16,303 [INFO] CmdLine:76 -  ------ ------------------- ------------- ------------- ------- --------------
2026-07-31 10:24:16,303 [INFO] CmdLine:76 -  1      fc1_weight (Gemm)   [b:64,c:6]    384/1,536
2026-07-31 10:24:16,303 [INFO] CmdLine:76 -         fc1_bias (Gemm)     [b:64]        64/256
2026-07-31 10:24:16,303 [INFO] CmdLine:76 -  ------ ------------------- ------------- ------------- ------- --------------
2026-07-31 10:24:16,304 [INFO] CmdLine:76 -  3      fc2_weight (Gemm)   [b:32,c:64]   2,048/8,192
2026-07-31 10:24:16,304 [INFO] CmdLine:76 -         fc2_bias (Gemm)     [b:32]        32/128
2026-07-31 10:24:16,304 [INFO] CmdLine:76 -  ------ ------------------- ------------- ------------- ------- --------------
2026-07-31 10:24:16,304 [INFO] CmdLine:76 -  5      fc3_weight (Gemm)   [b:5,c:32]    160/640
2026-07-31 10:24:16,305 [INFO] CmdLine:76 -         fc3_bias (Gemm)     [b:5]         5/20
2026-07-31 10:24:16,305 [INFO] CmdLine:76 -  ------ ------------------- ------------- ------------- ------- --------------
2026-07-31 10:24:16,305 [INFO] CmdLine:76 -  0      input ()            [b:1,c:6]
2026-07-31 10:24:16,305 [INFO] CmdLine:76 -  ------ ------------------- ------------- ------------- ------- --------------
2026-07-31 10:24:16,306 [INFO] CmdLine:76 -  1      linear (Gemm)       [b:1,c:64]                      448          input
2026-07-31 10:24:16,306 [INFO] CmdLine:76 -                                                                     fc1_weight
2026-07-31 10:24:16,306 [INFO] CmdLine:76 -                                                                       fc1_bias
2026-07-31 10:24:16,306 [INFO] CmdLine:76 -  ------ ------------------- ------------- ------------- ------- --------------
2026-07-31 10:24:16,306 [INFO] CmdLine:76 -  2      relu (Relu)         [b:1,c:64]                       64         linear
2026-07-31 10:24:16,307 [INFO] CmdLine:76 -  ------ ------------------- ------------- ------------- ------- --------------
2026-07-31 10:24:16,307 [INFO] CmdLine:76 -  3      linear_1 (Gemm)     [b:1,c:32]                    2,080           relu
2026-07-31 10:24:16,307 [INFO] CmdLine:76 -                                                                     fc2_weight
2026-07-31 10:24:16,307 [INFO] CmdLine:76 -                                                                       fc2_bias
2026-07-31 10:24:16,308 [INFO] CmdLine:76 -  ------ ------------------- ------------- ------------- ------- --------------
2026-07-31 10:24:16,308 [INFO] CmdLine:76 -  4      relu_1 (Relu)       [b:1,c:32]                       32       linear_1
2026-07-31 10:24:16,308 [INFO] CmdLine:76 -  ------ ------------------- ------------- ------------- ------- --------------
2026-07-31 10:24:16,308 [INFO] CmdLine:76 -  5      output (Gemm)       [b:1,c:5]                       165         relu_1
2026-07-31 10:24:16,308 [INFO] CmdLine:76 -                                                                     fc3_weight
2026-07-31 10:24:16,309 [INFO] CmdLine:76 -                                                                       fc3_bias
2026-07-31 10:24:16,309 [INFO] CmdLine:76 -  ------ ------------------- ------------- ------------- ------- --------------
2026-07-31 10:24:16,309 [INFO] CmdLine:76 -  model: macc=2,789 weights=10,772 activations=-- io=--
2026-07-31 10:24:16,309 [INFO] CmdLine:76 -  Number of operations per c-layer
2026-07-31 10:24:16,309 [INFO] CmdLine:76 -  ------- ------ ----------------------- ------- --------------
2026-07-31 10:24:16,309 [INFO] CmdLine:76 -  c_id    m_id   name (type)                 #op           type
2026-07-31 10:24:16,310 [INFO] CmdLine:76 -  ------- ------ ----------------------- ------- --------------
2026-07-31 10:24:16,310 [INFO] CmdLine:76 -  0       1      linear (Dense)              448   smul_f32_f32
2026-07-31 10:24:16,310 [INFO] CmdLine:76 -  1       2      relu (Nonlinearity)          64     op_f32_f32
2026-07-31 10:24:16,310 [INFO] CmdLine:76 -  2       3      linear_1 (Dense)          2,080   smul_f32_f32
2026-07-31 10:24:16,310 [INFO] CmdLine:76 -  3       4      relu_1 (Nonlinearity)        32     op_f32_f32
2026-07-31 10:24:16,310 [INFO] CmdLine:76 -  4       5      output (Dense)              165   smul_f32_f32
2026-07-31 10:24:16,310 [INFO] CmdLine:76 -  ------- ------ ----------------------- ------- --------------
2026-07-31 10:24:16,311 [INFO] CmdLine:76 -  total                                    2,789
2026-07-31 10:24:16,311 [INFO] CmdLine:76 -  Number of operation types
2026-07-31 10:24:16,311 [INFO] CmdLine:76 -  ---------------- ------- -----------
2026-07-31 10:24:16,311 [INFO] CmdLine:76 -  operation type         #           %
2026-07-31 10:24:16,311 [INFO] CmdLine:76 -  ---------------- ------- -----------
2026-07-31 10:24:16,311 [INFO] CmdLine:76 -  smul_f32_f32       2,693       96.6%
2026-07-31 10:24:16,312 [INFO] CmdLine:76 -  op_f32_f32            96        3.4%
2026-07-31 10:24:16,312 [INFO] CmdLine:76 -  Complexity report (model)
2026-07-31 10:24:16,312 [INFO] CmdLine:76 -  ------ ------------ ------------------------- ------------------------- ------
2026-07-31 10:24:16,312 [INFO] CmdLine:76 -  m_id   name         c_macc                    c_rom                     c_id
2026-07-31 10:24:16,313 [INFO] CmdLine:76 -  ------ ------------ ------------------------- ------------------------- ------
2026-07-31 10:24:16,313 [INFO] CmdLine:76 -  1      fc1_weight   ||||              16.1%   ||||              16.6%   [0]
2026-07-31 10:24:16,313 [INFO] CmdLine:76 -  3      fc2_weight   ||||||||||||||||  74.6%   ||||||||||||||||  77.2%   [2]
2026-07-31 10:24:16,314 [INFO] CmdLine:76 -  5      fc3_weight   ||                 5.9%   ||                 6.1%   [4]
2026-07-31 10:24:16,314 [INFO] CmdLine:76 -  2      relu         |                  2.3%   |                  0.0%   [1]
2026-07-31 10:24:16,314 [INFO] CmdLine:76 -  4      relu_1       |                  1.1%   |                  0.0%   [3]
2026-07-31 10:24:16,315 [INFO] CmdLine:76 -  ------ ------------ ------------------------- ------------------------- ------
2026-07-31 10:24:16,315 [INFO] CmdLine:76 -  macc=2,789 weights=10,772 act=384 ram_io=0
2026-07-31 10:24:16,315 [INFO] CmdLine:76 -  Requested memory size by section - "stm32l4" target
2026-07-31 10:24:16,315 [INFO] CmdLine:76 -  ------------------------------ ------- -------- ------- -----
2026-07-31 10:24:16,315 [INFO] CmdLine:76 -  module                            text   rodata    data   bss
2026-07-31 10:24:16,316 [INFO] CmdLine:76 -  ------------------------------ ------- -------- ------- -----
2026-07-31 10:24:16,316 [INFO] CmdLine:76 -  NetworkRuntime1020_CM4_GCC.a     6,452        0       0     0
2026-07-31 10:24:16,316 [INFO] CmdLine:76 -  network.o                          528       40   1,584   140
2026-07-31 10:24:16,316 [INFO] CmdLine:76 -  network_data.o                      48       16      88     0
2026-07-31 10:24:16,316 [INFO] CmdLine:76 -  lib (toolchain)*                     0        0       0     0
2026-07-31 10:24:16,316 [INFO] CmdLine:76 -  ------------------------------ ------- -------- ------- -----
2026-07-31 10:24:16,316 [INFO] CmdLine:76 -  RT total**                       7,028       56   1,672   140
2026-07-31 10:24:16,316 [INFO] CmdLine:76 -  ------------------------------ ------- -------- ------- -----
2026-07-31 10:24:16,316 [INFO] CmdLine:76 -  weights                              0   10,776       0     0
2026-07-31 10:24:16,317 [INFO] CmdLine:76 -  activations                          0        0       0   384
2026-07-31 10:24:16,317 [INFO] CmdLine:76 -  io                                   0        0       0     0
2026-07-31 10:24:16,317 [INFO] CmdLine:76 -  ------------------------------ ------- -------- ------- -----
2026-07-31 10:24:16,317 [INFO] CmdLine:76 -  TOTAL                            7,028   10,832   1,672   524
2026-07-31 10:24:16,317 [INFO] CmdLine:76 -  ------------------------------ ------- -------- ------- -----
2026-07-31 10:24:16,317 [INFO] CmdLine:76 -  *  toolchain objects (libm/libgcc*)
2026-07-31 10:24:16,317 [INFO] CmdLine:76 -  ** RT AI runtime objects (kernels+infrastructure)
2026-07-31 10:24:16,318 [INFO] CmdLine:76 -   Summary - "stm32l4" target
2026-07-31 10:24:16,318 [INFO] CmdLine:76 -   ---------------------------------------------------
2026-07-31 10:24:16,318 [INFO] CmdLine:76 -                FLASH (ro)      %*   RAM (rw)       %
2026-07-31 10:24:16,318 [INFO] CmdLine:76 -   ---------------------------------------------------
2026-07-31 10:24:16,318 [INFO] CmdLine:76 -   RT total          8,756   44.8%      1,812   82.5%
2026-07-31 10:24:16,318 [INFO] CmdLine:76 -   ---------------------------------------------------
2026-07-31 10:24:16,318 [INFO] CmdLine:76 -   TOTAL            19,532              2,196
2026-07-31 10:24:16,319 [INFO] CmdLine:76 -   ---------------------------------------------------
2026-07-31 10:24:16,319 [INFO] CmdLine:76 -   *  rt/total
2026-07-31 10:24:16,320 [INFO] CmdLine:76 - Creating txt report file C:\Users\ADMIN\.stm32cubemx\network_output\network_analyze_report.txt
2026-07-31 10:24:17,222 [INFO] CmdLine:76 - elapsed time (analyze): 11.166s
2026-07-31 10:24:17,819 [INFO] CmdLine:148 - stedgeai exit with status: 0
2026-07-31 10:24:17,830 [INFO] AIModelDetailledView:2598 - Analyze complete on AI model
2026-07-31 10:24:17,832 [INFO] AIModelDetailledView:2264 - Analysis status: done
2026-07-31 10:24:17,841 [ERROR] LogOutputStream:75 - [STDERR_REDIRECT] Exception in thread "AWT-EventQueue-0" java.lang.ClassCastException: class javax.swing.SwingUtilities$SharedOwnerFrame cannot be cast to class com.st.microxplorer.maingui.MainFrame (javax.swing.SwingUtilities$SharedOwnerFrame is in module java.desktop of loader 'bootstrap'; com.st.microxplorer.maingui.MainFrame is in unnamed module of loader org.eclipse.osgi.internal.loader.EquinoxClassLoader @7e0986c9)
2026-07-31 10:24:17,843 [ERROR] LogOutputStream:75 - [STDERR_REDIRECT] 	at com.st.microxplorer.plugins.ip.ai.model.AIAdvancedSettingsData.saveSettings(AIAdvancedSettingsData.java:655)
2026-07-31 10:24:17,844 [ERROR] LogOutputStream:75 - [STDERR_REDIRECT] 	at com.st.microxplorer.plugins.ip.ai.model.AIAdvancedSettingsData.cmdSaveSettings(AIAdvancedSettingsData.java:527)
2026-07-31 10:24:17,846 [ERROR] LogOutputStream:75 - [STDERR_REDIRECT] 	at com.st.microxplorer.plugins.ip.ai.gui.AIModelDetailledView.saveData(AIModelDetailledView.java:471)
2026-07-31 10:24:17,848 [ERROR] LogOutputStream:75 - [STDERR_REDIRECT] 	at com.st.microxplorer.plugins.ip.ai.gui.AIMainUI.saveModelDataNeededForGeneration(AIMainUI.java:912)
2026-07-31 10:24:17,849 [ERROR] LogOutputStream:75 - [STDERR_REDIRECT] 	at com.st.microxplorer.plugins.ip.ai.gui.AITopWindow.saveModelsData(AITopWindow.java:253)
2026-07-31 10:24:17,850 [ERROR] LogOutputStream:75 - [STDERR_REDIRECT] 	at com.st.microxplorer.plugins.ip.ai.AI.propertyChange(AI.java:1654)
2026-07-31 10:24:17,851 [ERROR] LogOutputStream:75 - [STDERR_REDIRECT] 	at java.desktop/java.beans.PropertyChangeSupport.fire(PropertyChangeSupport.java:343)
2026-07-31 10:24:17,853 [ERROR] LogOutputStream:75 - [STDERR_REDIRECT] 	at java.desktop/java.beans.PropertyChangeSupport.firePropertyChange(PropertyChangeSupport.java:335)
2026-07-31 10:24:17,854 [ERROR] LogOutputStream:75 - [STDERR_REDIRECT] 	at java.desktop/java.beans.PropertyChangeSupport.firePropertyChange(PropertyChangeSupport.java:268)
2026-07-31 10:24:17,856 [ERROR] LogOutputStream:75 - [STDERR_REDIRECT] 	at com.st.microxplorer.util.MXPropertyChangeSupport.firePropertyChange(MXPropertyChangeSupport.java:54)
2026-07-31 10:24:17,857 [ERROR] LogOutputStream:75 - [STDERR_REDIRECT] 	at com.st.microxplorer.mxsystem.MxSystem.completeSaveConfig(MxSystem.java:843)
2026-07-31 10:24:17,858 [ERROR] LogOutputStream:75 - [STDERR_REDIRECT] 	at com.st.microxplorer.plugins.filemanager.engine.SaveFileManager.saveConfiguration(SaveFileManager.java:125)
2026-07-31 10:24:17,860 [ERROR] LogOutputStream:75 - [STDERR_REDIRECT] 	at com.st.microxplorer.plugins.filemanager.engine.MainFileManager.userSaveConfig(MainFileManager.java:482)
2026-07-31 10:24:17,861 [ERROR] LogOutputStream:75 - [STDERR_REDIRECT] 	at com.st.microxplorer.plugins.filemanager.FileManagerView.getSpecificTask(FileManagerView.java:280)
2026-07-31 10:24:17,863 [ERROR] LogOutputStream:75 - [STDERR_REDIRECT] 	at com.st.stm32cube.common.mx.editor.CubeMxEditor$9.run(CubeMxEditor.java:690)
2026-07-31 10:24:17,865 [ERROR] LogOutputStream:75 - [STDERR_REDIRECT] 	at com.st.stm32cube.common.mx.oss.core.awtswtbridge.AwtEnvironment$2.run(AwtEnvironment.java:166)
2026-07-31 10:24:17,866 [ERROR] LogOutputStream:75 - [STDERR_REDIRECT] 	at java.desktop/java.awt.event.InvocationEvent.dispatch(InvocationEvent.java:318)
2026-07-31 10:24:17,867 [ERROR] LogOutputStream:75 - [STDERR_REDIRECT] 	at java.desktop/java.awt.EventQueue.dispatchEventImpl(EventQueue.java:773)
2026-07-31 10:24:17,868 [ERROR] LogOutputStream:75 - [STDERR_REDIRECT] 	at java.desktop/java.awt.EventQueue$4.run(EventQueue.java:720)
2026-07-31 10:24:17,869 [ERROR] LogOutputStream:75 - [STDERR_REDIRECT] 	at java.desktop/java.awt.EventQueue$4.run(EventQueue.java:714)
2026-07-31 10:24:17,870 [ERROR] LogOutputStream:75 - [STDERR_REDIRECT] 	at java.base/java.security.AccessController.doPrivileged(AccessController.java:400)
2026-07-31 10:24:17,871 [ERROR] LogOutputStream:75 - [STDERR_REDIRECT] 	at java.base/java.security.ProtectionDomain$JavaSecurityAccessImpl.doIntersectionPrivilege(ProtectionDomain.java:87)
2026-07-31 10:24:17,873 [ERROR] LogOutputStream:75 - [STDERR_REDIRECT] 	at java.desktop/java.awt.EventQueue.dispatchEvent(EventQueue.java:742)
2026-07-31 10:24:17,874 [ERROR] LogOutputStream:75 - [STDERR_REDIRECT] 	at java.desktop/java.awt.EventDispatchThread.pumpOneEventForFilters(EventDispatchThread.java:203)
2026-07-31 10:24:17,876 [ERROR] LogOutputStream:75 - [STDERR_REDIRECT] 	at java.desktop/java.awt.EventDispatchThread.pumpEventsForFilter(EventDispatchThread.java:124)
2026-07-31 10:24:17,877 [ERROR] LogOutputStream:75 - [STDERR_REDIRECT] 	at java.desktop/java.awt.EventDispatchThread.pumpEventsForHierarchy(EventDispatchThread.java:113)
2026-07-31 10:24:17,879 [ERROR] LogOutputStream:75 - [STDERR_REDIRECT] 	at java.desktop/java.awt.EventDispatchThread.pumpEvents(EventDispatchThread.java:109)
2026-07-31 10:24:17,881 [ERROR] LogOutputStream:75 - [STDERR_REDIRECT] 	at java.desktop/java.awt.EventDispatchThread.pumpEvents(EventDispatchThread.java:101)
2026-07-31 10:24:17,882 [ERROR] LogOutputStream:75 - [STDERR_REDIRECT] 	at java.desktop/java.awt.EventDispatchThread.run(EventDispatchThread.java:90)
2026-07-31 10:24:22,458 [INFO] UtilMem:75 - End SaveConfig() Used Memory: 854350480 Bytes (1073741824)
2026-07-31 10:24:24,380 [INFO] UtilMem:75 - End SaveConfig() Used Memory: 898940048 Bytes (1073741824)
2026-07-31 10:24:27,278 [INFO] UtilMem:75 - End SaveConfig() Used Memory: 943479440 Bytes (1073741824)
2026-07-31 10:24:28,274 [INFO] BlockDiagram:2775 - set Specific Code input for plugin: SYS
2026-07-31 10:24:28,274 [INFO] BlockDiagram:2775 - set Specific Code input for plugin: RCC
2026-07-31 10:24:28,274 [INFO] BlockDiagram:2775 - set Specific Code input for plugin: I2C
2026-07-31 10:24:28,274 [INFO] BlockDiagram:2775 - set Specific Code input for plugin: NVIC
2026-07-31 10:24:28,274 [INFO] BlockDiagram:2775 - set Specific Code input for plugin: USART
2026-07-31 10:24:28,274 [INFO] BlockDiagram:2775 - set Specific Code input for plugin: STMicroelectronics.X-CUBE-AI.10.2.1
2026-07-31 10:24:28,274 [INFO] BlockDiagram:2775 - set Specific Code input for plugin: GPIO
2026-07-31 10:24:28,276 [INFO] CodeGenerator:892 - code generatio: config db path: C:\ST\STM32CubeIDE_1.19.0\STM32CubeIDE\plugins\com.st.stm32cube.common.mx_6.15.0.202507011659\\db\
2026-07-31 10:24:28,715 [INFO] IP:3329 - RTE Config file name : RTE_Component
2026-07-31 10:24:28,715 [INFO] IP:3347 - RTE template : RTE_Components.ftl
2026-07-31 10:24:28,723 [INFO] CodeEngine:265 - oldGeneratedFile, D:\TinyML_Workshop-main\TinyML_Workshop_PGR\TinyML_PGR\STM32\DL\MXTmpFiles\license.tmp_save
2026-07-31 10:24:28,970 [INFO] CodeEngine:289 - Generated code: D:\TinyML_Workshop-main\TinyML_Workshop_PGR\TinyML_PGR\STM32\DL\MXTmpFiles\license.tmp
2026-07-31 10:24:29,049 [INFO] CodeEngine:265 - oldGeneratedFile, D:\TinyML_Workshop-main\TinyML_Workshop_PGR\TinyML_PGR\STM32\DL\MXTmpFiles\gpio.tmp_save
2026-07-31 10:24:29,214 [INFO] CodeEngine:289 - Generated code: D:\TinyML_Workshop-main\TinyML_Workshop_PGR\TinyML_PGR\STM32\DL\MXTmpFiles\gpio.tmp
2026-07-31 10:24:29,364 [INFO] Middleware:1452 - No code input for Bsp Dependency
2026-07-31 10:24:29,366 [INFO] Middleware:1452 - No code input for Bsp Dependency
2026-07-31 10:24:29,379 [INFO] CodeEngine:265 - oldGeneratedFile, D:\TinyML_Workshop-main\TinyML_Workshop_PGR\TinyML_PGR\STM32\DL\Core\Src\stm32l4xx_it.c_save
2026-07-31 10:24:29,525 [INFO] CodeEngine:289 - Generated code: D:\TinyML_Workshop-main\TinyML_Workshop_PGR\TinyML_PGR\STM32\DL\Core\Src\stm32l4xx_it.c
2026-07-31 10:24:29,531 [INFO] CodeEngine:265 - oldGeneratedFile, D:\TinyML_Workshop-main\TinyML_Workshop_PGR\TinyML_PGR\STM32\DL\Core\Inc\stm32l4xx_it.h_save
2026-07-31 10:24:29,671 [INFO] CodeEngine:289 - Generated code: D:\TinyML_Workshop-main\TinyML_Workshop_PGR\TinyML_PGR\STM32\DL\Core\Inc\stm32l4xx_it.h
2026-07-31 10:24:29,686 [INFO] CodeEngine:265 - oldGeneratedFile, D:\TinyML_Workshop-main\TinyML_Workshop_PGR\TinyML_PGR\STM32\DL\Core\Src\stm32l4xx_hal_msp.c_save
2026-07-31 10:24:29,878 [INFO] CodeEngine:289 - Generated code: D:\TinyML_Workshop-main\TinyML_Workshop_PGR\TinyML_PGR\STM32\DL\Core\Src\stm32l4xx_hal_msp.c
2026-07-31 10:24:29,883 [INFO] CodeEngine:265 - oldGeneratedFile, D:\TinyML_Workshop-main\TinyML_Workshop_PGR\TinyML_PGR\STM32\DL\MXTmpFiles\system.tmp_save
2026-07-31 10:24:29,996 [INFO] CodeEngine:289 - Generated code: D:\TinyML_Workshop-main\TinyML_Workshop_PGR\TinyML_PGR\STM32\DL\MXTmpFiles\system.tmp
2026-07-31 10:24:30,008 [INFO] CodeEngine:321 - oldGeneratedFile, D:\TinyML_Workshop-main\TinyML_Workshop_PGR\TinyML_PGR\STM32\DL\Core\Inc\stm32l4xx_hal_conf.h_save
2026-07-31 10:24:30,150 [INFO] CodeEngine:345 - Generated code: D:\TinyML_Workshop-main\TinyML_Workshop_PGR\TinyML_PGR\STM32\DL\Core\Inc\stm32l4xx_hal_conf.h
2026-07-31 10:24:30,183 [INFO] ApiDbMcu:532 - Load IP Config File for I2C2
2026-07-31 10:24:30,201 [INFO] ApiDbMcu:532 - Load IP Config File for USART1
2026-07-31 10:24:30,206 [INFO] ApiDbMcu:532 - Load IP Config File for RCC
2026-07-31 10:24:30,219 [INFO] CodeEngine:265 - oldGeneratedFile, D:\TinyML_Workshop-main\TinyML_Workshop_PGR\TinyML_PGR\STM32\DL\Core\Inc\main.h_save
2026-07-31 10:24:30,339 [INFO] CodeEngine:289 - Generated code: D:\TinyML_Workshop-main\TinyML_Workshop_PGR\TinyML_PGR\STM32\DL\Core\Inc\main.h
2026-07-31 10:24:30,344 [INFO] CodeEngine:265 - oldGeneratedFile, D:\TinyML_Workshop-main\TinyML_Workshop_PGR\TinyML_PGR\STM32\DL\Core\Src\main.c_save
2026-07-31 10:24:30,489 [INFO] CodeEngine:289 - Generated code: D:\TinyML_Workshop-main\TinyML_Workshop_PGR\TinyML_PGR\STM32\DL\Core\Src\main.c
2026-07-31 10:24:30,951 [INFO] AInterface:322 - ModelName:network; files:[D:\TinyML_Workshop-main\TinyML_Workshop_PGR\TinyML_PGR\ONNX\mlp_model.onnx]; type:ONNX; compression:None
2026-07-31 10:24:30,952 [INFO] AInterface:526 - workspaceTempDir: C:/Users/ADMIN/AppData/Local/Temp/mxAI_workspace671532836373004334188524311219791
2026-07-31 10:24:30,952 [INFO] AInterface:1179 - Setting Env: C:/Users/ADMIN/STM32Cube/Repository//Packs/STMicroelectronics/X-CUBE-AI/10.2.1/Utilities/windows
2026-07-31 10:24:30,957 [INFO] STM32CubeIDEBuilder:265 - Looking for gnu-tools-for-stm32 tools/bin/arm-none-eabi-gcc.exe in C:\ST\STM32CubeIDE_1.19.0\STM32CubeIDE
2026-07-31 10:24:30,960 [INFO] STM32CubeIDEBuilder:294 - checking C:\ST\STM32CubeIDE_1.19.0\STM32CubeIDE\plugins\com.st.stm32cube.ide.mcu.externaltools.gnu-tools-for-stm32.13.3.rel1.win32_1.0.0.202411081344\tools\bin\arm-none-eabi-gcc.exe
2026-07-31 10:24:30,960 [INFO] STM32CubeIDEBuilder:297 - ret=C:\ST\STM32CubeIDE_1.19.0\STM32CubeIDE\plugins\com.st.stm32cube.ide.mcu.externaltools.gnu-tools-for-stm32.13.3.rel1.win32_1.0.0.202411081344\tools\bin\arm-none-eabi-gcc.exe
2026-07-31 10:24:30,960 [INFO] STM32CubeIDEBuilder:311 - returning C:\ST\STM32CubeIDE_1.19.0\STM32CubeIDE\plugins\com.st.stm32cube.ide.mcu.externaltools.gnu-tools-for-stm32.13.3.rel1.win32_1.0.0.202411081344\tools\bin\arm-none-eabi-gcc.exe
2026-07-31 10:24:30,961 [INFO] AInterface:1236 - Custom PATH variable: C:/Users/ADMIN/STM32Cube/Repository//Packs/STMicroelectronics/X-CUBE-AI/10.2.1/Utilities/windows;C:/Users/ADMIN/STM32Cube/Repository//Packs/STMicroelectronics/X-CUBE-AI/10.2.1/Utilities/windows/mingw64/bin;C:/Users/ADMIN/STM32Cube/Repository//Packs/STMicroelectronics/X-CUBE-AI/10.2.1/Utilities/windows/mingw64/libexec/gcc/x86_64-w64-mingw32/7.3.0;;C:\ST\STM32CubeIDE_1.19.0\STM32CubeIDE\plugins\com.st.stm32cube.ide.mcu.externaltools.gnu-tools-for-stm32.13.3.rel1.win32_1.0.0.202411081344\tools\bin
2026-07-31 10:24:30,963 [INFO] CmdLine:115 - Command: C:/Users/ADMIN/STM32Cube/Repository//Packs/STMicroelectronics/X-CUBE-AI/10.2.1/Utilities/windows/stedgeai.exe generate --target stm32l4 --name network -m D:/TinyML_Workshop-main/TinyML_Workshop_PGR/TinyML_PGR/ONNX/mlp_model.onnx --compression none --verbosity 1 --workspace C:/Users/ADMIN/AppData/Local/Temp/mxAI_workspace671532836373004334188524311219791 --output C:/Users/ADMIN/.stm32cubemx/network_output
2026-07-31 10:24:30,965 [INFO] AIModelDetailledView:2264 - Analysis status: pending
2026-07-31 10:24:31,775 [INFO] CmdLine:76 - ST Edge AI Core v2.2.0-20266 2adc00962
2026-07-31 10:24:40,706 [INFO] CmdLine:76 - Creating c (debug) info json file C:\Users\ADMIN\.stm32cubemx\network_output\network_c_info.json
2026-07-31 10:24:40,730 [INFO] CmdLine:76 -  
2026-07-31 10:24:40,730 [INFO] CmdLine:76 -  Exec/report summary (generate)
2026-07-31 10:24:40,730 [INFO] CmdLine:76 -  -----------------------------------------------------------------------------------------------------------
2026-07-31 10:24:40,731 [INFO] CmdLine:76 -  model file         :   D:\TinyML_Workshop-main\TinyML_Workshop_PGR\TinyML_PGR\ONNX\mlp_model.onnx          
2026-07-31 10:24:40,731 [INFO] CmdLine:76 -  type               :   onnx                                                                                
2026-07-31 10:24:40,731 [INFO] CmdLine:76 -  c_name             :   network                                                                             
2026-07-31 10:24:40,731 [INFO] CmdLine:76 -  compression        :   none                                                                                
2026-07-31 10:24:40,731 [INFO] CmdLine:76 -  options            :   allocate-inputs, allocate-outputs                                                   
2026-07-31 10:24:40,731 [INFO] CmdLine:76 -  optimization       :   balanced                                                                            
2026-07-31 10:24:40,731 [INFO] CmdLine:76 -  target/series      :   stm32l4                                                                             
2026-07-31 10:24:40,731 [INFO] CmdLine:76 -  workspace dir      :   C:\Users\ADMIN\AppData\Local\Temp\mxAI_workspace671532836373004334188524311219791   
2026-07-31 10:24:40,731 [INFO] CmdLine:76 -  output dir         :   C:\Users\ADMIN\.stm32cubemx\network_output                                          
2026-07-31 10:24:40,731 [INFO] CmdLine:76 -  model_fmt          :   float                                                                               
2026-07-31 10:24:40,731 [INFO] CmdLine:76 -  model_name         :   mlp_model                                                                           
2026-07-31 10:24:40,731 [INFO] CmdLine:76 -  model_hash         :   0x6244a8562aee069bc4ee7be628ef2ac9                                                  
2026-07-31 10:24:40,731 [INFO] CmdLine:76 -  params #           :   2,693 items (10.52 KiB)                                                             
2026-07-31 10:24:40,731 [INFO] CmdLine:76 -  -----------------------------------------------------------------------------------------------------------
2026-07-31 10:24:40,731 [INFO] CmdLine:76 -  input 1/1          :   'input', f32(1x6), 24 Bytes, activations                                            
2026-07-31 10:24:40,732 [INFO] CmdLine:76 -  output 1/1         :   'output', f32(1x5), 20 Bytes, activations                                           
2026-07-31 10:24:40,732 [INFO] CmdLine:76 -  macc               :   2,789                                                                               
2026-07-31 10:24:40,732 [INFO] CmdLine:76 -  weights (ro)       :   10,772 B (10.52 KiB) (1 segment)                                                    
2026-07-31 10:24:40,732 [INFO] CmdLine:76 -  activations (rw)   :   384 B (384 B) (1 segment) *                                                         
2026-07-31 10:24:40,732 [INFO] CmdLine:76 -  ram (total)        :   384 B (384 B) = 384 + 0 + 0                                                         
2026-07-31 10:24:40,732 [INFO] CmdLine:76 -  -----------------------------------------------------------------------------------------------------------
2026-07-31 10:24:40,732 [INFO] CmdLine:76 -  (*) 'input'/'output' buffers are allocated in the activations buffer
2026-07-31 10:24:40,736 [INFO] CmdLine:76 - Computing AI RT data/code size (target=stm32l4)..
2026-07-31 10:24:42,165 [INFO] CmdLine:76 -  Requested memory size by section - "stm32l4" target
2026-07-31 10:24:42,166 [INFO] CmdLine:76 -  ------------------------------ ------- -------- ------- -----
2026-07-31 10:24:42,166 [INFO] CmdLine:76 -  module                            text   rodata    data   bss
2026-07-31 10:24:42,166 [INFO] CmdLine:76 -  ------------------------------ ------- -------- ------- -----
2026-07-31 10:24:42,166 [INFO] CmdLine:76 -  NetworkRuntime1020_CM4_GCC.a     6,452        0       0     0
2026-07-31 10:24:42,166 [INFO] CmdLine:76 -  network.o                          528       40   1,584   140
2026-07-31 10:24:42,166 [INFO] CmdLine:76 -  network_data.o                      48       16      88     0
2026-07-31 10:24:42,167 [INFO] CmdLine:76 -  lib (toolchain)*                     0        0       0     0
2026-07-31 10:24:42,167 [INFO] CmdLine:76 -  ------------------------------ ------- -------- ------- -----
2026-07-31 10:24:42,167 [INFO] CmdLine:76 -  RT total**                       7,028       56   1,672   140
2026-07-31 10:24:42,167 [INFO] CmdLine:76 -  ------------------------------ ------- -------- ------- -----
2026-07-31 10:24:42,167 [INFO] CmdLine:76 -  weights                              0   10,776       0     0
2026-07-31 10:24:42,167 [INFO] CmdLine:76 -  activations                          0        0       0   384
2026-07-31 10:24:42,167 [INFO] CmdLine:76 -  io                                   0        0       0     0
2026-07-31 10:24:42,168 [INFO] CmdLine:76 -  ------------------------------ ------- -------- ------- -----
2026-07-31 10:24:42,168 [INFO] CmdLine:76 -  TOTAL                            7,028   10,832   1,672   524
2026-07-31 10:24:42,168 [INFO] CmdLine:76 -  ------------------------------ ------- -------- ------- -----
2026-07-31 10:24:42,168 [INFO] CmdLine:76 -  *  toolchain objects (libm/libgcc*)
2026-07-31 10:24:42,168 [INFO] CmdLine:76 -  ** RT AI runtime objects (kernels+infrastructure)
2026-07-31 10:24:42,168 [INFO] CmdLine:76 -   Summary - "stm32l4" target
2026-07-31 10:24:42,168 [INFO] CmdLine:76 -   ---------------------------------------------------
2026-07-31 10:24:42,168 [INFO] CmdLine:76 -                FLASH (ro)      %*   RAM (rw)       %
2026-07-31 10:24:42,168 [INFO] CmdLine:76 -   ---------------------------------------------------
2026-07-31 10:24:42,168 [INFO] CmdLine:76 -   RT total          8,756   44.8%      1,812   82.5%
2026-07-31 10:24:42,169 [INFO] CmdLine:76 -   ---------------------------------------------------
2026-07-31 10:24:42,169 [INFO] CmdLine:76 -   TOTAL            19,532              2,196
2026-07-31 10:24:42,169 [INFO] CmdLine:76 -   ---------------------------------------------------
2026-07-31 10:24:42,169 [INFO] CmdLine:76 -   *  rt/total
2026-07-31 10:24:42,169 [INFO] CmdLine:76 -  Generated files (7)
2026-07-31 10:24:42,170 [INFO] CmdLine:76 -  ------------------------------------------------------------------
2026-07-31 10:24:42,170 [INFO] CmdLine:76 -  C:\Users\ADMIN\.stm32cubemx\network_output\network_data_params.h
2026-07-31 10:24:42,170 [INFO] CmdLine:76 -  C:\Users\ADMIN\.stm32cubemx\network_output\network_data_params.c
2026-07-31 10:24:42,170 [INFO] CmdLine:76 -  C:\Users\ADMIN\.stm32cubemx\network_output\network_data.h
2026-07-31 10:24:42,170 [INFO] CmdLine:76 -  C:\Users\ADMIN\.stm32cubemx\network_output\network_data.c
2026-07-31 10:24:42,170 [INFO] CmdLine:76 -  C:\Users\ADMIN\.stm32cubemx\network_output\network_config.h
2026-07-31 10:24:42,170 [INFO] CmdLine:76 -  C:\Users\ADMIN\.stm32cubemx\network_output\network.h
2026-07-31 10:24:42,170 [INFO] CmdLine:76 -  C:\Users\ADMIN\.stm32cubemx\network_output\network.c
2026-07-31 10:24:42,171 [INFO] CmdLine:76 - Creating txt report file C:\Users\ADMIN\.stm32cubemx\network_output\network_generate_report.txt
2026-07-31 10:24:53,151 [INFO] CmdLine:76 - elapsed time (generate): 21.376s
2026-07-31 10:24:53,836 [INFO] CmdLine:148 - stedgeai exit with status: 0
2026-07-31 10:24:53,846 [INFO] AIModelDetailledView:2264 - Analysis status: done
2026-07-31 10:24:54,454 [INFO] ProjectBuilder:3606 - Time for Copy HAL[1] : 301mS.
2026-07-31 10:24:54,455 [ERROR] Middleware:2950 - Invalid RefComponent list
2026-07-31 10:24:54,455 [ERROR] Middleware:2950 - Invalid RefComponent list
2026-07-31 10:24:54,455 [ERROR] Middleware:2950 - Invalid RefComponent list
2026-07-31 10:24:54,455 [ERROR] Middleware:2950 - Invalid RefComponent list
2026-07-31 10:24:54,455 [ERROR] Middleware:2950 - Invalid RefComponent list
2026-07-31 10:24:54,455 [ERROR] Middleware:2950 - Invalid RefComponent list
2026-07-31 10:24:54,455 [ERROR] Middleware:2950 - Invalid RefComponent list
2026-07-31 10:24:54,455 [ERROR] Middleware:2950 - Invalid RefComponent list
2026-07-31 10:24:54,455 [ERROR] Middleware:2950 - Invalid RefComponent list
2026-07-31 10:24:54,455 [ERROR] Middleware:2950 - Invalid RefComponent list
2026-07-31 10:24:54,455 [ERROR] Middleware:2950 - Invalid RefComponent list
2026-07-31 10:24:54,455 [ERROR] Middleware:2950 - Invalid RefComponent list
2026-07-31 10:24:54,455 [ERROR] Middleware:2950 - Invalid RefComponent list
2026-07-31 10:24:54,455 [ERROR] Middleware:2950 - Invalid RefComponent list
2026-07-31 10:24:54,455 [ERROR] Middleware:2950 - Invalid RefComponent list
2026-07-31 10:24:54,455 [ERROR] Middleware:2950 - Invalid RefComponent list
2026-07-31 10:24:54,455 [ERROR] Middleware:2950 - Invalid RefComponent list
2026-07-31 10:24:54,455 [ERROR] Middleware:2950 - Invalid RefComponent list
2026-07-31 10:24:54,455 [ERROR] Middleware:2950 - Invalid RefComponent list
2026-07-31 10:24:54,455 [ERROR] Middleware:2950 - Invalid RefComponent list
2026-07-31 10:24:54,455 [ERROR] Middleware:2950 - Invalid RefComponent list
2026-07-31 10:24:54,455 [ERROR] Middleware:2950 - Invalid RefComponent list
2026-07-31 10:24:54,455 [ERROR] Middleware:2950 - Invalid RefComponent list
2026-07-31 10:24:54,455 [ERROR] Middleware:2950 - Invalid RefComponent list
2026-07-31 10:24:54,455 [ERROR] Middleware:2950 - Invalid RefComponent list
2026-07-31 10:24:54,456 [ERROR] Middleware:2950 - Invalid RefComponent list
2026-07-31 10:24:54,456 [ERROR] Middleware:2950 - Invalid RefComponent list
2026-07-31 10:24:54,456 [ERROR] Middleware:2950 - Invalid RefComponent list
2026-07-31 10:24:54,456 [ERROR] Middleware:2950 - Invalid RefComponent list
2026-07-31 10:24:54,456 [ERROR] Middleware:2950 - Invalid RefComponent list
2026-07-31 10:24:54,456 [ERROR] Middleware:2950 - Invalid RefComponent list
2026-07-31 10:24:54,456 [ERROR] Middleware:2950 - Invalid RefComponent list
2026-07-31 10:24:54,456 [ERROR] Middleware:2950 - Invalid RefComponent list
2026-07-31 10:24:54,456 [ERROR] Middleware:2950 - Invalid RefComponent list
2026-07-31 10:24:54,456 [ERROR] Middleware:2950 - Invalid RefComponent list
2026-07-31 10:24:54,456 [ERROR] Middleware:2950 - Invalid RefComponent list
2026-07-31 10:24:54,456 [ERROR] Middleware:2950 - Invalid RefComponent list
2026-07-31 10:24:54,456 [ERROR] Middleware:2950 - Invalid RefComponent list
2026-07-31 10:24:54,456 [ERROR] Middleware:2950 - Invalid RefComponent list
2026-07-31 10:24:54,456 [ERROR] Middleware:2950 - Invalid RefComponent list
2026-07-31 10:24:54,456 [ERROR] Middleware:2950 - Invalid RefComponent list
2026-07-31 10:24:54,456 [ERROR] Middleware:2950 - Invalid RefComponent list
2026-07-31 10:24:54,456 [ERROR] Middleware:2950 - Invalid RefComponent list
2026-07-31 10:24:54,456 [ERROR] Middleware:2950 - Invalid RefComponent list
2026-07-31 10:24:54,457 [ERROR] Middleware:2950 - Invalid RefComponent list
2026-07-31 10:24:54,457 [ERROR] Middleware:2950 - Invalid RefComponent list
2026-07-31 10:24:54,457 [ERROR] Middleware:2950 - Invalid RefComponent list
2026-07-31 10:24:54,457 [ERROR] Middleware:2950 - Invalid RefComponent list
2026-07-31 10:24:54,457 [ERROR] Middleware:2950 - Invalid RefComponent list
2026-07-31 10:24:54,457 [ERROR] Middleware:2950 - Invalid RefComponent list
2026-07-31 10:24:54,463 [INFO] ProjectBuilder:5216 - Project Generator version: 4.7.0-B52
2026-07-31 10:24:54,584 [INFO] ConfigFileManager:1595 - The Die is : DIE470
2026-07-31 10:24:54,588 [INFO] ApiDbMcu:532 - Load IP Config File for FATFS
2026-07-31 10:24:54,594 [INFO] ApiDbMcu:532 - Load IP Config File for FREERTOS
2026-07-31 10:24:54,610 [INFO] ApiDbMcu:532 - Load IP Config File for TOUCHSENSING
2026-07-31 10:24:54,620 [INFO] ApiDbMcu:532 - Load IP Config File for USB_DEVICE
2026-07-31 10:24:54,624 [INFO] ApiDbMcu:532 - Load IP Config File for USB_HOST
2026-07-31 10:24:56,528 [INFO] ProjectBuilder:5496 - Time for Generating toolchain IDE Files: 2066mS.
2026-07-31 10:24:56,529 [INFO] ProjectBuilder:3463 - Time for Copy CMSIS : 1mS.
2026-07-31 10:24:56,534 [INFO] ProjectBuilder:3463 - Time for Copy CMSIS : 0mS.
