2026-07-30 09:30:46,238 [INFO] Activator:176 - 


2026-07-30 09:30:46,245 [INFO] Activator:177 - !SESSION log4j initialized
2026-07-30 09:30:52,907 [INFO] LogOutputStream:77 - [STDOUT_REDIRECT] 
2026-07-30 09:30:58,782 [ERROR] ConfigurationRetriever:142 - IOException on connection: PKIX path building failed: sun.security.provider.certpath.SunCertPathBuilderException: unable to find valid certification path to requested target
2026-07-30 09:30:58,808 [ERROR] ConfigurationRetriever:142 - IOException on connection: PKIX path building failed: sun.security.provider.certpath.SunCertPathBuilderException: unable to find valid certification path to requested target
2026-07-30 09:30:58,808 [ERROR] ConfigurationRetriever:142 - IOException on connection: PKIX path building failed: sun.security.provider.certpath.SunCertPathBuilderException: unable to find valid certification path to requested target
2026-07-30 09:30:59,380 [INFO] ApplicationProperties:184 - Using Application install path: C:\ST\STM32CubeIDE_1.19.0\STM32CubeIDE\plugins\com.st.stm32cube.common.mx_6.15.0.202507011659
2026-07-30 09:30:59,407 [INFO] DbMcusXml:78 - Set database path to: C:\ST\STM32CubeIDE_1.19.0\STM32CubeIDE\plugins\com.st.stm32cube.common.mx_6.15.0.202507011659\\db\/mcu/
2026-07-30 09:30:59,407 [INFO] ApiDb:274 - Set plugin database path to: C:\ST\STM32CubeIDE_1.19.0\STM32CubeIDE\plugins\com.st.stm32cube.common.mx_6.15.0.202507011659\\db\/plugins/boardmanager/
2026-07-30 09:30:59,408 [WARN] ApiDb:259 - Overriding images path with different value:  => C:\ST\STM32CubeIDE_1.19.0\STM32CubeIDE\plugins\com.st.stm32cube.common.mx_6.15.0.202507011659\\db\/plugins/mcufinder/images/
2026-07-30 09:30:59,416 [INFO] ApiDb:250 - Set database path to: C:\Users\ADMIN\.stmcufinder\plugins\mcufinder//mcu/
2026-07-30 09:30:59,418 [INFO] DbMcusAds:125 - Set database path to: C:\Users\ADMIN\.stmcufinder\plugins\mcufinder//mcu/
2026-07-30 09:30:59,422 [INFO] CrossReferenceDbSqlite:203 - Set database path to: C:\Users\ADMIN\.stmcufinder\plugins\mcufinder//mcu/cs/
2026-07-30 09:30:59,592 [INFO] RulesReader:64 - Compatibility file has been processed (317 Rules)
2026-07-30 09:30:59,743 [INFO] DbMcusXml:78 - Set database path to: C:\ST\STM32CubeIDE_1.19.0\STM32CubeIDE\plugins\com.st.stm32cube.common.mx_6.15.0.202507011659\\db\/mcu/
2026-07-30 09:30:59,743 [INFO] ApiDb:274 - Set plugin database path to: C:\ST\STM32CubeIDE_1.19.0\STM32CubeIDE\plugins\com.st.stm32cube.common.mx_6.15.0.202507011659\\db\/plugins/boardmanager/
2026-07-30 09:30:59,744 [INFO] ApiDb:261 - Set plugin images path to: C:\ST\STM32CubeIDE_1.19.0\STM32CubeIDE\plugins\com.st.stm32cube.common.mx_6.15.0.202507011659\\db\/plugins/mcufinder/images/
2026-07-30 09:30:59,744 [WARN] DbFile:41 - Overriding database path with different value: C:\Users\ADMIN\.stmcufinder\plugins\mcufinder/ => C:\Users\ADMIN\.stmcufinder\plugins\mcufinder
2026-07-30 09:30:59,744 [INFO] ApiDb:250 - Set database path to: C:\Users\ADMIN\.stmcufinder\plugins\mcufinder//mcu/
2026-07-30 09:30:59,744 [WARN] DbFile:41 - Overriding database path with different value: C:\Users\ADMIN\.stmcufinder\plugins\mcufinder/ => C:\Users\ADMIN\.stmcufinder\plugins\mcufinder
2026-07-30 09:30:59,745 [INFO] DbMcusAds:125 - Set database path to: C:\Users\ADMIN\.stmcufinder\plugins\mcufinder//mcu/
2026-07-30 09:30:59,745 [WARN] DbFile:41 - Overriding database path with different value: C:\Users\ADMIN\.stmcufinder\plugins\mcufinder/ => C:\Users\ADMIN\.stmcufinder\plugins\mcufinder
2026-07-30 09:30:59,745 [WARN] DbFile:41 - Overriding database path with different value: C:\Users\ADMIN\.stmcufinder\plugins\mcufinder/ => C:\Users\ADMIN\.stmcufinder\plugins\mcufinder
2026-07-30 09:30:59,745 [INFO] CrossReferenceDbSqlite:203 - Set database path to: C:\Users\ADMIN\.stmcufinder\plugins\mcufinder//mcu/cs/
2026-07-30 09:30:59,849 [INFO] MainPanel:274 - HeapMemory: 268435456
2026-07-30 09:30:59,991 [INFO] DbMcusXml:78 - Set database path to: C:\ST\STM32CubeIDE_1.19.0\STM32CubeIDE\plugins\com.st.stm32cube.common.mx_6.15.0.202507011659\\db\/mcu/
2026-07-30 09:30:59,991 [INFO] ApiDb:274 - Set plugin database path to: C:\ST\STM32CubeIDE_1.19.0\STM32CubeIDE\plugins\com.st.stm32cube.common.mx_6.15.0.202507011659\\db\/plugins/boardmanager/
2026-07-30 09:30:59,991 [INFO] ApiDb:261 - Set plugin images path to: C:\ST\STM32CubeIDE_1.19.0\STM32CubeIDE\plugins\com.st.stm32cube.common.mx_6.15.0.202507011659\\db\/plugins/mcufinder/images/
2026-07-30 09:30:59,992 [WARN] DbFile:41 - Overriding database path with different value: C:\Users\ADMIN\.stmcufinder\plugins\mcufinder/ => C:\Users\ADMIN\.stmcufinder\plugins\mcufinder
2026-07-30 09:30:59,992 [INFO] ApiDb:250 - Set database path to: C:\Users\ADMIN\.stmcufinder\plugins\mcufinder//mcu/
2026-07-30 09:30:59,992 [WARN] DbFile:41 - Overriding database path with different value: C:\Users\ADMIN\.stmcufinder\plugins\mcufinder/ => C:\Users\ADMIN\.stmcufinder\plugins\mcufinder
2026-07-30 09:30:59,992 [INFO] DbMcusAds:125 - Set database path to: C:\Users\ADMIN\.stmcufinder\plugins\mcufinder//mcu/
2026-07-30 09:30:59,992 [WARN] DbFile:41 - Overriding database path with different value: C:\Users\ADMIN\.stmcufinder\plugins\mcufinder/ => C:\Users\ADMIN\.stmcufinder\plugins\mcufinder
2026-07-30 09:30:59,992 [WARN] DbFile:41 - Overriding database path with different value: C:\Users\ADMIN\.stmcufinder\plugins\mcufinder/ => C:\Users\ADMIN\.stmcufinder\plugins\mcufinder
2026-07-30 09:30:59,993 [INFO] CrossReferenceDbSqlite:203 - Set database path to: C:\Users\ADMIN\.stmcufinder\plugins\mcufinder//mcu/cs/
2026-07-30 09:31:00,017 [INFO] ApplicationProperties:184 - Using Application install path: C:\ST\STM32CubeIDE_1.19.0\STM32CubeIDE\plugins\com.st.stm32cube.common.mx_6.15.0.202507011659
2026-07-30 09:31:00,019 [INFO] PluginManage:196 - Search for loadable plugins [exclusion list=, ]
2026-07-30 09:31:00,021 [INFO] PluginManage:310 - Check plugin analytics
2026-07-30 09:31:05,260 [INFO] AnalyticsPlugin:253 - Accepted Software Licenses: 
2026-07-30 09:31:05,260 [INFO] AnalyticsPlugin:255 - Accepted CMSIS Pack Licenses: 
2026-07-30 09:31:05,261 [INFO] AnalyticsPlugin:257 - Accepted Firmware Licenses: FW.L4.1.18.0
2026-07-30 09:31:05,268 [INFO] PluginManage:359 - Loaded plugin analytics (category:tool,tabindex:-1)
2026-07-30 09:31:05,269 [INFO] PluginManage:310 - Check plugin cadmodel
2026-07-30 09:31:05,270 [ERROR] ConfigurationRetriever:142 - IOException on connection: PKIX path building failed: sun.security.provider.certpath.SunCertPathBuilderException: unable to find valid certification path to requested target
2026-07-30 09:31:05,275 [ERROR] ConfigurationRetriever:142 - IOException on connection: PKIX path building failed: sun.security.provider.certpath.SunCertPathBuilderException: unable to find valid certification path to requested target
2026-07-30 09:31:05,278 [INFO] CADModel:105 - Init CAD model plugin
2026-07-30 09:31:05,278 [INFO] PluginManage:359 - Loaded plugin cadmodel (category:power,tabindex:5)
2026-07-30 09:31:05,279 [INFO] PluginManage:310 - Check plugin clock
2026-07-30 09:31:05,279 [ERROR] ConfigurationRetriever:142 - IOException on connection: PKIX path building failed: sun.security.provider.certpath.SunCertPathBuilderException: unable to find valid certification path to requested target
2026-07-30 09:31:05,297 [INFO] PluginManage:359 - Loaded plugin clock (category:base,tabindex:2)
2026-07-30 09:31:05,297 [INFO] PluginManage:310 - Check plugin ddr
2026-07-30 09:31:05,304 [INFO] PluginManage:359 - Loaded plugin ddr (category:tool,tabindex:6)
2026-07-30 09:31:05,305 [INFO] PluginManage:310 - Check plugin filemanager
2026-07-30 09:31:05,522 [INFO] PluginManage:359 - Loaded plugin filemanager (category:base,tabindex:10)
2026-07-30 09:31:05,523 [INFO] PluginManage:310 - Check plugin ipmanager
2026-07-30 09:31:05,531 [INFO] PluginManage:359 - Loaded plugin ipmanager (category:base,tabindex:5)
2026-07-30 09:31:05,531 [INFO] PluginManage:310 - Check plugin lpbam
2026-07-30 09:31:05,544 [INFO] PluginManage:359 - Loaded plugin lpbam (category:base,tabindex:0)
2026-07-30 09:31:05,544 [INFO] PluginManage:310 - Check plugin memorymap
2026-07-30 09:31:05,580 [INFO] PluginManage:359 - Loaded plugin memorymap (category:base,tabindex:4)
2026-07-30 09:31:05,580 [INFO] PluginManage:310 - Check plugin pinoutandconfiguration
2026-07-30 09:31:05,593 [INFO] PluginManage:359 - Loaded plugin pinoutandconfiguration (category:base,tabindex:1)
2026-07-30 09:31:05,594 [INFO] PluginManage:310 - Check plugin pinoutconfig
2026-07-30 09:31:05,713 [WARN] SupportedApi:132 - Cannot load RTOS API schema: s4s-elt-must-match.1: The content of 'definitions' must match (annotation?, (simpleType | complexType)?, (unique | key | keyref)*)). A problem was found starting at: attribute.
2026-07-30 09:31:05,893 [INFO] PluginManage:359 - Loaded plugin pinoutconfig (category:base,tabindex:0)
2026-07-30 09:31:05,894 [INFO] PluginManage:310 - Check plugin power
2026-07-30 09:31:05,906 [INFO] PluginManage:359 - Loaded plugin power (category:power,tabindex:4)
2026-07-30 09:31:05,907 [INFO] PluginManage:310 - Check plugin projectmanager
2026-07-30 09:31:05,928 [INFO] PluginManage:359 - Loaded plugin projectmanager (category:projectmanager,tabindex:4)
2026-07-30 09:31:05,929 [INFO] PluginManage:310 - Check plugin rif
2026-07-30 09:31:05,944 [INFO] PluginManage:359 - Loaded plugin rif (category:base,tabindex:3)
2026-07-30 09:31:05,944 [INFO] PluginManage:310 - Check plugin thirdparty
2026-07-30 09:31:06,145 [INFO] PluginManage:359 - Loaded plugin thirdparty (category:base,tabindex:-1)
2026-07-30 09:31:06,145 [WARN] IntegrityCheckThread:84 - waiting for thirdparty lock release [integrity check]
2026-07-30 09:31:06,145 [INFO] PluginManage:310 - Check plugin tools
2026-07-30 09:31:06,145 [INFO] IntegrityCheckThread:86 - entering critical section [integrity check]
2026-07-30 09:31:06,146 [INFO] ThirdPartyUpdaterWithRetryManager:70 - Updater plugin not ready yet. [1/15]
2026-07-30 09:31:06,149 [INFO] PluginManage:359 - Loaded plugin tools (category:base,tabindex:7)
2026-07-30 09:31:06,149 [INFO] PluginManage:310 - Check plugin tutovideos
2026-07-30 09:31:06,446 [INFO] PluginManage:359 - Loaded plugin tutovideos (category:base,tabindex:-1)
2026-07-30 09:31:06,446 [INFO] PluginManage:310 - Check plugin updater
2026-07-30 09:31:06,476 [INFO] PluginManage:359 - Loaded plugin updater (category:base,tabindex:12)
2026-07-30 09:31:06,476 [INFO] PluginManage:310 - Check plugin userauth
2026-07-30 09:31:06,481 [INFO] UserAuth:118 - Init User Auth plugin
2026-07-30 09:31:06,483 [INFO] PluginManage:359 - Loaded plugin userauth (category:base,tabindex:14)
2026-07-30 09:31:06,484 [INFO] PluginManage:283 - PluginManage : Loaded plugins [18]
2026-07-30 09:31:06,766 [INFO] PinOutPanel:1589 - setPackage(No Configuration,No Configuration)
2026-07-30 09:31:06,877 [INFO] CADModel:165 - CPN selected for project level
2026-07-30 09:31:06,877 [INFO] CADModel:114 - Register for checkConnection events
2026-07-30 09:31:06,905 [INFO] IPUIPlugin:80 - create IPUIPlugin
2026-07-30 09:31:06,905 [INFO] PluginManager:220 - loadIPPluginJar : add adc
2026-07-30 09:31:06,911 [INFO] IPUIPlugin:80 - create IPUIPlugin
2026-07-30 09:31:06,911 [INFO] PluginManager:220 - loadIPPluginJar : add aes
2026-07-30 09:31:06,915 [INFO] IPUIPlugin:80 - create IPUIPlugin
2026-07-30 09:31:06,915 [INFO] PluginManager:220 - loadIPPluginJar : add can
2026-07-30 09:31:06,917 [INFO] IPUIPlugin:80 - create IPUIPlugin
2026-07-30 09:31:06,917 [INFO] PluginManager:220 - loadIPPluginJar : add comp
2026-07-30 09:31:06,921 [INFO] IPUIPlugin:80 - create IPUIPlugin
2026-07-30 09:31:06,921 [INFO] PluginManager:220 - loadIPPluginJar : add cryp
2026-07-30 09:31:06,925 [INFO] IPUIPlugin:80 - create IPUIPlugin
2026-07-30 09:31:06,925 [INFO] PluginManager:220 - loadIPPluginJar : add ddr_ctrl_phy
2026-07-30 09:31:06,928 [INFO] IPUIPlugin:80 - create IPUIPlugin
2026-07-30 09:31:06,928 [INFO] PluginManager:220 - loadIPPluginJar : add dfsdm
2026-07-30 09:31:06,936 [INFO] IPUIPlugin:80 - create IPUIPlugin
2026-07-30 09:31:06,937 [INFO] PluginManager:220 - loadIPPluginJar : add dma
2026-07-30 09:31:06,942 [INFO] IPUIPlugin:80 - create IPUIPlugin
2026-07-30 09:31:06,942 [INFO] PluginManager:220 - loadIPPluginJar : add dma3
2026-07-30 09:31:06,946 [INFO] IPUIPlugin:80 - create IPUIPlugin
2026-07-30 09:31:06,947 [INFO] PluginManager:220 - loadIPPluginJar : add extmemmanager
2026-07-30 09:31:06,950 [INFO] IPUIPlugin:80 - create IPUIPlugin
2026-07-30 09:31:06,950 [INFO] PluginManager:220 - loadIPPluginJar : add fatfs
2026-07-30 09:31:06,957 [INFO] IPUIPlugin:80 - create IPUIPlugin
2026-07-30 09:31:06,958 [INFO] PluginManager:220 - loadIPPluginJar : add fmc
2026-07-30 09:31:06,971 [INFO] IPUIPlugin:80 - create IPUIPlugin
2026-07-30 09:31:06,971 [INFO] PluginManager:220 - loadIPPluginJar : add freertos
2026-07-30 09:31:06,973 [INFO] IPUIPlugin:80 - create IPUIPlugin
2026-07-30 09:31:06,973 [INFO] PluginManager:220 - loadIPPluginJar : add genericplugin
2026-07-30 09:31:06,976 [INFO] IPUIPlugin:80 - create IPUIPlugin
2026-07-30 09:31:06,976 [INFO] PluginManager:220 - loadIPPluginJar : add gfxmmu
2026-07-30 09:31:06,983 [INFO] IPUIPlugin:80 - create IPUIPlugin
2026-07-30 09:31:06,983 [INFO] PluginManager:220 - loadIPPluginJar : add gic
2026-07-30 09:31:06,988 [INFO] IPUIPlugin:80 - create IPUIPlugin
2026-07-30 09:31:06,989 [INFO] PluginManager:220 - loadIPPluginJar : add gpio
2026-07-30 09:31:06,992 [INFO] IPUIPlugin:80 - create IPUIPlugin
2026-07-30 09:31:06,992 [INFO] PluginManager:220 - loadIPPluginJar : add gtzc
2026-07-30 09:31:06,995 [INFO] IPUIPlugin:80 - create IPUIPlugin
2026-07-30 09:31:06,996 [INFO] PluginManager:220 - loadIPPluginJar : add hash
2026-07-30 09:31:06,999 [INFO] IPUIPlugin:80 - create IPUIPlugin
2026-07-30 09:31:07,000 [INFO] PluginManager:220 - loadIPPluginJar : add i2c
2026-07-30 09:31:07,003 [INFO] IPUIPlugin:80 - create IPUIPlugin
2026-07-30 09:31:07,003 [INFO] PluginManager:220 - loadIPPluginJar : add i2s
2026-07-30 09:31:07,007 [INFO] IPUIPlugin:80 - create IPUIPlugin
2026-07-30 09:31:07,007 [INFO] PluginManager:220 - loadIPPluginJar : add i3c
2026-07-30 09:31:07,012 [INFO] IPUIPlugin:80 - create IPUIPlugin
2026-07-30 09:31:07,012 [INFO] PluginManager:220 - loadIPPluginJar : add ipddr
2026-07-30 09:31:07,023 [INFO] IPUIPlugin:80 - create IPUIPlugin
2026-07-30 09:31:07,023 [INFO] PluginManager:220 - loadIPPluginJar : add linkedlist
2026-07-30 09:31:07,028 [INFO] IPUIPlugin:80 - create IPUIPlugin
2026-07-30 09:31:07,028 [INFO] PluginManager:220 - loadIPPluginJar : add lorawan
2026-07-30 09:31:07,030 [INFO] IPUIPlugin:80 - create IPUIPlugin
2026-07-30 09:31:07,030 [INFO] PluginManager:220 - loadIPPluginJar : add ltdc
2026-07-30 09:31:07,039 [INFO] IPUIPlugin:80 - create IPUIPlugin
2026-07-30 09:31:07,039 [INFO] PluginManager:220 - loadIPPluginJar : add mdma
2026-07-30 09:31:07,043 [INFO] IPUIPlugin:80 - create IPUIPlugin
2026-07-30 09:31:07,044 [INFO] PluginManager:220 - loadIPPluginJar : add nvic
2026-07-30 09:31:07,050 [INFO] IPUIPlugin:80 - create IPUIPlugin
2026-07-30 09:31:07,050 [INFO] PluginManager:220 - loadIPPluginJar : add opamp
2026-07-30 09:31:07,054 [INFO] IPUIPlugin:80 - create IPUIPlugin
2026-07-30 09:31:07,054 [INFO] PluginManager:220 - loadIPPluginJar : add openamp
2026-07-30 09:31:07,059 [INFO] IPUIPlugin:80 - create IPUIPlugin
2026-07-30 09:31:07,059 [INFO] PluginManager:220 - loadIPPluginJar : add pdm2pcm
2026-07-30 09:31:07,067 [INFO] IPUIPlugin:80 - create IPUIPlugin
2026-07-30 09:31:07,071 [INFO] PluginManager:220 - loadIPPluginJar : add plateformsettings
2026-07-30 09:31:07,074 [INFO] IPUIPlugin:80 - create IPUIPlugin
2026-07-30 09:31:07,074 [INFO] PluginManager:220 - loadIPPluginJar : add quadspi
2026-07-30 09:31:07,080 [INFO] IPUIPlugin:80 - create IPUIPlugin
2026-07-30 09:31:07,081 [INFO] PluginManager:220 - loadIPPluginJar : add radio
2026-07-30 09:31:07,086 [INFO] IPUIPlugin:80 - create IPUIPlugin
2026-07-30 09:31:07,086 [INFO] PluginManager:220 - loadIPPluginJar : add resmgrutility
2026-07-30 09:31:07,091 [INFO] IPUIPlugin:80 - create IPUIPlugin
2026-07-30 09:31:07,092 [INFO] PluginManager:220 - loadIPPluginJar : add sai
2026-07-30 09:31:07,095 [INFO] IPUIPlugin:80 - create IPUIPlugin
2026-07-30 09:31:07,096 [INFO] PluginManager:220 - loadIPPluginJar : add spi
2026-07-30 09:31:07,104 [INFO] IPUIPlugin:80 - create IPUIPlugin
2026-07-30 09:31:07,105 [INFO] PluginManager:220 - loadIPPluginJar : add stm32_wpan
2026-07-30 09:31:07,107 [INFO] IPUIPlugin:80 - create IPUIPlugin
2026-07-30 09:31:07,107 [INFO] PluginManager:220 - loadIPPluginJar : add tim
2026-07-30 09:31:07,115 [INFO] IPUIPlugin:80 - create IPUIPlugin
2026-07-30 09:31:07,115 [INFO] PluginManager:220 - loadIPPluginJar : add touchsensing
2026-07-30 09:31:07,119 [INFO] IPUIPlugin:80 - create IPUIPlugin
2026-07-30 09:31:07,119 [INFO] PluginManager:220 - loadIPPluginJar : add tracer_emb
2026-07-30 09:31:07,122 [INFO] IPUIPlugin:80 - create IPUIPlugin
2026-07-30 09:31:07,122 [INFO] PluginManager:220 - loadIPPluginJar : add ts
2026-07-30 09:31:07,125 [INFO] IPUIPlugin:80 - create IPUIPlugin
2026-07-30 09:31:07,125 [INFO] PluginManager:220 - loadIPPluginJar : add tsc
2026-07-30 09:31:07,128 [INFO] IPUIPlugin:80 - create IPUIPlugin
2026-07-30 09:31:07,128 [INFO] PluginManager:220 - loadIPPluginJar : add ucpd
2026-07-30 09:31:07,133 [INFO] IPUIPlugin:80 - create IPUIPlugin
2026-07-30 09:31:07,133 [INFO] PluginManager:220 - loadIPPluginJar : add usart
2026-07-30 09:31:07,138 [INFO] IPUIPlugin:80 - create IPUIPlugin
2026-07-30 09:31:07,138 [INFO] PluginManager:220 - loadIPPluginJar : add usbx
2026-07-30 09:31:07,290 [FATAL] Updater:351 - Updater called before beeing initialized
2026-07-30 09:31:07,327 [INFO] RulesReader:64 - Compatibility file has been processed (317 Rules)
2026-07-30 09:31:07,347 [INFO] RulesReader:64 - Compatibility file has been processed (317 Rules)
2026-07-30 09:31:07,368 [INFO] CADModel:165 - CPN selected for project level
2026-07-30 09:31:07,368 [INFO] CADModel:114 - Register for checkConnection events
2026-07-30 09:31:07,368 [FATAL] Updater:351 - Updater called before beeing initialized
2026-07-30 09:31:07,369 [ERROR] CADModel:125 - Updater not yet initialized, retry later 
2026-07-30 09:31:07,597 [FATAL] Updater:351 - Updater called before beeing initialized
2026-07-30 09:31:07,599 [INFO] CADModel:165 - CPN selected for project level
2026-07-30 09:31:07,600 [INFO] CADModel:114 - Register for checkConnection events
2026-07-30 09:31:07,600 [FATAL] Updater:351 - Updater called before beeing initialized
2026-07-30 09:31:07,600 [ERROR] CADModel:125 - Updater not yet initialized, retry later 
2026-07-30 09:31:07,605 [FATAL] Updater:351 - Updater called before beeing initialized
2026-07-30 09:31:07,790 [FATAL] Updater:351 - Updater called before beeing initialized
2026-07-30 09:31:07,819 [INFO] DbMcusAds:53 - JSON generation date=Wed Jul 15 15:16:00 IST 2026 (1784108760991)
2026-07-30 09:31:07,819 [FATAL] Updater:351 - Updater called before beeing initialized
2026-07-30 09:31:07,889 [WARN] DetailPanel:346 - Failed to get advertising image, set to default
2026-07-30 09:31:08,012 [FATAL] Updater:351 - Updater called before beeing initialized
2026-07-30 09:31:08,015 [FATAL] Updater:351 - Updater called before beeing initialized
2026-07-30 09:31:08,015 [FATAL] Updater:351 - Updater called before beeing initialized
2026-07-30 09:31:08,015 [WARN] DetailPanel:346 - Failed to get advertising image, set to default
2026-07-30 09:31:08,016 [FATAL] Updater:351 - Updater called before beeing initialized
2026-07-30 09:31:08,078 [ERROR] Updater:1198 - MainUpdater not yet initialized. External WinMGr cannot be set.
2026-07-30 09:31:08,081 [INFO] Updater:1134 - Updater Version found : 6.15.0
2026-07-30 09:31:08,108 [INFO] ApplicationProperties:184 - Using Application install path: C:\ST\STM32CubeIDE_1.19.0\STM32CubeIDE\plugins\com.st.stm32cube.common.mx_6.15.0.202507011659
2026-07-30 09:31:09,147 [INFO] ThirdPartyUpdaterWithRetryManager:70 - Updater plugin not ready yet. [2/15]
2026-07-30 09:31:09,691 [ERROR] LogOutputStream:75 - [STDERR_REDIRECT] Jul 30, 2026 9:31:09 AM java.util.prefs.WindowsPreferences <init>
2026-07-30 09:31:09,692 [ERROR] LogOutputStream:75 - [STDERR_REDIRECT] WARNING: Could not open/create prefs root node Software\JavaSoft\Prefs at root 0xffffffff80000002. Windows RegCreateKeyEx(...) returned error code 5.
2026-07-30 09:31:09,693 [ERROR] LogOutputStream:75 - [STDERR_REDIRECT] 
2026-07-30 09:31:10,193 [INFO] MainUpdater:2872 - connection check result : 22
2026-07-30 09:31:10,194 [INFO] MainUpdater:289 - Updater Check For Update Now.
2026-07-30 09:31:10,195 [INFO] MicroXplorer:498 - Change Database Version : DB.6.0.150
2026-07-30 09:31:10,217 [INFO] McuFinderGlobals:63 - Set McuFinder mode to 2 (CubeIDE integrated)
2026-07-30 09:31:10,217 [INFO] UserAuth:171 - activating auth plugin
2026-07-30 09:31:10,222 [INFO] UserAuth:487 - Internet connection configuration mode: 2
2026-07-30 09:31:10,250 [INFO] UserAuth:487 - Internet connection configuration mode: 2
2026-07-30 09:31:10,444 [INFO] CheckServerUpdateThread:120 - End of CheckServer Thread
2026-07-30 09:31:12,475 [WARN] PackLoader:240 - Cannot read IP mode file for STMicroelectronics.X-CUBE-AZRTOS-H7.3.5.0
2026-07-30 09:31:12,492 [WARN] PackLoader:240 - Cannot read IP mode file for STMicroelectronics.FP-ATR-ASTRA1.2.0.3
2026-07-30 09:31:12,510 [ERROR] Engine:466 - C:\Users\ADMIN\.stm32cubemx\thirdparties\pdsc\STMicroelectronics.X-CUBE-SMBUS.2.1.1.pdsc: PDSC version is not supported
2026-07-30 09:31:12,535 [WARN] PackLoader:240 - Cannot read IP mode file for STMicroelectronics.X-CUBE-AZRTOS-F7.1.1.0
2026-07-30 09:31:12,549 [WARN] PackLoader:240 - Cannot read IP mode file for STMicroelectronics.X-CUBE-FREERTOS.1.6.0
2026-07-30 09:31:12,558 [WARN] PackLoader:240 - Cannot read IP mode file for STMicroelectronics.FP-SNS-MOTENV1.5.1.0
2026-07-30 09:31:12,591 [WARN] PackLoader:240 - Cannot read IP mode file for STMicroelectronics.X-CUBE-AZRTOS-H7RS.1.3.0
2026-07-30 09:31:12,611 [WARN] PackLoader:240 - Cannot read IP mode file for WES.I-CUBE-Cesium.1.4.0
2026-07-30 09:31:12,623 [WARN] PackLoader:240 - Cannot read IP mode file for STMicroelectronics.X-CUBE-DISPLAY.3.0.0
2026-07-30 09:31:12,644 [WARN] PackLoader:240 - Cannot read IP mode file for STMicroelectronics.X-CUBE-GNSS1.7.1.1
2026-07-30 09:31:12,651 [WARN] PackLoader:240 - Cannot read IP mode file for STMicroelectronics.FP-SNS-MOTENVWB1.1.5.0
2026-07-30 09:31:12,660 [WARN] PackLoader:240 - Cannot read IP mode file for STMicroelectronics.X-CUBE-NFC10.1.0.0
2026-07-30 09:31:12,668 [WARN] PackLoader:240 - Cannot read IP mode file for STMicroelectronics.X-CUBE-ST60.1.1.0
2026-07-30 09:31:12,676 [WARN] PackLoader:240 - Cannot read IP mode file for emotas.I-CUBE-CANOPEN.1.3.0
2026-07-30 09:31:12,683 [WARN] PackLoader:240 - Cannot read IP mode file for wolfSSL.I-CUBE-wolfSSL.5.9.2
2026-07-30 09:31:12,686 [ERROR] Engine:466 - C:\Users\ADMIN\.stm32cubemx\thirdparties\pdsc\STMicroelectronics.X-CUBE-WBA.1.1.0.pdsc: PDSC version is not supported
2026-07-30 09:31:12,695 [WARN] PackLoader:240 - Cannot read IP mode file for STMicroelectronics.FP-SNS-STBOX1.2.1.0
2026-07-30 09:31:12,704 [WARN] PackLoader:240 - Cannot read IP mode file for STMicroelectronics.FP-SNS-SMARTAG2.1.2.0
2026-07-30 09:31:12,710 [WARN] PackLoader:240 - Cannot read IP mode file for STMicroelectronics.FP-SNS-FLIGHT1.5.1.0
2026-07-30 09:31:12,721 [INFO] LogOutputStream:77 - [STDOUT_REDIRECT] 1 : Invalid condition id : UX_CORESTACK_Condition cause : null
2026-07-30 09:31:12,723 [INFO] LogOutputStream:77 - [STDOUT_REDIRECT] 1 : Invalid condition id : UX_CORESTACK_Condition cause : null
2026-07-30 09:31:12,725 [INFO] LogOutputStream:77 - [STDOUT_REDIRECT] 1 : Invalid condition id : UX_CORESTACK_Condition cause : null
2026-07-30 09:31:12,727 [INFO] LogOutputStream:77 - [STDOUT_REDIRECT] 1 : Invalid condition id : UX_CORESTACK_Condition cause : null
2026-07-30 09:31:12,728 [INFO] LogOutputStream:77 - [STDOUT_REDIRECT] 1 : Invalid condition id : UX_CORESTACK_Condition cause : null
2026-07-30 09:31:12,731 [WARN] PackLoader:240 - Cannot read IP mode file for STMicroelectronics.X-CUBE-AZRTOS-WL.2.0.0
2026-07-30 09:31:12,740 [WARN] PackLoader:240 - Cannot read IP mode file for STMicroelectronics.X-CUBE-BLE2.3.3.0
2026-07-30 09:31:12,796 [WARN] PackLoader:240 - Cannot read IP mode file for Infineon.AIROC-Wi-Fi-Bluetooth-STM32.1.8.0
2026-07-30 09:31:12,817 [WARN] PackLoader:240 - Cannot read IP mode file for STMicroelectronics.X-CUBE-NFC9.1.0.0
2026-07-30 09:31:12,828 [WARN] PackLoader:240 - Cannot read IP mode file for STMicroelectronics.X-CUBE-BLE1.7.1.0
2026-07-30 09:31:12,834 [WARN] PackLoader:240 - Cannot read IP mode file for wolfSSL.I-CUBE-wolfMQTT.1.19.2
2026-07-30 09:31:12,842 [WARN] PackLoader:240 - Cannot read IP mode file for STMicroelectronics.X-CUBE-EEPRMA1.5.2.0
2026-07-30 09:31:12,853 [WARN] PackLoader:240 - Cannot read IP mode file for STMicroelectronics.FP-SNS-STAIOTCFT.1.1.0
2026-07-30 09:31:12,907 [WARN] PackLoader:240 - Cannot read IP mode file for STMicroelectronics.X-CUBE-AZRTOS-G0.1.1.0
2026-07-30 09:31:12,919 [WARN] PackLoader:240 - Cannot read IP mode file for STMicroelectronics.X-CUBE-NFC4.3.0.0
2026-07-30 09:31:12,932 [WARN] PackLoader:240 - Cannot read IP mode file for EmbeddedOffice.I-CUBE-FS-RTOS.1.0.1
2026-07-30 09:31:12,939 [WARN] PackLoader:240 - Cannot read IP mode file for wolfSSL.I-CUBE-wolfTPM.3.8.0
2026-07-30 09:31:12,949 [WARN] PackLoader:240 - Cannot read IP mode file for STMicroelectronics.X-CUBE-TCPP.4.2.0
2026-07-30 09:31:12,962 [WARN] PackLoader:240 - Cannot read IP mode file for RealThread.X-CUBE-RT-Thread_Nano.4.1.1
2026-07-30 09:31:12,968 [WARN] PackLoader:240 - Cannot read IP mode file for STMicroelectronics.FP-ATR-SIGFOX1.3.2.0
2026-07-30 09:31:12,976 [WARN] PackLoader:240 - Cannot read IP mode file for ITTIA_DB.I-CUBE-ITTIADB.8.9.0
2026-07-30 09:31:12,981 [WARN] PackLoader:240 - Cannot read IP mode file for Cesanta.I-CUBE-Mongoose.7.21.7
2026-07-30 09:31:12,990 [WARN] PackLoader:240 - Cannot read IP mode file for STMicroelectronics.X-CUBE-NFC6.3.2.0
2026-07-30 09:31:13,002 [WARN] PackLoader:240 - Cannot read IP mode file for STMicroelectronics.X-CUBE-AI.10.2.1
2026-07-30 09:31:13,036 [WARN] PackLoader:240 - Cannot read IP mode file for SEGGER.I-CUBE-embOS.1.3.1
2026-07-30 09:31:13,084 [WARN] PackLoader:240 - Cannot read IP mode file for STMicroelectronics.X-CUBE-NFC13.1.0.0
2026-07-30 09:31:13,091 [WARN] PackLoader:240 - Cannot read IP mode file for STMicroelectronics.X-CUBE-PM33A1.1.0.0
2026-07-30 09:31:13,107 [WARN] PackLoader:240 - Cannot read IP mode file for STMicroelectronics.X-CUBE-AZRTOS-F4.1.1.0
2026-07-30 09:31:13,120 [WARN] PackLoader:240 - Cannot read IP mode file for STMicroelectronics.X-CUBE-ISPU.2.1.0
2026-07-30 09:31:13,138 [WARN] PackLoader:240 - Cannot read IP mode file for STMicroelectronics.X-CUBE-IPS.3.2.0
2026-07-30 09:31:13,153 [WARN] PackLoader:240 - Cannot read IP mode file for STMicroelectronics.eDS-WB_DPC_TT-BIDIR.2.1.1
2026-07-30 09:31:13,161 [WARN] PackLoader:240 - Cannot read IP mode file for STMicroelectronics.X-CUBE-NFC12.1.0.0
2026-07-30 09:31:13,179 [WARN] PackLoader:240 - Cannot read IP mode file for STMicroelectronics.X-CUBE-AZRTOS-L5.2.0.0
2026-07-30 09:31:13,189 [WARN] PackLoader:240 - Cannot read IP mode file for STMicroelectronics.X-CUBE-ALGOBUILD.1.5.0
2026-07-30 09:31:13,194 [WARN] PackLoader:240 - Cannot read IP mode file for STMicroelectronics.eDS-WB_DPC_VIENNA.1.2.0
2026-07-30 09:31:13,234 [WARN] PackLoader:240 - Cannot read IP mode file for STMicroelectronics.X-CUBE-MEMS1.13.0.0
2026-07-30 09:31:13,317 [WARN] PackLoader:240 - Cannot read IP mode file for STMicroelectronics.eDS-WB_DPC_3PH2L-BIDIR.1.1.1
2026-07-30 09:31:13,321 [ERROR] Engine:466 - C:\Users\ADMIN\.stm32cubemx\thirdparties\pdsc\STMicroelectronics.X-CUBE-ST67W61.1.3.0.pdsc: PDSC version is not supported
2026-07-30 09:31:13,329 [WARN] PackLoader:240 - Cannot read IP mode file for STMicroelectronics.X-CUBE-TOUCHGFX.4.26.1
2026-07-30 09:31:13,336 [WARN] PackLoader:240 - Cannot read IP mode file for STMicroelectronics.X-CUBE-DPower.1.3.0
2026-07-30 09:31:13,361 [WARN] ConditionMgr:438 - getConditionDescription Invalid condition id : LAN8742 Phy interface Condition cause : null
2026-07-30 09:31:13,362 [WARN] PackLoader:240 - Cannot read IP mode file for STMicroelectronics.X-CUBE-AZRTOS-L4.2.0.0
2026-07-30 09:31:13,364 [WARN] ConditionMgr:1044 - genDependencies : Invalid condition id : LAN8742 Phy interface Condition cause : null
2026-07-30 09:31:13,364 [WARN] ConditionMgr:1044 - genDependencies : Invalid condition id : LAN8742 Phy interface Condition cause : null
2026-07-30 09:31:13,365 [WARN] ConditionMgr:1044 - genDependencies : Invalid condition id : LAN8742 Phy interface Condition cause : null
2026-07-30 09:31:13,373 [WARN] PackLoader:240 - Cannot read IP mode file for STMicroelectronics.X-CUBE-SFXS2LP1.4.0.0
2026-07-30 09:31:13,382 [WARN] PackLoader:240 - Cannot read IP mode file for STMicroelectronics.X-CUBE-WB05N.2.1.0
2026-07-30 09:31:13,398 [WARN] ConditionMgr:438 - getConditionDescription Invalid condition id : UX DEVICE CLASS RTOS Condition cause : null
2026-07-30 09:31:13,398 [WARN] ConditionMgr:438 - getConditionDescription Invalid condition id : UX DEVICE CLASS RTOS Condition cause : null
2026-07-30 09:31:13,401 [WARN] PackLoader:240 - Cannot read IP mode file for STMicroelectronics.X-CUBE-AZRTOS-WB.2.0.0
2026-07-30 09:31:13,402 [WARN] ConditionMgr:1044 - genDependencies : Invalid condition id : UX DEVICE CLASS RTOS Condition cause : null
2026-07-30 09:31:13,402 [WARN] ConditionMgr:1044 - genDependencies : Invalid condition id : UX DEVICE CLASS RTOS Condition cause : null
2026-07-30 09:31:13,403 [WARN] ConditionMgr:1044 - genDependencies : Invalid condition id : UX DEVICE CLASS RTOS Condition cause : null
2026-07-30 09:31:13,403 [WARN] ConditionMgr:1044 - genDependencies : Invalid condition id : UX DEVICE CLASS RTOS Condition cause : null
2026-07-30 09:31:13,403 [WARN] ConditionMgr:1044 - genDependencies : Invalid condition id : UX DEVICE CLASS RTOS Condition cause : null
2026-07-30 09:31:13,409 [WARN] ConditionMgr:438 - getConditionDescription Invalid condition id : Cortex-A Device cause : null
2026-07-30 09:31:13,419 [WARN] ConditionMgr:1044 - genDependencies : Invalid condition id : Cortex-A Device cause : null
2026-07-30 09:31:13,419 [WARN] ConditionMgr:1044 - genDependencies : Invalid condition id : Cortex-A Device cause : null
2026-07-30 09:31:13,419 [WARN] ConditionMgr:1044 - genDependencies : Invalid condition id : Cortex-A Device cause : null
2026-07-30 09:31:13,426 [WARN] PackLoader:240 - Cannot read IP mode file for STMicroelectronics.X-CUBE-STSE01.2.0.0
2026-07-30 09:31:13,437 [WARN] PackLoader:240 - Cannot read IP mode file for STMicroelectronics.X-CUBE-SUBG2.5.0.0
2026-07-30 09:31:13,454 [WARN] PackLoader:240 - Cannot read IP mode file for STMicroelectronics.X-CUBE-AZRTOS-G4.2.0.0
2026-07-30 09:31:13,460 [WARN] PackLoader:240 - Cannot read IP mode file for wolfSSL.I-CUBE-wolfSSH.1.4.20
2026-07-30 09:31:13,465 [WARN] PackLoader:240 - Cannot read IP mode file for STMicroelectronics.X-CUBE-NFC7.2.0.0
2026-07-30 09:31:13,471 [ERROR] Engine:466 - C:\Users\ADMIN\.stm32cubemx\thirdparties\pdsc\STMicroelectronics.X-CUBE-BLEMGR.4.2.0.pdsc: PDSC version is not supported
2026-07-30 09:31:13,475 [WARN] PackLoader:240 - Cannot read IP mode file for STMicroelectronics.X-CUBE-ALS.1.0.2
2026-07-30 09:31:13,486 [WARN] PackLoader:240 - Cannot read IP mode file for STMicroelectronics.X-CUBE-TOF1.3.4.3
2026-07-30 09:31:13,496 [INFO] ThirdParty:978 - Integrity check success = true
2026-07-30 09:31:13,497 [INFO] IntegrityCheckThread:100 - exiting critical section [integrity check]
2026-07-30 09:31:13,497 [INFO] IntegrityCheckThread:103 - End integrity checks thread
2026-07-30 09:32:44,489 [INFO] McuFinderGlobals:63 - Set McuFinder mode to 2 (CubeIDE integrated)
2026-07-30 09:32:44,669 [INFO] MainUpdater:2872 - connection check result : 10
2026-07-30 09:32:44,674 [INFO] McuFinderGlobals:76 - Set McuFinderConnectedMode to true
2026-07-30 09:32:44,894 [ERROR] ServerAccessManage:1295 - Problem during Server Connection :  IO error PKIX path building failed: sun.security.provider.certpath.SunCertPathBuilderException: unable to find valid certification path to requested target
2026-07-30 09:32:44,895 [ERROR] ServerAccessManage:740 - Problem during Server Connection :  : mcusAds.json._tmp_.
2026-07-30 09:32:46,485 [INFO] LoadUrlFilesThread:156 - End of LoadUrlFiles Thread
2026-07-30 09:32:47,519 [INFO] DbMcusAds:53 - JSON generation date=Wed Jul 15 15:16:00 IST 2026 (1784108760991)
2026-07-30 09:32:47,526 [ERROR] TargetSelectorAdapter:267 - Unable to refresh data
2026-07-30 09:32:47,877 [INFO] ApiDb:581 - Connected to CubeFinder SQLite database (C:\Users\ADMIN\.stmcufinder\plugins\mcufinder\mcu\cube-finder-db.db)
2026-07-30 09:32:48,018 [INFO] ApiDb:668 - CubeFinder database Data Model version=2.1
2026-07-30 09:32:48,019 [INFO] ApiDb:669 - CubeFinder database Configuration version=3.0.42
2026-07-30 09:32:48,019 [INFO] ApiDb:670 - CubeFinder database generation date=2026-06-23 (1782213372)
2026-07-30 09:32:48,019 [INFO] ApiDb:671 - CubeFinder database FW Pack versions=[FP-ATR-ASTRA1_V2.0.0, FP-SNS-FLIGHT1_V5.1.0, FP-SNS-MOTENV1_V5.1.0, FP-SNS-MOTENVWB1_V1.5.0, FP-SNS-SMARTAG2_V1.2.0, FP-SNS-STBOX1_V2.1.0, STM32Cube_FW_C0_V1.4.0, STM32Cube_FW_F4_V1.28.3, STM32Cube_FW_F7_V1.17.4, STM32Cube_FW_G0_V1.6.3, STM32Cube_FW_G4_V1.6.2, STM32Cube_FW_H5_V1.7.0, STM32Cube_FW_H7RS_V1.3.0, STM32Cube_FW_H7_V1.13.0, STM32Cube_FW_L0_V1.12.2, STM32Cube_FW_L4_V1.18.2, STM32Cube_FW_L5_V1.6.0, STM32Cube_FW_N6_V1.4.0, STM32Cube_FW_U0_V1.3.0, STM32Cube_FW_U3_V1.4.0, STM32Cube_FW_U5_V1.9.0, STM32Cube_FW_WB0_V1.5.0, STM32Cube_FW_WBA_V1.10.0, STM32Cube_FW_WB_V1.24.0, STM32Cube_FW_WL3_V1.5.0, STM32Cube_FW_WL_V1.6.0, X-CUBE-ALGOBUILD_V1.5.0, X-CUBE-ALS_V1.0.2, X-CUBE-AZRTOS-F4_V1.1.0, X-CUBE-AZRTOS-F7_V1.1.0, X-CUBE-AZRTOS-G0_V1.1.0, X-CUBE-AZRTOS-G4_V2.0.0, X-CUBE-AZRTOS-H7RS_V1.1.0, X-CUBE-AZRTOS-H7_V3.5.0, X-CUBE-AZRTOS-L4_V2.0.0, X-CUBE-AZRTOS-L5_V2.0.0, X-CUBE-AZRTOS-WB_V2.0.0, X-CUBE-AZRTOS-WL_V2.0.0, X-CUBE-BLE1_V7.1.0, X-CUBE-BLE2_V3.3.0, X-CUBE-BLEMGR_V4.1.0, X-CUBE-EEPRMA1_V5.2.0, X-CUBE-FREERTOS_V1.5.0, X-CUBE-GNSS1_V7.1.1, X-CUBE-MEMS1_V12.1.0, X-CUBE-NFC4_V3.0.0, X-CUBE-NFC7_V2.0.0, X-CUBE-SFXS2LP1_V4.0.0, X-CUBE-ST67W61_V1.3.0, X-CUBE-SUBG2_V5.0.0, X-CUBE-TOF1_V3.4.3]
2026-07-30 09:32:52,542 [INFO] ApiDb:240 - Found 880 in-development CPN: [B-G473E-ZEST1S, B-WB1M-WPAN1, B-WBA5M-WPAN, B-WL5M-SUBG1, NUCLEO-C031C6, NUCLEO-C051C8, NUCLEO-C071RB, NUCLEO-C092RC, NUCLEO-H503RB, NUCLEO-H533RE, NUCLEO-H563ZI, NUCLEO-H7S3L8, NUCLEO-N657X0-Q, NUCLEO-U031R8, NUCLEO-U083RC, NUCLEO-U385RG-Q, NUCLEO-U545RE-Q, NUCLEO-U5A5ZJ-Q, NUCLEO-WB05KZ, NUCLEO-WB07CC, NUCLEO-WB09KE, NUCLEO-WBA52CG, NUCLEO-WBA55CG, NUCLEO-WL33CC1, NUCLEO-WL33CC2, STEVAL-PROTEUS1, STEVAL-SMARTAG2, STEVAL-STWINBX1, STM320518-EVAL, STM32C0116-DK, STM32C011D6Y3TR, STM32C011D6Y6TR, STM32C011F4P3, STM32C011F4P6, STM32C011F4U3, STM32C011F4U6TR, STM32C011F6P3, STM32C011F6P6, STM32C011F6U3, STM32C011F6U6TR, STM32C011J4M3, STM32C011J4M6, STM32C011J6M3, STM32C011J6M6, STM32C0316-DK, STM32C031C4T3, STM32C031C4T6, STM32C031C4U3, STM32C031C4U6, STM32C031C6T3, STM32C031C6T6, STM32C031C6U3, STM32C031C6U6, STM32C031F4P3, STM32C031F4P6, STM32C031F6P3, STM32C031F6P6, STM32C031G4U3, STM32C031G4U6, STM32C031G6U3, STM32C031G6U6, STM32C031K4T3, STM32C031K4T6, STM32C031K4U3, STM32C031K4U6, STM32C031K6T3, STM32C031K6T6, STM32C031K6U3, STM32C031K6U6, STM32C051C6T6, STM32C051C6U6, STM32C051C8T6, STM32C051C8U6, STM32C051D8Y6TR, STM32C051F6P6, STM32C051F8P6, STM32C051G6U6, STM32C051G8U6, STM32C051K6T6, STM32C051K6U6, STM32C051K8T6, STM32C071C8T6, STM32C071C8T6N, STM32C071C8U6, STM32C071C8U6N, STM32C071CBT6, STM32C071CBT6N, STM32C071CBU6, STM32C071CBU6N, STM32C071F8P6, STM32C071F8P6N, STM32C071FBP6, STM32C071FBP6N, STM32C071FBY6TR, STM32C071G8U6, STM32C071G8U6N, STM32C071GBU6, STM32C071GBU6N, STM32C071K8T6, STM32C071K8T6N, STM32C071K8U6, STM32C071K8U6N, STM32C071KBT6, STM32C071KBT6N, STM32C071KBU6, STM32C071KBU6N, STM32C071R8T6, STM32C071R8T6N, STM32C071RBI6N, STM32C071RBT6, STM32C071RBT6N, STM32C091CBT6, STM32C091CBU6, STM32C091CCT6, STM32C091CCU6, STM32C091ECY6TR, STM32C091FBP6, STM32C091FCP6, STM32C091GBU6, STM32C091GCU6, STM32C091KBT6, STM32C091KBU6, STM32C091KCT6, STM32C091KCU6, STM32C091RBT6, STM32C091RCI6, STM32C091RCT6, STM32C092CBT6, STM32C092CBU6, STM32C092CCT6, STM32C092CCU6, STM32C092ECY6TR, STM32C092FBP6, STM32C092FCP6, STM32C092GBU6, STM32C092GCU6, STM32C092KBT6, STM32C092KBU6, STM32C092KCT6, STM32C092KCU6, STM32C092RBT6, STM32C092RCI6, STM32C092RCT6, STM32G071K8TXN, STM32G071K8UXN, STM32G081GBU6N, STM32G081KBT6N, STM32G081KBUXN, STM32G0B1CCT6N, STM32G0B1KCT6, STM32G0B1NEY6TR, STM32G0B1RCT6N, STM32G0C1CCT6, STM32G0C1CCT6N, STM32G0C1CCU6N, STM32G0C1CET6N, STM32G0C1CEU6N, STM32G0C1KCT6, STM32G0C1NEY6TR, STM32G0C1RCI6N, STM32G0C1RCT6N, STM32G0C1REI6N, STM32G0C1RET6N, STM32G0C1VCI6, STM32G0C1VEI6, STM32G411C6T3, STM32G411C6T6, STM32G411C6U3, STM32G411C6U6, STM32G411C8T3, STM32G411C8T6, STM32G411C8U3, STM32G411C8U6, STM32G411CBT3, STM32G411CBT6, STM32G411CBU3, STM32G411CBU6, STM32G411K6T3, STM32G411K6T6, STM32G411K6U3, STM32G411K6U6, STM32G411K8T3, STM32G411K8T6, STM32G411K8U3, STM32G411K8U6, STM32G411KBT3, STM32G411KBT6, STM32G411KBU3, STM32G411KBU6, STM32G411M6T3, STM32G411M6T6, STM32G411M8T3, STM32G411M8T6, STM32G411MBT3, STM32G411MBT6, STM32G411R6T3, STM32G411R6T6, STM32G411R8T3, STM32G411R8T6, STM32G411RBT3, STM32G411RBT6, STM32G414CBT3, STM32G414CBT6, STM32G414CBU3, STM32G414CBU6, STM32G414CCT3, STM32G414CCT6, STM32G414CCU3, STM32G414CCU6, STM32G414MBT3, STM32G414MBT6, STM32G414MCT3, STM32G414MCT6, STM32G414RBT3, STM32G414RBT6, STM32G414RCT3, STM32G414RCT6, STM32G414VBT3, STM32G414VBT6, STM32G414VCT3, STM32G414VCT6, STM32G431CBT3Z, STM32G431RBT3Z, STM32G471CCT6, STM32G471CCU6, STM32G471CET3, STM32G471CET6, STM32G471CEU3, STM32G471CEU6, STM32G471MCT6, STM32G471MET3, STM32G471MET6, STM32G471MEY6TR, STM32G471QCT6, STM32G471QET3, STM32G471RCT6, STM32G471RET3, STM32G471RET6, STM32G471VCH6, STM32G471VCI6, STM32G471VCT6, STM32G471VEH3, STM32G471VEH6, STM32G471VEI3, STM32G471VEI6, STM32G471VET3, STM32G471VET6, STM32G473QET3Z, STM32G473RET3Z, STM32G474CCT6, STM32G491RET3Z, STM32H503CBT6, STM32H503CBU6, STM32H503EBY6TR, STM32H503KBU6, STM32H503RBT6, STM32H523CCT6, STM32H523CCU6, STM32H523CET6, STM32H523CEU6, STM32H523HEY6TR, STM32H523RCT6, STM32H523RET6, STM32H523VCI6, STM32H523VCT6, STM32H523VEI6, STM32H523VET6, STM32H523ZCJ6, STM32H523ZCT6, STM32H523ZEJ6, STM32H523ZET6, STM32H533CET6, STM32H533CEU6, STM32H533HEY6TR, STM32H533RET6, STM32H533VEI6, STM32H533VET6, STM32H533ZEJ6, STM32H533ZET6, STM32H562AGI6, STM32H562AII6, STM32H562IGK6, STM32H562IGT6, STM32H562IIK6, STM32H562IIT6, STM32H562RGT6, STM32H562RGV6, STM32H562RIT6, STM32H562RIV6, STM32H562VGT6, STM32H562VIT6, STM32H562ZGT6, STM32H562ZIT6, STM32H563AGI6, STM32H563AII3Q, STM32H563AII6, STM32H563IGK6, STM32H563IGT6, STM32H563IIK3Q, STM32H563IIK6, STM32H563IIT3Q, STM32H563IIT6, STM32H563MIY3QTR, STM32H563RGT6, STM32H563RGV6, STM32H563RIT6, STM32H563RIV6, STM32H563VGT6, STM32H563VIT3Q, STM32H563VIT6, STM32H563ZGT6, STM32H563ZIT3Q, STM32H563ZIT6, STM32H573AII3Q, STM32H573AII6, STM32H573I-DK, STM32H573IIK3Q, STM32H573IIK6, STM32H573IIT3Q, STM32H573IIT6, STM32H573MIY3QTR, STM32H573RIT6, STM32H573RIV6, STM32H573VIT3Q, STM32H573VIT6, STM32H573ZIT3Q, STM32H573ZIT6, STM32H7R3A8I6, STM32H7R3I8K6, STM32H7R3I8T6, STM32H7R3L8H6, STM32H7R3L8H6H, STM32H7R3R8V6, STM32H7R3V8H6, STM32H7R3V8T6, STM32H7R3V8Y6TR, STM32H7R3Z8J6, STM32H7R3Z8T6, STM32H7R7A8I6, STM32H7R7I8K6, STM32H7R7I8T6, STM32H7R7L8H6, STM32H7R7L8H6H, STM32H7R7Z8J6, STM32H7S3A8I6, STM32H7S3I8K6, STM32H7S3I8T6, STM32H7S3L8H6, STM32H7S3L8H6H, STM32H7S3R8V6, STM32H7S3V8H6, STM32H7S3V8T6, STM32H7S3V8Y6TR, STM32H7S3Z8J6, STM32H7S3Z8T6, STM32H7S78-DK, STM32H7S7A8I6, STM32H7S7I8K6, STM32H7S7I8T6, STM32H7S7L8H6, STM32H7S7L8H6H, STM32H7S7Z8J6, STM32L4R5QGI6STR, STM32MP131AAE3, STM32MP131AAF3, STM32MP131AAG3, STM32MP131CAE3, STM32MP131CAF3, STM32MP131CAG3, STM32MP131DAE7, STM32MP131DAF7, STM32MP131DAG7, STM32MP131FAE7, STM32MP131FAF7, STM32MP131FAG7, STM32MP133AAE3, STM32MP133AAF3, STM32MP133AAG3, STM32MP133CAE3, STM32MP133CAF3, STM32MP133CAG3, STM32MP133DAE7, STM32MP133DAF7, STM32MP133DAG7, STM32MP133FAE7, STM32MP133FAF7, STM32MP133FAG7, STM32MP135AAE3, STM32MP135AAF3, STM32MP135AAG3, STM32MP135CAE3, STM32MP135CAF3, STM32MP135CAG3, STM32MP135DAE7, STM32MP135DAF7, STM32MP135DAG7, STM32MP135F-DK, STM32MP135FAE7, STM32MP135FAF7, STM32MP135FAF7T, STM32MP135FAF7U, STM32MP135FAG7, STM32MP211AAL3, STM32MP211AAM3, STM32MP211AAN3, STM32MP211AAO3, STM32MP211CAL3, STM32MP211CAM3, STM32MP211CAN3, STM32MP211CAO3, STM32MP211DAL3, STM32MP211DAM3, STM32MP211DAN3, STM32MP211DAO3, STM32MP211FAL3, STM32MP211FAM3, STM32MP211FAN3, STM32MP211FAO3, STM32MP213AAL3, STM32MP213AAM3, STM32MP213AAN3, STM32MP213AAO3, STM32MP213CAL3, STM32MP213CAM3, STM32MP213CAN3, STM32MP213CAO3, STM32MP213DAL3, STM32MP213DAM3, STM32MP213DAN3, STM32MP213DAO3, STM32MP213FAL3, STM32MP213FAM3, STM32MP213FAN3, STM32MP213FAO3, STM32MP215AAL3, STM32MP215AAM3, STM32MP215AAN3, STM32MP215AAO3, STM32MP215CAL3, STM32MP215CAM3, STM32MP215CAN3, STM32MP215CAO3, STM32MP215DAL3, STM32MP215DAM3, STM32MP215DAN3, STM32MP215DAO3, STM32MP215F-DK, STM32MP215FAL3, STM32MP215FAM3, STM32MP215FAN3, STM32MP215FAO3, STM32MP231AAJ3, STM32MP231AAK3, STM32MP231AAL3, STM32MP231CAJ3, STM32MP231CAK3, STM32MP231CAL3, STM32MP231DAJ3, STM32MP231DAK3, STM32MP231DAL3, STM32MP231FAJ3, STM32MP231FAK3, STM32MP231FAL3, STM32MP233AAJ3, STM32MP233AAK3, STM32MP233AAL3, STM32MP233CAJ3, STM32MP233CAK3, STM32MP233CAL3, STM32MP233DAJ3, STM32MP233DAK3, STM32MP233DAL3, STM32MP233FAJ3, STM32MP233FAK3, STM32MP233FAL3, STM32MP235AAJ3, STM32MP235AAK3, STM32MP235AAL3, STM32MP235CAJ3, STM32MP235CAK3, STM32MP235CAL3, STM32MP235DAJ3, STM32MP235DAK3, STM32MP235DAL3, STM32MP235FAJ3, STM32MP235FAK3, STM32MP235FAL3, STM32MP251AAI3, STM32MP251AAK3, STM32MP251AAL3, STM32MP251CAI3, STM32MP251CAK3, STM32MP251CAL3, STM32MP251DAI3, STM32MP251DAK3, STM32MP251DAL3, STM32MP251FAI3, STM32MP251FAK3, STM32MP251FAL3, STM32MP253AAI3, STM32MP253AAK3, STM32MP253AAL3, STM32MP253CAI3, STM32MP253CAK3, STM32MP253CAL3, STM32MP253DAI3, STM32MP253DAK3, STM32MP253DAL3, STM32MP253FAI3, STM32MP253FAK3, STM32MP253FAL3, STM32MP255AAI3, STM32MP255AAK3, STM32MP255AAL3, STM32MP255CAI3, STM32MP255CAK3, STM32MP255CAL3, STM32MP255DAI3, STM32MP255DAK3, STM32MP255DAL3, STM32MP255FAI3, STM32MP255FAK3, STM32MP255FAL3, STM32MP257AAI3, STM32MP257AAK3, STM32MP257AAL3, STM32MP257CAI3, STM32MP257CAK3, STM32MP257CAL3, STM32MP257DAI3, STM32MP257DAK3, STM32MP257DAL3, STM32MP257F-DK, STM32MP257F-EV1, STM32MP257FAI3, STM32MP257FAK3, STM32MP257FAL3, STM32N645A0H3Q, STM32N645B0H3Q, STM32N645I0H3Q, STM32N645L0H3Q, STM32N645X0H3Q, STM32N645Z0H3Q, STM32N647A0H3Q, STM32N647B0H3Q, STM32N647I0H3Q, STM32N647L0H3Q, STM32N647X0H3Q, STM32N647Z0H3Q, STM32N655A0H3Q, STM32N655B0H3Q, STM32N655I0H3Q, STM32N655L0H3Q, STM32N655X0H3Q, STM32N655Z0H3Q, STM32N6570-DK, STM32N657A0H3Q, STM32N657B0H3Q, STM32N657I0H3Q, STM32N657L0H3Q, STM32N657X0H3Q, STM32N657Z0H3Q, STM32U031C6T6, STM32U031C6U6, STM32U031C8T6, STM32U031C8U6, STM32U031F4P6, STM32U031F6P6, STM32U031F8P6, STM32U031G6Y6TR, STM32U031G8Y6TR, STM32U031K4U6, STM32U031K6U6, STM32U031K8U6, STM32U031R6I6, STM32U031R6T6, STM32U031R8I6, STM32U031R8T6, STM32U073C8T6, STM32U073C8U6, STM32U073CBT6, STM32U073CBU6, STM32U073CCT6, STM32U073CCU6, STM32U073H8Y6TR, STM32U073HBY6TR, STM32U073HCY6TR, STM32U073K8U6, STM32U073KBU6, STM32U073KCU6, STM32U073M8I6, STM32U073M8T6, STM32U073MBI6, STM32U073MBT6, STM32U073MCI6, STM32U073MCT6, STM32U073R8I6, STM32U073R8T6, STM32U073RBI6, STM32U073RBT6, STM32U073RCI6, STM32U073RCT6, STM32U083C-DK, STM32U083CCT6, STM32U083CCU6, STM32U083HCY6TR, STM32U083KCU6, STM32U083MCI6, STM32U083MCT6, STM32U083RCI6, STM32U083RCT6, STM32U375CET6, STM32U375CET6Q, STM32U375CEU6, STM32U375CEU6Q, STM32U375CEY6QTR, STM32U375CGT6, STM32U375CGT6Q, STM32U375CGU6, STM32U375CGU6Q, STM32U375CGY6QTR, STM32U375KEU6, STM32U375KGU6, STM32U375REI6, STM32U375REI6Q, STM32U375RET6, STM32U375RET6Q, STM32U375REY6GTR, STM32U375REY6QTR, STM32U375RGI6, STM32U375RGI6Q, STM32U375RGT6, STM32U375RGT6Q, STM32U375RGY6GTR, STM32U375RGY6QTR, STM32U375VEI6, STM32U375VEI6Q, STM32U375VET6, STM32U375VET6Q, STM32U375VGI6, STM32U375VGI6Q, STM32U375VGT6, STM32U375VGT6Q, STM32U385CGT6, STM32U385CGT6Q, STM32U385CGU6, STM32U385CGU6Q, STM32U385CGY6QTR, STM32U385KGU6, STM32U385RGI6, STM32U385RGI6Q, STM32U385RGT6, STM32U385RGT6Q, STM32U385RGY6GTR, STM32U385RGY6QTR, STM32U385VGI6, STM32U385VGI6Q, STM32U385VGT6, STM32U385VGT6Q, STM32U535CBT6, STM32U535CBT6Q, STM32U535CBU6, STM32U535CBU6Q, STM32U535CCT6, STM32U535CCT6Q, STM32U535CCU6, STM32U535CCU6Q, STM32U535CET6, STM32U535CET6Q, STM32U535CEU6, STM32U535CEU6Q, STM32U535JEY6QTR, STM32U535NCY6QTR, STM32U535NEY6QTR, STM32U535RBI6, STM32U535RBI6Q, STM32U535RBT6, STM32U535RBT6Q, STM32U535RCI6, STM32U535RCI6Q, STM32U535RCT6, STM32U535RCT6Q, STM32U535REI6, STM32U535REI6Q, STM32U535RET6, STM32U535RET6Q, STM32U535VCI6, STM32U535VCI6Q, STM32U535VCT6, STM32U535VCT6Q, STM32U535VEI6, STM32U535VEI6Q, STM32U535VET6, STM32U535VET6Q, STM32U545CET6, STM32U545CET6Q, STM32U545CEU6, STM32U545CEU6Q, STM32U545JEY6QTR, STM32U545NEY6QTR, STM32U545REI6, STM32U545REI6Q, STM32U545RET6, STM32U545RET6Q, STM32U545VEI6, STM32U545VEI6Q, STM32U545VET6, STM32U545VET6Q, STM32U595AIH6, STM32U595AIH6Q, STM32U595AJH6, STM32U595AJH6Q, STM32U595QII6, STM32U595QII6Q, STM32U595QJI6, STM32U595QJI6Q, STM32U595RIT6, STM32U595RIT6Q, STM32U595RJT6, STM32U595RJT6Q, STM32U595VIT6, STM32U595VIT6Q, STM32U595VJT6, STM32U595VJT6Q, STM32U595ZIT6, STM32U595ZIT6Q, STM32U595ZIY6QTR, STM32U595ZJT6, STM32U595ZJT6Q, STM32U595ZJY6QTR, STM32U599BJY6QTR, STM32U599NIH6Q, STM32U599NJH6Q, STM32U599VIT6Q, STM32U599VJT6, STM32U599VJT6Q, STM32U599ZIT6Q, STM32U599ZIY6QTR, STM32U599ZJT6Q, STM32U599ZJY6QTR, STM32U5A5AJH6, STM32U5A5AJH6Q, STM32U5A5QII3Q , STM32U5A5QJI6, STM32U5A5QJI6Q, STM32U5A5RJT6, STM32U5A5RJT6Q, STM32U5A5VJT6, STM32U5A5VJT6Q, STM32U5A5ZJT6, STM32U5A5ZJT6Q, STM32U5A5ZJY6QTR, STM32U5A9BJY6QTR, STM32U5A9J-DK, STM32U5A9NJH6Q, STM32U5A9VJT6Q, STM32U5A9ZJT6Q, STM32U5A9ZJY6QTR, STM32U5F7VIT6, STM32U5F7VIT6Q, STM32U5F7VJT6, STM32U5F7VJT6Q, STM32U5F9BJY6QTR, STM32U5F9NJH6Q, STM32U5F9VIT6Q, STM32U5F9VJT6Q, STM32U5F9ZIJ6QTR, STM32U5F9ZIT6Q, STM32U5F9ZJJ6QTR, STM32U5F9ZJT6Q, STM32U5G7VJT6, STM32U5G7VJT6Q, STM32U5G9BJY6QTR, STM32U5G9J-DK1, STM32U5G9J-DK2, STM32U5G9NJH6Q, STM32U5G9VJT6Q, STM32U5G9ZJJ6QTR, STM32U5G9ZJT6Q, STM32WB05KZV6TR, STM32WB05KZV7TR, STM32WB05TZF6TR, STM32WB05TZF7TR, STM32WB06CCF6TR, STM32WB06CCF7TR, STM32WB06CCV6TR, STM32WB06CCV7TR, STM32WB06KCV6TR, STM32WB06KCV7TR, STM32WB07CCF6TR, STM32WB07CCF7TR, STM32WB07CCV6TR, STM32WB07CCV7TR, STM32WB07KCV6TR, STM32WB07KCV7TR, STM32WB09KEV6TR, STM32WB09KEV7TR, STM32WB09TEF6TR, STM32WB09TEF7TR, STM32WB1MMCH6, STM32WBA50KGU6, STM32WBA50KGU6TR, STM32WBA52CEU6, STM32WBA52CEU6TR, STM32WBA52CEU7, STM32WBA52CEU7TR, STM32WBA52CGU6, STM32WBA52CGU6TR, STM32WBA52CGU6U, STM32WBA52CGU7, STM32WBA52CGU7TR, STM32WBA52KEU6, STM32WBA52KEU6TR, STM32WBA52KGU6, STM32WBA52KGU6TR, STM32WBA54CEU6, STM32WBA54CEU6TR, STM32WBA54CEU7, STM32WBA54CEU7TR, STM32WBA54CGU6, STM32WBA54CGU6TR, STM32WBA54CGU7, STM32WBA54CGU7TR, STM32WBA54KEU6, STM32WBA54KEU6TR, STM32WBA54KEU7, STM32WBA54KEU7TR, STM32WBA54KGU6, STM32WBA54KGU6TR, STM32WBA54KGU7, STM32WBA54KGU7TR, STM32WBA55CEU6, STM32WBA55CEU6TR, STM32WBA55CEU7, STM32WBA55CEU7TR, STM32WBA55CGU6, STM32WBA55CGU6TR, STM32WBA55CGU6U, STM32WBA55CGU7, STM32WBA55CGU7TR, STM32WBA55G-DK1, STM32WBA55HEF6, STM32WBA55HEF7, STM32WBA55HGF6, STM32WBA55HGF7, STM32WBA55UEI6, STM32WBA55UEI6TR, STM32WBA55UEI7, STM32WBA55UEI7TR, STM32WBA55UGI6, STM32WBA55UGI6TR, STM32WBA55UGI7, STM32WBA55UGI7TR, STM32WBA5MMGH6TR, STM32WBA62MGF6, STM32WBA62MIF6, STM32WBA65MGF7, STM32WBA65MIF6, STM32WBA65MIF7, STM32WL30K8V6, STM32WL30KBV6, STM32WL31C8V6, STM32WL31CBV6, STM32WL31K8V6, STM32WL31KBV6, STM32WL33C8V6, STM32WL33C8V6X, STM32WL33CBV6, STM32WL33CBV6X, STM32WL33CCV6, STM32WL33CCV6A, STM32WL33CCV6X, STM32WL33K8V7, STM32WL33K8V7X, STM32WL33KBV7 , STM32WL33KBV7X, STM32WL33KCV7, STM32WL33KCV7X, STM32WL5MOCH6, STM32WL5MOCH6TR]
2026-07-30 09:32:52,549 [INFO] DbMcus:218 - Found 5250 MCUs, 5097 are supported
2026-07-30 09:32:52,550 [INFO] ApiDb:423 - Load user favorites file C:\Users\ADMIN/.stm32cubeide/favorites.mcus.txt: 0 item(s)
2026-07-30 09:32:52,550 [INFO] ApiDb:427 - User favorites MCUs=[]
2026-07-30 09:32:52,550 [INFO] DbMcus:224 - Set 0 / 0 favorites MCUs
2026-07-30 09:32:53,235 [INFO] ApiDb:668 - CubeFinder database Data Model version=2.1
2026-07-30 09:32:53,235 [INFO] ApiDb:669 - CubeFinder database Configuration version=3.0.42
2026-07-30 09:32:53,236 [INFO] ApiDb:670 - CubeFinder database generation date=2026-06-23 (1782213372)
2026-07-30 09:32:53,236 [INFO] ApiDb:671 - CubeFinder database FW Pack versions=[FP-ATR-ASTRA1_V2.0.0, FP-SNS-FLIGHT1_V5.1.0, FP-SNS-MOTENV1_V5.1.0, FP-SNS-MOTENVWB1_V1.5.0, FP-SNS-SMARTAG2_V1.2.0, FP-SNS-STBOX1_V2.1.0, STM32Cube_FW_C0_V1.4.0, STM32Cube_FW_F4_V1.28.3, STM32Cube_FW_F7_V1.17.4, STM32Cube_FW_G0_V1.6.3, STM32Cube_FW_G4_V1.6.2, STM32Cube_FW_H5_V1.7.0, STM32Cube_FW_H7RS_V1.3.0, STM32Cube_FW_H7_V1.13.0, STM32Cube_FW_L0_V1.12.2, STM32Cube_FW_L4_V1.18.2, STM32Cube_FW_L5_V1.6.0, STM32Cube_FW_N6_V1.4.0, STM32Cube_FW_U0_V1.3.0, STM32Cube_FW_U3_V1.4.0, STM32Cube_FW_U5_V1.9.0, STM32Cube_FW_WB0_V1.5.0, STM32Cube_FW_WBA_V1.10.0, STM32Cube_FW_WB_V1.24.0, STM32Cube_FW_WL3_V1.5.0, STM32Cube_FW_WL_V1.6.0, X-CUBE-ALGOBUILD_V1.5.0, X-CUBE-ALS_V1.0.2, X-CUBE-AZRTOS-F4_V1.1.0, X-CUBE-AZRTOS-F7_V1.1.0, X-CUBE-AZRTOS-G0_V1.1.0, X-CUBE-AZRTOS-G4_V2.0.0, X-CUBE-AZRTOS-H7RS_V1.1.0, X-CUBE-AZRTOS-H7_V3.5.0, X-CUBE-AZRTOS-L4_V2.0.0, X-CUBE-AZRTOS-L5_V2.0.0, X-CUBE-AZRTOS-WB_V2.0.0, X-CUBE-AZRTOS-WL_V2.0.0, X-CUBE-BLE1_V7.1.0, X-CUBE-BLE2_V3.3.0, X-CUBE-BLEMGR_V4.1.0, X-CUBE-EEPRMA1_V5.2.0, X-CUBE-FREERTOS_V1.5.0, X-CUBE-GNSS1_V7.1.1, X-CUBE-MEMS1_V12.1.0, X-CUBE-NFC4_V3.0.0, X-CUBE-NFC7_V2.0.0, X-CUBE-SFXS2LP1_V4.0.0, X-CUBE-ST67W61_V1.3.0, X-CUBE-SUBG2_V5.0.0, X-CUBE-TOF1_V3.4.3]
2026-07-30 09:32:53,324 [INFO] DbBoardsSqlite:226 - include board P-NUCLEO-WB55-NUCLEO as a kit item of type 'Nucleo-64'
2026-07-30 09:32:53,324 [INFO] DbBoardsSqlite:226 - include board P-NUCLEO-WB55-USBDONGLE as a kit item of type 'Nucleo USB Dongle'
2026-07-30 09:32:53,325 [INFO] DbBoardsSqlite:226 - include board STEVAL-IDP005V1 as a kit item of type 'Evaluation Board'
2026-07-30 09:32:53,325 [INFO] DbBoardsSqlite:226 - include board STEVAL-IDP005V2 as a kit item of type 'Evaluation Board'
2026-07-30 09:32:53,441 [INFO] ApiDb:240 - Found 880 in-development CPN: [B-G473E-ZEST1S, B-WB1M-WPAN1, B-WBA5M-WPAN, B-WL5M-SUBG1, NUCLEO-C031C6, NUCLEO-C051C8, NUCLEO-C071RB, NUCLEO-C092RC, NUCLEO-H503RB, NUCLEO-H533RE, NUCLEO-H563ZI, NUCLEO-H7S3L8, NUCLEO-N657X0-Q, NUCLEO-U031R8, NUCLEO-U083RC, NUCLEO-U385RG-Q, NUCLEO-U545RE-Q, NUCLEO-U5A5ZJ-Q, NUCLEO-WB05KZ, NUCLEO-WB07CC, NUCLEO-WB09KE, NUCLEO-WBA52CG, NUCLEO-WBA55CG, NUCLEO-WL33CC1, NUCLEO-WL33CC2, STEVAL-PROTEUS1, STEVAL-SMARTAG2, STEVAL-STWINBX1, STM320518-EVAL, STM32C0116-DK, STM32C011D6Y3TR, STM32C011D6Y6TR, STM32C011F4P3, STM32C011F4P6, STM32C011F4U3, STM32C011F4U6TR, STM32C011F6P3, STM32C011F6P6, STM32C011F6U3, STM32C011F6U6TR, STM32C011J4M3, STM32C011J4M6, STM32C011J6M3, STM32C011J6M6, STM32C0316-DK, STM32C031C4T3, STM32C031C4T6, STM32C031C4U3, STM32C031C4U6, STM32C031C6T3, STM32C031C6T6, STM32C031C6U3, STM32C031C6U6, STM32C031F4P3, STM32C031F4P6, STM32C031F6P3, STM32C031F6P6, STM32C031G4U3, STM32C031G4U6, STM32C031G6U3, STM32C031G6U6, STM32C031K4T3, STM32C031K4T6, STM32C031K4U3, STM32C031K4U6, STM32C031K6T3, STM32C031K6T6, STM32C031K6U3, STM32C031K6U6, STM32C051C6T6, STM32C051C6U6, STM32C051C8T6, STM32C051C8U6, STM32C051D8Y6TR, STM32C051F6P6, STM32C051F8P6, STM32C051G6U6, STM32C051G8U6, STM32C051K6T6, STM32C051K6U6, STM32C051K8T6, STM32C071C8T6, STM32C071C8T6N, STM32C071C8U6, STM32C071C8U6N, STM32C071CBT6, STM32C071CBT6N, STM32C071CBU6, STM32C071CBU6N, STM32C071F8P6, STM32C071F8P6N, STM32C071FBP6, STM32C071FBP6N, STM32C071FBY6TR, STM32C071G8U6, STM32C071G8U6N, STM32C071GBU6, STM32C071GBU6N, STM32C071K8T6, STM32C071K8T6N, STM32C071K8U6, STM32C071K8U6N, STM32C071KBT6, STM32C071KBT6N, STM32C071KBU6, STM32C071KBU6N, STM32C071R8T6, STM32C071R8T6N, STM32C071RBI6N, STM32C071RBT6, STM32C071RBT6N, STM32C091CBT6, STM32C091CBU6, STM32C091CCT6, STM32C091CCU6, STM32C091ECY6TR, STM32C091FBP6, STM32C091FCP6, STM32C091GBU6, STM32C091GCU6, STM32C091KBT6, STM32C091KBU6, STM32C091KCT6, STM32C091KCU6, STM32C091RBT6, STM32C091RCI6, STM32C091RCT6, STM32C092CBT6, STM32C092CBU6, STM32C092CCT6, STM32C092CCU6, STM32C092ECY6TR, STM32C092FBP6, STM32C092FCP6, STM32C092GBU6, STM32C092GCU6, STM32C092KBT6, STM32C092KBU6, STM32C092KCT6, STM32C092KCU6, STM32C092RBT6, STM32C092RCI6, STM32C092RCT6, STM32G071K8TXN, STM32G071K8UXN, STM32G081GBU6N, STM32G081KBT6N, STM32G081KBUXN, STM32G0B1CCT6N, STM32G0B1KCT6, STM32G0B1NEY6TR, STM32G0B1RCT6N, STM32G0C1CCT6, STM32G0C1CCT6N, STM32G0C1CCU6N, STM32G0C1CET6N, STM32G0C1CEU6N, STM32G0C1KCT6, STM32G0C1NEY6TR, STM32G0C1RCI6N, STM32G0C1RCT6N, STM32G0C1REI6N, STM32G0C1RET6N, STM32G0C1VCI6, STM32G0C1VEI6, STM32G411C6T3, STM32G411C6T6, STM32G411C6U3, STM32G411C6U6, STM32G411C8T3, STM32G411C8T6, STM32G411C8U3, STM32G411C8U6, STM32G411CBT3, STM32G411CBT6, STM32G411CBU3, STM32G411CBU6, STM32G411K6T3, STM32G411K6T6, STM32G411K6U3, STM32G411K6U6, STM32G411K8T3, STM32G411K8T6, STM32G411K8U3, STM32G411K8U6, STM32G411KBT3, STM32G411KBT6, STM32G411KBU3, STM32G411KBU6, STM32G411M6T3, STM32G411M6T6, STM32G411M8T3, STM32G411M8T6, STM32G411MBT3, STM32G411MBT6, STM32G411R6T3, STM32G411R6T6, STM32G411R8T3, STM32G411R8T6, STM32G411RBT3, STM32G411RBT6, STM32G414CBT3, STM32G414CBT6, STM32G414CBU3, STM32G414CBU6, STM32G414CCT3, STM32G414CCT6, STM32G414CCU3, STM32G414CCU6, STM32G414MBT3, STM32G414MBT6, STM32G414MCT3, STM32G414MCT6, STM32G414RBT3, STM32G414RBT6, STM32G414RCT3, STM32G414RCT6, STM32G414VBT3, STM32G414VBT6, STM32G414VCT3, STM32G414VCT6, STM32G431CBT3Z, STM32G431RBT3Z, STM32G471CCT6, STM32G471CCU6, STM32G471CET3, STM32G471CET6, STM32G471CEU3, STM32G471CEU6, STM32G471MCT6, STM32G471MET3, STM32G471MET6, STM32G471MEY6TR, STM32G471QCT6, STM32G471QET3, STM32G471RCT6, STM32G471RET3, STM32G471RET6, STM32G471VCH6, STM32G471VCI6, STM32G471VCT6, STM32G471VEH3, STM32G471VEH6, STM32G471VEI3, STM32G471VEI6, STM32G471VET3, STM32G471VET6, STM32G473QET3Z, STM32G473RET3Z, STM32G474CCT6, STM32G491RET3Z, STM32H503CBT6, STM32H503CBU6, STM32H503EBY6TR, STM32H503KBU6, STM32H503RBT6, STM32H523CCT6, STM32H523CCU6, STM32H523CET6, STM32H523CEU6, STM32H523HEY6TR, STM32H523RCT6, STM32H523RET6, STM32H523VCI6, STM32H523VCT6, STM32H523VEI6, STM32H523VET6, STM32H523ZCJ6, STM32H523ZCT6, STM32H523ZEJ6, STM32H523ZET6, STM32H533CET6, STM32H533CEU6, STM32H533HEY6TR, STM32H533RET6, STM32H533VEI6, STM32H533VET6, STM32H533ZEJ6, STM32H533ZET6, STM32H562AGI6, STM32H562AII6, STM32H562IGK6, STM32H562IGT6, STM32H562IIK6, STM32H562IIT6, STM32H562RGT6, STM32H562RGV6, STM32H562RIT6, STM32H562RIV6, STM32H562VGT6, STM32H562VIT6, STM32H562ZGT6, STM32H562ZIT6, STM32H563AGI6, STM32H563AII3Q, STM32H563AII6, STM32H563IGK6, STM32H563IGT6, STM32H563IIK3Q, STM32H563IIK6, STM32H563IIT3Q, STM32H563IIT6, STM32H563MIY3QTR, STM32H563RGT6, STM32H563RGV6, STM32H563RIT6, STM32H563RIV6, STM32H563VGT6, STM32H563VIT3Q, STM32H563VIT6, STM32H563ZGT6, STM32H563ZIT3Q, STM32H563ZIT6, STM32H573AII3Q, STM32H573AII6, STM32H573I-DK, STM32H573IIK3Q, STM32H573IIK6, STM32H573IIT3Q, STM32H573IIT6, STM32H573MIY3QTR, STM32H573RIT6, STM32H573RIV6, STM32H573VIT3Q, STM32H573VIT6, STM32H573ZIT3Q, STM32H573ZIT6, STM32H7R3A8I6, STM32H7R3I8K6, STM32H7R3I8T6, STM32H7R3L8H6, STM32H7R3L8H6H, STM32H7R3R8V6, STM32H7R3V8H6, STM32H7R3V8T6, STM32H7R3V8Y6TR, STM32H7R3Z8J6, STM32H7R3Z8T6, STM32H7R7A8I6, STM32H7R7I8K6, STM32H7R7I8T6, STM32H7R7L8H6, STM32H7R7L8H6H, STM32H7R7Z8J6, STM32H7S3A8I6, STM32H7S3I8K6, STM32H7S3I8T6, STM32H7S3L8H6, STM32H7S3L8H6H, STM32H7S3R8V6, STM32H7S3V8H6, STM32H7S3V8T6, STM32H7S3V8Y6TR, STM32H7S3Z8J6, STM32H7S3Z8T6, STM32H7S78-DK, STM32H7S7A8I6, STM32H7S7I8K6, STM32H7S7I8T6, STM32H7S7L8H6, STM32H7S7L8H6H, STM32H7S7Z8J6, STM32L4R5QGI6STR, STM32MP131AAE3, STM32MP131AAF3, STM32MP131AAG3, STM32MP131CAE3, STM32MP131CAF3, STM32MP131CAG3, STM32MP131DAE7, STM32MP131DAF7, STM32MP131DAG7, STM32MP131FAE7, STM32MP131FAF7, STM32MP131FAG7, STM32MP133AAE3, STM32MP133AAF3, STM32MP133AAG3, STM32MP133CAE3, STM32MP133CAF3, STM32MP133CAG3, STM32MP133DAE7, STM32MP133DAF7, STM32MP133DAG7, STM32MP133FAE7, STM32MP133FAF7, STM32MP133FAG7, STM32MP135AAE3, STM32MP135AAF3, STM32MP135AAG3, STM32MP135CAE3, STM32MP135CAF3, STM32MP135CAG3, STM32MP135DAE7, STM32MP135DAF7, STM32MP135DAG7, STM32MP135F-DK, STM32MP135FAE7, STM32MP135FAF7, STM32MP135FAF7T, STM32MP135FAF7U, STM32MP135FAG7, STM32MP211AAL3, STM32MP211AAM3, STM32MP211AAN3, STM32MP211AAO3, STM32MP211CAL3, STM32MP211CAM3, STM32MP211CAN3, STM32MP211CAO3, STM32MP211DAL3, STM32MP211DAM3, STM32MP211DAN3, STM32MP211DAO3, STM32MP211FAL3, STM32MP211FAM3, STM32MP211FAN3, STM32MP211FAO3, STM32MP213AAL3, STM32MP213AAM3, STM32MP213AAN3, STM32MP213AAO3, STM32MP213CAL3, STM32MP213CAM3, STM32MP213CAN3, STM32MP213CAO3, STM32MP213DAL3, STM32MP213DAM3, STM32MP213DAN3, STM32MP213DAO3, STM32MP213FAL3, STM32MP213FAM3, STM32MP213FAN3, STM32MP213FAO3, STM32MP215AAL3, STM32MP215AAM3, STM32MP215AAN3, STM32MP215AAO3, STM32MP215CAL3, STM32MP215CAM3, STM32MP215CAN3, STM32MP215CAO3, STM32MP215DAL3, STM32MP215DAM3, STM32MP215DAN3, STM32MP215DAO3, STM32MP215F-DK, STM32MP215FAL3, STM32MP215FAM3, STM32MP215FAN3, STM32MP215FAO3, STM32MP231AAJ3, STM32MP231AAK3, STM32MP231AAL3, STM32MP231CAJ3, STM32MP231CAK3, STM32MP231CAL3, STM32MP231DAJ3, STM32MP231DAK3, STM32MP231DAL3, STM32MP231FAJ3, STM32MP231FAK3, STM32MP231FAL3, STM32MP233AAJ3, STM32MP233AAK3, STM32MP233AAL3, STM32MP233CAJ3, STM32MP233CAK3, STM32MP233CAL3, STM32MP233DAJ3, STM32MP233DAK3, STM32MP233DAL3, STM32MP233FAJ3, STM32MP233FAK3, STM32MP233FAL3, STM32MP235AAJ3, STM32MP235AAK3, STM32MP235AAL3, STM32MP235CAJ3, STM32MP235CAK3, STM32MP235CAL3, STM32MP235DAJ3, STM32MP235DAK3, STM32MP235DAL3, STM32MP235FAJ3, STM32MP235FAK3, STM32MP235FAL3, STM32MP251AAI3, STM32MP251AAK3, STM32MP251AAL3, STM32MP251CAI3, STM32MP251CAK3, STM32MP251CAL3, STM32MP251DAI3, STM32MP251DAK3, STM32MP251DAL3, STM32MP251FAI3, STM32MP251FAK3, STM32MP251FAL3, STM32MP253AAI3, STM32MP253AAK3, STM32MP253AAL3, STM32MP253CAI3, STM32MP253CAK3, STM32MP253CAL3, STM32MP253DAI3, STM32MP253DAK3, STM32MP253DAL3, STM32MP253FAI3, STM32MP253FAK3, STM32MP253FAL3, STM32MP255AAI3, STM32MP255AAK3, STM32MP255AAL3, STM32MP255CAI3, STM32MP255CAK3, STM32MP255CAL3, STM32MP255DAI3, STM32MP255DAK3, STM32MP255DAL3, STM32MP255FAI3, STM32MP255FAK3, STM32MP255FAL3, STM32MP257AAI3, STM32MP257AAK3, STM32MP257AAL3, STM32MP257CAI3, STM32MP257CAK3, STM32MP257CAL3, STM32MP257DAI3, STM32MP257DAK3, STM32MP257DAL3, STM32MP257F-DK, STM32MP257F-EV1, STM32MP257FAI3, STM32MP257FAK3, STM32MP257FAL3, STM32N645A0H3Q, STM32N645B0H3Q, STM32N645I0H3Q, STM32N645L0H3Q, STM32N645X0H3Q, STM32N645Z0H3Q, STM32N647A0H3Q, STM32N647B0H3Q, STM32N647I0H3Q, STM32N647L0H3Q, STM32N647X0H3Q, STM32N647Z0H3Q, STM32N655A0H3Q, STM32N655B0H3Q, STM32N655I0H3Q, STM32N655L0H3Q, STM32N655X0H3Q, STM32N655Z0H3Q, STM32N6570-DK, STM32N657A0H3Q, STM32N657B0H3Q, STM32N657I0H3Q, STM32N657L0H3Q, STM32N657X0H3Q, STM32N657Z0H3Q, STM32U031C6T6, STM32U031C6U6, STM32U031C8T6, STM32U031C8U6, STM32U031F4P6, STM32U031F6P6, STM32U031F8P6, STM32U031G6Y6TR, STM32U031G8Y6TR, STM32U031K4U6, STM32U031K6U6, STM32U031K8U6, STM32U031R6I6, STM32U031R6T6, STM32U031R8I6, STM32U031R8T6, STM32U073C8T6, STM32U073C8U6, STM32U073CBT6, STM32U073CBU6, STM32U073CCT6, STM32U073CCU6, STM32U073H8Y6TR, STM32U073HBY6TR, STM32U073HCY6TR, STM32U073K8U6, STM32U073KBU6, STM32U073KCU6, STM32U073M8I6, STM32U073M8T6, STM32U073MBI6, STM32U073MBT6, STM32U073MCI6, STM32U073MCT6, STM32U073R8I6, STM32U073R8T6, STM32U073RBI6, STM32U073RBT6, STM32U073RCI6, STM32U073RCT6, STM32U083C-DK, STM32U083CCT6, STM32U083CCU6, STM32U083HCY6TR, STM32U083KCU6, STM32U083MCI6, STM32U083MCT6, STM32U083RCI6, STM32U083RCT6, STM32U375CET6, STM32U375CET6Q, STM32U375CEU6, STM32U375CEU6Q, STM32U375CEY6QTR, STM32U375CGT6, STM32U375CGT6Q, STM32U375CGU6, STM32U375CGU6Q, STM32U375CGY6QTR, STM32U375KEU6, STM32U375KGU6, STM32U375REI6, STM32U375REI6Q, STM32U375RET6, STM32U375RET6Q, STM32U375REY6GTR, STM32U375REY6QTR, STM32U375RGI6, STM32U375RGI6Q, STM32U375RGT6, STM32U375RGT6Q, STM32U375RGY6GTR, STM32U375RGY6QTR, STM32U375VEI6, STM32U375VEI6Q, STM32U375VET6, STM32U375VET6Q, STM32U375VGI6, STM32U375VGI6Q, STM32U375VGT6, STM32U375VGT6Q, STM32U385CGT6, STM32U385CGT6Q, STM32U385CGU6, STM32U385CGU6Q, STM32U385CGY6QTR, STM32U385KGU6, STM32U385RGI6, STM32U385RGI6Q, STM32U385RGT6, STM32U385RGT6Q, STM32U385RGY6GTR, STM32U385RGY6QTR, STM32U385VGI6, STM32U385VGI6Q, STM32U385VGT6, STM32U385VGT6Q, STM32U535CBT6, STM32U535CBT6Q, STM32U535CBU6, STM32U535CBU6Q, STM32U535CCT6, STM32U535CCT6Q, STM32U535CCU6, STM32U535CCU6Q, STM32U535CET6, STM32U535CET6Q, STM32U535CEU6, STM32U535CEU6Q, STM32U535JEY6QTR, STM32U535NCY6QTR, STM32U535NEY6QTR, STM32U535RBI6, STM32U535RBI6Q, STM32U535RBT6, STM32U535RBT6Q, STM32U535RCI6, STM32U535RCI6Q, STM32U535RCT6, STM32U535RCT6Q, STM32U535REI6, STM32U535REI6Q, STM32U535RET6, STM32U535RET6Q, STM32U535VCI6, STM32U535VCI6Q, STM32U535VCT6, STM32U535VCT6Q, STM32U535VEI6, STM32U535VEI6Q, STM32U535VET6, STM32U535VET6Q, STM32U545CET6, STM32U545CET6Q, STM32U545CEU6, STM32U545CEU6Q, STM32U545JEY6QTR, STM32U545NEY6QTR, STM32U545REI6, STM32U545REI6Q, STM32U545RET6, STM32U545RET6Q, STM32U545VEI6, STM32U545VEI6Q, STM32U545VET6, STM32U545VET6Q, STM32U595AIH6, STM32U595AIH6Q, STM32U595AJH6, STM32U595AJH6Q, STM32U595QII6, STM32U595QII6Q, STM32U595QJI6, STM32U595QJI6Q, STM32U595RIT6, STM32U595RIT6Q, STM32U595RJT6, STM32U595RJT6Q, STM32U595VIT6, STM32U595VIT6Q, STM32U595VJT6, STM32U595VJT6Q, STM32U595ZIT6, STM32U595ZIT6Q, STM32U595ZIY6QTR, STM32U595ZJT6, STM32U595ZJT6Q, STM32U595ZJY6QTR, STM32U599BJY6QTR, STM32U599NIH6Q, STM32U599NJH6Q, STM32U599VIT6Q, STM32U599VJT6, STM32U599VJT6Q, STM32U599ZIT6Q, STM32U599ZIY6QTR, STM32U599ZJT6Q, STM32U599ZJY6QTR, STM32U5A5AJH6, STM32U5A5AJH6Q, STM32U5A5QII3Q , STM32U5A5QJI6, STM32U5A5QJI6Q, STM32U5A5RJT6, STM32U5A5RJT6Q, STM32U5A5VJT6, STM32U5A5VJT6Q, STM32U5A5ZJT6, STM32U5A5ZJT6Q, STM32U5A5ZJY6QTR, STM32U5A9BJY6QTR, STM32U5A9J-DK, STM32U5A9NJH6Q, STM32U5A9VJT6Q, STM32U5A9ZJT6Q, STM32U5A9ZJY6QTR, STM32U5F7VIT6, STM32U5F7VIT6Q, STM32U5F7VJT6, STM32U5F7VJT6Q, STM32U5F9BJY6QTR, STM32U5F9NJH6Q, STM32U5F9VIT6Q, STM32U5F9VJT6Q, STM32U5F9ZIJ6QTR, STM32U5F9ZIT6Q, STM32U5F9ZJJ6QTR, STM32U5F9ZJT6Q, STM32U5G7VJT6, STM32U5G7VJT6Q, STM32U5G9BJY6QTR, STM32U5G9J-DK1, STM32U5G9J-DK2, STM32U5G9NJH6Q, STM32U5G9VJT6Q, STM32U5G9ZJJ6QTR, STM32U5G9ZJT6Q, STM32WB05KZV6TR, STM32WB05KZV7TR, STM32WB05TZF6TR, STM32WB05TZF7TR, STM32WB06CCF6TR, STM32WB06CCF7TR, STM32WB06CCV6TR, STM32WB06CCV7TR, STM32WB06KCV6TR, STM32WB06KCV7TR, STM32WB07CCF6TR, STM32WB07CCF7TR, STM32WB07CCV6TR, STM32WB07CCV7TR, STM32WB07KCV6TR, STM32WB07KCV7TR, STM32WB09KEV6TR, STM32WB09KEV7TR, STM32WB09TEF6TR, STM32WB09TEF7TR, STM32WB1MMCH6, STM32WBA50KGU6, STM32WBA50KGU6TR, STM32WBA52CEU6, STM32WBA52CEU6TR, STM32WBA52CEU7, STM32WBA52CEU7TR, STM32WBA52CGU6, STM32WBA52CGU6TR, STM32WBA52CGU6U, STM32WBA52CGU7, STM32WBA52CGU7TR, STM32WBA52KEU6, STM32WBA52KEU6TR, STM32WBA52KGU6, STM32WBA52KGU6TR, STM32WBA54CEU6, STM32WBA54CEU6TR, STM32WBA54CEU7, STM32WBA54CEU7TR, STM32WBA54CGU6, STM32WBA54CGU6TR, STM32WBA54CGU7, STM32WBA54CGU7TR, STM32WBA54KEU6, STM32WBA54KEU6TR, STM32WBA54KEU7, STM32WBA54KEU7TR, STM32WBA54KGU6, STM32WBA54KGU6TR, STM32WBA54KGU7, STM32WBA54KGU7TR, STM32WBA55CEU6, STM32WBA55CEU6TR, STM32WBA55CEU7, STM32WBA55CEU7TR, STM32WBA55CGU6, STM32WBA55CGU6TR, STM32WBA55CGU6U, STM32WBA55CGU7, STM32WBA55CGU7TR, STM32WBA55G-DK1, STM32WBA55HEF6, STM32WBA55HEF7, STM32WBA55HGF6, STM32WBA55HGF7, STM32WBA55UEI6, STM32WBA55UEI6TR, STM32WBA55UEI7, STM32WBA55UEI7TR, STM32WBA55UGI6, STM32WBA55UGI6TR, STM32WBA55UGI7, STM32WBA55UGI7TR, STM32WBA5MMGH6TR, STM32WBA62MGF6, STM32WBA62MIF6, STM32WBA65MGF7, STM32WBA65MIF6, STM32WBA65MIF7, STM32WL30K8V6, STM32WL30KBV6, STM32WL31C8V6, STM32WL31CBV6, STM32WL31K8V6, STM32WL31KBV6, STM32WL33C8V6, STM32WL33C8V6X, STM32WL33CBV6, STM32WL33CBV6X, STM32WL33CCV6, STM32WL33CCV6A, STM32WL33CCV6X, STM32WL33K8V7, STM32WL33K8V7X, STM32WL33KBV7 , STM32WL33KBV7X, STM32WL33KCV7, STM32WL33KCV7X, STM32WL5MOCH6, STM32WL5MOCH6TR]
2026-07-30 09:32:53,671 [INFO] BoardInfo:889 - No configuration file found for board NUCLEO-H5E5ZJ
2026-07-30 09:32:53,673 [INFO] DbBoards:161 - Board is not supported: NUCLEO-H5E5ZJ
2026-07-30 09:32:53,818 [INFO] BoardInfo:889 - No configuration file found for board NUCLEO-U3C5ZI-Q
2026-07-30 09:32:53,821 [INFO] DbBoards:161 - Board is not supported: NUCLEO-U3C5ZI-Q
2026-07-30 09:32:53,856 [INFO] BoardInfo:889 - No configuration file found for board NUCLEO-WBA25CE1
2026-07-30 09:32:53,858 [INFO] DbBoards:161 - Board is not supported: NUCLEO-WBA25CE1
2026-07-30 09:32:53,882 [INFO] BoardInfo:889 - No configuration file found for board NUCLEO-WL3RKB1
2026-07-30 09:32:53,885 [INFO] DbBoards:161 - Board is not supported: NUCLEO-WL3RKB1
2026-07-30 09:32:53,887 [INFO] BoardInfo:889 - No configuration file found for board NUCLEO-WL3RKB2
2026-07-30 09:32:53,889 [INFO] DbBoards:161 - Board is not supported: NUCLEO-WL3RKB2
2026-07-30 09:32:53,908 [INFO] BoardInfo:889 - No configuration file found for board P-NUCLEO-WB55
2026-07-30 09:32:53,910 [INFO] DbBoards:161 - Kit is not supported: P-NUCLEO-WB55
2026-07-30 09:32:53,929 [INFO] BoardInfo:889 - No configuration file found for board STEVAL-BFA001V1B
2026-07-30 09:32:53,932 [INFO] DbBoards:161 - Kit is not supported: STEVAL-BFA001V1B
2026-07-30 09:32:53,934 [INFO] BoardInfo:889 - No configuration file found for board STEVAL-BFA001V2B
2026-07-30 09:32:53,936 [INFO] DbBoards:161 - Kit is not supported: STEVAL-BFA001V2B
2026-07-30 09:32:54,182 [INFO] BoardInfo:889 - No configuration file found for board STM32H5F5J-DK
2026-07-30 09:32:54,184 [INFO] DbBoards:161 - Board is not supported: STM32H5F5J-DK
2026-07-30 09:32:54,347 [INFO] DbBoards:168 - Found 218 boards, 209 are supported
2026-07-30 09:32:54,347 [INFO] DbBoards:169 - Found 218 boards, 43 of them is supported for  Bsp
2026-07-30 09:32:54,351 [INFO] ApiDb:423 - Load user favorites file C:\Users\ADMIN/.stm32cubeide/favorites.boards.txt: 0 item(s)
2026-07-30 09:32:54,351 [INFO] ApiDb:427 - User favorites Boards=[]
2026-07-30 09:32:54,352 [INFO] DbBoards:198 - Set 0 / 0 favorites Boards
2026-07-30 09:32:54,352 [INFO] McuFinderGlobals:76 - Set McuFinderConnectedMode to true
2026-07-30 09:32:54,363 [INFO] MultiScanPanel:200 - Auto-refresh data requested => check proxy status ongoing
2026-07-30 09:32:54,366 [INFO] FinderPluginLoader:96 - Searching for filters in installed packs
2026-07-30 09:32:56,856 [INFO] LoadUrlFilesThread:185 - End of LoadServerUrlFiles without Thread
2026-07-30 09:32:56,874 [INFO] DetailPanel:341 - Set advertising image to C:/Users/ADMIN/STM32Cube/Repository/\en.stm32h5cubemxbanner.png
2026-07-30 09:33:19,998 [INFO] MultiScanPanel:200 - Auto-refresh data requested => check proxy status ongoing
2026-07-30 09:33:20,188 [INFO] LoadUrlFilesThread:185 - End of LoadServerUrlFiles without Thread
2026-07-30 09:33:20,188 [INFO] DetailPanel:341 - Set advertising image to C:/Users/ADMIN/STM32Cube/Repository/\en.stm32h5cubemxbanner.png
2026-07-30 09:33:20,222 [INFO] DbBoards:642 - Loading board mini-images...
2026-07-30 09:33:23,405 [INFO] DbBoards:665 - Loaded 218 board mini-images
2026-07-30 09:33:43,074 [INFO] MainUpdater:2872 - connection check result : 10
2026-07-30 09:33:43,074 [INFO] MainUpdater:2872 - connection check result : 10
2026-07-30 09:33:43,093 [INFO] MicroXplorer:468 - Change Database Path : 
2026-07-30 09:33:43,093 [INFO] MicroXplorer:498 - Change Database Version : DB.6.0.150
2026-07-30 09:33:43,100 [WARN] ThirdParty:871 - waiting for thirdparty lock release [close project]
2026-07-30 09:33:43,100 [INFO] ThirdParty:873 - entering critical section [close project]
2026-07-30 09:33:43,101 [INFO] ThirdParty:883 - exiting critical section [close project]
2026-07-30 09:33:43,105 [INFO] PinOutPanel:1589 - setPackage(No Configuration,No Configuration)
2026-07-30 09:33:43,107 [INFO] UtilMem:75 - Begin LoadConfig() Used Memory: 483551440 Bytes (602931200)
2026-07-30 09:33:43,115 [INFO] OpenFileManager:355 - Change cursor
2026-07-30 09:33:43,208 [INFO] ProjectFactory:514 - No CPN specified for board B-L4S5I-IOT01A => set CPN to STM32L4S5VIT6
2026-07-30 09:33:43,209 [INFO] Mcu:2029 - Initializing MCU STM32L4S5VITx STM32L4S5VITx STM32L4S5VIT6
2026-07-30 09:33:46,592 [INFO] Context:786 - Trying to add GPIOservice into a context  which must be forbidden
2026-07-30 09:33:47,582 [INFO] Rule:233 - rule 117617 - U5Cobra4M][GTZC] default value MPCBB3 and MPCBB5 - Not Secured memory - MPCBB1 is applicable
2026-07-30 09:33:47,583 [INFO] Rule:233 - rule 117617 - U5Cobra4M][GTZC] default value MPCBB3 and MPCBB5 - Not Secured memory - MPCBB1 is applicable
2026-07-30 09:33:47,583 [INFO] Rule:233 - rule 117617 - U5Cobra4M][GTZC] default value MPCBB3 and MPCBB5 - Not Secured memory - MPCBB2 is applicable
2026-07-30 09:33:47,583 [INFO] Rule:233 - rule 117617 - U5Cobra4M][GTZC] default value MPCBB3 and MPCBB5 - Not Secured memory - MPCBB2 is applicable
2026-07-30 09:33:47,583 [INFO] Rule:233 - rule 117617 - U5Cobra4M][GTZC] default value MPCBB3 and MPCBB5 - Not Secured memory - MPCBB3 is applicable
2026-07-30 09:33:47,583 [INFO] Rule:233 - rule 117617 - U5Cobra4M][GTZC] default value MPCBB3 and MPCBB5 - Not Secured memory - MPCBB3 is applicable
2026-07-30 09:33:47,584 [INFO] Rule:233 - rule 117617 - U5Cobra4M][GTZC] default value MPCBB3 and MPCBB5 - Not Secured memory - MPCBB4 is applicable
2026-07-30 09:33:47,584 [INFO] Rule:233 - rule 117617 - U5Cobra4M][GTZC] default value MPCBB3 and MPCBB5 - Not Secured memory - MPCBB4 is applicable
2026-07-30 09:33:47,584 [INFO] Rule:233 - rule 117617 - U5Cobra4M][GTZC] default value MPCBB3 and MPCBB5 - Secured memory - MPCBB1 is applicable
2026-07-30 09:33:47,584 [INFO] Rule:233 - rule 117617 - U5Cobra4M][GTZC] default value MPCBB3 and MPCBB5 - Secured memory - MPCBB2 is applicable
2026-07-30 09:33:47,584 [INFO] Rule:233 - rule 117617 - U5Cobra4M][GTZC] default value MPCBB3 and MPCBB5 - Secured memory - MPCBB3 is applicable
2026-07-30 09:33:47,584 [INFO] Rule:233 - rule 117617 - U5Cobra4M][GTZC] default value MPCBB3 and MPCBB5 - Secured memory - MPCBB4 is applicable
2026-07-30 09:33:47,584 [INFO] Rule:233 - rule 117617 - U5Cobra4M][GTZC] default value MPCBB3 and MPCBB5 - Privileged memory - MPCBB1 is applicable
2026-07-30 09:33:47,584 [INFO] Rule:233 - rule 117617 - U5Cobra4M][GTZC] default value MPCBB3 and MPCBB5 - Privileged memory - MPCBB2 is applicable
2026-07-30 09:33:47,584 [INFO] Rule:233 - rule 117617 - U5Cobra4M][GTZC] default value MPCBB3 and MPCBB5 - Privileged memory - MPCBB3 is applicable
2026-07-30 09:33:47,584 [INFO] Rule:233 - rule 117617 - U5Cobra4M][GTZC] default value MPCBB3 and MPCBB5 - Privileged memory - MPCBB4 is applicable
2026-07-30 09:33:47,584 [INFO] Rule:233 - rule 117617 - U5Cobra4M][GTZC] default value MPCBB3 and MPCBB5 - Not Privileged memory - MPCBB1 is applicable
2026-07-30 09:33:47,585 [INFO] Rule:233 - rule 117617 - U5Cobra4M][GTZC] default value MPCBB3 and MPCBB5 - Not Privileged memory - MPCBB2 is applicable
2026-07-30 09:33:47,585 [INFO] Rule:233 - rule 117617 - U5Cobra4M][GTZC] default value MPCBB3 and MPCBB5 - Not Privileged memory - MPCBB3 is applicable
2026-07-30 09:33:47,585 [INFO] Rule:233 - rule 117617 - U5Cobra4M][GTZC] default value MPCBB3 and MPCBB5 - Not Privileged memory - MPCBB4 is applicable
2026-07-30 09:33:47,586 [INFO] Rule:233 - rule 117617 - U5Cobra4M][GTZC] default value MPCBB3 and MPCBB5 - Privileged memory - MPCBB1 is applicable
2026-07-30 09:33:47,586 [INFO] Rule:233 - rule 117617 - U5Cobra4M][GTZC] default value MPCBB3 and MPCBB5 - Privileged memory - MPCBB2 is applicable
2026-07-30 09:33:47,586 [INFO] Rule:233 - rule 117617 - U5Cobra4M][GTZC] default value MPCBB3 and MPCBB5 - Privileged memory - MPCBB3 is applicable
2026-07-30 09:33:47,586 [INFO] Rule:233 - rule 117617 - U5Cobra4M][GTZC] default value MPCBB3 and MPCBB5 - Privileged memory - MPCBB4 is applicable
2026-07-30 09:33:47,586 [INFO] Rule:233 - rule 117617 - U5Cobra4M][GTZC] default value MPCBB3 and MPCBB5 - Privileged memory - MPCBB1 is applicable
2026-07-30 09:33:47,586 [INFO] Rule:233 - rule 117617 - U5Cobra4M][GTZC] default value MPCBB3 and MPCBB5 - Privileged memory - MPCBB2 is applicable
2026-07-30 09:33:47,587 [INFO] Rule:233 - rule 117617 - U5Cobra4M][GTZC] default value MPCBB3 and MPCBB5 - Privileged memory - MPCBB3 is applicable
2026-07-30 09:33:47,587 [INFO] Rule:233 - rule 117617 - U5Cobra4M][GTZC] default value MPCBB3 and MPCBB5 - Privileged memory - MPCBB4 is applicable
2026-07-30 09:33:47,587 [INFO] Rule:233 - rule 117617 - U5Cobra4M][GTZC] default value MPCBB3 and MPCBB5 - Not Privileged memory - MPCBB1 is applicable
2026-07-30 09:33:47,587 [INFO] Rule:233 - rule 117617 - U5Cobra4M][GTZC] default value MPCBB3 and MPCBB5 - Not Privileged memory - MPCBB2 is applicable
2026-07-30 09:33:47,587 [INFO] Rule:233 - rule 117617 - U5Cobra4M][GTZC] default value MPCBB3 and MPCBB5 - Not Privileged memory - MPCBB3 is applicable
2026-07-30 09:33:47,587 [INFO] Rule:233 - rule 117617 - U5Cobra4M][GTZC] default value MPCBB3 and MPCBB5 - Not Privileged memory - MPCBB4 is applicable
2026-07-30 09:33:47,587 [INFO] Rule:233 - rule 117617 - U5Cobra4M][GTZC] default value MPCBB3 and MPCBB5 - Privileged memory - MPCBB1 is applicable
2026-07-30 09:33:47,587 [INFO] Rule:233 - rule 117617 - U5Cobra4M][GTZC] default value MPCBB3 and MPCBB5 - Privileged memory - MPCBB2 is applicable
2026-07-30 09:33:47,587 [INFO] Rule:233 - rule 117617 - U5Cobra4M][GTZC] default value MPCBB3 and MPCBB5 - Privileged memory - MPCBB3 is applicable
2026-07-30 09:33:47,587 [INFO] Rule:233 - rule 117617 - U5Cobra4M][GTZC] default value MPCBB3 and MPCBB5 - Privileged memory - MPCBB4 is applicable
2026-07-30 09:33:47,588 [INFO] Rule:233 - rule WakeUp0 Mode is applicable
2026-07-30 09:33:47,588 [INFO] Rule:233 - rule WakeUp0 SIGNAL is applicable
2026-07-30 09:33:47,588 [INFO] Rule:233 - rule WakeUp1 Mode is applicable
2026-07-30 09:33:47,588 [INFO] Rule:233 - rule WakeUp1 SIGNAL is applicable
2026-07-30 09:33:47,589 [INFO] Rule:233 - rule WakeUp2 Mode is applicable
2026-07-30 09:33:47,589 [INFO] Rule:233 - rule WakeUp2 SIGNAL is applicable
2026-07-30 09:33:47,589 [INFO] Rule:233 - rule WakeUp4 Mode is applicable
2026-07-30 09:33:47,589 [INFO] Rule:233 - rule WakeUp4 SIGNAL is applicable
2026-07-30 09:33:47,589 [INFO] Rule:233 - rule WakeUp5 Mode is applicable
2026-07-30 09:33:47,589 [INFO] Rule:233 - rule WakeUp5 SIGNAL is applicable
2026-07-30 09:33:47,589 [INFO] Rule:233 - rule Change Default Value for LSE Drive Capability for WB family is applicable
2026-07-30 09:33:47,591 [INFO] Rule:233 - rule change FDCAN default value is applicable
2026-07-30 09:33:47,591 [INFO] Rule:233 - rule Adapt Old IOC before rework replace old CORTEX_M33/CORTEX_M55 attributes by the new one. is applicable
2026-07-30 09:33:47,591 [INFO] Rule:233 - rule Rename parametre of RCC RCC_APBDBG_DIV2 to RCC_TIMPRES_DIV2 is applicable
2026-07-30 09:33:47,591 [INFO] Rule:233 - rule Rename DIE493 pin PA10 [PA12] -> PA10 is applicable
2026-07-30 09:33:47,591 [INFO] Rule:233 - rule Rename DIE493 pin PA9 [PA11] -> PA9 is applicable
2026-07-30 09:33:47,591 [INFO] Rule:233 - rule Rename DIE492 PartNumber CPN STM32WBA5MJGHx -> STM32WBA5MMGHx is applicable
2026-07-30 09:33:47,591 [INFO] Rule:233 - rule Rename DIE492 PartNumber  Name STM32WBA5MJGHx -> STM32WBA5MMGHx is applicable
2026-07-30 09:33:47,591 [INFO] Rule:233 - rule Rename DIE492 PartNumber UserName STM32WBA5MJGHx -> STM32WBA5MMGHx is applicable
2026-07-30 09:33:47,591 [INFO] Rule:233 - rule Rename DIE492 PartNumber DeviceId STM32WBA5MJGHx -> STM32WBA5MMGHx is applicable
2026-07-30 09:33:47,591 [INFO] Rule:233 - rule Adapt Old IOC CSI. is applicable
2026-07-30 09:33:47,591 [INFO] Rule:233 - rule Adapt Old IOC DCMIPP. is applicable
2026-07-30 09:33:47,591 [INFO] Rule:233 - rule Adapt Old IOC DCMIPP Mode Parallel. is applicable
2026-07-30 09:33:47,592 [INFO] Rule:233 - rule Adapt Old IOC LTDC. is applicable
2026-07-30 09:33:47,592 [INFO] Rule:233 - rule Rename STM32MP2 RIF Peripheral LTDC RIF.RISUP.LTDC_L0L1.Privilege -> RIF.RISUP.LTDC_L1L2.Privilege is applicable
2026-07-30 09:33:47,592 [INFO] Rule:233 - rule Rename STM32MP2 RIF Peripheral LTDC RIF.RISUP.LTDC_L0L1.Privilege -> RIF.RISUP.LTDC_L1L2.Privilege is applicable
2026-07-30 09:33:47,592 [INFO] Rule:233 - rule Rename STM32MP2 RIF Peripheral LTDC RIF.RISUP.LTDC_L0L1.Lock -> RIF.RISUP.LTDC_L1L2.Lock is applicable
2026-07-30 09:33:47,592 [INFO] Rule:233 - rule Rename STM32MP2 RIF Peripheral LTDC RIF.RISUP.LTDC_L2.Lock -> RIF.RISUP.LTDC_L3.Lock is applicable
2026-07-30 09:33:47,592 [INFO] Rule:233 - rule Adapt the old IOC example for updating the SYS when it is misconfigured. is applicable
2026-07-30 09:33:47,592 [INFO] Rule:233 - rule Rename STM32C09 Mcu.Package LQFP64 -> LQFP48 is applicable
2026-07-30 09:33:47,592 [INFO] Rule:233 - rule Adapt the old IOC example for updating the SYS when it is misconfigured. is applicable
2026-07-30 09:33:47,592 [INFO] Rule:233 - rule Adapt the old IOC example for updating the SYS when it is misconfigured. is applicable
2026-07-30 09:33:47,603 [INFO] DbConfProperties:307 - Apply Compatibility (5/68 Rules)
2026-07-30 09:33:47,669 [INFO] ImportTextPane:234 - (OptionalMessage_ERROR) Pin84 (VP_RIF_VS_RIF1) cannot be retrieved for this MCU
2026-07-30 09:33:47,990 [INFO] RtosManager:558 - Registered RTOS mode: class=CMSIS, group=RTOS, mode=CMSIS_V1, owner=FREERTOS
2026-07-30 09:33:47,991 [INFO] RtosManager:558 - Registered RTOS mode: class=CMSIS, group=RTOS2, mode=CMSIS_V2, owner=FREERTOS
2026-07-30 09:33:47,991 [INFO] RtosManager:558 - Registered RTOS mode: class=RTOS, group=Core, mode=CMSIS_V1, owner=FREERTOS
2026-07-30 09:33:47,991 [INFO] RtosManager:558 - Registered RTOS mode: class=RTOS, group=Core, mode=CMSIS_V2, owner=FREERTOS
2026-07-30 09:33:47,993 [WARN] ModelIntegratedComponent:184 - Missing modes for component STMicroelectronics:FreeRTOS:0.0.1:STMicroelectronics:RTOS:FreeRTOS:Core:::10.2.0:
2026-07-30 09:33:48,157 [WARN] ModelIntegratedComponent:63 - No mode defined for component null
2026-07-30 09:33:48,158 [WARN] ModelIntegratedComponent:63 - No mode defined for component null
2026-07-30 09:33:48,158 [WARN] ModelIntegratedComponent:63 - No mode defined for component null
2026-07-30 09:33:48,158 [WARN] ModelIntegratedComponent:63 - No mode defined for component null
2026-07-30 09:33:48,158 [WARN] ModelIntegratedComponent:63 - No mode defined for component null
2026-07-30 09:33:48,158 [WARN] ModelIntegratedComponent:63 - No mode defined for component null
2026-07-30 09:33:48,158 [WARN] ModelIntegratedComponent:63 - No mode defined for component null
2026-07-30 09:33:48,158 [WARN] ModelIntegratedComponent:63 - No mode defined for component null
2026-07-30 09:33:48,158 [WARN] ModelIntegratedComponent:63 - No mode defined for component null
2026-07-30 09:33:48,158 [WARN] ModelIntegratedComponent:63 - No mode defined for component null
2026-07-30 09:33:48,158 [WARN] ModelIntegratedComponent:63 - No mode defined for component null
2026-07-30 09:33:48,158 [WARN] ModelIntegratedComponent:63 - No mode defined for component null
2026-07-30 09:33:48,158 [WARN] ModelIntegratedComponent:63 - No mode defined for component null
2026-07-30 09:33:48,158 [WARN] ModelIntegratedComponent:63 - No mode defined for component null
2026-07-30 09:33:48,158 [WARN] ModelIntegratedComponent:63 - No mode defined for component null
2026-07-30 09:33:48,158 [WARN] ModelIntegratedComponent:63 - No mode defined for component null
2026-07-30 09:33:48,158 [WARN] ModelIntegratedComponent:63 - No mode defined for component null
2026-07-30 09:33:48,158 [WARN] ModelIntegratedComponent:63 - No mode defined for component null
2026-07-30 09:33:48,158 [WARN] ModelIntegratedComponent:63 - No mode defined for component null
2026-07-30 09:33:48,158 [WARN] ModelIntegratedComponent:63 - No mode defined for component null
2026-07-30 09:33:48,158 [WARN] ModelIntegratedComponent:63 - No mode defined for component null
2026-07-30 09:33:48,158 [WARN] ModelIntegratedComponent:63 - No mode defined for component null
2026-07-30 09:33:48,158 [WARN] ModelIntegratedComponent:63 - No mode defined for component null
2026-07-30 09:33:48,158 [WARN] ModelIntegratedComponent:63 - No mode defined for component null
2026-07-30 09:33:48,158 [WARN] ModelIntegratedComponent:63 - No mode defined for component null
2026-07-30 09:33:48,159 [WARN] ModelIntegratedComponent:63 - No mode defined for component null
2026-07-30 09:33:48,159 [WARN] ModelIntegratedComponent:63 - No mode defined for component null
2026-07-30 09:33:48,159 [WARN] ModelIntegratedComponent:63 - No mode defined for component null
2026-07-30 09:33:48,159 [WARN] ModelIntegratedComponent:63 - No mode defined for component null
2026-07-30 09:33:48,159 [WARN] ModelIntegratedComponent:63 - No mode defined for component null
2026-07-30 09:33:48,159 [WARN] ModelIntegratedComponent:63 - No mode defined for component null
2026-07-30 09:33:48,159 [WARN] ModelIntegratedComponent:63 - No mode defined for component null
2026-07-30 09:33:48,159 [WARN] ModelIntegratedComponent:63 - No mode defined for component null
2026-07-30 09:33:48,159 [WARN] ModelIntegratedComponent:63 - No mode defined for component null
2026-07-30 09:33:48,159 [WARN] ModelIntegratedComponent:63 - No mode defined for component null
2026-07-30 09:33:48,159 [WARN] ModelPack:524 - Component already loaded: STMicroelectronics:HAL Drivers:0.0.0:STMicroelectronics:Device:STMicro_Driver:XSPI:HAL::0.0.1:HAL_XSPI
2026-07-30 09:33:48,233 [INFO] ThirdPartyModel:298 - Start build external matchings
2026-07-30 09:33:48,672 [INFO] ThirdPartyModel:316 - End build external matchings
2026-07-30 09:33:48,713 [WARN] IP:2250 - MaxTran not found: check if there is a RefParameter without a condition.
2026-07-30 09:33:48,713 [WARN] IP:2250 - Refresh not found: check if there is a RefParameter without a condition.
2026-07-30 09:33:48,714 [INFO] ImportTextPane:234 - (OptionalMessage_ERROR) IP (RCC) : Invalid parameter (FamilyName)
2026-07-30 09:33:49,166 [INFO] UtilMem:75 - End LoadConfig() Used Memory: 790803864 Bytes (948961280)
2026-07-30 09:33:49,366 [WARN] ThirdParty:833 - waiting for thirdparty lock release [change project]
2026-07-30 09:33:49,366 [INFO] ThirdParty:835 - entering critical section [change project]
2026-07-30 09:33:49,367 [INFO] ThirdParty:1030 - CMSIS Pack Vendor :STMicroelectronics X-CUBE-AZRTOS-H7 3.5.0
2026-07-30 09:33:49,367 [INFO] ThirdParty:1030 - CMSIS Pack Vendor :STMicroelectronics X-CUBE-PM33A1 1.0.0
2026-07-30 09:33:49,367 [INFO] ThirdParty:1030 - CMSIS Pack Vendor :STMicroelectronics USBPD 4.1
2026-07-30 09:33:49,367 [INFO] ThirdParty:1030 - CMSIS Pack Vendor :STMicroelectronics X-CUBE-NFC9 1.0.0
2026-07-30 09:33:49,367 [INFO] ThirdParty:1030 - CMSIS Pack Vendor :STMicroelectronics USB_HOST 2.0.0
2026-07-30 09:33:49,367 [INFO] ThirdParty:1030 - CMSIS Pack Vendor :STMicroelectronics FP-ATR-ASTRA1 2.0.3
2026-07-30 09:33:49,367 [INFO] ThirdParty:1030 - CMSIS Pack Vendor :STMicroelectronics X-CUBE-AZRTOS-F4 1.1.0
2026-07-30 09:33:49,367 [INFO] ThirdParty:1030 - CMSIS Pack Vendor :STMicroelectronics LIBJPEG 8.0.0
2026-07-30 09:33:49,367 [INFO] ThirdParty:1030 - CMSIS Pack Vendor :STMicroelectronics X-CUBE-BLE1 7.1.0
2026-07-30 09:33:49,367 [INFO] ThirdParty:1030 - CMSIS Pack Vendor :wolfSSL I-CUBE-wolfMQTT 1.19.2
2026-07-30 09:33:49,367 [INFO] ThirdParty:1030 - CMSIS Pack Vendor :STMicroelectronics USB_DEVICE 3.0.0
2026-07-30 09:33:49,367 [INFO] ThirdParty:1030 - CMSIS Pack Vendor :STMicroelectronics X-CUBE-ISPU 2.1.0
2026-07-30 09:33:49,367 [INFO] ThirdParty:1030 - CMSIS Pack Vendor :STMicroelectronics X-CUBE-EEPRMA1 5.2.0
2026-07-30 09:33:49,367 [INFO] ThirdParty:1030 - CMSIS Pack Vendor :STMicroelectronics X-CUBE-IPS 3.2.0
2026-07-30 09:33:49,367 [INFO] ThirdParty:1030 - CMSIS Pack Vendor :STMicroelectronics eDS-WB_DPC_TT-BIDIR 2.1.1
2026-07-30 09:33:49,367 [INFO] ThirdParty:1030 - CMSIS Pack Vendor :STMicroelectronics X-CUBE-AZRTOS-WB 2.0.0
2026-07-30 09:33:49,367 [INFO] ThirdParty:1030 - CMSIS Pack Vendor :STMicroelectronics X-CUBE-NFC12 1.0.0
2026-07-30 09:33:49,367 [INFO] ThirdParty:1030 - CMSIS Pack Vendor :STMicroelectronics X-CUBE-AZRTOS-F7 1.1.0
2026-07-30 09:33:49,367 [INFO] ThirdParty:1030 - CMSIS Pack Vendor :STMicroelectronics X-CUBE-AZRTOS-L5 2.0.0
2026-07-30 09:33:49,367 [INFO] ThirdParty:1030 - CMSIS Pack Vendor :STMicroelectronics USB_DEVICE 2.0.0
2026-07-30 09:33:49,367 [INFO] ThirdParty:1030 - CMSIS Pack Vendor :STMicroelectronics X-CUBE-FREERTOS 1.6.0
2026-07-30 09:33:49,367 [INFO] ThirdParty:1030 - CMSIS Pack Vendor :STMicroelectronics FP-SNS-STAIOTCFT 1.1.0
2026-07-30 09:33:49,367 [INFO] ThirdParty:1030 - CMSIS Pack Vendor :quantropi X-CUBE-qispace-sdk-base 2.1.0
2026-07-30 09:33:49,367 [INFO] ThirdParty:1030 - CMSIS Pack Vendor :STMicroelectronics X-CUBE-STSE01 2.0.0
2026-07-30 09:33:49,367 [INFO] ThirdParty:1030 - CMSIS Pack Vendor :STMicroelectronics X-CUBE-ALGOBUILD 1.5.0
2026-07-30 09:33:49,367 [INFO] ThirdParty:1030 - CMSIS Pack Vendor :STMicroelectronics FP-SNS-MOTENV1 5.1.0
2026-07-30 09:33:49,367 [INFO] ThirdParty:1030 - CMSIS Pack Vendor :STMicroelectronics FreeRTOS 0.0.1
2026-07-30 09:33:49,368 [INFO] ThirdParty:1030 - CMSIS Pack Vendor :STMicroelectronics X-CUBE-AZRTOS-H7RS 1.3.0
2026-07-30 09:33:49,368 [INFO] ThirdParty:1030 - CMSIS Pack Vendor :STMicroelectronics X-CUBE-AZRTOS-G0 1.1.0
2026-07-30 09:33:49,368 [INFO] ThirdParty:1030 - CMSIS Pack Vendor :STMicroelectronics X-CUBE-NFC4 3.0.0
2026-07-30 09:33:49,368 [INFO] ThirdParty:1030 - CMSIS Pack Vendor :STMicroelectronics X-CUBE-SUBG2 5.0.0
2026-07-30 09:33:49,368 [INFO] ThirdParty:1030 - CMSIS Pack Vendor :STMicroelectronics STM32_WPAN 1.0.0
2026-07-30 09:33:49,368 [INFO] ThirdParty:1030 - CMSIS Pack Vendor :STMicroelectronics eDS-WB_DPC_VIENNA 1.2.0
2026-07-30 09:33:49,368 [INFO] ThirdParty:1030 - CMSIS Pack Vendor :EmbeddedOffice I-CUBE-FS-RTOS 1.0.1
2026-07-30 09:33:49,368 [INFO] ThirdParty:1030 - CMSIS Pack Vendor :STMicroelectronics lwIP 2.0.3
2026-07-30 09:33:49,368 [INFO] ThirdParty:1030 - CMSIS Pack Vendor :WES I-CUBE-Cesium 1.4.0
2026-07-30 09:33:49,368 [INFO] ThirdParty:1030 - CMSIS Pack Vendor :STMicroelectronics X-CUBE-MEMS1 13.0.0
2026-07-30 09:33:49,368 [INFO] ThirdParty:1030 - CMSIS Pack Vendor :STMicroelectronics eDS-WB_DPC_3PH2L-BIDIR 1.1.1
2026-07-30 09:33:49,369 [INFO] ThirdParty:1030 - CMSIS Pack Vendor :STMicroelectronics USB_HOST 1.0.0
2026-07-30 09:33:49,369 [INFO] ThirdParty:1030 - CMSIS Pack Vendor :STMicroelectronics X-CUBE-AZRTOS-G4 2.0.0
2026-07-30 09:33:49,369 [INFO] ThirdParty:1030 - CMSIS Pack Vendor :STMicroelectronics PDM2PCM 3.1.0
2026-07-30 09:33:49,369 [INFO] ThirdParty:1030 - CMSIS Pack Vendor :STMicroelectronics PDM2PCM 3.3.0
2026-07-30 09:33:49,369 [INFO] ThirdParty:1030 - CMSIS Pack Vendor :wolfSSL I-CUBE-wolfTPM 3.8.0
2026-07-30 09:33:49,369 [INFO] ThirdParty:1030 - CMSIS Pack Vendor :STMicroelectronics X-CUBE-DISPLAY 3.0.0
2026-07-30 09:33:49,369 [INFO] ThirdParty:1030 - CMSIS Pack Vendor :wolfSSL I-CUBE-wolfSSH 1.4.20
2026-07-30 09:33:49,369 [INFO] ThirdParty:1030 - CMSIS Pack Vendor :STMicroelectronics X-CUBE-NFC7 2.0.0
2026-07-30 09:33:49,369 [INFO] ThirdParty:1030 - CMSIS Pack Vendor :STMicroelectronics X-CUBE-GNSS1 7.1.1
2026-07-30 09:33:49,369 [INFO] ThirdParty:1030 - CMSIS Pack Vendor :STMicroelectronics FP-SNS-MOTENVWB1 1.5.0
2026-07-30 09:33:49,369 [INFO] ThirdParty:1030 - CMSIS Pack Vendor :STMicroelectronics X-CUBE-TCPP 4.2.0
2026-07-30 09:33:49,369 [INFO] ThirdParty:1030 - CMSIS Pack Vendor :RealThread X-CUBE-RT-Thread_Nano 4.1.1
2026-07-30 09:33:49,369 [INFO] ThirdParty:1030 - CMSIS Pack Vendor :STMicroelectronics FP-ATR-SIGFOX1 3.2.0
2026-07-30 09:33:49,369 [INFO] ThirdParty:1030 - CMSIS Pack Vendor :STMicroelectronics X-CUBE-NFC10 1.0.0
2026-07-30 09:33:49,369 [INFO] ThirdParty:1030 - CMSIS Pack Vendor :STMicroelectronics HAL Drivers 0.0.0
2026-07-30 09:33:49,369 [INFO] ThirdParty:1030 - CMSIS Pack Vendor :STMicroelectronics MBEDTLS 2.16.2
2026-07-30 09:33:49,369 [INFO] ThirdParty:1030 - CMSIS Pack Vendor :STMicroelectronics X-CUBE-ST60 1.1.0
2026-07-30 09:33:49,369 [INFO] ThirdParty:1030 - CMSIS Pack Vendor :STMicroelectronics X-CUBE-ALS 1.0.2
2026-07-30 09:33:49,369 [INFO] ThirdParty:1030 - CMSIS Pack Vendor :emotas I-CUBE-CANOPEN 1.3.0
2026-07-30 09:33:49,369 [INFO] ThirdParty:1030 - CMSIS Pack Vendor :wolfSSL I-CUBE-wolfSSL 5.9.2
2026-07-30 09:33:49,369 [INFO] ThirdParty:1030 - CMSIS Pack Vendor :STMicroelectronics MBEDTLS 2.14.1
2026-07-30 09:33:49,369 [INFO] ThirdParty:1030 - CMSIS Pack Vendor :ITTIA_DB I-CUBE-ITTIADB 8.9.0
2026-07-30 09:33:49,369 [INFO] ThirdParty:1030 - CMSIS Pack Vendor :Cesanta I-CUBE-Mongoose 7.21.7
2026-07-30 09:33:49,369 [INFO] ThirdParty:1030 - CMSIS Pack Vendor :STMicroelectronics X-CUBE-TOUCHGFX 4.26.1
2026-07-30 09:33:49,369 [INFO] ThirdParty:1030 - CMSIS Pack Vendor :STMicroelectronics X-CUBE-NFC6 3.2.0
2026-07-30 09:33:49,369 [INFO] ThirdParty:1030 - CMSIS Pack Vendor :STMicroelectronics FP-SNS-STBOX1 2.1.0
2026-07-30 09:33:49,369 [INFO] ThirdParty:1030 - CMSIS Pack Vendor :STMicroelectronics X-CUBE-AI 10.2.1
2026-07-30 09:33:49,369 [INFO] ThirdParty:1030 - CMSIS Pack Vendor :STMicroelectronics ThreadX 1.0.0
2026-07-30 09:33:49,369 [INFO] ThirdParty:1030 - CMSIS Pack Vendor :STMicroelectronics FP-SNS-SMARTAG2 1.2.0
2026-07-30 09:33:49,369 [INFO] ThirdParty:1030 - CMSIS Pack Vendor :STMicroelectronics FP-SNS-FLIGHT1 5.1.0
2026-07-30 09:33:49,369 [INFO] ThirdParty:1030 - CMSIS Pack Vendor :STMicroelectronics X-CUBE-AZRTOS-WL 2.0.0
2026-07-30 09:33:49,369 [INFO] ThirdParty:1030 - CMSIS Pack Vendor :SEGGER I-CUBE-embOS 1.3.1
2026-07-30 09:33:49,370 [INFO] ThirdParty:1030 - CMSIS Pack Vendor :STMicroelectronics X-CUBE-DPower 1.3.0
2026-07-30 09:33:49,370 [INFO] ThirdParty:1030 - CMSIS Pack Vendor :STMicroelectronics USB_DEVICE 1.0.0
2026-07-30 09:33:49,370 [INFO] ThirdParty:1030 - CMSIS Pack Vendor :STMicroelectronics X-CUBE-AZRTOS-L4 2.0.0
2026-07-30 09:33:49,370 [INFO] ThirdParty:1030 - CMSIS Pack Vendor :STMicroelectronics ThreadX 0.0.2
2026-07-30 09:33:49,370 [INFO] ThirdParty:1030 - CMSIS Pack Vendor :STMicroelectronics lwIP 2.1.2
2026-07-30 09:33:49,370 [INFO] ThirdParty:1030 - CMSIS Pack Vendor :STMicroelectronics X-CUBE-SFXS2LP1 4.0.0
2026-07-30 09:33:49,370 [INFO] ThirdParty:1030 - CMSIS Pack Vendor :STMicroelectronics X-CUBE-BLE2 3.3.0
2026-07-30 09:33:49,370 [INFO] ThirdParty:1030 - CMSIS Pack Vendor :Avnet-IOTCONNECT X-CUBE-iotc-st67-sdk 1.0.0
2026-07-30 09:33:49,370 [INFO] ThirdParty:1030 - CMSIS Pack Vendor :STMicroelectronics X-CUBE-TOF1 3.4.3
2026-07-30 09:33:49,370 [INFO] ThirdParty:1030 - CMSIS Pack Vendor :Infineon AIROC-Wi-Fi-Bluetooth-STM32 1.8.0
2026-07-30 09:33:49,370 [INFO] ThirdParty:1030 - CMSIS Pack Vendor :STMicroelectronics X-CUBE-NFC13 1.0.0
2026-07-30 09:33:49,370 [INFO] ThirdParty:1030 - CMSIS Pack Vendor :STMicroelectronics PDM2PCM 3.2.0
2026-07-30 09:33:49,370 [INFO] ThirdParty:1030 - CMSIS Pack Vendor :STMicroelectronics X-CUBE-WB05N 2.1.0
2026-07-30 09:33:49,370 [INFO] ThirdParty:841 - exiting critical section [change project]
2026-07-30 09:33:50,146 [INFO] PinOutPanel:1589 - setPackage(No Configuration,No Configuration)
2026-07-30 09:33:50,149 [INFO] PinOutPanel:1589 - setPackage(STM32L4S5VITx,LQFP100)
2026-07-30 09:33:51,236 [INFO] UtilMem:75 - Before build in PCC Used Memory: 594995232 Bytes (948961280)
2026-07-30 09:33:53,203 [INFO] UtilMem:75 - After build in PCC Used Memory: 718127008 Bytes (948961280)
2026-07-30 09:33:53,254 [INFO] IPUIPlugin:80 - create IPUIPlugin
2026-07-30 09:33:53,254 [INFO] IPUIPlugin:80 - create IPUIPlugin
2026-07-30 09:33:53,254 [INFO] IPUIPlugin:80 - create IPUIPlugin
2026-07-30 09:33:53,254 [INFO] IPUIPlugin:80 - create IPUIPlugin
2026-07-30 09:33:53,254 [INFO] IPUIPlugin:80 - create IPUIPlugin
2026-07-30 09:33:53,254 [INFO] IPUIPlugin:80 - create IPUIPlugin
2026-07-30 09:33:53,255 [INFO] IPUIPlugin:80 - create IPUIPlugin
2026-07-30 09:33:53,255 [INFO] IPUIPlugin:80 - create IPUIPlugin
2026-07-30 09:33:53,255 [INFO] IPUIPlugin:80 - create IPUIPlugin
2026-07-30 09:33:53,255 [INFO] IPUIPlugin:80 - create IPUIPlugin
2026-07-30 09:33:53,255 [INFO] IPUIPlugin:80 - create IPUIPlugin
2026-07-30 09:33:53,255 [INFO] IPUIPlugin:80 - create IPUIPlugin
2026-07-30 09:33:53,255 [INFO] IPUIPlugin:80 - create IPUIPlugin
2026-07-30 09:33:53,255 [INFO] IPUIPlugin:80 - create IPUIPlugin
2026-07-30 09:33:53,255 [INFO] IPUIPlugin:80 - create IPUIPlugin
2026-07-30 09:33:53,256 [INFO] IPUIPlugin:80 - create IPUIPlugin
2026-07-30 09:33:53,256 [INFO] IPUIPlugin:80 - create IPUIPlugin
2026-07-30 09:33:53,256 [INFO] IPUIPlugin:80 - create IPUIPlugin
2026-07-30 09:33:53,256 [INFO] IPUIPlugin:80 - create IPUIPlugin
2026-07-30 09:33:53,256 [INFO] IPUIPlugin:80 - create IPUIPlugin
2026-07-30 09:33:53,256 [INFO] IPUIPlugin:80 - create IPUIPlugin
2026-07-30 09:33:53,256 [INFO] IPUIPlugin:80 - create IPUIPlugin
2026-07-30 09:33:53,257 [INFO] IPUIPlugin:80 - create IPUIPlugin
2026-07-30 09:33:53,257 [INFO] IPUIPlugin:80 - create IPUIPlugin
2026-07-30 09:33:53,257 [INFO] IPUIPlugin:80 - create IPUIPlugin
2026-07-30 09:33:53,257 [INFO] IPUIPlugin:80 - create IPUIPlugin
2026-07-30 09:33:53,257 [INFO] IPUIPlugin:80 - create IPUIPlugin
2026-07-30 09:33:53,258 [INFO] IPUIPlugin:80 - create IPUIPlugin
2026-07-30 09:33:53,258 [INFO] IPUIPlugin:80 - create IPUIPlugin
2026-07-30 09:33:53,258 [INFO] IPUIPlugin:80 - create IPUIPlugin
2026-07-30 09:33:53,258 [INFO] IPUIPlugin:80 - create IPUIPlugin
2026-07-30 09:33:53,258 [INFO] IPUIPlugin:80 - create IPUIPlugin
2026-07-30 09:33:53,259 [INFO] IPUIPlugin:80 - create IPUIPlugin
2026-07-30 09:33:53,259 [INFO] IPUIPlugin:80 - create IPUIPlugin
2026-07-30 09:33:53,259 [INFO] IPUIPlugin:80 - create IPUIPlugin
2026-07-30 09:33:53,259 [INFO] IPUIPlugin:80 - create IPUIPlugin
2026-07-30 09:33:53,260 [INFO] IPUIPlugin:80 - create IPUIPlugin
2026-07-30 09:33:53,260 [INFO] IPUIPlugin:80 - create IPUIPlugin
2026-07-30 09:33:53,260 [INFO] IPUIPlugin:80 - create IPUIPlugin
2026-07-30 09:33:53,260 [INFO] IPUIPlugin:80 - create IPUIPlugin
2026-07-30 09:33:53,260 [INFO] IPUIPlugin:80 - create IPUIPlugin
2026-07-30 09:33:53,261 [INFO] IPUIPlugin:80 - create IPUIPlugin
2026-07-30 09:33:53,261 [INFO] IPUIPlugin:80 - create IPUIPlugin
2026-07-30 09:33:53,261 [INFO] IPUIPlugin:80 - create IPUIPlugin
2026-07-30 09:33:53,261 [INFO] IPUIPlugin:80 - create IPUIPlugin
2026-07-30 09:33:53,261 [INFO] IPUIPlugin:80 - create IPUIPlugin
2026-07-30 09:33:53,262 [INFO] IPUIPlugin:80 - create IPUIPlugin
2026-07-30 09:33:53,262 [INFO] IPUIPlugin:80 - create IPUIPlugin
2026-07-30 09:33:53,262 [INFO] IPUIPlugin:80 - create IPUIPlugin
2026-07-30 09:33:53,262 [INFO] IPUIPlugin:80 - create IPUIPlugin
2026-07-30 09:33:53,263 [INFO] IPUIPlugin:80 - create IPUIPlugin
2026-07-30 09:33:53,263 [INFO] IPUIPlugin:80 - create IPUIPlugin
2026-07-30 09:33:53,263 [INFO] IPUIPlugin:80 - create IPUIPlugin
2026-07-30 09:33:53,263 [INFO] IPUIPlugin:80 - create IPUIPlugin
2026-07-30 09:33:53,264 [INFO] IPUIPlugin:80 - create IPUIPlugin
2026-07-30 09:33:53,264 [INFO] IPUIPlugin:80 - create IPUIPlugin
2026-07-30 09:33:53,264 [INFO] IPUIPlugin:80 - create IPUIPlugin
2026-07-30 09:33:53,265 [INFO] IPUIPlugin:80 - create IPUIPlugin
2026-07-30 09:33:53,265 [INFO] IPUIPlugin:80 - create IPUIPlugin
2026-07-30 09:33:53,265 [INFO] IPUIPlugin:80 - create IPUIPlugin
2026-07-30 09:33:53,266 [INFO] IPUIPlugin:80 - create IPUIPlugin
2026-07-30 09:33:53,266 [INFO] IPUIPlugin:80 - create IPUIPlugin
2026-07-30 09:33:53,266 [INFO] IPUIPlugin:80 - create IPUIPlugin
2026-07-30 09:33:53,725 [INFO] CADModel:165 - CPN selected for project levelSTM32L4S5VIT6
2026-07-30 09:33:53,725 [INFO] CADModel:114 - Register for checkConnection events
2026-07-30 09:33:53,770 [INFO] OpenFileManager:386 - Restore cursor
2026-07-30 09:33:54,346 [WARN] IP:2250 - MaxTran not found: check if there is a RefParameter without a condition.
2026-07-30 09:33:54,346 [WARN] IP:2250 - Refresh not found: check if there is a RefParameter without a condition.
2026-07-30 09:33:54,347 [WARN] IP:2250 - MaxTran not found: check if there is a RefParameter without a condition.
2026-07-30 09:33:54,347 [WARN] IP:2250 - Refresh not found: check if there is a RefParameter without a condition.
2026-07-30 09:33:55,838 [INFO] UtilMem:75 - End SaveConfig() Used Memory: 648437528 Bytes (948961280)
2026-07-30 09:33:56,015 [INFO] UtilMem:75 - End SaveConfig() Used Memory: 666785560 Bytes (948961280)
2026-07-30 09:33:56,829 [INFO] BlockDiagram:2775 - set Specific Code input for plugin: SPI
2026-07-30 09:33:56,829 [INFO] BlockDiagram:2775 - set Specific Code input for plugin: SPI
2026-07-30 09:33:56,829 [INFO] BlockDiagram:2775 - set Specific Code input for plugin: DFSDM
2026-07-30 09:33:56,829 [INFO] BlockDiagram:2775 - set Specific Code input for plugin: SYS
2026-07-30 09:33:56,829 [INFO] BlockDiagram:2775 - set Specific Code input for plugin: ADC
2026-07-30 09:33:56,830 [INFO] BlockDiagram:2775 - set Specific Code input for plugin: RCC
2026-07-30 09:33:56,830 [INFO] BlockDiagram:2775 - set Specific Code input for plugin: I2C
2026-07-30 09:33:56,830 [INFO] BlockDiagram:2775 - set Specific Code input for plugin: I2C
2026-07-30 09:33:56,830 [INFO] BlockDiagram:2775 - set Specific Code input for plugin: USB_OTG_FS
2026-07-30 09:33:56,830 [INFO] BlockDiagram:2775 - set Specific Code input for plugin: NVIC
2026-07-30 09:33:56,830 [INFO] BlockDiagram:2775 - set Specific Code input for plugin: USART
2026-07-30 09:33:56,830 [INFO] BlockDiagram:2775 - set Specific Code input for plugin: USART
2026-07-30 09:33:56,830 [INFO] BlockDiagram:2775 - set Specific Code input for plugin: USART
2026-07-30 09:33:56,830 [INFO] BlockDiagram:2775 - set Specific Code input for plugin: OCTOSPI
2026-07-30 09:33:56,830 [INFO] BlockDiagram:2775 - set Specific Code input for plugin: UART
2026-07-30 09:33:56,832 [INFO] BlockDiagram:2775 - set Specific Code input for plugin: GPIO
2026-07-30 09:33:56,833 [INFO] CodeGenerator:892 - code generatio: config db path: C:\ST\STM32CubeIDE_1.19.0\STM32CubeIDE\plugins\com.st.stm32cube.common.mx_6.15.0.202507011659\\db\
2026-07-30 09:33:56,927 [WARN] IP:2250 - MaxTran not found: check if there is a RefParameter without a condition.
2026-07-30 09:33:56,927 [WARN] IP:2250 - Refresh not found: check if there is a RefParameter without a condition.
2026-07-30 09:33:57,283 [INFO] CodeEngine:265 - oldGeneratedFile, D:\TinyML_Workshop-main\TinyML_Workshop_PGR\TinyML_PGR\STM32\OnBoardIMU\MXTmpFiles\license.tmp_save
2026-07-30 09:33:57,833 [INFO] CodeEngine:289 - Generated code: D:\TinyML_Workshop-main\TinyML_Workshop_PGR\TinyML_PGR\STM32\OnBoardIMU\MXTmpFiles\license.tmp
2026-07-30 09:33:58,483 [INFO] CodeEngine:265 - oldGeneratedFile, D:\TinyML_Workshop-main\TinyML_Workshop_PGR\TinyML_PGR\STM32\OnBoardIMU\MXTmpFiles\gpio.tmp_save
2026-07-30 09:33:58,792 [INFO] CodeEngine:289 - Generated code: D:\TinyML_Workshop-main\TinyML_Workshop_PGR\TinyML_PGR\STM32\OnBoardIMU\MXTmpFiles\gpio.tmp
2026-07-30 09:34:02,253 [WARN] IPConfigManager:103 - WARNING: Missing Config File for USB ip!!
2026-07-30 09:34:02,560 [WARN] IPConfigManager:3238 - Warning: the RefConfig PWREx_EnableUSBVoltageDetector is not available in your config.xml file
2026-07-30 09:34:02,593 [INFO] CodeEngine:265 - oldGeneratedFile, D:\TinyML_Workshop-main\TinyML_Workshop_PGR\TinyML_PGR\STM32\OnBoardIMU\Core\Src\stm32l4xx_it.c_save
2026-07-30 09:34:02,787 [INFO] CodeEngine:289 - Generated code: D:\TinyML_Workshop-main\TinyML_Workshop_PGR\TinyML_PGR\STM32\OnBoardIMU\Core\Src\stm32l4xx_it.c
2026-07-30 09:34:02,794 [INFO] CodeEngine:265 - oldGeneratedFile, D:\TinyML_Workshop-main\TinyML_Workshop_PGR\TinyML_PGR\STM32\OnBoardIMU\Core\Inc\stm32l4xx_it.h_save
2026-07-30 09:34:02,888 [INFO] CodeEngine:289 - Generated code: D:\TinyML_Workshop-main\TinyML_Workshop_PGR\TinyML_PGR\STM32\OnBoardIMU\Core\Inc\stm32l4xx_it.h
2026-07-30 09:34:02,909 [INFO] CodeEngine:265 - oldGeneratedFile, D:\TinyML_Workshop-main\TinyML_Workshop_PGR\TinyML_PGR\STM32\OnBoardIMU\Core\Src\stm32l4xx_hal_msp.c_save
2026-07-30 09:34:03,163 [INFO] CodeEngine:289 - Generated code: D:\TinyML_Workshop-main\TinyML_Workshop_PGR\TinyML_PGR\STM32\OnBoardIMU\Core\Src\stm32l4xx_hal_msp.c
2026-07-30 09:34:03,168 [INFO] CodeEngine:265 - oldGeneratedFile, D:\TinyML_Workshop-main\TinyML_Workshop_PGR\TinyML_PGR\STM32\OnBoardIMU\MXTmpFiles\system.tmp_save
2026-07-30 09:34:03,255 [INFO] CodeEngine:289 - Generated code: D:\TinyML_Workshop-main\TinyML_Workshop_PGR\TinyML_PGR\STM32\OnBoardIMU\MXTmpFiles\system.tmp
2026-07-30 09:34:03,269 [INFO] CodeEngine:321 - oldGeneratedFile, D:\TinyML_Workshop-main\TinyML_Workshop_PGR\TinyML_PGR\STM32\OnBoardIMU\Core\Inc\stm32l4xx_hal_conf.h_save
2026-07-30 09:34:03,374 [INFO] CodeEngine:345 - Generated code: D:\TinyML_Workshop-main\TinyML_Workshop_PGR\TinyML_PGR\STM32\OnBoardIMU\Core\Inc\stm32l4xx_hal_conf.h
2026-07-30 09:34:03,532 [INFO] ApiDbMcu:532 - Load IP Config File for ADC1
2026-07-30 09:34:03,625 [INFO] ApiDbMcu:532 - Load IP Config File for DFSDM1
2026-07-30 09:34:03,640 [INFO] ApiDbMcu:532 - Load IP Config File for I2C1
2026-07-30 09:34:03,656 [INFO] ApiDbMcu:532 - Load IP Config File for I2C2
2026-07-30 09:34:03,673 [INFO] ApiDbMcu:532 - Load IP Config File for OCTOSPI1
2026-07-30 09:34:03,689 [INFO] ApiDbMcu:532 - Load IP Config File for SPI1
2026-07-30 09:34:03,689 [INFO] ApiDbMcu:532 - Load IP Config File for SPI3
2026-07-30 09:34:03,739 [INFO] ApiDbMcu:532 - Load IP Config File for UART4
2026-07-30 09:34:03,795 [INFO] ApiDbMcu:532 - Load IP Config File for USART1
2026-07-30 09:34:03,825 [INFO] ApiDbMcu:532 - Load IP Config File for USART2
2026-07-30 09:34:03,856 [INFO] ApiDbMcu:532 - Load IP Config File for USART3
2026-07-30 09:34:03,856 [ERROR] ApiDbMcu:560 - Cannot parse USB_OTG_FS_Config file : file do not exist
2026-07-30 09:34:03,856 [ERROR] ApiDbMcu:560 - Cannot parse USB_OTG_FS_Config file : file do not exist
2026-07-30 09:34:03,873 [INFO] ApiDbMcu:532 - Load IP Config File for RCC
2026-07-30 09:34:03,873 [WARN] IPConfigManager:3811 - IP not found : USB_OTG
2026-07-30 09:34:03,873 [WARN] CodeGenerator:4259 - IP not found : null
2026-07-30 09:34:03,890 [INFO] CodeEngine:265 - oldGeneratedFile, D:\TinyML_Workshop-main\TinyML_Workshop_PGR\TinyML_PGR\STM32\OnBoardIMU\Core\Inc\main.h_save
2026-07-30 09:34:04,156 [INFO] CodeEngine:289 - Generated code: D:\TinyML_Workshop-main\TinyML_Workshop_PGR\TinyML_PGR\STM32\OnBoardIMU\Core\Inc\main.h
2026-07-30 09:34:04,172 [INFO] CodeEngine:265 - oldGeneratedFile, D:\TinyML_Workshop-main\TinyML_Workshop_PGR\TinyML_PGR\STM32\OnBoardIMU\Core\Src\main.c_save
2026-07-30 09:34:04,961 [INFO] CodeEngine:289 - Generated code: D:\TinyML_Workshop-main\TinyML_Workshop_PGR\TinyML_PGR\STM32\OnBoardIMU\Core\Src\main.c
2026-07-30 09:34:05,636 [INFO] ProjectBuilder:3606 - Time for Copy HAL[1] : 268mS.
2026-07-30 09:34:05,649 [INFO] ProjectBuilder:5216 - Project Generator version: 4.7.0-B52
2026-07-30 09:34:05,821 [INFO] ConfigFileManager:1595 - The Die is : DIE470
2026-07-30 09:34:05,836 [INFO] ApiDbMcu:532 - Load IP Config File for FATFS
2026-07-30 09:34:05,852 [INFO] ApiDbMcu:532 - Load IP Config File for FREERTOS
2026-07-30 09:34:05,899 [INFO] ApiDbMcu:532 - Load IP Config File for TOUCHSENSING
2026-07-30 09:34:05,914 [INFO] ApiDbMcu:532 - Load IP Config File for USB_DEVICE
2026-07-30 09:34:05,930 [INFO] ApiDbMcu:532 - Load IP Config File for USB_HOST
2026-07-30 09:34:06,986 [INFO] LogOutputStream:77 - [STDOUT_REDIRECT] 
2026-07-30 09:34:13,402 [INFO] ProjectBuilder:5496 - Time for Generating toolchain IDE Files: 7753mS.
2026-07-30 09:34:13,402 [INFO] ProjectBuilder:3463 - Time for Copy CMSIS : 0mS.
2026-07-30 09:34:13,417 [INFO] ProjectBuilder:3463 - Time for Copy CMSIS : 0mS.
2026-07-30 09:34:18,536 [INFO] McuFinderGlobals:76 - Set McuFinderConnectedMode to true
2026-07-30 09:34:18,567 [INFO] ApiDb:448 - Save user favorites file C:\Users\ADMIN/.stm32cubeide/favorites.mcus.txt: 0 item(s)
2026-07-30 09:34:18,567 [INFO] ApiDb:452 - User favorites MCUs=[]
2026-07-30 09:34:18,567 [INFO] ApiDb:448 - Save user favorites file C:\Users\ADMIN/.stm32cubeide/favorites.boards.txt: 0 item(s)
2026-07-30 09:34:18,567 [INFO] ApiDb:452 - User favorites Boards=[]
2026-07-30 09:36:04,010 [INFO] UtilMem:75 - End SaveConfig() Used Memory: 705137528 Bytes (1073741824)
2026-07-30 09:36:05,471 [INFO] UtilMem:75 - End SaveConfig() Used Memory: 785355640 Bytes (1073741824)
2026-07-30 09:36:07,537 [INFO] UtilMem:75 - End SaveConfig() Used Memory: 902908656 Bytes (1073741824)
2026-07-30 09:36:08,397 [INFO] BlockDiagram:2775 - set Specific Code input for plugin: SYS
2026-07-30 09:36:08,397 [INFO] BlockDiagram:2775 - set Specific Code input for plugin: RCC
2026-07-30 09:36:08,397 [INFO] BlockDiagram:2775 - set Specific Code input for plugin: NVIC
2026-07-30 09:36:08,398 [INFO] CodeGenerator:892 - code generatio: config db path: C:\ST\STM32CubeIDE_1.19.0\STM32CubeIDE\plugins\com.st.stm32cube.common.mx_6.15.0.202507011659\\db\
2026-07-30 09:36:08,624 [INFO] CodeEngine:265 - oldGeneratedFile, D:\TinyML_Workshop-main\TinyML_Workshop_PGR\TinyML_PGR\STM32\OnBoardIMU\MXTmpFiles\license.tmp_save
2026-07-30 09:36:08,884 [INFO] CodeEngine:289 - Generated code: D:\TinyML_Workshop-main\TinyML_Workshop_PGR\TinyML_PGR\STM32\OnBoardIMU\MXTmpFiles\license.tmp
2026-07-30 09:36:08,901 [INFO] CodeEngine:265 - oldGeneratedFile, D:\TinyML_Workshop-main\TinyML_Workshop_PGR\TinyML_PGR\STM32\OnBoardIMU\Core\Src\stm32l4xx_it.c_save
2026-07-30 09:36:09,102 [INFO] CodeEngine:289 - Generated code: D:\TinyML_Workshop-main\TinyML_Workshop_PGR\TinyML_PGR\STM32\OnBoardIMU\Core\Src\stm32l4xx_it.c
2026-07-30 09:36:09,109 [INFO] CodeEngine:265 - oldGeneratedFile, D:\TinyML_Workshop-main\TinyML_Workshop_PGR\TinyML_PGR\STM32\OnBoardIMU\Core\Inc\stm32l4xx_it.h_save
2026-07-30 09:36:09,224 [INFO] CodeEngine:289 - Generated code: D:\TinyML_Workshop-main\TinyML_Workshop_PGR\TinyML_PGR\STM32\OnBoardIMU\Core\Inc\stm32l4xx_it.h
2026-07-30 09:36:09,237 [INFO] CodeEngine:265 - oldGeneratedFile, D:\TinyML_Workshop-main\TinyML_Workshop_PGR\TinyML_PGR\STM32\OnBoardIMU\Core\Src\stm32l4xx_hal_msp.c_save
2026-07-30 09:36:09,397 [INFO] CodeEngine:289 - Generated code: D:\TinyML_Workshop-main\TinyML_Workshop_PGR\TinyML_PGR\STM32\OnBoardIMU\Core\Src\stm32l4xx_hal_msp.c
2026-07-30 09:36:09,401 [INFO] CodeEngine:265 - oldGeneratedFile, D:\TinyML_Workshop-main\TinyML_Workshop_PGR\TinyML_PGR\STM32\OnBoardIMU\MXTmpFiles\system.tmp_save
2026-07-30 09:36:09,496 [INFO] CodeEngine:289 - Generated code: D:\TinyML_Workshop-main\TinyML_Workshop_PGR\TinyML_PGR\STM32\OnBoardIMU\MXTmpFiles\system.tmp
2026-07-30 09:36:09,506 [INFO] CodeEngine:321 - oldGeneratedFile, D:\TinyML_Workshop-main\TinyML_Workshop_PGR\TinyML_PGR\STM32\OnBoardIMU\Core\Inc\stm32l4xx_hal_conf.h_save
2026-07-30 09:36:09,611 [INFO] CodeEngine:345 - Generated code: D:\TinyML_Workshop-main\TinyML_Workshop_PGR\TinyML_PGR\STM32\OnBoardIMU\Core\Inc\stm32l4xx_hal_conf.h
2026-07-30 09:36:09,638 [INFO] CodeEngine:265 - oldGeneratedFile, D:\TinyML_Workshop-main\TinyML_Workshop_PGR\TinyML_PGR\STM32\OnBoardIMU\Core\Inc\main.h_save
2026-07-30 09:36:09,745 [INFO] CodeEngine:289 - Generated code: D:\TinyML_Workshop-main\TinyML_Workshop_PGR\TinyML_PGR\STM32\OnBoardIMU\Core\Inc\main.h
2026-07-30 09:36:09,750 [INFO] CodeEngine:265 - oldGeneratedFile, D:\TinyML_Workshop-main\TinyML_Workshop_PGR\TinyML_PGR\STM32\OnBoardIMU\Core\Src\main.c_save
2026-07-30 09:36:09,896 [INFO] CodeEngine:289 - Generated code: D:\TinyML_Workshop-main\TinyML_Workshop_PGR\TinyML_PGR\STM32\OnBoardIMU\Core\Src\main.c
2026-07-30 09:36:10,297 [INFO] ProjectBuilder:3606 - Time for Copy HAL[1] : 139mS.
2026-07-30 09:36:10,302 [INFO] ProjectBuilder:5216 - Project Generator version: 4.7.0-B52
2026-07-30 09:36:10,399 [INFO] ConfigFileManager:1595 - The Die is : DIE470
2026-07-30 09:36:11,576 [INFO] ProjectBuilder:5496 - Time for Generating toolchain IDE Files: 1274mS.
2026-07-30 09:36:11,577 [INFO] ProjectBuilder:3463 - Time for Copy CMSIS : 1mS.
2026-07-30 09:36:11,578 [INFO] ProjectBuilder:3463 - Time for Copy CMSIS : 0mS.
2026-07-30 09:37:53,250 [INFO] I2cTimingTraitement:330 - 0x30A175AB
2026-07-30 09:37:55,750 [INFO] UtilMem:75 - End SaveConfig() Used Memory: 562235400 Bytes (1073741824)
2026-07-30 09:38:22,353 [INFO] I2cTimingTraitement:330 - 0x30A175AB
2026-07-30 09:38:25,440 [INFO] I2cTimingTraitement:330 - 0x30A175AB
2026-07-30 09:38:34,654 [INFO] UtilMem:75 - End SaveConfig() Used Memory: 815183960 Bytes (1073741824)
2026-07-30 09:38:35,955 [INFO] UtilMem:75 - End SaveConfig() Used Memory: 860801408 Bytes (1073741824)
2026-07-30 09:38:37,280 [INFO] UtilMem:75 - End SaveConfig() Used Memory: 904355128 Bytes (1073741824)
2026-07-30 09:38:38,092 [INFO] BlockDiagram:2775 - set Specific Code input for plugin: SYS
2026-07-30 09:38:38,092 [INFO] BlockDiagram:2775 - set Specific Code input for plugin: RCC
2026-07-30 09:38:38,092 [INFO] BlockDiagram:2775 - set Specific Code input for plugin: I2C
2026-07-30 09:38:38,092 [INFO] BlockDiagram:2775 - set Specific Code input for plugin: NVIC
2026-07-30 09:38:38,093 [INFO] BlockDiagram:2775 - set Specific Code input for plugin: USART
2026-07-30 09:38:38,093 [INFO] BlockDiagram:2775 - set Specific Code input for plugin: GPIO
2026-07-30 09:38:38,094 [INFO] CodeGenerator:892 - code generatio: config db path: C:\ST\STM32CubeIDE_1.19.0\STM32CubeIDE\plugins\com.st.stm32cube.common.mx_6.15.0.202507011659\\db\
2026-07-30 09:38:38,375 [INFO] CodeEngine:265 - oldGeneratedFile, D:\TinyML_Workshop-main\TinyML_Workshop_PGR\TinyML_PGR\STM32\OnBoardIMU\MXTmpFiles\license.tmp_save
2026-07-30 09:38:38,669 [INFO] CodeEngine:289 - Generated code: D:\TinyML_Workshop-main\TinyML_Workshop_PGR\TinyML_PGR\STM32\OnBoardIMU\MXTmpFiles\license.tmp
2026-07-30 09:38:38,700 [INFO] CodeEngine:265 - oldGeneratedFile, D:\TinyML_Workshop-main\TinyML_Workshop_PGR\TinyML_PGR\STM32\OnBoardIMU\MXTmpFiles\gpio.tmp_save
2026-07-30 09:38:38,872 [INFO] CodeEngine:289 - Generated code: D:\TinyML_Workshop-main\TinyML_Workshop_PGR\TinyML_PGR\STM32\OnBoardIMU\MXTmpFiles\gpio.tmp
2026-07-30 09:38:38,969 [INFO] CodeEngine:265 - oldGeneratedFile, D:\TinyML_Workshop-main\TinyML_Workshop_PGR\TinyML_PGR\STM32\OnBoardIMU\Core\Src\stm32l4xx_it.c_save
2026-07-30 09:38:39,126 [INFO] CodeEngine:289 - Generated code: D:\TinyML_Workshop-main\TinyML_Workshop_PGR\TinyML_PGR\STM32\OnBoardIMU\Core\Src\stm32l4xx_it.c
2026-07-30 09:38:39,133 [INFO] CodeEngine:265 - oldGeneratedFile, D:\TinyML_Workshop-main\TinyML_Workshop_PGR\TinyML_PGR\STM32\OnBoardIMU\Core\Inc\stm32l4xx_it.h_save
2026-07-30 09:38:39,268 [INFO] CodeEngine:289 - Generated code: D:\TinyML_Workshop-main\TinyML_Workshop_PGR\TinyML_PGR\STM32\OnBoardIMU\Core\Inc\stm32l4xx_it.h
2026-07-30 09:38:39,283 [INFO] CodeEngine:265 - oldGeneratedFile, D:\TinyML_Workshop-main\TinyML_Workshop_PGR\TinyML_PGR\STM32\OnBoardIMU\Core\Src\stm32l4xx_hal_msp.c_save
2026-07-30 09:38:39,477 [INFO] CodeEngine:289 - Generated code: D:\TinyML_Workshop-main\TinyML_Workshop_PGR\TinyML_PGR\STM32\OnBoardIMU\Core\Src\stm32l4xx_hal_msp.c
2026-07-30 09:38:39,483 [INFO] CodeEngine:265 - oldGeneratedFile, D:\TinyML_Workshop-main\TinyML_Workshop_PGR\TinyML_PGR\STM32\OnBoardIMU\MXTmpFiles\system.tmp_save
2026-07-30 09:38:39,575 [INFO] CodeEngine:289 - Generated code: D:\TinyML_Workshop-main\TinyML_Workshop_PGR\TinyML_PGR\STM32\OnBoardIMU\MXTmpFiles\system.tmp
2026-07-30 09:38:39,587 [INFO] CodeEngine:321 - oldGeneratedFile, D:\TinyML_Workshop-main\TinyML_Workshop_PGR\TinyML_PGR\STM32\OnBoardIMU\Core\Inc\stm32l4xx_hal_conf.h_save
2026-07-30 09:38:39,689 [INFO] CodeEngine:345 - Generated code: D:\TinyML_Workshop-main\TinyML_Workshop_PGR\TinyML_PGR\STM32\OnBoardIMU\Core\Inc\stm32l4xx_hal_conf.h
2026-07-30 09:38:39,712 [INFO] CodeEngine:265 - oldGeneratedFile, D:\TinyML_Workshop-main\TinyML_Workshop_PGR\TinyML_PGR\STM32\OnBoardIMU\Core\Inc\main.h_save
2026-07-30 09:38:39,808 [INFO] CodeEngine:289 - Generated code: D:\TinyML_Workshop-main\TinyML_Workshop_PGR\TinyML_PGR\STM32\OnBoardIMU\Core\Inc\main.h
2026-07-30 09:38:39,813 [INFO] CodeEngine:265 - oldGeneratedFile, D:\TinyML_Workshop-main\TinyML_Workshop_PGR\TinyML_PGR\STM32\OnBoardIMU\Core\Src\main.c_save
2026-07-30 09:38:39,966 [INFO] CodeEngine:289 - Generated code: D:\TinyML_Workshop-main\TinyML_Workshop_PGR\TinyML_PGR\STM32\OnBoardIMU\Core\Src\main.c
2026-07-30 09:38:40,278 [INFO] ProjectBuilder:3606 - Time for Copy HAL[1] : 133mS.
2026-07-30 09:38:40,281 [INFO] ProjectBuilder:5216 - Project Generator version: 4.7.0-B52
2026-07-30 09:38:40,382 [INFO] ConfigFileManager:1595 - The Die is : DIE470
2026-07-30 09:38:41,493 [INFO] ProjectBuilder:5496 - Time for Generating toolchain IDE Files: 1212mS.
2026-07-30 09:38:41,494 [INFO] ProjectBuilder:3463 - Time for Copy CMSIS : 0mS.
2026-07-30 09:38:41,495 [INFO] ProjectBuilder:3463 - Time for Copy CMSIS : 0mS.
2026-07-30 12:10:28,737 [INFO] MainUpdater:2872 - connection check result : 10
2026-07-30 12:10:28,743 [INFO] McuFinderGlobals:76 - Set McuFinderConnectedMode to true
2026-07-30 12:10:29,190 [INFO] ServerAccessManage:452 - Complete download http(s) 200
2026-07-30 12:10:29,210 [INFO] ServerAccessManage:509 - Download File mcusAds.json._tmp_
2026-07-30 12:10:29,344 [INFO] LoadUrlFilesThread:156 - End of LoadUrlFiles Thread
2026-07-30 12:10:29,854 [INFO] ServerAccessManage:452 - Complete download http(s) 200
2026-07-30 12:10:29,856 [INFO] ServerAccessManage:509 - Download File cube-finder-db.zip
2026-07-30 12:11:16,039 [INFO] FileExtend:248 - Unzip File : cube-finder-db.zip
2026-07-30 12:11:16,039 [INFO] FileExtend:263 - Standard Zip Deflate
2026-07-30 12:11:17,285 [INFO] LoadUrlFilesThread:156 - End of LoadUrlFiles Thread
2026-07-30 12:11:37,681 [INFO] DbMcusAds:53 - JSON generation date=Wed Jul 15 15:16:00 IST 2026 (1784108760991)
2026-07-30 12:11:37,689 [INFO] ApiDb:448 - Save user favorites file C:\Users\ADMIN/.stm32cubeide/favorites.mcus.txt: 0 item(s)
2026-07-30 12:11:37,689 [INFO] ApiDb:452 - User favorites MCUs=[]
2026-07-30 12:11:37,702 [INFO] ApiDb:581 - Connected to CubeFinder SQLite database (C:\Users\ADMIN\.stmcufinder\plugins\mcufinder\mcu\cube-finder-db.db)
2026-07-30 12:11:37,805 [INFO] ApiDb:668 - CubeFinder database Data Model version=2.1
2026-07-30 12:11:37,805 [INFO] ApiDb:669 - CubeFinder database Configuration version=3.0.42
2026-07-30 12:11:37,806 [INFO] ApiDb:670 - CubeFinder database generation date=2026-06-23 (1782213372)
2026-07-30 12:11:37,806 [INFO] ApiDb:671 - CubeFinder database FW Pack versions=[FP-ATR-ASTRA1_V2.0.0, FP-SNS-FLIGHT1_V5.1.0, FP-SNS-MOTENV1_V5.1.0, FP-SNS-MOTENVWB1_V1.5.0, FP-SNS-SMARTAG2_V1.2.0, FP-SNS-STBOX1_V2.1.0, STM32Cube_FW_C0_V1.4.0, STM32Cube_FW_F4_V1.28.3, STM32Cube_FW_F7_V1.17.4, STM32Cube_FW_G0_V1.6.3, STM32Cube_FW_G4_V1.6.2, STM32Cube_FW_H5_V1.7.0, STM32Cube_FW_H7RS_V1.3.0, STM32Cube_FW_H7_V1.13.0, STM32Cube_FW_L0_V1.12.2, STM32Cube_FW_L4_V1.18.2, STM32Cube_FW_L5_V1.6.0, STM32Cube_FW_N6_V1.4.0, STM32Cube_FW_U0_V1.3.0, STM32Cube_FW_U3_V1.4.0, STM32Cube_FW_U5_V1.9.0, STM32Cube_FW_WB0_V1.5.0, STM32Cube_FW_WBA_V1.10.0, STM32Cube_FW_WB_V1.24.0, STM32Cube_FW_WL3_V1.5.0, STM32Cube_FW_WL_V1.6.0, X-CUBE-ALGOBUILD_V1.5.0, X-CUBE-ALS_V1.0.2, X-CUBE-AZRTOS-F4_V1.1.0, X-CUBE-AZRTOS-F7_V1.1.0, X-CUBE-AZRTOS-G0_V1.1.0, X-CUBE-AZRTOS-G4_V2.0.0, X-CUBE-AZRTOS-H7RS_V1.1.0, X-CUBE-AZRTOS-H7_V3.5.0, X-CUBE-AZRTOS-L4_V2.0.0, X-CUBE-AZRTOS-L5_V2.0.0, X-CUBE-AZRTOS-WB_V2.0.0, X-CUBE-AZRTOS-WL_V2.0.0, X-CUBE-BLE1_V7.1.0, X-CUBE-BLE2_V3.3.0, X-CUBE-BLEMGR_V4.1.0, X-CUBE-EEPRMA1_V5.2.0, X-CUBE-FREERTOS_V1.5.0, X-CUBE-GNSS1_V7.1.1, X-CUBE-MEMS1_V12.1.0, X-CUBE-NFC4_V3.0.0, X-CUBE-NFC7_V2.0.0, X-CUBE-SFXS2LP1_V4.0.0, X-CUBE-ST67W61_V1.3.0, X-CUBE-SUBG2_V5.0.0, X-CUBE-TOF1_V3.4.3]
2026-07-30 12:11:38,526 [ERROR] ServerAccessManage:1295 - Problem during Server Connection :  IO error Connection timed out: getsockopt
2026-07-30 12:11:38,527 [ERROR] ServerAccessManage:740 - Problem during Server Connection :  : crdb.zip.
2026-07-30 12:11:38,628 [INFO] LoadUrlFilesThread:156 - End of LoadUrlFiles Thread
2026-07-30 12:11:41,245 [INFO] ApiDb:240 - Found 880 in-development CPN: [B-G473E-ZEST1S, B-WB1M-WPAN1, B-WBA5M-WPAN, B-WL5M-SUBG1, NUCLEO-C031C6, NUCLEO-C051C8, NUCLEO-C071RB, NUCLEO-C092RC, NUCLEO-H503RB, NUCLEO-H533RE, NUCLEO-H563ZI, NUCLEO-H7S3L8, NUCLEO-N657X0-Q, NUCLEO-U031R8, NUCLEO-U083RC, NUCLEO-U385RG-Q, NUCLEO-U545RE-Q, NUCLEO-U5A5ZJ-Q, NUCLEO-WB05KZ, NUCLEO-WB07CC, NUCLEO-WB09KE, NUCLEO-WBA52CG, NUCLEO-WBA55CG, NUCLEO-WL33CC1, NUCLEO-WL33CC2, STEVAL-PROTEUS1, STEVAL-SMARTAG2, STEVAL-STWINBX1, STM320518-EVAL, STM32C0116-DK, STM32C011D6Y3TR, STM32C011D6Y6TR, STM32C011F4P3, STM32C011F4P6, STM32C011F4U3, STM32C011F4U6TR, STM32C011F6P3, STM32C011F6P6, STM32C011F6U3, STM32C011F6U6TR, STM32C011J4M3, STM32C011J4M6, STM32C011J6M3, STM32C011J6M6, STM32C0316-DK, STM32C031C4T3, STM32C031C4T6, STM32C031C4U3, STM32C031C4U6, STM32C031C6T3, STM32C031C6T6, STM32C031C6U3, STM32C031C6U6, STM32C031F4P3, STM32C031F4P6, STM32C031F6P3, STM32C031F6P6, STM32C031G4U3, STM32C031G4U6, STM32C031G6U3, STM32C031G6U6, STM32C031K4T3, STM32C031K4T6, STM32C031K4U3, STM32C031K4U6, STM32C031K6T3, STM32C031K6T6, STM32C031K6U3, STM32C031K6U6, STM32C051C6T6, STM32C051C6U6, STM32C051C8T6, STM32C051C8U6, STM32C051D8Y6TR, STM32C051F6P6, STM32C051F8P6, STM32C051G6U6, STM32C051G8U6, STM32C051K6T6, STM32C051K6U6, STM32C051K8T6, STM32C071C8T6, STM32C071C8T6N, STM32C071C8U6, STM32C071C8U6N, STM32C071CBT6, STM32C071CBT6N, STM32C071CBU6, STM32C071CBU6N, STM32C071F8P6, STM32C071F8P6N, STM32C071FBP6, STM32C071FBP6N, STM32C071FBY6TR, STM32C071G8U6, STM32C071G8U6N, STM32C071GBU6, STM32C071GBU6N, STM32C071K8T6, STM32C071K8T6N, STM32C071K8U6, STM32C071K8U6N, STM32C071KBT6, STM32C071KBT6N, STM32C071KBU6, STM32C071KBU6N, STM32C071R8T6, STM32C071R8T6N, STM32C071RBI6N, STM32C071RBT6, STM32C071RBT6N, STM32C091CBT6, STM32C091CBU6, STM32C091CCT6, STM32C091CCU6, STM32C091ECY6TR, STM32C091FBP6, STM32C091FCP6, STM32C091GBU6, STM32C091GCU6, STM32C091KBT6, STM32C091KBU6, STM32C091KCT6, STM32C091KCU6, STM32C091RBT6, STM32C091RCI6, STM32C091RCT6, STM32C092CBT6, STM32C092CBU6, STM32C092CCT6, STM32C092CCU6, STM32C092ECY6TR, STM32C092FBP6, STM32C092FCP6, STM32C092GBU6, STM32C092GCU6, STM32C092KBT6, STM32C092KBU6, STM32C092KCT6, STM32C092KCU6, STM32C092RBT6, STM32C092RCI6, STM32C092RCT6, STM32G071K8TXN, STM32G071K8UXN, STM32G081GBU6N, STM32G081KBT6N, STM32G081KBUXN, STM32G0B1CCT6N, STM32G0B1KCT6, STM32G0B1NEY6TR, STM32G0B1RCT6N, STM32G0C1CCT6, STM32G0C1CCT6N, STM32G0C1CCU6N, STM32G0C1CET6N, STM32G0C1CEU6N, STM32G0C1KCT6, STM32G0C1NEY6TR, STM32G0C1RCI6N, STM32G0C1RCT6N, STM32G0C1REI6N, STM32G0C1RET6N, STM32G0C1VCI6, STM32G0C1VEI6, STM32G411C6T3, STM32G411C6T6, STM32G411C6U3, STM32G411C6U6, STM32G411C8T3, STM32G411C8T6, STM32G411C8U3, STM32G411C8U6, STM32G411CBT3, STM32G411CBT6, STM32G411CBU3, STM32G411CBU6, STM32G411K6T3, STM32G411K6T6, STM32G411K6U3, STM32G411K6U6, STM32G411K8T3, STM32G411K8T6, STM32G411K8U3, STM32G411K8U6, STM32G411KBT3, STM32G411KBT6, STM32G411KBU3, STM32G411KBU6, STM32G411M6T3, STM32G411M6T6, STM32G411M8T3, STM32G411M8T6, STM32G411MBT3, STM32G411MBT6, STM32G411R6T3, STM32G411R6T6, STM32G411R8T3, STM32G411R8T6, STM32G411RBT3, STM32G411RBT6, STM32G414CBT3, STM32G414CBT6, STM32G414CBU3, STM32G414CBU6, STM32G414CCT3, STM32G414CCT6, STM32G414CCU3, STM32G414CCU6, STM32G414MBT3, STM32G414MBT6, STM32G414MCT3, STM32G414MCT6, STM32G414RBT3, STM32G414RBT6, STM32G414RCT3, STM32G414RCT6, STM32G414VBT3, STM32G414VBT6, STM32G414VCT3, STM32G414VCT6, STM32G431CBT3Z, STM32G431RBT3Z, STM32G471CCT6, STM32G471CCU6, STM32G471CET3, STM32G471CET6, STM32G471CEU3, STM32G471CEU6, STM32G471MCT6, STM32G471MET3, STM32G471MET6, STM32G471MEY6TR, STM32G471QCT6, STM32G471QET3, STM32G471RCT6, STM32G471RET3, STM32G471RET6, STM32G471VCH6, STM32G471VCI6, STM32G471VCT6, STM32G471VEH3, STM32G471VEH6, STM32G471VEI3, STM32G471VEI6, STM32G471VET3, STM32G471VET6, STM32G473QET3Z, STM32G473RET3Z, STM32G474CCT6, STM32G491RET3Z, STM32H503CBT6, STM32H503CBU6, STM32H503EBY6TR, STM32H503KBU6, STM32H503RBT6, STM32H523CCT6, STM32H523CCU6, STM32H523CET6, STM32H523CEU6, STM32H523HEY6TR, STM32H523RCT6, STM32H523RET6, STM32H523VCI6, STM32H523VCT6, STM32H523VEI6, STM32H523VET6, STM32H523ZCJ6, STM32H523ZCT6, STM32H523ZEJ6, STM32H523ZET6, STM32H533CET6, STM32H533CEU6, STM32H533HEY6TR, STM32H533RET6, STM32H533VEI6, STM32H533VET6, STM32H533ZEJ6, STM32H533ZET6, STM32H562AGI6, STM32H562AII6, STM32H562IGK6, STM32H562IGT6, STM32H562IIK6, STM32H562IIT6, STM32H562RGT6, STM32H562RGV6, STM32H562RIT6, STM32H562RIV6, STM32H562VGT6, STM32H562VIT6, STM32H562ZGT6, STM32H562ZIT6, STM32H563AGI6, STM32H563AII3Q, STM32H563AII6, STM32H563IGK6, STM32H563IGT6, STM32H563IIK3Q, STM32H563IIK6, STM32H563IIT3Q, STM32H563IIT6, STM32H563MIY3QTR, STM32H563RGT6, STM32H563RGV6, STM32H563RIT6, STM32H563RIV6, STM32H563VGT6, STM32H563VIT3Q, STM32H563VIT6, STM32H563ZGT6, STM32H563ZIT3Q, STM32H563ZIT6, STM32H573AII3Q, STM32H573AII6, STM32H573I-DK, STM32H573IIK3Q, STM32H573IIK6, STM32H573IIT3Q, STM32H573IIT6, STM32H573MIY3QTR, STM32H573RIT6, STM32H573RIV6, STM32H573VIT3Q, STM32H573VIT6, STM32H573ZIT3Q, STM32H573ZIT6, STM32H7R3A8I6, STM32H7R3I8K6, STM32H7R3I8T6, STM32H7R3L8H6, STM32H7R3L8H6H, STM32H7R3R8V6, STM32H7R3V8H6, STM32H7R3V8T6, STM32H7R3V8Y6TR, STM32H7R3Z8J6, STM32H7R3Z8T6, STM32H7R7A8I6, STM32H7R7I8K6, STM32H7R7I8T6, STM32H7R7L8H6, STM32H7R7L8H6H, STM32H7R7Z8J6, STM32H7S3A8I6, STM32H7S3I8K6, STM32H7S3I8T6, STM32H7S3L8H6, STM32H7S3L8H6H, STM32H7S3R8V6, STM32H7S3V8H6, STM32H7S3V8T6, STM32H7S3V8Y6TR, STM32H7S3Z8J6, STM32H7S3Z8T6, STM32H7S78-DK, STM32H7S7A8I6, STM32H7S7I8K6, STM32H7S7I8T6, STM32H7S7L8H6, STM32H7S7L8H6H, STM32H7S7Z8J6, STM32L4R5QGI6STR, STM32MP131AAE3, STM32MP131AAF3, STM32MP131AAG3, STM32MP131CAE3, STM32MP131CAF3, STM32MP131CAG3, STM32MP131DAE7, STM32MP131DAF7, STM32MP131DAG7, STM32MP131FAE7, STM32MP131FAF7, STM32MP131FAG7, STM32MP133AAE3, STM32MP133AAF3, STM32MP133AAG3, STM32MP133CAE3, STM32MP133CAF3, STM32MP133CAG3, STM32MP133DAE7, STM32MP133DAF7, STM32MP133DAG7, STM32MP133FAE7, STM32MP133FAF7, STM32MP133FAG7, STM32MP135AAE3, STM32MP135AAF3, STM32MP135AAG3, STM32MP135CAE3, STM32MP135CAF3, STM32MP135CAG3, STM32MP135DAE7, STM32MP135DAF7, STM32MP135DAG7, STM32MP135F-DK, STM32MP135FAE7, STM32MP135FAF7, STM32MP135FAF7T, STM32MP135FAF7U, STM32MP135FAG7, STM32MP211AAL3, STM32MP211AAM3, STM32MP211AAN3, STM32MP211AAO3, STM32MP211CAL3, STM32MP211CAM3, STM32MP211CAN3, STM32MP211CAO3, STM32MP211DAL3, STM32MP211DAM3, STM32MP211DAN3, STM32MP211DAO3, STM32MP211FAL3, STM32MP211FAM3, STM32MP211FAN3, STM32MP211FAO3, STM32MP213AAL3, STM32MP213AAM3, STM32MP213AAN3, STM32MP213AAO3, STM32MP213CAL3, STM32MP213CAM3, STM32MP213CAN3, STM32MP213CAO3, STM32MP213DAL3, STM32MP213DAM3, STM32MP213DAN3, STM32MP213DAO3, STM32MP213FAL3, STM32MP213FAM3, STM32MP213FAN3, STM32MP213FAO3, STM32MP215AAL3, STM32MP215AAM3, STM32MP215AAN3, STM32MP215AAO3, STM32MP215CAL3, STM32MP215CAM3, STM32MP215CAN3, STM32MP215CAO3, STM32MP215DAL3, STM32MP215DAM3, STM32MP215DAN3, STM32MP215DAO3, STM32MP215F-DK, STM32MP215FAL3, STM32MP215FAM3, STM32MP215FAN3, STM32MP215FAO3, STM32MP231AAJ3, STM32MP231AAK3, STM32MP231AAL3, STM32MP231CAJ3, STM32MP231CAK3, STM32MP231CAL3, STM32MP231DAJ3, STM32MP231DAK3, STM32MP231DAL3, STM32MP231FAJ3, STM32MP231FAK3, STM32MP231FAL3, STM32MP233AAJ3, STM32MP233AAK3, STM32MP233AAL3, STM32MP233CAJ3, STM32MP233CAK3, STM32MP233CAL3, STM32MP233DAJ3, STM32MP233DAK3, STM32MP233DAL3, STM32MP233FAJ3, STM32MP233FAK3, STM32MP233FAL3, STM32MP235AAJ3, STM32MP235AAK3, STM32MP235AAL3, STM32MP235CAJ3, STM32MP235CAK3, STM32MP235CAL3, STM32MP235DAJ3, STM32MP235DAK3, STM32MP235DAL3, STM32MP235FAJ3, STM32MP235FAK3, STM32MP235FAL3, STM32MP251AAI3, STM32MP251AAK3, STM32MP251AAL3, STM32MP251CAI3, STM32MP251CAK3, STM32MP251CAL3, STM32MP251DAI3, STM32MP251DAK3, STM32MP251DAL3, STM32MP251FAI3, STM32MP251FAK3, STM32MP251FAL3, STM32MP253AAI3, STM32MP253AAK3, STM32MP253AAL3, STM32MP253CAI3, STM32MP253CAK3, STM32MP253CAL3, STM32MP253DAI3, STM32MP253DAK3, STM32MP253DAL3, STM32MP253FAI3, STM32MP253FAK3, STM32MP253FAL3, STM32MP255AAI3, STM32MP255AAK3, STM32MP255AAL3, STM32MP255CAI3, STM32MP255CAK3, STM32MP255CAL3, STM32MP255DAI3, STM32MP255DAK3, STM32MP255DAL3, STM32MP255FAI3, STM32MP255FAK3, STM32MP255FAL3, STM32MP257AAI3, STM32MP257AAK3, STM32MP257AAL3, STM32MP257CAI3, STM32MP257CAK3, STM32MP257CAL3, STM32MP257DAI3, STM32MP257DAK3, STM32MP257DAL3, STM32MP257F-DK, STM32MP257F-EV1, STM32MP257FAI3, STM32MP257FAK3, STM32MP257FAL3, STM32N645A0H3Q, STM32N645B0H3Q, STM32N645I0H3Q, STM32N645L0H3Q, STM32N645X0H3Q, STM32N645Z0H3Q, STM32N647A0H3Q, STM32N647B0H3Q, STM32N647I0H3Q, STM32N647L0H3Q, STM32N647X0H3Q, STM32N647Z0H3Q, STM32N655A0H3Q, STM32N655B0H3Q, STM32N655I0H3Q, STM32N655L0H3Q, STM32N655X0H3Q, STM32N655Z0H3Q, STM32N6570-DK, STM32N657A0H3Q, STM32N657B0H3Q, STM32N657I0H3Q, STM32N657L0H3Q, STM32N657X0H3Q, STM32N657Z0H3Q, STM32U031C6T6, STM32U031C6U6, STM32U031C8T6, STM32U031C8U6, STM32U031F4P6, STM32U031F6P6, STM32U031F8P6, STM32U031G6Y6TR, STM32U031G8Y6TR, STM32U031K4U6, STM32U031K6U6, STM32U031K8U6, STM32U031R6I6, STM32U031R6T6, STM32U031R8I6, STM32U031R8T6, STM32U073C8T6, STM32U073C8U6, STM32U073CBT6, STM32U073CBU6, STM32U073CCT6, STM32U073CCU6, STM32U073H8Y6TR, STM32U073HBY6TR, STM32U073HCY6TR, STM32U073K8U6, STM32U073KBU6, STM32U073KCU6, STM32U073M8I6, STM32U073M8T6, STM32U073MBI6, STM32U073MBT6, STM32U073MCI6, STM32U073MCT6, STM32U073R8I6, STM32U073R8T6, STM32U073RBI6, STM32U073RBT6, STM32U073RCI6, STM32U073RCT6, STM32U083C-DK, STM32U083CCT6, STM32U083CCU6, STM32U083HCY6TR, STM32U083KCU6, STM32U083MCI6, STM32U083MCT6, STM32U083RCI6, STM32U083RCT6, STM32U375CET6, STM32U375CET6Q, STM32U375CEU6, STM32U375CEU6Q, STM32U375CEY6QTR, STM32U375CGT6, STM32U375CGT6Q, STM32U375CGU6, STM32U375CGU6Q, STM32U375CGY6QTR, STM32U375KEU6, STM32U375KGU6, STM32U375REI6, STM32U375REI6Q, STM32U375RET6, STM32U375RET6Q, STM32U375REY6GTR, STM32U375REY6QTR, STM32U375RGI6, STM32U375RGI6Q, STM32U375RGT6, STM32U375RGT6Q, STM32U375RGY6GTR, STM32U375RGY6QTR, STM32U375VEI6, STM32U375VEI6Q, STM32U375VET6, STM32U375VET6Q, STM32U375VGI6, STM32U375VGI6Q, STM32U375VGT6, STM32U375VGT6Q, STM32U385CGT6, STM32U385CGT6Q, STM32U385CGU6, STM32U385CGU6Q, STM32U385CGY6QTR, STM32U385KGU6, STM32U385RGI6, STM32U385RGI6Q, STM32U385RGT6, STM32U385RGT6Q, STM32U385RGY6GTR, STM32U385RGY6QTR, STM32U385VGI6, STM32U385VGI6Q, STM32U385VGT6, STM32U385VGT6Q, STM32U535CBT6, STM32U535CBT6Q, STM32U535CBU6, STM32U535CBU6Q, STM32U535CCT6, STM32U535CCT6Q, STM32U535CCU6, STM32U535CCU6Q, STM32U535CET6, STM32U535CET6Q, STM32U535CEU6, STM32U535CEU6Q, STM32U535JEY6QTR, STM32U535NCY6QTR, STM32U535NEY6QTR, STM32U535RBI6, STM32U535RBI6Q, STM32U535RBT6, STM32U535RBT6Q, STM32U535RCI6, STM32U535RCI6Q, STM32U535RCT6, STM32U535RCT6Q, STM32U535REI6, STM32U535REI6Q, STM32U535RET6, STM32U535RET6Q, STM32U535VCI6, STM32U535VCI6Q, STM32U535VCT6, STM32U535VCT6Q, STM32U535VEI6, STM32U535VEI6Q, STM32U535VET6, STM32U535VET6Q, STM32U545CET6, STM32U545CET6Q, STM32U545CEU6, STM32U545CEU6Q, STM32U545JEY6QTR, STM32U545NEY6QTR, STM32U545REI6, STM32U545REI6Q, STM32U545RET6, STM32U545RET6Q, STM32U545VEI6, STM32U545VEI6Q, STM32U545VET6, STM32U545VET6Q, STM32U595AIH6, STM32U595AIH6Q, STM32U595AJH6, STM32U595AJH6Q, STM32U595QII6, STM32U595QII6Q, STM32U595QJI6, STM32U595QJI6Q, STM32U595RIT6, STM32U595RIT6Q, STM32U595RJT6, STM32U595RJT6Q, STM32U595VIT6, STM32U595VIT6Q, STM32U595VJT6, STM32U595VJT6Q, STM32U595ZIT6, STM32U595ZIT6Q, STM32U595ZIY6QTR, STM32U595ZJT6, STM32U595ZJT6Q, STM32U595ZJY6QTR, STM32U599BJY6QTR, STM32U599NIH6Q, STM32U599NJH6Q, STM32U599VIT6Q, STM32U599VJT6, STM32U599VJT6Q, STM32U599ZIT6Q, STM32U599ZIY6QTR, STM32U599ZJT6Q, STM32U599ZJY6QTR, STM32U5A5AJH6, STM32U5A5AJH6Q, STM32U5A5QII3Q , STM32U5A5QJI6, STM32U5A5QJI6Q, STM32U5A5RJT6, STM32U5A5RJT6Q, STM32U5A5VJT6, STM32U5A5VJT6Q, STM32U5A5ZJT6, STM32U5A5ZJT6Q, STM32U5A5ZJY6QTR, STM32U5A9BJY6QTR, STM32U5A9J-DK, STM32U5A9NJH6Q, STM32U5A9VJT6Q, STM32U5A9ZJT6Q, STM32U5A9ZJY6QTR, STM32U5F7VIT6, STM32U5F7VIT6Q, STM32U5F7VJT6, STM32U5F7VJT6Q, STM32U5F9BJY6QTR, STM32U5F9NJH6Q, STM32U5F9VIT6Q, STM32U5F9VJT6Q, STM32U5F9ZIJ6QTR, STM32U5F9ZIT6Q, STM32U5F9ZJJ6QTR, STM32U5F9ZJT6Q, STM32U5G7VJT6, STM32U5G7VJT6Q, STM32U5G9BJY6QTR, STM32U5G9J-DK1, STM32U5G9J-DK2, STM32U5G9NJH6Q, STM32U5G9VJT6Q, STM32U5G9ZJJ6QTR, STM32U5G9ZJT6Q, STM32WB05KZV6TR, STM32WB05KZV7TR, STM32WB05TZF6TR, STM32WB05TZF7TR, STM32WB06CCF6TR, STM32WB06CCF7TR, STM32WB06CCV6TR, STM32WB06CCV7TR, STM32WB06KCV6TR, STM32WB06KCV7TR, STM32WB07CCF6TR, STM32WB07CCF7TR, STM32WB07CCV6TR, STM32WB07CCV7TR, STM32WB07KCV6TR, STM32WB07KCV7TR, STM32WB09KEV6TR, STM32WB09KEV7TR, STM32WB09TEF6TR, STM32WB09TEF7TR, STM32WB1MMCH6, STM32WBA50KGU6, STM32WBA50KGU6TR, STM32WBA52CEU6, STM32WBA52CEU6TR, STM32WBA52CEU7, STM32WBA52CEU7TR, STM32WBA52CGU6, STM32WBA52CGU6TR, STM32WBA52CGU6U, STM32WBA52CGU7, STM32WBA52CGU7TR, STM32WBA52KEU6, STM32WBA52KEU6TR, STM32WBA52KGU6, STM32WBA52KGU6TR, STM32WBA54CEU6, STM32WBA54CEU6TR, STM32WBA54CEU7, STM32WBA54CEU7TR, STM32WBA54CGU6, STM32WBA54CGU6TR, STM32WBA54CGU7, STM32WBA54CGU7TR, STM32WBA54KEU6, STM32WBA54KEU6TR, STM32WBA54KEU7, STM32WBA54KEU7TR, STM32WBA54KGU6, STM32WBA54KGU6TR, STM32WBA54KGU7, STM32WBA54KGU7TR, STM32WBA55CEU6, STM32WBA55CEU6TR, STM32WBA55CEU7, STM32WBA55CEU7TR, STM32WBA55CGU6, STM32WBA55CGU6TR, STM32WBA55CGU6U, STM32WBA55CGU7, STM32WBA55CGU7TR, STM32WBA55G-DK1, STM32WBA55HEF6, STM32WBA55HEF7, STM32WBA55HGF6, STM32WBA55HGF7, STM32WBA55UEI6, STM32WBA55UEI6TR, STM32WBA55UEI7, STM32WBA55UEI7TR, STM32WBA55UGI6, STM32WBA55UGI6TR, STM32WBA55UGI7, STM32WBA55UGI7TR, STM32WBA5MMGH6TR, STM32WBA62MGF6, STM32WBA62MIF6, STM32WBA65MGF7, STM32WBA65MIF6, STM32WBA65MIF7, STM32WL30K8V6, STM32WL30KBV6, STM32WL31C8V6, STM32WL31CBV6, STM32WL31K8V6, STM32WL31KBV6, STM32WL33C8V6, STM32WL33C8V6X, STM32WL33CBV6, STM32WL33CBV6X, STM32WL33CCV6, STM32WL33CCV6A, STM32WL33CCV6X, STM32WL33K8V7, STM32WL33K8V7X, STM32WL33KBV7 , STM32WL33KBV7X, STM32WL33KCV7, STM32WL33KCV7X, STM32WL5MOCH6, STM32WL5MOCH6TR]
2026-07-30 12:11:41,251 [INFO] DbMcus:218 - Found 5250 MCUs, 5097 are supported
2026-07-30 12:11:41,252 [INFO] ApiDb:423 - Load user favorites file C:\Users\ADMIN/.stm32cubeide/favorites.mcus.txt: 0 item(s)
2026-07-30 12:11:41,252 [INFO] ApiDb:427 - User favorites MCUs=[]
2026-07-30 12:11:41,252 [INFO] DbMcus:224 - Set 0 / 0 favorites MCUs
2026-07-30 12:11:41,893 [INFO] ApiDb:448 - Save user favorites file C:\Users\ADMIN/.stm32cubeide/favorites.boards.txt: 0 item(s)
2026-07-30 12:11:41,894 [INFO] ApiDb:452 - User favorites Boards=[]
2026-07-30 12:11:41,895 [INFO] ApiDb:581 - Connected to CubeFinder SQLite database (C:\Users\ADMIN\.stmcufinder\plugins\mcufinder\mcu\cube-finder-db.db)
2026-07-30 12:11:41,992 [INFO] ApiDb:668 - CubeFinder database Data Model version=2.1
2026-07-30 12:11:41,992 [INFO] ApiDb:669 - CubeFinder database Configuration version=3.0.42
2026-07-30 12:11:41,992 [INFO] ApiDb:670 - CubeFinder database generation date=2026-06-23 (1782213372)
2026-07-30 12:11:41,992 [INFO] ApiDb:671 - CubeFinder database FW Pack versions=[FP-ATR-ASTRA1_V2.0.0, FP-SNS-FLIGHT1_V5.1.0, FP-SNS-MOTENV1_V5.1.0, FP-SNS-MOTENVWB1_V1.5.0, FP-SNS-SMARTAG2_V1.2.0, FP-SNS-STBOX1_V2.1.0, STM32Cube_FW_C0_V1.4.0, STM32Cube_FW_F4_V1.28.3, STM32Cube_FW_F7_V1.17.4, STM32Cube_FW_G0_V1.6.3, STM32Cube_FW_G4_V1.6.2, STM32Cube_FW_H5_V1.7.0, STM32Cube_FW_H7RS_V1.3.0, STM32Cube_FW_H7_V1.13.0, STM32Cube_FW_L0_V1.12.2, STM32Cube_FW_L4_V1.18.2, STM32Cube_FW_L5_V1.6.0, STM32Cube_FW_N6_V1.4.0, STM32Cube_FW_U0_V1.3.0, STM32Cube_FW_U3_V1.4.0, STM32Cube_FW_U5_V1.9.0, STM32Cube_FW_WB0_V1.5.0, STM32Cube_FW_WBA_V1.10.0, STM32Cube_FW_WB_V1.24.0, STM32Cube_FW_WL3_V1.5.0, STM32Cube_FW_WL_V1.6.0, X-CUBE-ALGOBUILD_V1.5.0, X-CUBE-ALS_V1.0.2, X-CUBE-AZRTOS-F4_V1.1.0, X-CUBE-AZRTOS-F7_V1.1.0, X-CUBE-AZRTOS-G0_V1.1.0, X-CUBE-AZRTOS-G4_V2.0.0, X-CUBE-AZRTOS-H7RS_V1.1.0, X-CUBE-AZRTOS-H7_V3.5.0, X-CUBE-AZRTOS-L4_V2.0.0, X-CUBE-AZRTOS-L5_V2.0.0, X-CUBE-AZRTOS-WB_V2.0.0, X-CUBE-AZRTOS-WL_V2.0.0, X-CUBE-BLE1_V7.1.0, X-CUBE-BLE2_V3.3.0, X-CUBE-BLEMGR_V4.1.0, X-CUBE-EEPRMA1_V5.2.0, X-CUBE-FREERTOS_V1.5.0, X-CUBE-GNSS1_V7.1.1, X-CUBE-MEMS1_V12.1.0, X-CUBE-NFC4_V3.0.0, X-CUBE-NFC7_V2.0.0, X-CUBE-SFXS2LP1_V4.0.0, X-CUBE-ST67W61_V1.3.0, X-CUBE-SUBG2_V5.0.0, X-CUBE-TOF1_V3.4.3]
2026-07-30 12:11:42,061 [INFO] DbBoardsSqlite:226 - include board P-NUCLEO-WB55-NUCLEO as a kit item of type 'Nucleo-64'
2026-07-30 12:11:42,061 [INFO] DbBoardsSqlite:226 - include board P-NUCLEO-WB55-USBDONGLE as a kit item of type 'Nucleo USB Dongle'
2026-07-30 12:11:42,061 [INFO] DbBoardsSqlite:226 - include board STEVAL-IDP005V1 as a kit item of type 'Evaluation Board'
2026-07-30 12:11:42,062 [INFO] DbBoardsSqlite:226 - include board STEVAL-IDP005V2 as a kit item of type 'Evaluation Board'
2026-07-30 12:11:42,157 [INFO] ApiDb:240 - Found 880 in-development CPN: [B-G473E-ZEST1S, B-WB1M-WPAN1, B-WBA5M-WPAN, B-WL5M-SUBG1, NUCLEO-C031C6, NUCLEO-C051C8, NUCLEO-C071RB, NUCLEO-C092RC, NUCLEO-H503RB, NUCLEO-H533RE, NUCLEO-H563ZI, NUCLEO-H7S3L8, NUCLEO-N657X0-Q, NUCLEO-U031R8, NUCLEO-U083RC, NUCLEO-U385RG-Q, NUCLEO-U545RE-Q, NUCLEO-U5A5ZJ-Q, NUCLEO-WB05KZ, NUCLEO-WB07CC, NUCLEO-WB09KE, NUCLEO-WBA52CG, NUCLEO-WBA55CG, NUCLEO-WL33CC1, NUCLEO-WL33CC2, STEVAL-PROTEUS1, STEVAL-SMARTAG2, STEVAL-STWINBX1, STM320518-EVAL, STM32C0116-DK, STM32C011D6Y3TR, STM32C011D6Y6TR, STM32C011F4P3, STM32C011F4P6, STM32C011F4U3, STM32C011F4U6TR, STM32C011F6P3, STM32C011F6P6, STM32C011F6U3, STM32C011F6U6TR, STM32C011J4M3, STM32C011J4M6, STM32C011J6M3, STM32C011J6M6, STM32C0316-DK, STM32C031C4T3, STM32C031C4T6, STM32C031C4U3, STM32C031C4U6, STM32C031C6T3, STM32C031C6T6, STM32C031C6U3, STM32C031C6U6, STM32C031F4P3, STM32C031F4P6, STM32C031F6P3, STM32C031F6P6, STM32C031G4U3, STM32C031G4U6, STM32C031G6U3, STM32C031G6U6, STM32C031K4T3, STM32C031K4T6, STM32C031K4U3, STM32C031K4U6, STM32C031K6T3, STM32C031K6T6, STM32C031K6U3, STM32C031K6U6, STM32C051C6T6, STM32C051C6U6, STM32C051C8T6, STM32C051C8U6, STM32C051D8Y6TR, STM32C051F6P6, STM32C051F8P6, STM32C051G6U6, STM32C051G8U6, STM32C051K6T6, STM32C051K6U6, STM32C051K8T6, STM32C071C8T6, STM32C071C8T6N, STM32C071C8U6, STM32C071C8U6N, STM32C071CBT6, STM32C071CBT6N, STM32C071CBU6, STM32C071CBU6N, STM32C071F8P6, STM32C071F8P6N, STM32C071FBP6, STM32C071FBP6N, STM32C071FBY6TR, STM32C071G8U6, STM32C071G8U6N, STM32C071GBU6, STM32C071GBU6N, STM32C071K8T6, STM32C071K8T6N, STM32C071K8U6, STM32C071K8U6N, STM32C071KBT6, STM32C071KBT6N, STM32C071KBU6, STM32C071KBU6N, STM32C071R8T6, STM32C071R8T6N, STM32C071RBI6N, STM32C071RBT6, STM32C071RBT6N, STM32C091CBT6, STM32C091CBU6, STM32C091CCT6, STM32C091CCU6, STM32C091ECY6TR, STM32C091FBP6, STM32C091FCP6, STM32C091GBU6, STM32C091GCU6, STM32C091KBT6, STM32C091KBU6, STM32C091KCT6, STM32C091KCU6, STM32C091RBT6, STM32C091RCI6, STM32C091RCT6, STM32C092CBT6, STM32C092CBU6, STM32C092CCT6, STM32C092CCU6, STM32C092ECY6TR, STM32C092FBP6, STM32C092FCP6, STM32C092GBU6, STM32C092GCU6, STM32C092KBT6, STM32C092KBU6, STM32C092KCT6, STM32C092KCU6, STM32C092RBT6, STM32C092RCI6, STM32C092RCT6, STM32G071K8TXN, STM32G071K8UXN, STM32G081GBU6N, STM32G081KBT6N, STM32G081KBUXN, STM32G0B1CCT6N, STM32G0B1KCT6, STM32G0B1NEY6TR, STM32G0B1RCT6N, STM32G0C1CCT6, STM32G0C1CCT6N, STM32G0C1CCU6N, STM32G0C1CET6N, STM32G0C1CEU6N, STM32G0C1KCT6, STM32G0C1NEY6TR, STM32G0C1RCI6N, STM32G0C1RCT6N, STM32G0C1REI6N, STM32G0C1RET6N, STM32G0C1VCI6, STM32G0C1VEI6, STM32G411C6T3, STM32G411C6T6, STM32G411C6U3, STM32G411C6U6, STM32G411C8T3, STM32G411C8T6, STM32G411C8U3, STM32G411C8U6, STM32G411CBT3, STM32G411CBT6, STM32G411CBU3, STM32G411CBU6, STM32G411K6T3, STM32G411K6T6, STM32G411K6U3, STM32G411K6U6, STM32G411K8T3, STM32G411K8T6, STM32G411K8U3, STM32G411K8U6, STM32G411KBT3, STM32G411KBT6, STM32G411KBU3, STM32G411KBU6, STM32G411M6T3, STM32G411M6T6, STM32G411M8T3, STM32G411M8T6, STM32G411MBT3, STM32G411MBT6, STM32G411R6T3, STM32G411R6T6, STM32G411R8T3, STM32G411R8T6, STM32G411RBT3, STM32G411RBT6, STM32G414CBT3, STM32G414CBT6, STM32G414CBU3, STM32G414CBU6, STM32G414CCT3, STM32G414CCT6, STM32G414CCU3, STM32G414CCU6, STM32G414MBT3, STM32G414MBT6, STM32G414MCT3, STM32G414MCT6, STM32G414RBT3, STM32G414RBT6, STM32G414RCT3, STM32G414RCT6, STM32G414VBT3, STM32G414VBT6, STM32G414VCT3, STM32G414VCT6, STM32G431CBT3Z, STM32G431RBT3Z, STM32G471CCT6, STM32G471CCU6, STM32G471CET3, STM32G471CET6, STM32G471CEU3, STM32G471CEU6, STM32G471MCT6, STM32G471MET3, STM32G471MET6, STM32G471MEY6TR, STM32G471QCT6, STM32G471QET3, STM32G471RCT6, STM32G471RET3, STM32G471RET6, STM32G471VCH6, STM32G471VCI6, STM32G471VCT6, STM32G471VEH3, STM32G471VEH6, STM32G471VEI3, STM32G471VEI6, STM32G471VET3, STM32G471VET6, STM32G473QET3Z, STM32G473RET3Z, STM32G474CCT6, STM32G491RET3Z, STM32H503CBT6, STM32H503CBU6, STM32H503EBY6TR, STM32H503KBU6, STM32H503RBT6, STM32H523CCT6, STM32H523CCU6, STM32H523CET6, STM32H523CEU6, STM32H523HEY6TR, STM32H523RCT6, STM32H523RET6, STM32H523VCI6, STM32H523VCT6, STM32H523VEI6, STM32H523VET6, STM32H523ZCJ6, STM32H523ZCT6, STM32H523ZEJ6, STM32H523ZET6, STM32H533CET6, STM32H533CEU6, STM32H533HEY6TR, STM32H533RET6, STM32H533VEI6, STM32H533VET6, STM32H533ZEJ6, STM32H533ZET6, STM32H562AGI6, STM32H562AII6, STM32H562IGK6, STM32H562IGT6, STM32H562IIK6, STM32H562IIT6, STM32H562RGT6, STM32H562RGV6, STM32H562RIT6, STM32H562RIV6, STM32H562VGT6, STM32H562VIT6, STM32H562ZGT6, STM32H562ZIT6, STM32H563AGI6, STM32H563AII3Q, STM32H563AII6, STM32H563IGK6, STM32H563IGT6, STM32H563IIK3Q, STM32H563IIK6, STM32H563IIT3Q, STM32H563IIT6, STM32H563MIY3QTR, STM32H563RGT6, STM32H563RGV6, STM32H563RIT6, STM32H563RIV6, STM32H563VGT6, STM32H563VIT3Q, STM32H563VIT6, STM32H563ZGT6, STM32H563ZIT3Q, STM32H563ZIT6, STM32H573AII3Q, STM32H573AII6, STM32H573I-DK, STM32H573IIK3Q, STM32H573IIK6, STM32H573IIT3Q, STM32H573IIT6, STM32H573MIY3QTR, STM32H573RIT6, STM32H573RIV6, STM32H573VIT3Q, STM32H573VIT6, STM32H573ZIT3Q, STM32H573ZIT6, STM32H7R3A8I6, STM32H7R3I8K6, STM32H7R3I8T6, STM32H7R3L8H6, STM32H7R3L8H6H, STM32H7R3R8V6, STM32H7R3V8H6, STM32H7R3V8T6, STM32H7R3V8Y6TR, STM32H7R3Z8J6, STM32H7R3Z8T6, STM32H7R7A8I6, STM32H7R7I8K6, STM32H7R7I8T6, STM32H7R7L8H6, STM32H7R7L8H6H, STM32H7R7Z8J6, STM32H7S3A8I6, STM32H7S3I8K6, STM32H7S3I8T6, STM32H7S3L8H6, STM32H7S3L8H6H, STM32H7S3R8V6, STM32H7S3V8H6, STM32H7S3V8T6, STM32H7S3V8Y6TR, STM32H7S3Z8J6, STM32H7S3Z8T6, STM32H7S78-DK, STM32H7S7A8I6, STM32H7S7I8K6, STM32H7S7I8T6, STM32H7S7L8H6, STM32H7S7L8H6H, STM32H7S7Z8J6, STM32L4R5QGI6STR, STM32MP131AAE3, STM32MP131AAF3, STM32MP131AAG3, STM32MP131CAE3, STM32MP131CAF3, STM32MP131CAG3, STM32MP131DAE7, STM32MP131DAF7, STM32MP131DAG7, STM32MP131FAE7, STM32MP131FAF7, STM32MP131FAG7, STM32MP133AAE3, STM32MP133AAF3, STM32MP133AAG3, STM32MP133CAE3, STM32MP133CAF3, STM32MP133CAG3, STM32MP133DAE7, STM32MP133DAF7, STM32MP133DAG7, STM32MP133FAE7, STM32MP133FAF7, STM32MP133FAG7, STM32MP135AAE3, STM32MP135AAF3, STM32MP135AAG3, STM32MP135CAE3, STM32MP135CAF3, STM32MP135CAG3, STM32MP135DAE7, STM32MP135DAF7, STM32MP135DAG7, STM32MP135F-DK, STM32MP135FAE7, STM32MP135FAF7, STM32MP135FAF7T, STM32MP135FAF7U, STM32MP135FAG7, STM32MP211AAL3, STM32MP211AAM3, STM32MP211AAN3, STM32MP211AAO3, STM32MP211CAL3, STM32MP211CAM3, STM32MP211CAN3, STM32MP211CAO3, STM32MP211DAL3, STM32MP211DAM3, STM32MP211DAN3, STM32MP211DAO3, STM32MP211FAL3, STM32MP211FAM3, STM32MP211FAN3, STM32MP211FAO3, STM32MP213AAL3, STM32MP213AAM3, STM32MP213AAN3, STM32MP213AAO3, STM32MP213CAL3, STM32MP213CAM3, STM32MP213CAN3, STM32MP213CAO3, STM32MP213DAL3, STM32MP213DAM3, STM32MP213DAN3, STM32MP213DAO3, STM32MP213FAL3, STM32MP213FAM3, STM32MP213FAN3, STM32MP213FAO3, STM32MP215AAL3, STM32MP215AAM3, STM32MP215AAN3, STM32MP215AAO3, STM32MP215CAL3, STM32MP215CAM3, STM32MP215CAN3, STM32MP215CAO3, STM32MP215DAL3, STM32MP215DAM3, STM32MP215DAN3, STM32MP215DAO3, STM32MP215F-DK, STM32MP215FAL3, STM32MP215FAM3, STM32MP215FAN3, STM32MP215FAO3, STM32MP231AAJ3, STM32MP231AAK3, STM32MP231AAL3, STM32MP231CAJ3, STM32MP231CAK3, STM32MP231CAL3, STM32MP231DAJ3, STM32MP231DAK3, STM32MP231DAL3, STM32MP231FAJ3, STM32MP231FAK3, STM32MP231FAL3, STM32MP233AAJ3, STM32MP233AAK3, STM32MP233AAL3, STM32MP233CAJ3, STM32MP233CAK3, STM32MP233CAL3, STM32MP233DAJ3, STM32MP233DAK3, STM32MP233DAL3, STM32MP233FAJ3, STM32MP233FAK3, STM32MP233FAL3, STM32MP235AAJ3, STM32MP235AAK3, STM32MP235AAL3, STM32MP235CAJ3, STM32MP235CAK3, STM32MP235CAL3, STM32MP235DAJ3, STM32MP235DAK3, STM32MP235DAL3, STM32MP235FAJ3, STM32MP235FAK3, STM32MP235FAL3, STM32MP251AAI3, STM32MP251AAK3, STM32MP251AAL3, STM32MP251CAI3, STM32MP251CAK3, STM32MP251CAL3, STM32MP251DAI3, STM32MP251DAK3, STM32MP251DAL3, STM32MP251FAI3, STM32MP251FAK3, STM32MP251FAL3, STM32MP253AAI3, STM32MP253AAK3, STM32MP253AAL3, STM32MP253CAI3, STM32MP253CAK3, STM32MP253CAL3, STM32MP253DAI3, STM32MP253DAK3, STM32MP253DAL3, STM32MP253FAI3, STM32MP253FAK3, STM32MP253FAL3, STM32MP255AAI3, STM32MP255AAK3, STM32MP255AAL3, STM32MP255CAI3, STM32MP255CAK3, STM32MP255CAL3, STM32MP255DAI3, STM32MP255DAK3, STM32MP255DAL3, STM32MP255FAI3, STM32MP255FAK3, STM32MP255FAL3, STM32MP257AAI3, STM32MP257AAK3, STM32MP257AAL3, STM32MP257CAI3, STM32MP257CAK3, STM32MP257CAL3, STM32MP257DAI3, STM32MP257DAK3, STM32MP257DAL3, STM32MP257F-DK, STM32MP257F-EV1, STM32MP257FAI3, STM32MP257FAK3, STM32MP257FAL3, STM32N645A0H3Q, STM32N645B0H3Q, STM32N645I0H3Q, STM32N645L0H3Q, STM32N645X0H3Q, STM32N645Z0H3Q, STM32N647A0H3Q, STM32N647B0H3Q, STM32N647I0H3Q, STM32N647L0H3Q, STM32N647X0H3Q, STM32N647Z0H3Q, STM32N655A0H3Q, STM32N655B0H3Q, STM32N655I0H3Q, STM32N655L0H3Q, STM32N655X0H3Q, STM32N655Z0H3Q, STM32N6570-DK, STM32N657A0H3Q, STM32N657B0H3Q, STM32N657I0H3Q, STM32N657L0H3Q, STM32N657X0H3Q, STM32N657Z0H3Q, STM32U031C6T6, STM32U031C6U6, STM32U031C8T6, STM32U031C8U6, STM32U031F4P6, STM32U031F6P6, STM32U031F8P6, STM32U031G6Y6TR, STM32U031G8Y6TR, STM32U031K4U6, STM32U031K6U6, STM32U031K8U6, STM32U031R6I6, STM32U031R6T6, STM32U031R8I6, STM32U031R8T6, STM32U073C8T6, STM32U073C8U6, STM32U073CBT6, STM32U073CBU6, STM32U073CCT6, STM32U073CCU6, STM32U073H8Y6TR, STM32U073HBY6TR, STM32U073HCY6TR, STM32U073K8U6, STM32U073KBU6, STM32U073KCU6, STM32U073M8I6, STM32U073M8T6, STM32U073MBI6, STM32U073MBT6, STM32U073MCI6, STM32U073MCT6, STM32U073R8I6, STM32U073R8T6, STM32U073RBI6, STM32U073RBT6, STM32U073RCI6, STM32U073RCT6, STM32U083C-DK, STM32U083CCT6, STM32U083CCU6, STM32U083HCY6TR, STM32U083KCU6, STM32U083MCI6, STM32U083MCT6, STM32U083RCI6, STM32U083RCT6, STM32U375CET6, STM32U375CET6Q, STM32U375CEU6, STM32U375CEU6Q, STM32U375CEY6QTR, STM32U375CGT6, STM32U375CGT6Q, STM32U375CGU6, STM32U375CGU6Q, STM32U375CGY6QTR, STM32U375KEU6, STM32U375KGU6, STM32U375REI6, STM32U375REI6Q, STM32U375RET6, STM32U375RET6Q, STM32U375REY6GTR, STM32U375REY6QTR, STM32U375RGI6, STM32U375RGI6Q, STM32U375RGT6, STM32U375RGT6Q, STM32U375RGY6GTR, STM32U375RGY6QTR, STM32U375VEI6, STM32U375VEI6Q, STM32U375VET6, STM32U375VET6Q, STM32U375VGI6, STM32U375VGI6Q, STM32U375VGT6, STM32U375VGT6Q, STM32U385CGT6, STM32U385CGT6Q, STM32U385CGU6, STM32U385CGU6Q, STM32U385CGY6QTR, STM32U385KGU6, STM32U385RGI6, STM32U385RGI6Q, STM32U385RGT6, STM32U385RGT6Q, STM32U385RGY6GTR, STM32U385RGY6QTR, STM32U385VGI6, STM32U385VGI6Q, STM32U385VGT6, STM32U385VGT6Q, STM32U535CBT6, STM32U535CBT6Q, STM32U535CBU6, STM32U535CBU6Q, STM32U535CCT6, STM32U535CCT6Q, STM32U535CCU6, STM32U535CCU6Q, STM32U535CET6, STM32U535CET6Q, STM32U535CEU6, STM32U535CEU6Q, STM32U535JEY6QTR, STM32U535NCY6QTR, STM32U535NEY6QTR, STM32U535RBI6, STM32U535RBI6Q, STM32U535RBT6, STM32U535RBT6Q, STM32U535RCI6, STM32U535RCI6Q, STM32U535RCT6, STM32U535RCT6Q, STM32U535REI6, STM32U535REI6Q, STM32U535RET6, STM32U535RET6Q, STM32U535VCI6, STM32U535VCI6Q, STM32U535VCT6, STM32U535VCT6Q, STM32U535VEI6, STM32U535VEI6Q, STM32U535VET6, STM32U535VET6Q, STM32U545CET6, STM32U545CET6Q, STM32U545CEU6, STM32U545CEU6Q, STM32U545JEY6QTR, STM32U545NEY6QTR, STM32U545REI6, STM32U545REI6Q, STM32U545RET6, STM32U545RET6Q, STM32U545VEI6, STM32U545VEI6Q, STM32U545VET6, STM32U545VET6Q, STM32U595AIH6, STM32U595AIH6Q, STM32U595AJH6, STM32U595AJH6Q, STM32U595QII6, STM32U595QII6Q, STM32U595QJI6, STM32U595QJI6Q, STM32U595RIT6, STM32U595RIT6Q, STM32U595RJT6, STM32U595RJT6Q, STM32U595VIT6, STM32U595VIT6Q, STM32U595VJT6, STM32U595VJT6Q, STM32U595ZIT6, STM32U595ZIT6Q, STM32U595ZIY6QTR, STM32U595ZJT6, STM32U595ZJT6Q, STM32U595ZJY6QTR, STM32U599BJY6QTR, STM32U599NIH6Q, STM32U599NJH6Q, STM32U599VIT6Q, STM32U599VJT6, STM32U599VJT6Q, STM32U599ZIT6Q, STM32U599ZIY6QTR, STM32U599ZJT6Q, STM32U599ZJY6QTR, STM32U5A5AJH6, STM32U5A5AJH6Q, STM32U5A5QII3Q , STM32U5A5QJI6, STM32U5A5QJI6Q, STM32U5A5RJT6, STM32U5A5RJT6Q, STM32U5A5VJT6, STM32U5A5VJT6Q, STM32U5A5ZJT6, STM32U5A5ZJT6Q, STM32U5A5ZJY6QTR, STM32U5A9BJY6QTR, STM32U5A9J-DK, STM32U5A9NJH6Q, STM32U5A9VJT6Q, STM32U5A9ZJT6Q, STM32U5A9ZJY6QTR, STM32U5F7VIT6, STM32U5F7VIT6Q, STM32U5F7VJT6, STM32U5F7VJT6Q, STM32U5F9BJY6QTR, STM32U5F9NJH6Q, STM32U5F9VIT6Q, STM32U5F9VJT6Q, STM32U5F9ZIJ6QTR, STM32U5F9ZIT6Q, STM32U5F9ZJJ6QTR, STM32U5F9ZJT6Q, STM32U5G7VJT6, STM32U5G7VJT6Q, STM32U5G9BJY6QTR, STM32U5G9J-DK1, STM32U5G9J-DK2, STM32U5G9NJH6Q, STM32U5G9VJT6Q, STM32U5G9ZJJ6QTR, STM32U5G9ZJT6Q, STM32WB05KZV6TR, STM32WB05KZV7TR, STM32WB05TZF6TR, STM32WB05TZF7TR, STM32WB06CCF6TR, STM32WB06CCF7TR, STM32WB06CCV6TR, STM32WB06CCV7TR, STM32WB06KCV6TR, STM32WB06KCV7TR, STM32WB07CCF6TR, STM32WB07CCF7TR, STM32WB07CCV6TR, STM32WB07CCV7TR, STM32WB07KCV6TR, STM32WB07KCV7TR, STM32WB09KEV6TR, STM32WB09KEV7TR, STM32WB09TEF6TR, STM32WB09TEF7TR, STM32WB1MMCH6, STM32WBA50KGU6, STM32WBA50KGU6TR, STM32WBA52CEU6, STM32WBA52CEU6TR, STM32WBA52CEU7, STM32WBA52CEU7TR, STM32WBA52CGU6, STM32WBA52CGU6TR, STM32WBA52CGU6U, STM32WBA52CGU7, STM32WBA52CGU7TR, STM32WBA52KEU6, STM32WBA52KEU6TR, STM32WBA52KGU6, STM32WBA52KGU6TR, STM32WBA54CEU6, STM32WBA54CEU6TR, STM32WBA54CEU7, STM32WBA54CEU7TR, STM32WBA54CGU6, STM32WBA54CGU6TR, STM32WBA54CGU7, STM32WBA54CGU7TR, STM32WBA54KEU6, STM32WBA54KEU6TR, STM32WBA54KEU7, STM32WBA54KEU7TR, STM32WBA54KGU6, STM32WBA54KGU6TR, STM32WBA54KGU7, STM32WBA54KGU7TR, STM32WBA55CEU6, STM32WBA55CEU6TR, STM32WBA55CEU7, STM32WBA55CEU7TR, STM32WBA55CGU6, STM32WBA55CGU6TR, STM32WBA55CGU6U, STM32WBA55CGU7, STM32WBA55CGU7TR, STM32WBA55G-DK1, STM32WBA55HEF6, STM32WBA55HEF7, STM32WBA55HGF6, STM32WBA55HGF7, STM32WBA55UEI6, STM32WBA55UEI6TR, STM32WBA55UEI7, STM32WBA55UEI7TR, STM32WBA55UGI6, STM32WBA55UGI6TR, STM32WBA55UGI7, STM32WBA55UGI7TR, STM32WBA5MMGH6TR, STM32WBA62MGF6, STM32WBA62MIF6, STM32WBA65MGF7, STM32WBA65MIF6, STM32WBA65MIF7, STM32WL30K8V6, STM32WL30KBV6, STM32WL31C8V6, STM32WL31CBV6, STM32WL31K8V6, STM32WL31KBV6, STM32WL33C8V6, STM32WL33C8V6X, STM32WL33CBV6, STM32WL33CBV6X, STM32WL33CCV6, STM32WL33CCV6A, STM32WL33CCV6X, STM32WL33K8V7, STM32WL33K8V7X, STM32WL33KBV7 , STM32WL33KBV7X, STM32WL33KCV7, STM32WL33KCV7X, STM32WL5MOCH6, STM32WL5MOCH6TR]
2026-07-30 12:11:42,375 [INFO] BoardInfo:889 - No configuration file found for board NUCLEO-H5E5ZJ
2026-07-30 12:11:42,378 [INFO] DbBoards:161 - Board is not supported: NUCLEO-H5E5ZJ
2026-07-30 12:11:42,508 [INFO] BoardInfo:889 - No configuration file found for board NUCLEO-U3C5ZI-Q
2026-07-30 12:11:42,510 [INFO] DbBoards:161 - Board is not supported: NUCLEO-U3C5ZI-Q
2026-07-30 12:11:42,544 [INFO] BoardInfo:889 - No configuration file found for board NUCLEO-WBA25CE1
2026-07-30 12:11:42,546 [INFO] DbBoards:161 - Board is not supported: NUCLEO-WBA25CE1
2026-07-30 12:11:42,569 [INFO] BoardInfo:889 - No configuration file found for board NUCLEO-WL3RKB1
2026-07-30 12:11:42,571 [INFO] DbBoards:161 - Board is not supported: NUCLEO-WL3RKB1
2026-07-30 12:11:42,573 [INFO] BoardInfo:889 - No configuration file found for board NUCLEO-WL3RKB2
2026-07-30 12:11:42,576 [INFO] DbBoards:161 - Board is not supported: NUCLEO-WL3RKB2
2026-07-30 12:11:42,594 [INFO] BoardInfo:889 - No configuration file found for board P-NUCLEO-WB55
2026-07-30 12:11:42,596 [INFO] DbBoards:161 - Kit is not supported: P-NUCLEO-WB55
2026-07-30 12:11:42,611 [INFO] BoardInfo:889 - No configuration file found for board STEVAL-BFA001V1B
2026-07-30 12:11:42,613 [INFO] DbBoards:161 - Kit is not supported: STEVAL-BFA001V1B
2026-07-30 12:11:42,615 [INFO] BoardInfo:889 - No configuration file found for board STEVAL-BFA001V2B
2026-07-30 12:11:42,617 [INFO] DbBoards:161 - Kit is not supported: STEVAL-BFA001V2B
2026-07-30 12:11:42,861 [INFO] BoardInfo:889 - No configuration file found for board STM32H5F5J-DK
2026-07-30 12:11:42,864 [INFO] DbBoards:161 - Board is not supported: STM32H5F5J-DK
2026-07-30 12:11:43,069 [INFO] DbBoards:168 - Found 218 boards, 209 are supported
2026-07-30 12:11:43,069 [INFO] DbBoards:169 - Found 218 boards, 43 of them is supported for  Bsp
2026-07-30 12:11:43,071 [INFO] ApiDb:423 - Load user favorites file C:\Users\ADMIN/.stm32cubeide/favorites.boards.txt: 0 item(s)
2026-07-30 12:11:43,071 [INFO] ApiDb:427 - User favorites Boards=[]
2026-07-30 12:11:43,071 [INFO] DbBoards:198 - Set 0 / 0 favorites Boards
2026-07-30 12:11:43,072 [ERROR] TargetSelectorAdapter:267 - Unable to refresh data
2026-07-30 12:11:43,128 [INFO] McuFinderGlobals:76 - Set McuFinderConnectedMode to true
2026-07-30 12:11:43,130 [INFO] MultiScanPanel:200 - Auto-refresh data requested => check proxy status ongoing
2026-07-30 12:11:43,131 [INFO] FinderPluginLoader:96 - Searching for filters in installed packs
2026-07-30 12:11:45,547 [INFO] LoadUrlFilesThread:185 - End of LoadServerUrlFiles without Thread
2026-07-30 12:11:45,547 [INFO] DetailPanel:341 - Set advertising image to C:/Users/ADMIN/STM32Cube/Repository/\en.stm32h5cubemxbanner.png
2026-07-30 12:11:49,357 [INFO] MultiScanPanel:200 - Auto-refresh data requested => check proxy status ongoing
2026-07-30 12:11:49,472 [INFO] LoadUrlFilesThread:185 - End of LoadServerUrlFiles without Thread
2026-07-30 12:11:49,473 [INFO] DetailPanel:341 - Set advertising image to C:/Users/ADMIN/STM32Cube/Repository/\en.stm32h5cubemxbanner.png
2026-07-30 12:11:49,482 [INFO] DbBoards:642 - Loading board mini-images...
2026-07-30 12:11:52,411 [INFO] DbBoards:665 - Loaded 218 board mini-images
2026-07-30 12:12:27,473 [INFO] MainUpdater:2872 - connection check result : 10
2026-07-30 12:12:27,473 [INFO] MainUpdater:2872 - connection check result : 10
2026-07-30 12:12:27,764 [INFO] I2cTimingTraitement:330 - 0x30A175AB
2026-07-30 12:12:27,781 [INFO] MicroXplorer:468 - Change Database Path : 
2026-07-30 12:12:27,782 [INFO] MicroXplorer:498 - Change Database Version : DB.6.0.150
2026-07-30 12:12:27,879 [ERROR] ProjectManagerView:395 - 
java.lang.NullPointerException: Cannot invoke "javax.swing.JTextField.getText()" because the return value of "java.util.List.get(int)" is null
	at com.st.microxplorer.plugins.projectmanager.gui.ProjectChoiceTab$9.caretUpdate(ProjectChoiceTab.java:2706) ~[filemanager.jar:?]
	at javax.swing.text.JTextComponent.fireCaretUpdate(JTextComponent.java:408) ~[?:?]
	at javax.swing.text.JTextComponent$MutableCaretEvent.fire(JTextComponent.java:4484) ~[?:?]
	at javax.swing.text.JTextComponent$MutableCaretEvent.stateChanged(JTextComponent.java:4506) ~[?:?]
	at javax.swing.text.DefaultCaret.fireStateChanged(DefaultCaret.java:857) ~[?:?]
	at javax.swing.text.DefaultCaret.changeCaretPosition(DefaultCaret.java:1343) ~[?:?]
	at javax.swing.text.DefaultCaret.handleSetDot(DefaultCaret.java:1242) ~[?:?]
	at javax.swing.text.DefaultCaret.setDot(DefaultCaret.java:1223) ~[?:?]
	at javax.swing.text.DefaultCaret$Handler.insertUpdate(DefaultCaret.java:1819) ~[?:?]
	at javax.swing.text.AbstractDocument.fireInsertUpdate(AbstractDocument.java:227) ~[?:?]
	at javax.swing.text.AbstractDocument.handleInsertString(AbstractDocument.java:781) ~[?:?]
	at javax.swing.text.AbstractDocument.insertString(AbstractDocument.java:740) ~[?:?]
	at javax.swing.text.PlainDocument.insertString(PlainDocument.java:131) ~[?:?]
	at javax.swing.text.AbstractDocument.replace(AbstractDocument.java:699) ~[?:?]
	at javax.swing.text.JTextComponent.setText(JTextComponent.java:1725) ~[?:?]
	at com.st.microxplorer.plugins.projectmanager.gui.ProjectChoiceTab.createHeapStackFields(ProjectChoiceTab.java:993) ~[filemanager.jar:?]
	at com.st.microxplorer.plugins.projectmanager.gui.ProjectChoiceTab.buildLinkSettingsPanel(ProjectChoiceTab.java:3813) ~[filemanager.jar:?]
	at com.st.microxplorer.plugins.projectmanager.gui.ProjectChoiceTab.defineWindowsFields(ProjectChoiceTab.java:1987) ~[filemanager.jar:?]
	at com.st.microxplorer.plugins.projectmanager.gui.ProjectChoiceTab.updateSettings(ProjectChoiceTab.java:558) ~[filemanager.jar:?]
	at com.st.microxplorer.plugins.projectmanager.gui.ProjectSettingsPanel.UpdateDialog(ProjectSettingsPanel.java:247) ~[filemanager.jar:?]
	at com.st.microxplorer.plugins.projectmanager.ProjectManagerView.propertyChange(ProjectManagerView.java:392) ~[filemanager.jar:?]
	at java.beans.PropertyChangeSupport.fire(PropertyChangeSupport.java:343) ~[?:?]
	at java.beans.PropertyChangeSupport.firePropertyChange(PropertyChangeSupport.java:335) ~[?:?]
	at java.beans.PropertyChangeSupport.firePropertyChange(PropertyChangeSupport.java:268) ~[?:?]
	at com.st.microxplorer.util.MXPropertyChangeSupport.firePropertyChange(MXPropertyChangeSupport.java:54) ~[STM32CubeMX.jar:?]
	at com.st.microxplorer.mxsystem.MxSystem.closeConfig(MxSystem.java:899) ~[STM32CubeMX.jar:?]
	at com.st.microxplorer.maingui.MainPanel.closeConfig(MainPanel.java:792) ~[STM32CubeMX.jar:?]
	at com.st.microxplorer.plugins.filemanager.engine.OpenFileManager.loadConfigurationFile(OpenFileManager.java:288) ~[filemanager.jar:?]
	at com.st.microxplorer.plugins.filemanager.engine.MainFileManager.userLoadConfig(MainFileManager.java:364) ~[filemanager.jar:?]
	at com.st.microxplorer.plugins.filemanager.FileManagerView.getSpecificTask(FileManagerView.java:268) ~[filemanager.jar:?]
	at com.st.stm32cube.common.mx.editor.CubeMxEditor.getMxTabbedPaneInstance(CubeMxEditor.java:1191) ~[com.st.stm32cube.common.mx_6.15.0.202507011659/:?]
	at com.st.stm32cube.common.mx.editor.CubeMxEditor$12$1.createSwingComponent(CubeMxEditor.java:1068) ~[com.st.stm32cube.common.mx_6.15.0.202507011659/:?]
	at com.st.stm32cube.common.mx.oss.core.awtswtbridge.EmbeddedSwingComposite.doComponentCreation(EmbeddedSwingComposite.java:492) ~[com.st.stm32cube.common.mx.oss_6.15.0.202507011659/:?]
	at com.st.stm32cube.common.mx.oss.core.awtswtbridge.EmbeddedSwingComposite$4.run(EmbeddedSwingComposite.java:291) ~[com.st.stm32cube.common.mx.oss_6.15.0.202507011659/:?]
	at com.st.stm32cube.common.mx.oss.core.awtswtbridge.AwtEnvironment$2.run(AwtEnvironment.java:166) ~[com.st.stm32cube.common.mx.oss_6.15.0.202507011659/:?]
	at java.awt.event.InvocationEvent.dispatch(InvocationEvent.java:318) ~[?:?]
	at java.awt.EventQueue.dispatchEventImpl(EventQueue.java:773) ~[?:?]
	at java.awt.EventQueue$4.run(EventQueue.java:720) ~[?:?]
	at java.awt.EventQueue$4.run(EventQueue.java:714) ~[?:?]
	at java.security.AccessController.doPrivileged(AccessController.java:400) ~[?:?]
	at java.security.ProtectionDomain$JavaSecurityAccessImpl.doIntersectionPrivilege(ProtectionDomain.java:87) ~[?:?]
	at java.awt.EventQueue.dispatchEvent(EventQueue.java:742) ~[?:?]
	at java.awt.EventDispatchThread.pumpOneEventForFilters(EventDispatchThread.java:203) ~[?:?]
	at java.awt.EventDispatchThread.pumpEventsForFilter(EventDispatchThread.java:124) ~[?:?]
	at java.awt.EventDispatchThread.pumpEventsForHierarchy(EventDispatchThread.java:113) ~[?:?]
	at java.awt.EventDispatchThread.pumpEvents(EventDispatchThread.java:109) ~[?:?]
	at java.awt.EventDispatchThread.pumpEvents(EventDispatchThread.java:101) ~[?:?]
	at java.awt.EventDispatchThread.run(EventDispatchThread.java:90) ~[?:?]
2026-07-30 12:12:27,923 [WARN] ThirdParty:871 - waiting for thirdparty lock release [close project]
2026-07-30 12:12:27,923 [INFO] ThirdParty:873 - entering critical section [close project]
2026-07-30 12:12:27,923 [INFO] ThirdParty:883 - exiting critical section [close project]
2026-07-30 12:12:27,931 [INFO] PinOutPanel:1589 - setPackage(No Configuration,No Configuration)
2026-07-30 12:12:27,963 [INFO] UtilMem:75 - Begin LoadConfig() Used Memory: 856187640 Bytes (997195776)
2026-07-30 12:12:27,965 [INFO] OpenFileManager:355 - Change cursor
2026-07-30 12:12:28,024 [INFO] RulesReader:64 - Compatibility file has been processed (317 Rules)
2026-07-30 12:12:28,037 [INFO] ProjectFactory:514 - No CPN specified for board B-L4S5I-IOT01A => set CPN to STM32L4S5VIT6
2026-07-30 12:12:28,038 [INFO] Mcu:2029 - Initializing MCU STM32L4S5VITx STM32L4S5VITx STM32L4S5VIT6
2026-07-30 12:12:31,590 [INFO] Context:786 - Trying to add GPIOservice into a context  which must be forbidden
2026-07-30 12:12:32,600 [INFO] Rule:233 - rule 117617 - U5Cobra4M][GTZC] default value MPCBB3 and MPCBB5 - Not Secured memory - MPCBB1 is applicable
2026-07-30 12:12:32,600 [INFO] Rule:233 - rule 117617 - U5Cobra4M][GTZC] default value MPCBB3 and MPCBB5 - Not Secured memory - MPCBB1 is applicable
2026-07-30 12:12:32,600 [INFO] Rule:233 - rule 117617 - U5Cobra4M][GTZC] default value MPCBB3 and MPCBB5 - Not Secured memory - MPCBB2 is applicable
2026-07-30 12:12:32,600 [INFO] Rule:233 - rule 117617 - U5Cobra4M][GTZC] default value MPCBB3 and MPCBB5 - Not Secured memory - MPCBB2 is applicable
2026-07-30 12:12:32,601 [INFO] Rule:233 - rule 117617 - U5Cobra4M][GTZC] default value MPCBB3 and MPCBB5 - Not Secured memory - MPCBB3 is applicable
2026-07-30 12:12:32,601 [INFO] Rule:233 - rule 117617 - U5Cobra4M][GTZC] default value MPCBB3 and MPCBB5 - Not Secured memory - MPCBB3 is applicable
2026-07-30 12:12:32,601 [INFO] Rule:233 - rule 117617 - U5Cobra4M][GTZC] default value MPCBB3 and MPCBB5 - Not Secured memory - MPCBB4 is applicable
2026-07-30 12:12:32,601 [INFO] Rule:233 - rule 117617 - U5Cobra4M][GTZC] default value MPCBB3 and MPCBB5 - Not Secured memory - MPCBB4 is applicable
2026-07-30 12:12:32,601 [INFO] Rule:233 - rule 117617 - U5Cobra4M][GTZC] default value MPCBB3 and MPCBB5 - Secured memory - MPCBB1 is applicable
2026-07-30 12:12:32,601 [INFO] Rule:233 - rule 117617 - U5Cobra4M][GTZC] default value MPCBB3 and MPCBB5 - Secured memory - MPCBB2 is applicable
2026-07-30 12:12:32,601 [INFO] Rule:233 - rule 117617 - U5Cobra4M][GTZC] default value MPCBB3 and MPCBB5 - Secured memory - MPCBB3 is applicable
2026-07-30 12:12:32,601 [INFO] Rule:233 - rule 117617 - U5Cobra4M][GTZC] default value MPCBB3 and MPCBB5 - Secured memory - MPCBB4 is applicable
2026-07-30 12:12:32,601 [INFO] Rule:233 - rule 117617 - U5Cobra4M][GTZC] default value MPCBB3 and MPCBB5 - Privileged memory - MPCBB1 is applicable
2026-07-30 12:12:32,601 [INFO] Rule:233 - rule 117617 - U5Cobra4M][GTZC] default value MPCBB3 and MPCBB5 - Privileged memory - MPCBB2 is applicable
2026-07-30 12:12:32,601 [INFO] Rule:233 - rule 117617 - U5Cobra4M][GTZC] default value MPCBB3 and MPCBB5 - Privileged memory - MPCBB3 is applicable
2026-07-30 12:12:32,601 [INFO] Rule:233 - rule 117617 - U5Cobra4M][GTZC] default value MPCBB3 and MPCBB5 - Privileged memory - MPCBB4 is applicable
2026-07-30 12:12:32,601 [INFO] Rule:233 - rule 117617 - U5Cobra4M][GTZC] default value MPCBB3 and MPCBB5 - Not Privileged memory - MPCBB1 is applicable
2026-07-30 12:12:32,601 [INFO] Rule:233 - rule 117617 - U5Cobra4M][GTZC] default value MPCBB3 and MPCBB5 - Not Privileged memory - MPCBB2 is applicable
2026-07-30 12:12:32,601 [INFO] Rule:233 - rule 117617 - U5Cobra4M][GTZC] default value MPCBB3 and MPCBB5 - Not Privileged memory - MPCBB3 is applicable
2026-07-30 12:12:32,601 [INFO] Rule:233 - rule 117617 - U5Cobra4M][GTZC] default value MPCBB3 and MPCBB5 - Not Privileged memory - MPCBB4 is applicable
2026-07-30 12:12:32,601 [INFO] Rule:233 - rule 117617 - U5Cobra4M][GTZC] default value MPCBB3 and MPCBB5 - Privileged memory - MPCBB1 is applicable
2026-07-30 12:12:32,602 [INFO] Rule:233 - rule 117617 - U5Cobra4M][GTZC] default value MPCBB3 and MPCBB5 - Privileged memory - MPCBB2 is applicable
2026-07-30 12:12:32,602 [INFO] Rule:233 - rule 117617 - U5Cobra4M][GTZC] default value MPCBB3 and MPCBB5 - Privileged memory - MPCBB3 is applicable
2026-07-30 12:12:32,602 [INFO] Rule:233 - rule 117617 - U5Cobra4M][GTZC] default value MPCBB3 and MPCBB5 - Privileged memory - MPCBB4 is applicable
2026-07-30 12:12:32,602 [INFO] Rule:233 - rule 117617 - U5Cobra4M][GTZC] default value MPCBB3 and MPCBB5 - Privileged memory - MPCBB1 is applicable
2026-07-30 12:12:32,602 [INFO] Rule:233 - rule 117617 - U5Cobra4M][GTZC] default value MPCBB3 and MPCBB5 - Privileged memory - MPCBB2 is applicable
2026-07-30 12:12:32,602 [INFO] Rule:233 - rule 117617 - U5Cobra4M][GTZC] default value MPCBB3 and MPCBB5 - Privileged memory - MPCBB3 is applicable
2026-07-30 12:12:32,603 [INFO] Rule:233 - rule 117617 - U5Cobra4M][GTZC] default value MPCBB3 and MPCBB5 - Privileged memory - MPCBB4 is applicable
2026-07-30 12:12:32,603 [INFO] Rule:233 - rule 117617 - U5Cobra4M][GTZC] default value MPCBB3 and MPCBB5 - Not Privileged memory - MPCBB1 is applicable
2026-07-30 12:12:32,603 [INFO] Rule:233 - rule 117617 - U5Cobra4M][GTZC] default value MPCBB3 and MPCBB5 - Not Privileged memory - MPCBB2 is applicable
2026-07-30 12:12:32,603 [INFO] Rule:233 - rule 117617 - U5Cobra4M][GTZC] default value MPCBB3 and MPCBB5 - Not Privileged memory - MPCBB3 is applicable
2026-07-30 12:12:32,603 [INFO] Rule:233 - rule 117617 - U5Cobra4M][GTZC] default value MPCBB3 and MPCBB5 - Not Privileged memory - MPCBB4 is applicable
2026-07-30 12:12:32,603 [INFO] Rule:233 - rule 117617 - U5Cobra4M][GTZC] default value MPCBB3 and MPCBB5 - Privileged memory - MPCBB1 is applicable
2026-07-30 12:12:32,603 [INFO] Rule:233 - rule 117617 - U5Cobra4M][GTZC] default value MPCBB3 and MPCBB5 - Privileged memory - MPCBB2 is applicable
2026-07-30 12:12:32,603 [INFO] Rule:233 - rule 117617 - U5Cobra4M][GTZC] default value MPCBB3 and MPCBB5 - Privileged memory - MPCBB3 is applicable
2026-07-30 12:12:32,603 [INFO] Rule:233 - rule 117617 - U5Cobra4M][GTZC] default value MPCBB3 and MPCBB5 - Privileged memory - MPCBB4 is applicable
2026-07-30 12:12:32,603 [INFO] Rule:233 - rule WakeUp0 Mode is applicable
2026-07-30 12:12:32,603 [INFO] Rule:233 - rule WakeUp0 SIGNAL is applicable
2026-07-30 12:12:32,603 [INFO] Rule:233 - rule WakeUp1 Mode is applicable
2026-07-30 12:12:32,604 [INFO] Rule:233 - rule WakeUp1 SIGNAL is applicable
2026-07-30 12:12:32,604 [INFO] Rule:233 - rule WakeUp2 Mode is applicable
2026-07-30 12:12:32,604 [INFO] Rule:233 - rule WakeUp2 SIGNAL is applicable
2026-07-30 12:12:32,604 [INFO] Rule:233 - rule WakeUp4 Mode is applicable
2026-07-30 12:12:32,604 [INFO] Rule:233 - rule WakeUp4 SIGNAL is applicable
2026-07-30 12:12:32,604 [INFO] Rule:233 - rule WakeUp5 Mode is applicable
2026-07-30 12:12:32,604 [INFO] Rule:233 - rule WakeUp5 SIGNAL is applicable
2026-07-30 12:12:32,604 [INFO] Rule:233 - rule Change Default Value for LSE Drive Capability for WB family is applicable
2026-07-30 12:12:32,605 [INFO] Rule:233 - rule change FDCAN default value is applicable
2026-07-30 12:12:32,605 [INFO] Rule:233 - rule Adapt Old IOC before rework replace old CORTEX_M33/CORTEX_M55 attributes by the new one. is applicable
2026-07-30 12:12:32,605 [INFO] Rule:233 - rule Rename parametre of RCC RCC_APBDBG_DIV2 to RCC_TIMPRES_DIV2 is applicable
2026-07-30 12:12:32,605 [INFO] Rule:233 - rule Rename DIE493 pin PA10 [PA12] -> PA10 is applicable
2026-07-30 12:12:32,605 [INFO] Rule:233 - rule Rename DIE493 pin PA9 [PA11] -> PA9 is applicable
2026-07-30 12:12:32,605 [INFO] Rule:233 - rule Rename DIE492 PartNumber CPN STM32WBA5MJGHx -> STM32WBA5MMGHx is applicable
2026-07-30 12:12:32,605 [INFO] Rule:233 - rule Rename DIE492 PartNumber  Name STM32WBA5MJGHx -> STM32WBA5MMGHx is applicable
2026-07-30 12:12:32,605 [INFO] Rule:233 - rule Rename DIE492 PartNumber UserName STM32WBA5MJGHx -> STM32WBA5MMGHx is applicable
2026-07-30 12:12:32,605 [INFO] Rule:233 - rule Rename DIE492 PartNumber DeviceId STM32WBA5MJGHx -> STM32WBA5MMGHx is applicable
2026-07-30 12:12:32,605 [INFO] Rule:233 - rule Adapt Old IOC CSI. is applicable
2026-07-30 12:12:32,605 [INFO] Rule:233 - rule Adapt Old IOC DCMIPP. is applicable
2026-07-30 12:12:32,605 [INFO] Rule:233 - rule Adapt Old IOC DCMIPP Mode Parallel. is applicable
2026-07-30 12:12:32,605 [INFO] Rule:233 - rule Adapt Old IOC LTDC. is applicable
2026-07-30 12:12:32,605 [INFO] Rule:233 - rule Rename STM32MP2 RIF Peripheral LTDC RIF.RISUP.LTDC_L0L1.Privilege -> RIF.RISUP.LTDC_L1L2.Privilege is applicable
2026-07-30 12:12:32,605 [INFO] Rule:233 - rule Rename STM32MP2 RIF Peripheral LTDC RIF.RISUP.LTDC_L0L1.Privilege -> RIF.RISUP.LTDC_L1L2.Privilege is applicable
2026-07-30 12:12:32,605 [INFO] Rule:233 - rule Rename STM32MP2 RIF Peripheral LTDC RIF.RISUP.LTDC_L0L1.Lock -> RIF.RISUP.LTDC_L1L2.Lock is applicable
2026-07-30 12:12:32,605 [INFO] Rule:233 - rule Rename STM32MP2 RIF Peripheral LTDC RIF.RISUP.LTDC_L2.Lock -> RIF.RISUP.LTDC_L3.Lock is applicable
2026-07-30 12:12:32,605 [INFO] Rule:233 - rule Adapt the old IOC example for updating the SYS when it is misconfigured. is applicable
2026-07-30 12:12:32,606 [INFO] Rule:233 - rule Rename STM32C09 Mcu.Package LQFP64 -> LQFP48 is applicable
2026-07-30 12:12:32,606 [INFO] Rule:233 - rule Adapt the old IOC example for updating the SYS when it is misconfigured. is applicable
2026-07-30 12:12:32,606 [INFO] Rule:233 - rule Adapt the old IOC example for updating the SYS when it is misconfigured. is applicable
2026-07-30 12:12:32,613 [INFO] DbConfProperties:307 - Apply Compatibility (5/68 Rules)
2026-07-30 12:12:32,648 [INFO] ImportTextPane:234 - (OptionalMessage_ERROR) Pin84 (VP_RIF_VS_RIF1) cannot be retrieved for this MCU
2026-07-30 12:12:32,774 [INFO] RtosManager:558 - Registered RTOS mode: class=CMSIS, group=RTOS, mode=CMSIS_V1, owner=FREERTOS
2026-07-30 12:12:32,774 [INFO] RtosManager:558 - Registered RTOS mode: class=CMSIS, group=RTOS2, mode=CMSIS_V2, owner=FREERTOS
2026-07-30 12:12:32,774 [INFO] RtosManager:558 - Registered RTOS mode: class=RTOS, group=Core, mode=CMSIS_V1, owner=FREERTOS
2026-07-30 12:12:32,774 [INFO] RtosManager:558 - Registered RTOS mode: class=RTOS, group=Core, mode=CMSIS_V2, owner=FREERTOS
2026-07-30 12:12:32,774 [WARN] ModelIntegratedComponent:184 - Missing modes for component STMicroelectronics:FreeRTOS:0.0.1:STMicroelectronics:RTOS:FreeRTOS:Core:::10.2.0:
2026-07-30 12:12:32,987 [WARN] ModelIntegratedComponent:63 - No mode defined for component null
2026-07-30 12:12:32,987 [WARN] ModelIntegratedComponent:63 - No mode defined for component null
2026-07-30 12:12:32,987 [WARN] ModelIntegratedComponent:63 - No mode defined for component null
2026-07-30 12:12:32,987 [WARN] ModelIntegratedComponent:63 - No mode defined for component null
2026-07-30 12:12:32,987 [WARN] ModelIntegratedComponent:63 - No mode defined for component null
2026-07-30 12:12:32,987 [WARN] ModelIntegratedComponent:63 - No mode defined for component null
2026-07-30 12:12:32,987 [WARN] ModelIntegratedComponent:63 - No mode defined for component null
2026-07-30 12:12:32,987 [WARN] ModelIntegratedComponent:63 - No mode defined for component null
2026-07-30 12:12:32,987 [WARN] ModelIntegratedComponent:63 - No mode defined for component null
2026-07-30 12:12:32,987 [WARN] ModelIntegratedComponent:63 - No mode defined for component null
2026-07-30 12:12:32,987 [WARN] ModelIntegratedComponent:63 - No mode defined for component null
2026-07-30 12:12:32,987 [WARN] ModelIntegratedComponent:63 - No mode defined for component null
2026-07-30 12:12:32,987 [WARN] ModelIntegratedComponent:63 - No mode defined for component null
2026-07-30 12:12:32,987 [WARN] ModelIntegratedComponent:63 - No mode defined for component null
2026-07-30 12:12:32,987 [WARN] ModelIntegratedComponent:63 - No mode defined for component null
2026-07-30 12:12:32,987 [WARN] ModelIntegratedComponent:63 - No mode defined for component null
2026-07-30 12:12:32,987 [WARN] ModelIntegratedComponent:63 - No mode defined for component null
2026-07-30 12:12:32,987 [WARN] ModelIntegratedComponent:63 - No mode defined for component null
2026-07-30 12:12:32,987 [WARN] ModelIntegratedComponent:63 - No mode defined for component null
2026-07-30 12:12:32,987 [WARN] ModelIntegratedComponent:63 - No mode defined for component null
2026-07-30 12:12:32,987 [WARN] ModelIntegratedComponent:63 - No mode defined for component null
2026-07-30 12:12:32,987 [WARN] ModelIntegratedComponent:63 - No mode defined for component null
2026-07-30 12:12:32,988 [WARN] ModelIntegratedComponent:63 - No mode defined for component null
2026-07-30 12:12:32,988 [WARN] ModelIntegratedComponent:63 - No mode defined for component null
2026-07-30 12:12:32,988 [WARN] ModelIntegratedComponent:63 - No mode defined for component null
2026-07-30 12:12:32,988 [WARN] ModelIntegratedComponent:63 - No mode defined for component null
2026-07-30 12:12:32,988 [WARN] ModelIntegratedComponent:63 - No mode defined for component null
2026-07-30 12:12:32,988 [WARN] ModelIntegratedComponent:63 - No mode defined for component null
2026-07-30 12:12:32,988 [WARN] ModelIntegratedComponent:63 - No mode defined for component null
2026-07-30 12:12:32,988 [WARN] ModelIntegratedComponent:63 - No mode defined for component null
2026-07-30 12:12:32,988 [WARN] ModelIntegratedComponent:63 - No mode defined for component null
2026-07-30 12:12:32,988 [WARN] ModelIntegratedComponent:63 - No mode defined for component null
2026-07-30 12:12:32,988 [WARN] ModelIntegratedComponent:63 - No mode defined for component null
2026-07-30 12:12:32,988 [WARN] ModelIntegratedComponent:63 - No mode defined for component null
2026-07-30 12:12:32,988 [WARN] ModelIntegratedComponent:63 - No mode defined for component null
2026-07-30 12:12:32,988 [WARN] ModelPack:524 - Component already loaded: STMicroelectronics:HAL Drivers:0.0.0:STMicroelectronics:Device:STMicro_Driver:XSPI:HAL::0.0.1:HAL_XSPI
2026-07-30 12:12:33,023 [INFO] ThirdPartyModel:298 - Start build external matchings
2026-07-30 12:12:33,383 [INFO] ThirdPartyModel:316 - End build external matchings
2026-07-30 12:12:33,425 [WARN] IP:2250 - MaxTran not found: check if there is a RefParameter without a condition.
2026-07-30 12:12:33,425 [WARN] IP:2250 - Refresh not found: check if there is a RefParameter without a condition.
2026-07-30 12:12:33,426 [INFO] ImportTextPane:234 - (OptionalMessage_ERROR) IP (RCC) : Invalid parameter (FamilyName)
2026-07-30 12:12:33,878 [INFO] UtilMem:75 - End LoadConfig() Used Memory: 888217832 Bytes (1073741824)
2026-07-30 12:12:34,038 [WARN] ThirdParty:833 - waiting for thirdparty lock release [change project]
2026-07-30 12:12:34,039 [INFO] ThirdParty:835 - entering critical section [change project]
2026-07-30 12:12:34,039 [INFO] ThirdParty:1030 - CMSIS Pack Vendor :STMicroelectronics X-CUBE-AZRTOS-H7 3.5.0
2026-07-30 12:12:34,039 [INFO] ThirdParty:1030 - CMSIS Pack Vendor :STMicroelectronics X-CUBE-PM33A1 1.0.0
2026-07-30 12:12:34,039 [INFO] ThirdParty:1030 - CMSIS Pack Vendor :STMicroelectronics USBPD 4.1
2026-07-30 12:12:34,039 [INFO] ThirdParty:1030 - CMSIS Pack Vendor :STMicroelectronics X-CUBE-NFC9 1.0.0
2026-07-30 12:12:34,039 [INFO] ThirdParty:1030 - CMSIS Pack Vendor :STMicroelectronics USB_HOST 2.0.0
2026-07-30 12:12:34,039 [INFO] ThirdParty:1030 - CMSIS Pack Vendor :STMicroelectronics FP-ATR-ASTRA1 2.0.3
2026-07-30 12:12:34,039 [INFO] ThirdParty:1030 - CMSIS Pack Vendor :STMicroelectronics X-CUBE-AZRTOS-F4 1.1.0
2026-07-30 12:12:34,039 [INFO] ThirdParty:1030 - CMSIS Pack Vendor :STMicroelectronics LIBJPEG 8.0.0
2026-07-30 12:12:34,039 [INFO] ThirdParty:1030 - CMSIS Pack Vendor :STMicroelectronics X-CUBE-BLE1 7.1.0
2026-07-30 12:12:34,039 [INFO] ThirdParty:1030 - CMSIS Pack Vendor :wolfSSL I-CUBE-wolfMQTT 1.19.2
2026-07-30 12:12:34,039 [INFO] ThirdParty:1030 - CMSIS Pack Vendor :STMicroelectronics USB_DEVICE 3.0.0
2026-07-30 12:12:34,039 [INFO] ThirdParty:1030 - CMSIS Pack Vendor :STMicroelectronics X-CUBE-ISPU 2.1.0
2026-07-30 12:12:34,039 [INFO] ThirdParty:1030 - CMSIS Pack Vendor :STMicroelectronics X-CUBE-EEPRMA1 5.2.0
2026-07-30 12:12:34,039 [INFO] ThirdParty:1030 - CMSIS Pack Vendor :STMicroelectronics X-CUBE-IPS 3.2.0
2026-07-30 12:12:34,039 [INFO] ThirdParty:1030 - CMSIS Pack Vendor :STMicroelectronics eDS-WB_DPC_TT-BIDIR 2.1.1
2026-07-30 12:12:34,039 [INFO] ThirdParty:1030 - CMSIS Pack Vendor :STMicroelectronics X-CUBE-AZRTOS-WB 2.0.0
2026-07-30 12:12:34,039 [INFO] ThirdParty:1030 - CMSIS Pack Vendor :STMicroelectronics X-CUBE-NFC12 1.0.0
2026-07-30 12:12:34,039 [INFO] ThirdParty:1030 - CMSIS Pack Vendor :STMicroelectronics X-CUBE-AZRTOS-F7 1.1.0
2026-07-30 12:12:34,039 [INFO] ThirdParty:1030 - CMSIS Pack Vendor :STMicroelectronics X-CUBE-AZRTOS-L5 2.0.0
2026-07-30 12:12:34,039 [INFO] ThirdParty:1030 - CMSIS Pack Vendor :STMicroelectronics USB_DEVICE 2.0.0
2026-07-30 12:12:34,039 [INFO] ThirdParty:1030 - CMSIS Pack Vendor :STMicroelectronics X-CUBE-FREERTOS 1.6.0
2026-07-30 12:12:34,039 [INFO] ThirdParty:1030 - CMSIS Pack Vendor :STMicroelectronics FP-SNS-STAIOTCFT 1.1.0
2026-07-30 12:12:34,039 [INFO] ThirdParty:1030 - CMSIS Pack Vendor :quantropi X-CUBE-qispace-sdk-base 2.1.0
2026-07-30 12:12:34,039 [INFO] ThirdParty:1030 - CMSIS Pack Vendor :STMicroelectronics X-CUBE-STSE01 2.0.0
2026-07-30 12:12:34,039 [INFO] ThirdParty:1030 - CMSIS Pack Vendor :STMicroelectronics X-CUBE-ALGOBUILD 1.5.0
2026-07-30 12:12:34,039 [INFO] ThirdParty:1030 - CMSIS Pack Vendor :STMicroelectronics FP-SNS-MOTENV1 5.1.0
2026-07-30 12:12:34,039 [INFO] ThirdParty:1030 - CMSIS Pack Vendor :STMicroelectronics FreeRTOS 0.0.1
2026-07-30 12:12:34,039 [INFO] ThirdParty:1030 - CMSIS Pack Vendor :STMicroelectronics X-CUBE-AZRTOS-H7RS 1.3.0
2026-07-30 12:12:34,039 [INFO] ThirdParty:1030 - CMSIS Pack Vendor :STMicroelectronics X-CUBE-AZRTOS-G0 1.1.0
2026-07-30 12:12:34,039 [INFO] ThirdParty:1030 - CMSIS Pack Vendor :STMicroelectronics X-CUBE-NFC4 3.0.0
2026-07-30 12:12:34,040 [INFO] ThirdParty:1030 - CMSIS Pack Vendor :STMicroelectronics X-CUBE-SUBG2 5.0.0
2026-07-30 12:12:34,040 [INFO] ThirdParty:1030 - CMSIS Pack Vendor :STMicroelectronics STM32_WPAN 1.0.0
2026-07-30 12:12:34,040 [INFO] ThirdParty:1030 - CMSIS Pack Vendor :STMicroelectronics eDS-WB_DPC_VIENNA 1.2.0
2026-07-30 12:12:34,040 [INFO] ThirdParty:1030 - CMSIS Pack Vendor :EmbeddedOffice I-CUBE-FS-RTOS 1.0.1
2026-07-30 12:12:34,040 [INFO] ThirdParty:1030 - CMSIS Pack Vendor :STMicroelectronics lwIP 2.0.3
2026-07-30 12:12:34,040 [INFO] ThirdParty:1030 - CMSIS Pack Vendor :WES I-CUBE-Cesium 1.4.0
2026-07-30 12:12:34,040 [INFO] ThirdParty:1030 - CMSIS Pack Vendor :STMicroelectronics X-CUBE-MEMS1 13.0.0
2026-07-30 12:12:34,040 [INFO] ThirdParty:1030 - CMSIS Pack Vendor :STMicroelectronics eDS-WB_DPC_3PH2L-BIDIR 1.1.1
2026-07-30 12:12:34,040 [INFO] ThirdParty:1030 - CMSIS Pack Vendor :STMicroelectronics USB_HOST 1.0.0
2026-07-30 12:12:34,040 [INFO] ThirdParty:1030 - CMSIS Pack Vendor :STMicroelectronics X-CUBE-AZRTOS-G4 2.0.0
2026-07-30 12:12:34,040 [INFO] ThirdParty:1030 - CMSIS Pack Vendor :STMicroelectronics PDM2PCM 3.1.0
2026-07-30 12:12:34,040 [INFO] ThirdParty:1030 - CMSIS Pack Vendor :STMicroelectronics PDM2PCM 3.3.0
2026-07-30 12:12:34,040 [INFO] ThirdParty:1030 - CMSIS Pack Vendor :wolfSSL I-CUBE-wolfTPM 3.8.0
2026-07-30 12:12:34,040 [INFO] ThirdParty:1030 - CMSIS Pack Vendor :STMicroelectronics X-CUBE-DISPLAY 3.0.0
2026-07-30 12:12:34,040 [INFO] ThirdParty:1030 - CMSIS Pack Vendor :wolfSSL I-CUBE-wolfSSH 1.4.20
2026-07-30 12:12:34,040 [INFO] ThirdParty:1030 - CMSIS Pack Vendor :STMicroelectronics X-CUBE-NFC7 2.0.0
2026-07-30 12:12:34,040 [INFO] ThirdParty:1030 - CMSIS Pack Vendor :STMicroelectronics X-CUBE-GNSS1 7.1.1
2026-07-30 12:12:34,040 [INFO] ThirdParty:1030 - CMSIS Pack Vendor :STMicroelectronics FP-SNS-MOTENVWB1 1.5.0
2026-07-30 12:12:34,040 [INFO] ThirdParty:1030 - CMSIS Pack Vendor :STMicroelectronics X-CUBE-TCPP 4.2.0
2026-07-30 12:12:34,040 [INFO] ThirdParty:1030 - CMSIS Pack Vendor :RealThread X-CUBE-RT-Thread_Nano 4.1.1
2026-07-30 12:12:34,040 [INFO] ThirdParty:1030 - CMSIS Pack Vendor :STMicroelectronics FP-ATR-SIGFOX1 3.2.0
2026-07-30 12:12:34,040 [INFO] ThirdParty:1030 - CMSIS Pack Vendor :STMicroelectronics X-CUBE-NFC10 1.0.0
2026-07-30 12:12:34,040 [INFO] ThirdParty:1030 - CMSIS Pack Vendor :STMicroelectronics HAL Drivers 0.0.0
2026-07-30 12:12:34,040 [INFO] ThirdParty:1030 - CMSIS Pack Vendor :STMicroelectronics MBEDTLS 2.16.2
2026-07-30 12:12:34,040 [INFO] ThirdParty:1030 - CMSIS Pack Vendor :STMicroelectronics X-CUBE-ST60 1.1.0
2026-07-30 12:12:34,040 [INFO] ThirdParty:1030 - CMSIS Pack Vendor :STMicroelectronics X-CUBE-ALS 1.0.2
2026-07-30 12:12:34,040 [INFO] ThirdParty:1030 - CMSIS Pack Vendor :emotas I-CUBE-CANOPEN 1.3.0
2026-07-30 12:12:34,040 [INFO] ThirdParty:1030 - CMSIS Pack Vendor :wolfSSL I-CUBE-wolfSSL 5.9.2
2026-07-30 12:12:34,040 [INFO] ThirdParty:1030 - CMSIS Pack Vendor :STMicroelectronics MBEDTLS 2.14.1
2026-07-30 12:12:34,040 [INFO] ThirdParty:1030 - CMSIS Pack Vendor :ITTIA_DB I-CUBE-ITTIADB 8.9.0
2026-07-30 12:12:34,040 [INFO] ThirdParty:1030 - CMSIS Pack Vendor :Cesanta I-CUBE-Mongoose 7.21.7
2026-07-30 12:12:34,040 [INFO] ThirdParty:1030 - CMSIS Pack Vendor :STMicroelectronics X-CUBE-TOUCHGFX 4.26.1
2026-07-30 12:12:34,040 [INFO] ThirdParty:1030 - CMSIS Pack Vendor :STMicroelectronics X-CUBE-NFC6 3.2.0
2026-07-30 12:12:34,040 [INFO] ThirdParty:1030 - CMSIS Pack Vendor :STMicroelectronics FP-SNS-STBOX1 2.1.0
2026-07-30 12:12:34,040 [INFO] ThirdParty:1030 - CMSIS Pack Vendor :STMicroelectronics X-CUBE-AI 10.2.1
2026-07-30 12:12:34,040 [INFO] ThirdParty:1030 - CMSIS Pack Vendor :STMicroelectronics ThreadX 1.0.0
2026-07-30 12:12:34,040 [INFO] ThirdParty:1030 - CMSIS Pack Vendor :STMicroelectronics FP-SNS-SMARTAG2 1.2.0
2026-07-30 12:12:34,040 [INFO] ThirdParty:1030 - CMSIS Pack Vendor :STMicroelectronics FP-SNS-FLIGHT1 5.1.0
2026-07-30 12:12:34,040 [INFO] ThirdParty:1030 - CMSIS Pack Vendor :STMicroelectronics X-CUBE-AZRTOS-WL 2.0.0
2026-07-30 12:12:34,040 [INFO] ThirdParty:1030 - CMSIS Pack Vendor :SEGGER I-CUBE-embOS 1.3.1
2026-07-30 12:12:34,040 [INFO] ThirdParty:1030 - CMSIS Pack Vendor :STMicroelectronics X-CUBE-DPower 1.3.0
2026-07-30 12:12:34,041 [INFO] ThirdParty:1030 - CMSIS Pack Vendor :STMicroelectronics USB_DEVICE 1.0.0
2026-07-30 12:12:34,041 [INFO] ThirdParty:1030 - CMSIS Pack Vendor :STMicroelectronics X-CUBE-AZRTOS-L4 2.0.0
2026-07-30 12:12:34,041 [INFO] ThirdParty:1030 - CMSIS Pack Vendor :STMicroelectronics ThreadX 0.0.2
2026-07-30 12:12:34,041 [INFO] ThirdParty:1030 - CMSIS Pack Vendor :STMicroelectronics lwIP 2.1.2
2026-07-30 12:12:34,041 [INFO] ThirdParty:1030 - CMSIS Pack Vendor :STMicroelectronics X-CUBE-SFXS2LP1 4.0.0
2026-07-30 12:12:34,041 [INFO] ThirdParty:1030 - CMSIS Pack Vendor :STMicroelectronics X-CUBE-BLE2 3.3.0
2026-07-30 12:12:34,041 [INFO] ThirdParty:1030 - CMSIS Pack Vendor :Avnet-IOTCONNECT X-CUBE-iotc-st67-sdk 1.0.0
2026-07-30 12:12:34,041 [INFO] ThirdParty:1030 - CMSIS Pack Vendor :STMicroelectronics X-CUBE-TOF1 3.4.3
2026-07-30 12:12:34,041 [INFO] ThirdParty:1030 - CMSIS Pack Vendor :Infineon AIROC-Wi-Fi-Bluetooth-STM32 1.8.0
2026-07-30 12:12:34,041 [INFO] ThirdParty:1030 - CMSIS Pack Vendor :STMicroelectronics X-CUBE-NFC13 1.0.0
2026-07-30 12:12:34,041 [INFO] ThirdParty:1030 - CMSIS Pack Vendor :STMicroelectronics PDM2PCM 3.2.0
2026-07-30 12:12:34,041 [INFO] ThirdParty:1030 - CMSIS Pack Vendor :STMicroelectronics X-CUBE-WB05N 2.1.0
2026-07-30 12:12:34,041 [INFO] ThirdParty:841 - exiting critical section [change project]
2026-07-30 12:12:34,405 [INFO] PinOutPanel:1589 - setPackage(No Configuration,No Configuration)
2026-07-30 12:12:34,406 [INFO] PinOutPanel:1589 - setPackage(STM32L4S5VITx,LQFP100)
2026-07-30 12:12:35,098 [INFO] UtilMem:75 - Before build in PCC Used Memory: 684485544 Bytes (1073741824)
2026-07-30 12:12:35,708 [INFO] UtilMem:75 - After build in PCC Used Memory: 795112360 Bytes (1073741824)
2026-07-30 12:12:35,742 [INFO] IPUIPlugin:80 - create IPUIPlugin
2026-07-30 12:12:35,742 [INFO] IPUIPlugin:80 - create IPUIPlugin
2026-07-30 12:12:35,742 [INFO] IPUIPlugin:80 - create IPUIPlugin
2026-07-30 12:12:35,742 [INFO] IPUIPlugin:80 - create IPUIPlugin
2026-07-30 12:12:35,742 [INFO] IPUIPlugin:80 - create IPUIPlugin
2026-07-30 12:12:35,742 [INFO] IPUIPlugin:80 - create IPUIPlugin
2026-07-30 12:12:35,743 [INFO] IPUIPlugin:80 - create IPUIPlugin
2026-07-30 12:12:35,743 [INFO] IPUIPlugin:80 - create IPUIPlugin
2026-07-30 12:12:35,743 [INFO] IPUIPlugin:80 - create IPUIPlugin
2026-07-30 12:12:35,743 [INFO] IPUIPlugin:80 - create IPUIPlugin
2026-07-30 12:12:35,743 [INFO] IPUIPlugin:80 - create IPUIPlugin
2026-07-30 12:12:35,743 [INFO] IPUIPlugin:80 - create IPUIPlugin
2026-07-30 12:12:35,743 [INFO] IPUIPlugin:80 - create IPUIPlugin
2026-07-30 12:12:35,743 [INFO] IPUIPlugin:80 - create IPUIPlugin
2026-07-30 12:12:35,743 [INFO] IPUIPlugin:80 - create IPUIPlugin
2026-07-30 12:12:35,743 [INFO] IPUIPlugin:80 - create IPUIPlugin
2026-07-30 12:12:35,744 [INFO] IPUIPlugin:80 - create IPUIPlugin
2026-07-30 12:12:35,744 [INFO] IPUIPlugin:80 - create IPUIPlugin
2026-07-30 12:12:35,744 [INFO] IPUIPlugin:80 - create IPUIPlugin
2026-07-30 12:12:35,744 [INFO] IPUIPlugin:80 - create IPUIPlugin
2026-07-30 12:12:35,744 [INFO] IPUIPlugin:80 - create IPUIPlugin
2026-07-30 12:12:35,744 [INFO] IPUIPlugin:80 - create IPUIPlugin
2026-07-30 12:12:35,744 [INFO] IPUIPlugin:80 - create IPUIPlugin
2026-07-30 12:12:35,745 [INFO] IPUIPlugin:80 - create IPUIPlugin
2026-07-30 12:12:35,745 [INFO] IPUIPlugin:80 - create IPUIPlugin
2026-07-30 12:12:35,745 [INFO] IPUIPlugin:80 - create IPUIPlugin
2026-07-30 12:12:35,745 [INFO] IPUIPlugin:80 - create IPUIPlugin
2026-07-30 12:12:35,746 [INFO] IPUIPlugin:80 - create IPUIPlugin
2026-07-30 12:12:35,746 [INFO] IPUIPlugin:80 - create IPUIPlugin
2026-07-30 12:12:35,746 [INFO] IPUIPlugin:80 - create IPUIPlugin
2026-07-30 12:12:35,747 [INFO] IPUIPlugin:80 - create IPUIPlugin
2026-07-30 12:12:35,747 [INFO] IPUIPlugin:80 - create IPUIPlugin
2026-07-30 12:12:35,747 [INFO] IPUIPlugin:80 - create IPUIPlugin
2026-07-30 12:12:35,747 [INFO] IPUIPlugin:80 - create IPUIPlugin
2026-07-30 12:12:35,747 [INFO] IPUIPlugin:80 - create IPUIPlugin
2026-07-30 12:12:35,748 [INFO] IPUIPlugin:80 - create IPUIPlugin
2026-07-30 12:12:35,748 [INFO] IPUIPlugin:80 - create IPUIPlugin
2026-07-30 12:12:35,748 [INFO] IPUIPlugin:80 - create IPUIPlugin
2026-07-30 12:12:35,748 [INFO] IPUIPlugin:80 - create IPUIPlugin
2026-07-30 12:12:35,748 [INFO] IPUIPlugin:80 - create IPUIPlugin
2026-07-30 12:12:35,749 [INFO] IPUIPlugin:80 - create IPUIPlugin
2026-07-30 12:12:35,749 [INFO] IPUIPlugin:80 - create IPUIPlugin
2026-07-30 12:12:35,749 [INFO] IPUIPlugin:80 - create IPUIPlugin
2026-07-30 12:12:35,749 [INFO] IPUIPlugin:80 - create IPUIPlugin
2026-07-30 12:12:35,750 [INFO] IPUIPlugin:80 - create IPUIPlugin
2026-07-30 12:12:35,750 [INFO] IPUIPlugin:80 - create IPUIPlugin
2026-07-30 12:12:35,750 [INFO] IPUIPlugin:80 - create IPUIPlugin
2026-07-30 12:12:35,750 [INFO] IPUIPlugin:80 - create IPUIPlugin
2026-07-30 12:12:35,751 [INFO] IPUIPlugin:80 - create IPUIPlugin
2026-07-30 12:12:35,751 [INFO] IPUIPlugin:80 - create IPUIPlugin
2026-07-30 12:12:35,751 [INFO] IPUIPlugin:80 - create IPUIPlugin
2026-07-30 12:12:35,751 [INFO] IPUIPlugin:80 - create IPUIPlugin
2026-07-30 12:12:35,752 [INFO] IPUIPlugin:80 - create IPUIPlugin
2026-07-30 12:12:35,752 [INFO] IPUIPlugin:80 - create IPUIPlugin
2026-07-30 12:12:35,752 [INFO] IPUIPlugin:80 - create IPUIPlugin
2026-07-30 12:12:35,753 [INFO] IPUIPlugin:80 - create IPUIPlugin
2026-07-30 12:12:35,753 [INFO] IPUIPlugin:80 - create IPUIPlugin
2026-07-30 12:12:35,753 [INFO] IPUIPlugin:80 - create IPUIPlugin
2026-07-30 12:12:35,754 [INFO] IPUIPlugin:80 - create IPUIPlugin
2026-07-30 12:12:35,754 [INFO] IPUIPlugin:80 - create IPUIPlugin
2026-07-30 12:12:35,754 [INFO] IPUIPlugin:80 - create IPUIPlugin
2026-07-30 12:12:35,755 [INFO] IPUIPlugin:80 - create IPUIPlugin
2026-07-30 12:12:35,755 [INFO] IPUIPlugin:80 - create IPUIPlugin
2026-07-30 12:12:35,857 [INFO] CADModel:165 - CPN selected for project levelSTM32L4S5VIT6
2026-07-30 12:12:35,857 [INFO] CADModel:114 - Register for checkConnection events
2026-07-30 12:12:36,012 [INFO] OpenFileManager:386 - Restore cursor
2026-07-30 12:12:36,519 [WARN] IP:2250 - MaxTran not found: check if there is a RefParameter without a condition.
2026-07-30 12:12:36,520 [WARN] IP:2250 - Refresh not found: check if there is a RefParameter without a condition.
2026-07-30 12:12:36,520 [WARN] IP:2250 - MaxTran not found: check if there is a RefParameter without a condition.
2026-07-30 12:12:36,520 [WARN] IP:2250 - Refresh not found: check if there is a RefParameter without a condition.
2026-07-30 12:12:37,171 [INFO] UtilMem:75 - End SaveConfig() Used Memory: 664330536 Bytes (1073741824)
2026-07-30 12:12:37,353 [INFO] UtilMem:75 - End SaveConfig() Used Memory: 682664088 Bytes (1073741824)
2026-07-30 12:12:37,934 [INFO] BlockDiagram:2775 - set Specific Code input for plugin: SPI
2026-07-30 12:12:37,935 [INFO] BlockDiagram:2775 - set Specific Code input for plugin: SPI
2026-07-30 12:12:37,935 [INFO] BlockDiagram:2775 - set Specific Code input for plugin: DFSDM
2026-07-30 12:12:37,935 [INFO] BlockDiagram:2775 - set Specific Code input for plugin: SYS
2026-07-30 12:12:37,935 [INFO] BlockDiagram:2775 - set Specific Code input for plugin: ADC
2026-07-30 12:12:37,935 [INFO] BlockDiagram:2775 - set Specific Code input for plugin: RCC
2026-07-30 12:12:37,935 [INFO] BlockDiagram:2775 - set Specific Code input for plugin: I2C
2026-07-30 12:12:37,935 [INFO] BlockDiagram:2775 - set Specific Code input for plugin: I2C
2026-07-30 12:12:37,935 [INFO] BlockDiagram:2775 - set Specific Code input for plugin: USB_OTG_FS
2026-07-30 12:12:37,935 [INFO] BlockDiagram:2775 - set Specific Code input for plugin: NVIC
2026-07-30 12:12:37,935 [INFO] BlockDiagram:2775 - set Specific Code input for plugin: USART
2026-07-30 12:12:37,935 [INFO] BlockDiagram:2775 - set Specific Code input for plugin: USART
2026-07-30 12:12:37,935 [INFO] BlockDiagram:2775 - set Specific Code input for plugin: USART
2026-07-30 12:12:37,935 [INFO] BlockDiagram:2775 - set Specific Code input for plugin: OCTOSPI
2026-07-30 12:12:37,935 [INFO] BlockDiagram:2775 - set Specific Code input for plugin: UART
2026-07-30 12:12:37,936 [INFO] BlockDiagram:2775 - set Specific Code input for plugin: GPIO
2026-07-30 12:12:37,937 [INFO] CodeGenerator:892 - code generatio: config db path: C:\ST\STM32CubeIDE_1.19.0\STM32CubeIDE\plugins\com.st.stm32cube.common.mx_6.15.0.202507011659\\db\
2026-07-30 12:12:38,000 [WARN] IP:2250 - MaxTran not found: check if there is a RefParameter without a condition.
2026-07-30 12:12:38,000 [WARN] IP:2250 - Refresh not found: check if there is a RefParameter without a condition.
2026-07-30 12:12:38,143 [INFO] CodeEngine:265 - oldGeneratedFile, D:\TinyML_Workshop-main\TinyML_Workshop_PGR\TinyML_PGR\STM32\Inf_OnBoard\MXTmpFiles\license.tmp_save
2026-07-30 12:12:38,473 [INFO] CodeEngine:289 - Generated code: D:\TinyML_Workshop-main\TinyML_Workshop_PGR\TinyML_PGR\STM32\Inf_OnBoard\MXTmpFiles\license.tmp
2026-07-30 12:12:38,751 [INFO] CodeEngine:265 - oldGeneratedFile, D:\TinyML_Workshop-main\TinyML_Workshop_PGR\TinyML_PGR\STM32\Inf_OnBoard\MXTmpFiles\gpio.tmp_save
2026-07-30 12:12:38,955 [INFO] CodeEngine:289 - Generated code: D:\TinyML_Workshop-main\TinyML_Workshop_PGR\TinyML_PGR\STM32\Inf_OnBoard\MXTmpFiles\gpio.tmp
2026-07-30 12:12:41,933 [WARN] IPConfigManager:103 - WARNING: Missing Config File for USB ip!!
2026-07-30 12:12:42,123 [WARN] IPConfigManager:3238 - Warning: the RefConfig PWREx_EnableUSBVoltageDetector is not available in your config.xml file
2026-07-30 12:12:42,151 [INFO] CodeEngine:265 - oldGeneratedFile, D:\TinyML_Workshop-main\TinyML_Workshop_PGR\TinyML_PGR\STM32\Inf_OnBoard\Core\Src\stm32l4xx_it.c_save
2026-07-30 12:12:42,409 [INFO] CodeEngine:289 - Generated code: D:\TinyML_Workshop-main\TinyML_Workshop_PGR\TinyML_PGR\STM32\Inf_OnBoard\Core\Src\stm32l4xx_it.c
2026-07-30 12:12:42,414 [INFO] CodeEngine:265 - oldGeneratedFile, D:\TinyML_Workshop-main\TinyML_Workshop_PGR\TinyML_PGR\STM32\Inf_OnBoard\Core\Inc\stm32l4xx_it.h_save
2026-07-30 12:12:42,489 [INFO] CodeEngine:289 - Generated code: D:\TinyML_Workshop-main\TinyML_Workshop_PGR\TinyML_PGR\STM32\Inf_OnBoard\Core\Inc\stm32l4xx_it.h
2026-07-30 12:12:42,504 [INFO] CodeEngine:265 - oldGeneratedFile, D:\TinyML_Workshop-main\TinyML_Workshop_PGR\TinyML_PGR\STM32\Inf_OnBoard\Core\Src\stm32l4xx_hal_msp.c_save
2026-07-30 12:12:42,687 [INFO] CodeEngine:289 - Generated code: D:\TinyML_Workshop-main\TinyML_Workshop_PGR\TinyML_PGR\STM32\Inf_OnBoard\Core\Src\stm32l4xx_hal_msp.c
2026-07-30 12:12:42,692 [INFO] CodeEngine:265 - oldGeneratedFile, D:\TinyML_Workshop-main\TinyML_Workshop_PGR\TinyML_PGR\STM32\Inf_OnBoard\MXTmpFiles\system.tmp_save
2026-07-30 12:12:42,769 [INFO] CodeEngine:289 - Generated code: D:\TinyML_Workshop-main\TinyML_Workshop_PGR\TinyML_PGR\STM32\Inf_OnBoard\MXTmpFiles\system.tmp
2026-07-30 12:12:42,791 [INFO] CodeEngine:321 - oldGeneratedFile, D:\TinyML_Workshop-main\TinyML_Workshop_PGR\TinyML_PGR\STM32\Inf_OnBoard\Core\Inc\stm32l4xx_hal_conf.h_save
2026-07-30 12:12:42,889 [INFO] CodeEngine:345 - Generated code: D:\TinyML_Workshop-main\TinyML_Workshop_PGR\TinyML_PGR\STM32\Inf_OnBoard\Core\Inc\stm32l4xx_hal_conf.h
2026-07-30 12:12:42,928 [INFO] ApiDbMcu:532 - Load IP Config File for ADC1
2026-07-30 12:12:42,946 [INFO] ApiDbMcu:532 - Load IP Config File for DFSDM1
2026-07-30 12:12:42,971 [INFO] ApiDbMcu:532 - Load IP Config File for I2C1
2026-07-30 12:12:42,976 [INFO] ApiDbMcu:532 - Load IP Config File for I2C2
2026-07-30 12:12:42,981 [INFO] ApiDbMcu:532 - Load IP Config File for OCTOSPI1
2026-07-30 12:12:42,985 [INFO] ApiDbMcu:532 - Load IP Config File for SPI1
2026-07-30 12:12:42,988 [INFO] ApiDbMcu:532 - Load IP Config File for SPI3
2026-07-30 12:12:43,000 [INFO] ApiDbMcu:532 - Load IP Config File for UART4
2026-07-30 12:12:43,013 [INFO] ApiDbMcu:532 - Load IP Config File for USART1
2026-07-30 12:12:43,025 [INFO] ApiDbMcu:532 - Load IP Config File for USART2
2026-07-30 12:12:43,037 [INFO] ApiDbMcu:532 - Load IP Config File for USART3
2026-07-30 12:12:43,038 [ERROR] ApiDbMcu:560 - Cannot parse USB_OTG_FS_Config file : file do not exist
2026-07-30 12:12:43,038 [ERROR] ApiDbMcu:560 - Cannot parse USB_OTG_FS_Config file : file do not exist
2026-07-30 12:12:43,042 [INFO] ApiDbMcu:532 - Load IP Config File for RCC
2026-07-30 12:12:43,046 [WARN] IPConfigManager:3811 - IP not found : USB_OTG
2026-07-30 12:12:43,047 [WARN] CodeGenerator:4259 - IP not found : null
2026-07-30 12:12:43,057 [INFO] CodeEngine:265 - oldGeneratedFile, D:\TinyML_Workshop-main\TinyML_Workshop_PGR\TinyML_PGR\STM32\Inf_OnBoard\Core\Inc\main.h_save
2026-07-30 12:12:43,166 [INFO] CodeEngine:289 - Generated code: D:\TinyML_Workshop-main\TinyML_Workshop_PGR\TinyML_PGR\STM32\Inf_OnBoard\Core\Inc\main.h
2026-07-30 12:12:43,172 [INFO] CodeEngine:265 - oldGeneratedFile, D:\TinyML_Workshop-main\TinyML_Workshop_PGR\TinyML_PGR\STM32\Inf_OnBoard\Core\Src\main.c_save
2026-07-30 12:12:43,306 [INFO] CodeEngine:289 - Generated code: D:\TinyML_Workshop-main\TinyML_Workshop_PGR\TinyML_PGR\STM32\Inf_OnBoard\Core\Src\main.c
2026-07-30 12:12:43,610 [INFO] ProjectBuilder:3606 - Time for Copy HAL[1] : 138mS.
2026-07-30 12:12:43,615 [INFO] ProjectBuilder:5216 - Project Generator version: 4.7.0-B52
2026-07-30 12:12:43,695 [INFO] ConfigFileManager:1595 - The Die is : DIE470
2026-07-30 12:12:43,699 [INFO] ApiDbMcu:532 - Load IP Config File for FATFS
2026-07-30 12:12:43,703 [INFO] ApiDbMcu:532 - Load IP Config File for FREERTOS
2026-07-30 12:12:43,716 [INFO] ApiDbMcu:532 - Load IP Config File for TOUCHSENSING
2026-07-30 12:12:43,722 [INFO] ApiDbMcu:532 - Load IP Config File for USB_DEVICE
2026-07-30 12:12:43,726 [INFO] ApiDbMcu:532 - Load IP Config File for USB_HOST
2026-07-30 12:12:46,584 [INFO] ProjectBuilder:5496 - Time for Generating toolchain IDE Files: 2968mS.
2026-07-30 12:12:46,584 [INFO] ProjectBuilder:3463 - Time for Copy CMSIS : 0mS.
2026-07-30 12:12:46,585 [INFO] ProjectBuilder:3463 - Time for Copy CMSIS : 0mS.
2026-07-30 12:12:47,475 [INFO] McuFinderGlobals:76 - Set McuFinderConnectedMode to true
2026-07-30 12:12:47,479 [INFO] ApiDb:448 - Save user favorites file C:\Users\ADMIN/.stm32cubeide/favorites.mcus.txt: 0 item(s)
2026-07-30 12:12:47,479 [INFO] ApiDb:452 - User favorites MCUs=[]
2026-07-30 12:12:47,480 [INFO] ApiDb:448 - Save user favorites file C:\Users\ADMIN/.stm32cubeide/favorites.boards.txt: 0 item(s)
2026-07-30 12:12:47,480 [INFO] ApiDb:452 - User favorites Boards=[]
2026-07-30 12:13:46,022 [INFO] UserAuth:487 - Internet connection configuration mode: 1
2026-07-30 12:13:46,056 [INFO] JxBrowserEngine:152 - Initiate JxBrowser Engine with user profile folder
2026-07-30 12:13:47,894 [INFO] WebApp:169 - Instantiating new browser for Auth
2026-07-30 12:13:48,997 [INFO] WebApp:463 - Apply proxy settings
2026-07-30 12:13:48,997 [INFO] WebApp:548 - Chromium requires no authentication
2026-07-30 12:13:49,027 [INFO] WebApp:491 - Direct internet connection detected
2026-07-30 12:13:49,087 [INFO] WebApp:900 - Register for checkConnection events
2026-07-30 12:13:49,087 [INFO] WebApp:463 - Apply proxy settings
2026-07-30 12:13:49,087 [INFO] WebApp:548 - Chromium requires no authentication
2026-07-30 12:13:49,088 [INFO] WebApp:491 - Direct internet connection detected
2026-07-30 12:13:49,343 [INFO] WebApp:191 - Connection restablished
2026-07-30 12:13:49,442 [INFO] WebApp:225 - Starting web application
2026-07-30 12:13:49,442 [INFO] WebApp:593 - Web application path used C:\ST\STM32CubeIDE_1.19.0\STM32CubeIDE\plugins\com.st.stm32cube.common.mx_6.15.0.202507011659\db\plugins\mcufinder\reactClient1\index.html
2026-07-30 12:16:01,673 [INFO] WebApp:652 - userauth.ini deleted or not created
2026-07-30 12:16:02,559 [INFO] ServerAccessManage:452 - Complete download http(s) 200
2026-07-30 12:16:02,560 [INFO] ServerAccessManage:509 - Download File STMicroelectronics.X-CUBE-AI.10.2.1.pack
2026-07-30 12:16:56,619 [INFO] AnalyticsPlugin:368 - Accepted License(s): [STMicroelectronics.X-CUBE-AI.10.2.1]
2026-07-30 12:16:56,620 [INFO] FileExtend:248 - Unzip File : STMicroelectronics.X-CUBE-AI.10.2.1.pack
2026-07-30 12:16:56,620 [INFO] FileExtend:263 - Standard Zip Deflate
2026-07-30 12:16:57,456 [INFO] LoadServerPackagesThread:196 - End of LoadServerPackages Thread
2026-07-30 12:16:58,035 [WARN] ThirdParty:509 - waiting for thirdparty lock release [add software pack]
2026-07-30 12:16:58,035 [INFO] ThirdParty:511 - entering critical section [add software pack]
2026-07-30 12:16:58,151 [INFO] ThirdPartyModel:298 - Start build external matchings
2026-07-30 12:16:58,668 [INFO] ThirdPartyModel:316 - End build external matchings
2026-07-30 12:16:58,943 [INFO] ThirdPartyPackRequestProcessor:621 - CMSIS Pack Vendor :STMicroelectronics X-CUBE-AZRTOS-H7 3.5.0
2026-07-30 12:16:58,943 [INFO] ThirdPartyPackRequestProcessor:621 - CMSIS Pack Vendor :STMicroelectronics X-CUBE-PM33A1 1.0.0
2026-07-30 12:16:58,943 [INFO] ThirdPartyPackRequestProcessor:621 - CMSIS Pack Vendor :STMicroelectronics USBPD 4.1
2026-07-30 12:16:58,943 [INFO] ThirdPartyPackRequestProcessor:621 - CMSIS Pack Vendor :STMicroelectronics X-CUBE-NFC9 1.0.0
2026-07-30 12:16:58,943 [INFO] ThirdPartyPackRequestProcessor:621 - CMSIS Pack Vendor :STMicroelectronics USB_HOST 2.0.0
2026-07-30 12:16:58,943 [INFO] ThirdPartyPackRequestProcessor:621 - CMSIS Pack Vendor :STMicroelectronics FP-ATR-ASTRA1 2.0.3
2026-07-30 12:16:58,943 [INFO] ThirdPartyPackRequestProcessor:621 - CMSIS Pack Vendor :STMicroelectronics X-CUBE-AZRTOS-F4 1.1.0
2026-07-30 12:16:58,943 [INFO] ThirdPartyPackRequestProcessor:621 - CMSIS Pack Vendor :STMicroelectronics LIBJPEG 8.0.0
2026-07-30 12:16:58,943 [INFO] ThirdPartyPackRequestProcessor:621 - CMSIS Pack Vendor :STMicroelectronics X-CUBE-BLE1 7.1.0
2026-07-30 12:16:58,943 [INFO] ThirdPartyPackRequestProcessor:621 - CMSIS Pack Vendor :wolfSSL I-CUBE-wolfMQTT 1.19.2
2026-07-30 12:16:58,943 [INFO] ThirdPartyPackRequestProcessor:621 - CMSIS Pack Vendor :STMicroelectronics USB_DEVICE 3.0.0
2026-07-30 12:16:58,943 [INFO] ThirdPartyPackRequestProcessor:621 - CMSIS Pack Vendor :STMicroelectronics X-CUBE-ISPU 2.1.0
2026-07-30 12:16:58,943 [INFO] ThirdPartyPackRequestProcessor:621 - CMSIS Pack Vendor :STMicroelectronics X-CUBE-EEPRMA1 5.2.0
2026-07-30 12:16:58,943 [INFO] ThirdPartyPackRequestProcessor:621 - CMSIS Pack Vendor :STMicroelectronics X-CUBE-IPS 3.2.0
2026-07-30 12:16:58,943 [INFO] ThirdPartyPackRequestProcessor:621 - CMSIS Pack Vendor :STMicroelectronics eDS-WB_DPC_TT-BIDIR 2.1.1
2026-07-30 12:16:58,943 [INFO] ThirdPartyPackRequestProcessor:621 - CMSIS Pack Vendor :STMicroelectronics X-CUBE-AZRTOS-WB 2.0.0
2026-07-30 12:16:58,943 [INFO] ThirdPartyPackRequestProcessor:621 - CMSIS Pack Vendor :STMicroelectronics X-CUBE-NFC12 1.0.0
2026-07-30 12:16:58,943 [INFO] ThirdPartyPackRequestProcessor:621 - CMSIS Pack Vendor :STMicroelectronics X-CUBE-AZRTOS-F7 1.1.0
2026-07-30 12:16:58,943 [INFO] ThirdPartyPackRequestProcessor:621 - CMSIS Pack Vendor :STMicroelectronics X-CUBE-AZRTOS-L5 2.0.0
2026-07-30 12:16:58,943 [INFO] ThirdPartyPackRequestProcessor:621 - CMSIS Pack Vendor :STMicroelectronics USB_DEVICE 2.0.0
2026-07-30 12:16:58,943 [INFO] ThirdPartyPackRequestProcessor:621 - CMSIS Pack Vendor :STMicroelectronics X-CUBE-FREERTOS 1.6.0
2026-07-30 12:16:58,944 [INFO] ThirdPartyPackRequestProcessor:621 - CMSIS Pack Vendor :STMicroelectronics FP-SNS-STAIOTCFT 1.1.0
2026-07-30 12:16:58,944 [INFO] ThirdPartyPackRequestProcessor:621 - CMSIS Pack Vendor :quantropi X-CUBE-qispace-sdk-base 2.1.0
2026-07-30 12:16:58,944 [INFO] ThirdPartyPackRequestProcessor:621 - CMSIS Pack Vendor :STMicroelectronics X-CUBE-STSE01 2.0.0
2026-07-30 12:16:58,944 [INFO] ThirdPartyPackRequestProcessor:621 - CMSIS Pack Vendor :STMicroelectronics X-CUBE-ALGOBUILD 1.5.0
2026-07-30 12:16:58,944 [INFO] ThirdPartyPackRequestProcessor:621 - CMSIS Pack Vendor :STMicroelectronics FP-SNS-MOTENV1 5.1.0
2026-07-30 12:16:58,944 [INFO] ThirdPartyPackRequestProcessor:621 - CMSIS Pack Vendor :STMicroelectronics FreeRTOS 0.0.1
2026-07-30 12:16:58,944 [INFO] ThirdPartyPackRequestProcessor:621 - CMSIS Pack Vendor :STMicroelectronics X-CUBE-AZRTOS-H7RS 1.3.0
2026-07-30 12:16:58,944 [INFO] ThirdPartyPackRequestProcessor:621 - CMSIS Pack Vendor :STMicroelectronics X-CUBE-AZRTOS-G0 1.1.0
2026-07-30 12:16:58,944 [INFO] ThirdPartyPackRequestProcessor:621 - CMSIS Pack Vendor :STMicroelectronics X-CUBE-NFC4 3.0.0
2026-07-30 12:16:58,944 [INFO] ThirdPartyPackRequestProcessor:621 - CMSIS Pack Vendor :STMicroelectronics X-CUBE-SUBG2 5.0.0
2026-07-30 12:16:58,944 [INFO] ThirdPartyPackRequestProcessor:621 - CMSIS Pack Vendor :STMicroelectronics STM32_WPAN 1.0.0
2026-07-30 12:16:58,944 [INFO] ThirdPartyPackRequestProcessor:621 - CMSIS Pack Vendor :STMicroelectronics eDS-WB_DPC_VIENNA 1.2.0
2026-07-30 12:16:58,944 [INFO] ThirdPartyPackRequestProcessor:621 - CMSIS Pack Vendor :EmbeddedOffice I-CUBE-FS-RTOS 1.0.1
2026-07-30 12:16:58,944 [INFO] ThirdPartyPackRequestProcessor:621 - CMSIS Pack Vendor :STMicroelectronics lwIP 2.0.3
2026-07-30 12:16:58,944 [INFO] ThirdPartyPackRequestProcessor:621 - CMSIS Pack Vendor :WES I-CUBE-Cesium 1.4.0
2026-07-30 12:16:58,944 [INFO] ThirdPartyPackRequestProcessor:621 - CMSIS Pack Vendor :STMicroelectronics X-CUBE-MEMS1 13.0.0
2026-07-30 12:16:58,944 [INFO] ThirdPartyPackRequestProcessor:621 - CMSIS Pack Vendor :STMicroelectronics eDS-WB_DPC_3PH2L-BIDIR 1.1.1
2026-07-30 12:16:58,944 [INFO] ThirdPartyPackRequestProcessor:621 - CMSIS Pack Vendor :STMicroelectronics USB_HOST 1.0.0
2026-07-30 12:16:58,944 [INFO] ThirdPartyPackRequestProcessor:621 - CMSIS Pack Vendor :STMicroelectronics X-CUBE-AZRTOS-G4 2.0.0
2026-07-30 12:16:58,944 [INFO] ThirdPartyPackRequestProcessor:621 - CMSIS Pack Vendor :STMicroelectronics PDM2PCM 3.1.0
2026-07-30 12:16:58,944 [INFO] ThirdPartyPackRequestProcessor:621 - CMSIS Pack Vendor :STMicroelectronics PDM2PCM 3.3.0
2026-07-30 12:16:58,944 [INFO] ThirdPartyPackRequestProcessor:621 - CMSIS Pack Vendor :wolfSSL I-CUBE-wolfTPM 3.8.0
2026-07-30 12:16:58,944 [INFO] ThirdPartyPackRequestProcessor:621 - CMSIS Pack Vendor :STMicroelectronics X-CUBE-DISPLAY 3.0.0
2026-07-30 12:16:58,944 [INFO] ThirdPartyPackRequestProcessor:621 - CMSIS Pack Vendor :wolfSSL I-CUBE-wolfSSH 1.4.20
2026-07-30 12:16:58,944 [INFO] ThirdPartyPackRequestProcessor:621 - CMSIS Pack Vendor :STMicroelectronics X-CUBE-NFC7 2.0.0
2026-07-30 12:16:58,944 [INFO] ThirdPartyPackRequestProcessor:621 - CMSIS Pack Vendor :STMicroelectronics X-CUBE-GNSS1 7.1.1
2026-07-30 12:16:58,944 [INFO] ThirdPartyPackRequestProcessor:621 - CMSIS Pack Vendor :STMicroelectronics FP-SNS-MOTENVWB1 1.5.0
2026-07-30 12:16:58,944 [INFO] ThirdPartyPackRequestProcessor:621 - CMSIS Pack Vendor :STMicroelectronics X-CUBE-TCPP 4.2.0
2026-07-30 12:16:58,944 [INFO] ThirdPartyPackRequestProcessor:621 - CMSIS Pack Vendor :RealThread X-CUBE-RT-Thread_Nano 4.1.1
2026-07-30 12:16:58,944 [INFO] ThirdPartyPackRequestProcessor:621 - CMSIS Pack Vendor :STMicroelectronics FP-ATR-SIGFOX1 3.2.0
2026-07-30 12:16:58,944 [INFO] ThirdPartyPackRequestProcessor:621 - CMSIS Pack Vendor :STMicroelectronics X-CUBE-NFC10 1.0.0
2026-07-30 12:16:58,944 [INFO] ThirdPartyPackRequestProcessor:621 - CMSIS Pack Vendor :STMicroelectronics HAL Drivers 0.0.0
2026-07-30 12:16:58,944 [INFO] ThirdPartyPackRequestProcessor:621 - CMSIS Pack Vendor :STMicroelectronics MBEDTLS 2.16.2
2026-07-30 12:16:58,944 [INFO] ThirdPartyPackRequestProcessor:621 - CMSIS Pack Vendor :STMicroelectronics X-CUBE-ST60 1.1.0
2026-07-30 12:16:58,944 [INFO] ThirdPartyPackRequestProcessor:621 - CMSIS Pack Vendor :STMicroelectronics X-CUBE-ALS 1.0.2
2026-07-30 12:16:58,945 [INFO] ThirdPartyPackRequestProcessor:621 - CMSIS Pack Vendor :emotas I-CUBE-CANOPEN 1.3.0
2026-07-30 12:16:58,945 [INFO] ThirdPartyPackRequestProcessor:621 - CMSIS Pack Vendor :wolfSSL I-CUBE-wolfSSL 5.9.2
2026-07-30 12:16:58,945 [INFO] ThirdPartyPackRequestProcessor:621 - CMSIS Pack Vendor :STMicroelectronics MBEDTLS 2.14.1
2026-07-30 12:16:58,945 [INFO] ThirdPartyPackRequestProcessor:621 - CMSIS Pack Vendor :ITTIA_DB I-CUBE-ITTIADB 8.9.0
2026-07-30 12:16:58,945 [INFO] ThirdPartyPackRequestProcessor:621 - CMSIS Pack Vendor :Cesanta I-CUBE-Mongoose 7.21.7
2026-07-30 12:16:58,945 [INFO] ThirdPartyPackRequestProcessor:621 - CMSIS Pack Vendor :STMicroelectronics X-CUBE-TOUCHGFX 4.26.1
2026-07-30 12:16:58,945 [INFO] ThirdPartyPackRequestProcessor:621 - CMSIS Pack Vendor :STMicroelectronics X-CUBE-NFC6 3.2.0
2026-07-30 12:16:58,945 [INFO] ThirdPartyPackRequestProcessor:621 - CMSIS Pack Vendor :STMicroelectronics FP-SNS-STBOX1 2.1.0
2026-07-30 12:16:58,945 [INFO] ThirdPartyPackRequestProcessor:621 - CMSIS Pack Vendor :STMicroelectronics X-CUBE-AI 10.2.1
2026-07-30 12:16:58,945 [INFO] ThirdPartyPackRequestProcessor:621 - CMSIS Pack Vendor :STMicroelectronics ThreadX 1.0.0
2026-07-30 12:16:58,945 [INFO] ThirdPartyPackRequestProcessor:621 - CMSIS Pack Vendor :STMicroelectronics FP-SNS-SMARTAG2 1.2.0
2026-07-30 12:16:58,945 [INFO] ThirdPartyPackRequestProcessor:621 - CMSIS Pack Vendor :STMicroelectronics FP-SNS-FLIGHT1 5.1.0
2026-07-30 12:16:58,945 [INFO] ThirdPartyPackRequestProcessor:621 - CMSIS Pack Vendor :STMicroelectronics X-CUBE-AZRTOS-WL 2.0.0
2026-07-30 12:16:58,945 [INFO] ThirdPartyPackRequestProcessor:621 - CMSIS Pack Vendor :SEGGER I-CUBE-embOS 1.3.1
2026-07-30 12:16:58,945 [INFO] ThirdPartyPackRequestProcessor:621 - CMSIS Pack Vendor :STMicroelectronics X-CUBE-DPower 1.3.0
2026-07-30 12:16:58,945 [INFO] ThirdPartyPackRequestProcessor:621 - CMSIS Pack Vendor :STMicroelectronics USB_DEVICE 1.0.0
2026-07-30 12:16:58,945 [INFO] ThirdPartyPackRequestProcessor:621 - CMSIS Pack Vendor :STMicroelectronics X-CUBE-AZRTOS-L4 2.0.0
2026-07-30 12:16:58,945 [INFO] ThirdPartyPackRequestProcessor:621 - CMSIS Pack Vendor :STMicroelectronics ThreadX 0.0.2
2026-07-30 12:16:58,945 [INFO] ThirdPartyPackRequestProcessor:621 - CMSIS Pack Vendor :STMicroelectronics lwIP 2.1.2
2026-07-30 12:16:58,945 [INFO] ThirdPartyPackRequestProcessor:621 - CMSIS Pack Vendor :STMicroelectronics X-CUBE-SFXS2LP1 4.0.0
2026-07-30 12:16:58,945 [INFO] ThirdPartyPackRequestProcessor:621 - CMSIS Pack Vendor :STMicroelectronics X-CUBE-BLE2 3.3.0
2026-07-30 12:16:58,945 [INFO] ThirdPartyPackRequestProcessor:621 - CMSIS Pack Vendor :Avnet-IOTCONNECT X-CUBE-iotc-st67-sdk 1.0.0
2026-07-30 12:16:58,945 [INFO] ThirdPartyPackRequestProcessor:621 - CMSIS Pack Vendor :STMicroelectronics X-CUBE-TOF1 3.4.3
2026-07-30 12:16:58,945 [INFO] ThirdPartyPackRequestProcessor:621 - CMSIS Pack Vendor :Infineon AIROC-Wi-Fi-Bluetooth-STM32 1.8.0
2026-07-30 12:16:58,945 [INFO] ThirdPartyPackRequestProcessor:621 - CMSIS Pack Vendor :STMicroelectronics X-CUBE-NFC13 1.0.0
2026-07-30 12:16:58,945 [INFO] ThirdPartyPackRequestProcessor:621 - CMSIS Pack Vendor :STMicroelectronics PDM2PCM 3.2.0
2026-07-30 12:16:58,945 [INFO] ThirdPartyPackRequestProcessor:621 - CMSIS Pack Vendor :STMicroelectronics X-CUBE-WB05N 2.1.0
2026-07-30 12:16:58,945 [INFO] ThirdParty:514 - exiting critical section [add software pack]
2026-07-30 12:16:58,946 [INFO] LoadServerUpdatesThread:375 - End of LoadServerUpdate Thread
2026-07-30 12:16:59,125 [INFO] ThirdPartyModel:298 - Start build external matchings
2026-07-30 12:16:59,173 [INFO] MainUpdater:1610 - ProgressBar Return now
2026-07-30 12:16:59,536 [INFO] ThirdPartyModel:316 - End build external matchings
2026-07-30 12:16:59,779 [INFO] CheckServerUpdateThread:120 - End of CheckServer Thread
2026-07-30 12:18:49,604 [INFO] ApiDbMcu:532 - Load IP Config File for STMicroelectronics.X-CUBE-AI.10.2.1
2026-07-30 12:18:49,858 [WARN] SupportedApi:132 - Cannot load RTOS API schema: s4s-elt-must-match.1: The content of 'definitions' must match (annotation?, (simpleType | complexType)?, (unique | key | keyref)*)). A problem was found starting at: attribute.
2026-07-30 12:18:49,899 [INFO] IPUIPlugin:80 - create IPUIPlugin
2026-07-30 12:18:56,509 [INFO] PlatformPackageDownloader:268 - STEdgeAI Core will be downloaded from: https://api.stm32ai.com/marketplace/v1/file/stedgeai-windows-10.2.0.zip?o=X-CUBE-AI&token=10
2026-07-30 12:18:56,573 [INFO] UtilMem:75 - End SaveConfig() Used Memory: 600210616 Bytes (1073741824)
2026-07-30 12:18:57,534 [INFO] PlatformPackageDownloader:439 - 888924835 bytes to download
2026-07-30 12:19:07,546 [INFO] PlatformPackageDownloader:458 - 26578944 bytes downloaded
2026-07-30 12:19:17,548 [INFO] PlatformPackageDownloader:458 - 66506752 bytes downloaded
2026-07-30 12:19:27,549 [INFO] PlatformPackageDownloader:458 - 120508416 bytes downloaded
2026-07-30 12:19:37,589 [INFO] PlatformPackageDownloader:458 - 185733120 bytes downloaded
2026-07-30 12:19:47,632 [INFO] PlatformPackageDownloader:458 - 210178048 bytes downloaded
2026-07-30 12:19:57,635 [INFO] PlatformPackageDownloader:458 - 267456512 bytes downloaded
2026-07-30 12:20:07,637 [INFO] PlatformPackageDownloader:458 - 334942208 bytes downloaded
2026-07-30 12:20:17,639 [INFO] PlatformPackageDownloader:458 - 391892992 bytes downloaded
2026-07-30 12:20:27,640 [INFO] PlatformPackageDownloader:458 - 461017088 bytes downloaded
2026-07-30 12:20:37,646 [INFO] PlatformPackageDownloader:458 - 521097216 bytes downloaded
2026-07-30 12:20:47,648 [INFO] PlatformPackageDownloader:458 - 588648448 bytes downloaded
2026-07-30 12:20:57,649 [INFO] PlatformPackageDownloader:458 - 657756160 bytes downloaded
2026-07-30 12:21:07,650 [INFO] PlatformPackageDownloader:458 - 723193856 bytes downloaded
2026-07-30 12:21:17,660 [INFO] PlatformPackageDownloader:458 - 791793664 bytes downloaded
2026-07-30 12:21:27,663 [INFO] PlatformPackageDownloader:458 - 857313280 bytes downloaded
2026-07-30 12:21:32,221 [INFO] PlatformPackageDownloader:462 - 888924835 bytes downloaded
2026-07-30 12:21:33,921 [INFO] ZipFileManager:192 - unzip 11%
2026-07-30 12:21:42,507 [INFO] ZipFileManager:192 - unzip 22%
2026-07-30 12:21:55,377 [INFO] ZipFileManager:192 - unzip 33%
2026-07-30 12:22:06,833 [INFO] ZipFileManager:192 - unzip 44%
2026-07-30 12:22:07,801 [INFO] ZipFileManager:192 - unzip 75%
2026-07-30 12:22:19,958 [INFO] ZipFileManager:192 - unzip 86%
2026-07-30 12:22:26,067 [INFO] ZipFileManager:192 - unzip 97%
2026-07-30 12:22:27,022 [INFO] PluginManager:220 - loadIPPluginJar : add ai.10.2.1
2026-07-30 12:22:29,535 [INFO] IPUIPlugin:80 - create IPUIPlugin
2026-07-30 12:22:30,979 [INFO] ServerAccessManage:452 - Complete download http(s) 200
2026-07-30 12:22:30,979 [INFO] ServerAccessManage:509 - Download File 
2026-07-30 12:22:30,982 [INFO] LoadUrlFilesThread:185 - End of LoadServerUrlFiles without Thread
2026-07-30 12:24:20,898 [INFO] AIMainUI:1269 - Restoring parameters from IP...
2026-07-30 12:24:20,898 [INFO] AIMainUI:1392 - No old model detected
2026-07-30 12:24:20,931 [INFO] AI:955 - getUI adding AI com.st.microxplorer.plugins.ip.ai.AI@71f5e271 on STMicroelectronics.X-CUBE-AI.10.2.1
2026-07-30 12:33:19,307 [INFO] UtilMem:75 - End SaveConfig() Used Memory: 996717168 Bytes (1073741824)
2026-07-30 12:33:21,434 [INFO] UtilMem:75 - End SaveConfig() Used Memory: 383596488 Bytes (1073741824)
2026-07-30 12:33:24,231 [INFO] UtilMem:75 - End SaveConfig() Used Memory: 375103136 Bytes (1073741824)
2026-07-30 12:33:25,274 [INFO] ProjectBuilder:2395 - IP not ready for code generation: STMicroelectronics.X-CUBE-AI.10.2.1
2026-07-30 12:33:43,655 [INFO] BlockDiagram:2775 - set Specific Code input for plugin: SYS
2026-07-30 12:33:43,656 [INFO] BlockDiagram:2775 - set Specific Code input for plugin: RCC
2026-07-30 12:33:43,656 [INFO] BlockDiagram:2775 - set Specific Code input for plugin: NVIC
2026-07-30 12:33:43,656 [INFO] BlockDiagram:2775 - set Specific Code input for plugin: STMicroelectronics.X-CUBE-AI.10.2.1
2026-07-30 12:33:43,664 [INFO] CodeGenerator:892 - code generatio: config db path: C:\ST\STM32CubeIDE_1.19.0\STM32CubeIDE\plugins\com.st.stm32cube.common.mx_6.15.0.202507011659\\db\
2026-07-30 12:33:43,755 [INFO] IP:3329 - RTE Config file name : RTE_Component
2026-07-30 12:33:43,756 [INFO] IP:3347 - RTE template : RTE_Components.ftl
2026-07-30 12:33:43,769 [INFO] CodeEngine:265 - oldGeneratedFile, D:\TinyML_Workshop-main\TinyML_Workshop_PGR\TinyML_PGR\STM32\Inf_OnBoard\MXTmpFiles\license.tmp_save
2026-07-30 12:33:44,186 [INFO] CodeEngine:289 - Generated code: D:\TinyML_Workshop-main\TinyML_Workshop_PGR\TinyML_PGR\STM32\Inf_OnBoard\MXTmpFiles\license.tmp
2026-07-30 12:33:44,295 [INFO] Middleware:1452 - No code input for Bsp Dependency
2026-07-30 12:33:44,296 [INFO] Middleware:1452 - No code input for Bsp Dependency
2026-07-30 12:33:44,307 [INFO] CodeEngine:265 - oldGeneratedFile, D:\TinyML_Workshop-main\TinyML_Workshop_PGR\TinyML_PGR\STM32\Inf_OnBoard\Core\Src\stm32l4xx_it.c_save
2026-07-30 12:33:44,805 [INFO] CodeEngine:289 - Generated code: D:\TinyML_Workshop-main\TinyML_Workshop_PGR\TinyML_PGR\STM32\Inf_OnBoard\Core\Src\stm32l4xx_it.c
2026-07-30 12:33:44,811 [INFO] CodeEngine:265 - oldGeneratedFile, D:\TinyML_Workshop-main\TinyML_Workshop_PGR\TinyML_PGR\STM32\Inf_OnBoard\Core\Inc\stm32l4xx_it.h_save
2026-07-30 12:33:44,993 [INFO] CodeEngine:289 - Generated code: D:\TinyML_Workshop-main\TinyML_Workshop_PGR\TinyML_PGR\STM32\Inf_OnBoard\Core\Inc\stm32l4xx_it.h
2026-07-30 12:33:45,011 [INFO] CodeEngine:265 - oldGeneratedFile, D:\TinyML_Workshop-main\TinyML_Workshop_PGR\TinyML_PGR\STM32\Inf_OnBoard\Core\Src\stm32l4xx_hal_msp.c_save
2026-07-30 12:33:45,279 [INFO] CodeEngine:289 - Generated code: D:\TinyML_Workshop-main\TinyML_Workshop_PGR\TinyML_PGR\STM32\Inf_OnBoard\Core\Src\stm32l4xx_hal_msp.c
2026-07-30 12:33:45,287 [INFO] CodeEngine:265 - oldGeneratedFile, D:\TinyML_Workshop-main\TinyML_Workshop_PGR\TinyML_PGR\STM32\Inf_OnBoard\MXTmpFiles\system.tmp_save
2026-07-30 12:33:45,459 [INFO] CodeEngine:289 - Generated code: D:\TinyML_Workshop-main\TinyML_Workshop_PGR\TinyML_PGR\STM32\Inf_OnBoard\MXTmpFiles\system.tmp
2026-07-30 12:33:45,475 [INFO] CodeEngine:321 - oldGeneratedFile, D:\TinyML_Workshop-main\TinyML_Workshop_PGR\TinyML_PGR\STM32\Inf_OnBoard\Core\Inc\stm32l4xx_hal_conf.h_save
2026-07-30 12:33:45,614 [INFO] CodeEngine:345 - Generated code: D:\TinyML_Workshop-main\TinyML_Workshop_PGR\TinyML_PGR\STM32\Inf_OnBoard\Core\Inc\stm32l4xx_hal_conf.h
2026-07-30 12:33:45,651 [INFO] CodeEngine:265 - oldGeneratedFile, D:\TinyML_Workshop-main\TinyML_Workshop_PGR\TinyML_PGR\STM32\Inf_OnBoard\Core\Inc\main.h_save
2026-07-30 12:33:45,824 [INFO] CodeEngine:289 - Generated code: D:\TinyML_Workshop-main\TinyML_Workshop_PGR\TinyML_PGR\STM32\Inf_OnBoard\Core\Inc\main.h
2026-07-30 12:33:45,831 [INFO] CodeEngine:265 - oldGeneratedFile, D:\TinyML_Workshop-main\TinyML_Workshop_PGR\TinyML_PGR\STM32\Inf_OnBoard\Core\Src\main.c_save
2026-07-30 12:33:46,022 [INFO] CodeEngine:289 - Generated code: D:\TinyML_Workshop-main\TinyML_Workshop_PGR\TinyML_PGR\STM32\Inf_OnBoard\Core\Src\main.c
2026-07-30 12:33:46,542 [INFO] ProjectBuilder:3606 - Time for Copy HAL[1] : 162mS.
2026-07-30 12:33:46,548 [ERROR] Middleware:2950 - Invalid RefComponent list
2026-07-30 12:33:46,549 [ERROR] Middleware:2950 - Invalid RefComponent list
2026-07-30 12:33:46,549 [ERROR] Middleware:2950 - Invalid RefComponent list
2026-07-30 12:33:46,549 [ERROR] Middleware:2950 - Invalid RefComponent list
2026-07-30 12:33:46,549 [ERROR] Middleware:2950 - Invalid RefComponent list
2026-07-30 12:33:46,549 [ERROR] Middleware:2950 - Invalid RefComponent list
2026-07-30 12:33:46,549 [ERROR] Middleware:2950 - Invalid RefComponent list
2026-07-30 12:33:46,549 [ERROR] Middleware:2950 - Invalid RefComponent list
2026-07-30 12:33:46,549 [ERROR] Middleware:2950 - Invalid RefComponent list
2026-07-30 12:33:46,549 [ERROR] Middleware:2950 - Invalid RefComponent list
2026-07-30 12:33:46,549 [ERROR] Middleware:2950 - Invalid RefComponent list
2026-07-30 12:33:46,549 [ERROR] Middleware:2950 - Invalid RefComponent list
2026-07-30 12:33:46,550 [ERROR] Middleware:2950 - Invalid RefComponent list
2026-07-30 12:33:46,550 [ERROR] Middleware:2950 - Invalid RefComponent list
2026-07-30 12:33:46,550 [ERROR] Middleware:2950 - Invalid RefComponent list
2026-07-30 12:33:46,550 [ERROR] Middleware:2950 - Invalid RefComponent list
2026-07-30 12:33:46,550 [ERROR] Middleware:2950 - Invalid RefComponent list
2026-07-30 12:33:46,551 [ERROR] Middleware:2950 - Invalid RefComponent list
2026-07-30 12:33:46,551 [ERROR] Middleware:2950 - Invalid RefComponent list
2026-07-30 12:33:46,551 [ERROR] Middleware:2950 - Invalid RefComponent list
2026-07-30 12:33:46,551 [ERROR] Middleware:2950 - Invalid RefComponent list
2026-07-30 12:33:46,551 [ERROR] Middleware:2950 - Invalid RefComponent list
2026-07-30 12:33:46,551 [ERROR] Middleware:2950 - Invalid RefComponent list
2026-07-30 12:33:46,551 [ERROR] Middleware:2950 - Invalid RefComponent list
2026-07-30 12:33:46,551 [ERROR] Middleware:2950 - Invalid RefComponent list
2026-07-30 12:33:46,552 [ERROR] Middleware:2950 - Invalid RefComponent list
2026-07-30 12:33:46,552 [ERROR] Middleware:2950 - Invalid RefComponent list
2026-07-30 12:33:46,552 [ERROR] Middleware:2950 - Invalid RefComponent list
2026-07-30 12:33:46,552 [ERROR] Middleware:2950 - Invalid RefComponent list
2026-07-30 12:33:46,552 [ERROR] Middleware:2950 - Invalid RefComponent list
2026-07-30 12:33:46,552 [ERROR] Middleware:2950 - Invalid RefComponent list
2026-07-30 12:33:46,552 [ERROR] Middleware:2950 - Invalid RefComponent list
2026-07-30 12:33:46,552 [ERROR] Middleware:2950 - Invalid RefComponent list
2026-07-30 12:33:46,552 [ERROR] Middleware:2950 - Invalid RefComponent list
2026-07-30 12:33:46,552 [ERROR] Middleware:2950 - Invalid RefComponent list
2026-07-30 12:33:46,552 [ERROR] Middleware:2950 - Invalid RefComponent list
2026-07-30 12:33:46,552 [ERROR] Middleware:2950 - Invalid RefComponent list
2026-07-30 12:33:46,553 [ERROR] Middleware:2950 - Invalid RefComponent list
2026-07-30 12:33:46,553 [ERROR] Middleware:2950 - Invalid RefComponent list
2026-07-30 12:33:46,553 [ERROR] Middleware:2950 - Invalid RefComponent list
2026-07-30 12:33:46,553 [ERROR] Middleware:2950 - Invalid RefComponent list
2026-07-30 12:33:46,553 [ERROR] Middleware:2950 - Invalid RefComponent list
2026-07-30 12:33:46,553 [ERROR] Middleware:2950 - Invalid RefComponent list
2026-07-30 12:33:46,553 [ERROR] Middleware:2950 - Invalid RefComponent list
2026-07-30 12:33:46,553 [ERROR] Middleware:2950 - Invalid RefComponent list
2026-07-30 12:33:46,553 [ERROR] Middleware:2950 - Invalid RefComponent list
2026-07-30 12:33:46,553 [ERROR] Middleware:2950 - Invalid RefComponent list
2026-07-30 12:33:46,553 [ERROR] Middleware:2950 - Invalid RefComponent list
2026-07-30 12:33:46,553 [ERROR] Middleware:2950 - Invalid RefComponent list
2026-07-30 12:33:46,553 [ERROR] Middleware:2950 - Invalid RefComponent list
2026-07-30 12:33:46,557 [INFO] ProjectBuilder:5216 - Project Generator version: 4.7.0-B52
2026-07-30 12:33:46,658 [INFO] ConfigFileManager:1595 - The Die is : DIE470
2026-07-30 12:33:48,051 [INFO] ProjectBuilder:5496 - Time for Generating toolchain IDE Files: 1495mS.
2026-07-30 12:33:48,053 [INFO] ProjectBuilder:3463 - Time for Copy CMSIS : 1mS.
2026-07-30 12:33:48,055 [INFO] ProjectBuilder:3463 - Time for Copy CMSIS : 0mS.
2026-07-30 12:33:59,312 [INFO] MainUpdater:2872 - connection check result : 10
2026-07-30 12:34:00,149 [INFO] CheckServerUpdateThread:120 - End of CheckServer Thread
2026-07-30 12:36:27,255 [INFO] MainUpdater:2872 - connection check result : 10
2026-07-30 12:36:27,486 [INFO] CheckServerUpdateThread:120 - End of CheckServer Thread
2026-07-30 12:37:02,113 [INFO] ServerAccessManage:452 - Complete download http(s) 200
2026-07-30 12:37:02,114 [INFO] ServerAccessManage:509 - Download File updaters.zip
2026-07-30 12:37:02,485 [INFO] FileExtend:248 - Unzip File : updaters.zip
2026-07-30 12:37:02,485 [INFO] FileExtend:263 - Standard Zip Deflate
2026-07-30 12:37:02,885 [INFO] ServerAccessManage:452 - Complete download http(s) 200
2026-07-30 12:37:02,886 [INFO] ServerAccessManage:509 - Download File PacksControlFlags.xml
2026-07-30 12:37:03,235 [INFO] ServerAccessManage:452 - Complete download http(s) 200
2026-07-30 12:37:03,235 [INFO] ServerAccessManage:509 - Download File cubemx.pidx
2026-07-30 12:37:03,369 [INFO] ServerAccessManage:452 - Complete download http(s) 200
2026-07-30 12:37:03,369 [INFO] ServerAccessManage:509 - Download File STMicroelectronics.FP-ATR-ASTRA1.pdsc
2026-07-30 12:37:04,017 [INFO] ServerAccessManage:452 - Complete download http(s) 200
2026-07-30 12:37:04,018 [INFO] ServerAccessManage:509 - Download File STMicroelectronics.FP-ATR-SIGFOX1.pdsc
2026-07-30 12:37:04,159 [INFO] ServerAccessManage:452 - Complete download http(s) 200
2026-07-30 12:37:04,160 [INFO] ServerAccessManage:509 - Download File STMicroelectronics.FP-SNS-STBOX1.pdsc
2026-07-30 12:37:04,428 [INFO] ServerAccessManage:452 - Complete download http(s) 200
2026-07-30 12:37:04,428 [INFO] ServerAccessManage:509 - Download File STMicroelectronics.FP-SNS-FLIGHT1.pdsc
2026-07-30 12:37:04,763 [INFO] ServerAccessManage:452 - Complete download http(s) 200
2026-07-30 12:37:04,764 [INFO] ServerAccessManage:509 - Download File STMicroelectronics.FP-SNS-MOTENV1.pdsc
2026-07-30 12:37:05,609 [INFO] ServerAccessManage:452 - Complete download http(s) 200
2026-07-30 12:37:05,609 [INFO] ServerAccessManage:509 - Download File STMicroelectronics.FP-SNS-MOTENVWB1.pdsc
2026-07-30 12:37:05,911 [INFO] ServerAccessManage:452 - Complete download http(s) 200
2026-07-30 12:37:05,911 [INFO] ServerAccessManage:509 - Download File STMicroelectronics.FP-SNS-SMARTAG2.pdsc
2026-07-30 12:37:06,050 [INFO] ServerAccessManage:452 - Complete download http(s) 200
2026-07-30 12:37:06,051 [INFO] ServerAccessManage:509 - Download File STMicroelectronics.FP-SNS-STAIOTCFT.pdsc
2026-07-30 12:37:06,281 [INFO] ServerAccessManage:452 - Complete download http(s) 200
2026-07-30 12:37:06,282 [INFO] ServerAccessManage:509 - Download File STMicroelectronics.X-CUBE-AI.pdsc
2026-07-30 12:37:07,480 [INFO] ServerAccessManage:452 - Complete download http(s) 200
2026-07-30 12:37:07,480 [INFO] ServerAccessManage:509 - Download File STMicroelectronics.X-CUBE-ALS.pdsc
2026-07-30 12:37:07,746 [INFO] ServerAccessManage:452 - Complete download http(s) 200
2026-07-30 12:37:07,746 [INFO] ServerAccessManage:509 - Download File STMicroelectronics.X-CUBE-BLE1.pdsc
2026-07-30 12:37:09,281 [ERROR] ServerAccessManage:1212 - Problem, file not found on Server
2026-07-30 12:37:09,373 [INFO] ServerAccessManage:452 - Complete download http(s) 200
2026-07-30 12:37:09,373 [INFO] ServerAccessManage:509 - Download File STMicroelectronics.X-CUBE-BLE2.pdsc
2026-07-30 12:37:10,187 [INFO] ServerAccessManage:452 - Complete download http(s) 200
2026-07-30 12:37:10,188 [INFO] ServerAccessManage:509 - Download File STMicroelectronics.X-CUBE-BLEMGR.pdsc
2026-07-30 12:37:10,914 [ERROR] ServerAccessManage:1212 - Problem, file not found on Server
2026-07-30 12:37:11,426 [INFO] ServerAccessManage:452 - Complete download http(s) 200
2026-07-30 12:37:11,426 [INFO] ServerAccessManage:509 - Download File STMicroelectronics.X-CUBE-DISPLAY.pdsc
2026-07-30 12:37:11,876 [INFO] ServerAccessManage:452 - Complete download http(s) 200
2026-07-30 12:37:11,876 [INFO] ServerAccessManage:509 - Download File STMicroelectronics.X-CUBE-DPOWER.pdsc
2026-07-30 12:37:12,228 [ERROR] ServerAccessManage:1212 - Problem, file not found on Server
2026-07-30 12:37:12,708 [ERROR] ServerAccessManage:1212 - Problem, file not found on Server
2026-07-30 12:37:12,929 [ERROR] ServerAccessManage:1212 - Problem, file not found on Server
2026-07-30 12:37:13,462 [ERROR] ServerAccessManage:1212 - Problem, file not found on Server
2026-07-30 12:37:13,946 [ERROR] ServerAccessManage:1212 - Problem, file not found on Server
2026-07-30 12:37:14,164 [ERROR] ServerAccessManage:1212 - Problem, file not found on Server
2026-07-30 12:37:14,669 [ERROR] ServerAccessManage:1212 - Problem, file not found on Server
2026-07-30 12:37:14,876 [ERROR] ServerAccessManage:1212 - Problem, file not found on Server
2026-07-30 12:37:15,351 [ERROR] ServerAccessManage:1212 - Problem, file not found on Server
2026-07-30 12:37:15,857 [ERROR] ServerAccessManage:1212 - Problem, file not found on Server
2026-07-30 12:37:16,065 [ERROR] ServerAccessManage:1212 - Problem, file not found on Server
2026-07-30 12:37:16,192 [INFO] ServerAccessManage:452 - Complete download http(s) 200
2026-07-30 12:37:16,192 [INFO] ServerAccessManage:509 - Download File STMicroelectronics.X-CUBE-EEPRMA1.pdsc
2026-07-30 12:37:16,525 [ERROR] ServerAccessManage:1212 - Problem, file not found on Server
2026-07-30 12:37:17,159 [ERROR] ServerAccessManage:1212 - Problem, file not found on Server
2026-07-30 12:37:17,415 [INFO] ServerAccessManage:452 - Complete download http(s) 200
2026-07-30 12:37:17,415 [INFO] ServerAccessManage:509 - Download File STMicroelectronics.X-CUBE-FREERTOS.pdsc
2026-07-30 12:37:18,194 [INFO] ServerAccessManage:452 - Complete download http(s) 200
2026-07-30 12:37:18,194 [INFO] ServerAccessManage:509 - Download File STMicroelectronics.X-CUBE-GNSS1.pdsc
2026-07-30 12:37:19,528 [ERROR] ServerAccessManage:1212 - Problem, file not found on Server
2026-07-30 12:37:19,730 [ERROR] ServerAccessManage:1212 - Problem, file not found on Server
2026-07-30 12:37:20,229 [ERROR] ServerAccessManage:1212 - Problem, file not found on Server
2026-07-30 12:37:20,508 [ERROR] ServerAccessManage:1212 - Problem, file not found on Server
2026-07-30 12:37:20,740 [ERROR] ServerAccessManage:1212 - Problem, file not found on Server
2026-07-30 12:37:21,234 [ERROR] ServerAccessManage:1212 - Problem, file not found on Server
2026-07-30 12:37:21,325 [INFO] ServerAccessManage:452 - Complete download http(s) 200
2026-07-30 12:37:21,325 [INFO] ServerAccessManage:509 - Download File STMicroelectronics.X-CUBE-ISPU.pdsc
2026-07-30 12:37:21,662 [INFO] ServerAccessManage:452 - Complete download http(s) 200
2026-07-30 12:37:21,662 [INFO] ServerAccessManage:509 - Download File STMicroelectronics.X-CUBE-IPS.pdsc
2026-07-30 12:37:22,237 [INFO] ServerAccessManage:452 - Complete download http(s) 200
2026-07-30 12:37:22,238 [INFO] ServerAccessManage:509 - Download File STMicroelectronics.X-CUBE-MEMS1.pdsc
2026-07-30 12:37:24,112 [WARN] Engine:547 - Do no try to populate pack already in database: STMicroelectronics.FP-ATR-ASTRA1.2.0.3
2026-07-30 12:37:24,113 [WARN] Engine:547 - Do no try to populate pack already in database: STMicroelectronics.FP-ATR-SIGFOX1.3.2.0
2026-07-30 12:37:24,116 [WARN] Engine:547 - Do no try to populate pack already in database: STMicroelectronics.FP-SNS-STBOX1.2.1.0
2026-07-30 12:37:24,117 [WARN] Engine:547 - Do no try to populate pack already in database: STMicroelectronics.FP-SNS-FLIGHT1.5.1.0
2026-07-30 12:37:24,119 [WARN] Engine:547 - Do no try to populate pack already in database: STMicroelectronics.FP-SNS-MOTENV1.5.1.0
2026-07-30 12:37:24,121 [WARN] Engine:547 - Do no try to populate pack already in database: STMicroelectronics.FP-SNS-MOTENVWB1.1.5.0
2026-07-30 12:37:24,123 [WARN] Engine:547 - Do no try to populate pack already in database: STMicroelectronics.FP-SNS-SMARTAG2.1.2.0
2026-07-30 12:37:24,125 [WARN] Engine:547 - Do no try to populate pack already in database: STMicroelectronics.FP-SNS-STAIOTCFT.1.1.0
2026-07-30 12:37:24,127 [WARN] Engine:547 - Do no try to populate pack already in database: STMicroelectronics.X-CUBE-AI.10.2.1
2026-07-30 12:37:24,128 [WARN] Engine:547 - Do no try to populate pack already in database: STMicroelectronics.X-CUBE-ALS.1.0.2
2026-07-30 12:37:24,130 [WARN] Engine:547 - Do no try to populate pack already in database: STMicroelectronics.X-CUBE-BLE1.7.1.0
2026-07-30 12:37:24,131 [WARN] Engine:547 - Do no try to populate pack already in database: STMicroelectronics.X-CUBE-BLE2.3.3.0
2026-07-30 12:37:24,134 [WARN] PopulateThirdPartyThread:106 - Error when creating pack: C:/Users/ADMIN/.stm32cubemx/thirdparties/pdsc/STMicroelectronics.X-CUBE-BLEMGR.pdsc
2026-07-30 12:37:24,137 [WARN] Engine:547 - Do no try to populate pack already in database: STMicroelectronics.X-CUBE-DISPLAY.3.0.0
2026-07-30 12:37:24,139 [WARN] Engine:547 - Do no try to populate pack already in database: STMicroelectronics.X-CUBE-DPower.1.3.0
2026-07-30 12:37:24,140 [WARN] Engine:547 - Do no try to populate pack already in database: STMicroelectronics.X-CUBE-EEPRMA1.5.2.0
2026-07-30 12:37:24,142 [WARN] Engine:547 - Do no try to populate pack already in database: STMicroelectronics.X-CUBE-FREERTOS.1.6.0
2026-07-30 12:37:24,144 [WARN] Engine:547 - Do no try to populate pack already in database: STMicroelectronics.X-CUBE-GNSS1.7.1.1
2026-07-30 12:37:24,145 [WARN] Engine:547 - Do no try to populate pack already in database: STMicroelectronics.X-CUBE-ISPU.2.1.0
2026-07-30 12:37:24,149 [WARN] Engine:547 - Do no try to populate pack already in database: STMicroelectronics.X-CUBE-IPS.3.2.0
2026-07-30 12:37:24,159 [WARN] Engine:547 - Do no try to populate pack already in database: STMicroelectronics.X-CUBE-MEMS1.13.0.0
2026-07-30 12:37:24,159 [INFO] PopulateThirdPartyThread:66 - Ending populate Thread
2026-07-30 12:37:24,160 [INFO] ThirdPartyModel:298 - Start build external matchings
2026-07-30 12:37:24,301 [INFO] CheckServerUpdateThread:120 - End of CheckServer Thread
2026-07-30 12:37:24,630 [INFO] ThirdPartyModel:316 - End build external matchings
2026-07-30 12:37:24,649 [INFO] LoadServerUpdatesThread:375 - End of LoadServerUpdate Thread
2026-07-30 12:37:48,459 [INFO] AI:955 - getUI adding AI com.st.microxplorer.plugins.ip.ai.AI@71f5e271 on STMicroelectronics.X-CUBE-AI.10.2.1
2026-07-30 12:37:48,537 [INFO] AI:955 - getUI adding AI com.st.microxplorer.plugins.ip.ai.AI@71f5e271 on STMicroelectronics.X-CUBE-AI.10.2.1
2026-07-30 12:37:48,619 [INFO] AI:955 - getUI adding AI com.st.microxplorer.plugins.ip.ai.AI@71f5e271 on STMicroelectronics.X-CUBE-AI.10.2.1
2026-07-30 12:37:48,698 [INFO] AI:955 - getUI adding AI com.st.microxplorer.plugins.ip.ai.AI@71f5e271 on STMicroelectronics.X-CUBE-AI.10.2.1
2026-07-30 12:38:01,920 [INFO] AInterface:116 - AInterface using toolDir: C:/Users/ADMIN/STM32Cube/Repository//Packs/STMicroelectronics/X-CUBE-AI/10.2.1/Utilities/windows
2026-07-30 12:38:01,988 [INFO] AIModelDetailledView:2264 - Analysis status: -
2026-07-30 12:38:01,989 [INFO] AIModelDetailledView:898 - Selected model: Keras
2026-07-30 12:38:20,287 [INFO] AIModelDetailledView:898 - Selected model: ONNX
2026-07-30 12:39:12,389 [INFO] AInterface:259 - ModelName:network; files:[D:\TinyML_Workshop-main\TinyML_Workshop_PGR\TinyML_PGR\ONNX\random_forest_model.onnx]; type:ONNX; compression:None
2026-07-30 12:39:12,390 [INFO] AInterface:526 - workspaceTempDir: C:/Users/ADMIN/AppData/Local/Temp/mxAI_workspace10379278846408004143985628285833730
2026-07-30 12:39:12,391 [INFO] AInterface:1179 - Setting Env: C:/Users/ADMIN/STM32Cube/Repository//Packs/STMicroelectronics/X-CUBE-AI/10.2.1/Utilities/windows
2026-07-30 12:39:12,550 [INFO] STM32CubeIDEBuilder:265 - Looking for gnu-tools-for-stm32 tools/bin/arm-none-eabi-gcc.exe in C:\ST\STM32CubeIDE_1.19.0\STM32CubeIDE
2026-07-30 12:39:12,555 [INFO] STM32CubeIDEBuilder:294 - checking C:\ST\STM32CubeIDE_1.19.0\STM32CubeIDE\plugins\com.st.stm32cube.ide.mcu.externaltools.gnu-tools-for-stm32.13.3.rel1.win32_1.0.0.202411081344\tools\bin\arm-none-eabi-gcc.exe
2026-07-30 12:39:12,556 [INFO] STM32CubeIDEBuilder:297 - ret=C:\ST\STM32CubeIDE_1.19.0\STM32CubeIDE\plugins\com.st.stm32cube.ide.mcu.externaltools.gnu-tools-for-stm32.13.3.rel1.win32_1.0.0.202411081344\tools\bin\arm-none-eabi-gcc.exe
2026-07-30 12:39:12,556 [INFO] STM32CubeIDEBuilder:311 - returning C:\ST\STM32CubeIDE_1.19.0\STM32CubeIDE\plugins\com.st.stm32cube.ide.mcu.externaltools.gnu-tools-for-stm32.13.3.rel1.win32_1.0.0.202411081344\tools\bin\arm-none-eabi-gcc.exe
2026-07-30 12:39:12,557 [INFO] AInterface:1236 - Custom PATH variable: C:/Users/ADMIN/STM32Cube/Repository//Packs/STMicroelectronics/X-CUBE-AI/10.2.1/Utilities/windows;C:/Users/ADMIN/STM32Cube/Repository//Packs/STMicroelectronics/X-CUBE-AI/10.2.1/Utilities/windows/mingw64/bin;C:/Users/ADMIN/STM32Cube/Repository//Packs/STMicroelectronics/X-CUBE-AI/10.2.1/Utilities/windows/mingw64/libexec/gcc/x86_64-w64-mingw32/7.3.0;;C:\ST\STM32CubeIDE_1.19.0\STM32CubeIDE\plugins\com.st.stm32cube.ide.mcu.externaltools.gnu-tools-for-stm32.13.3.rel1.win32_1.0.0.202411081344\tools\bin
2026-07-30 12:39:12,562 [INFO] CmdLine:115 - Command: C:/Users/ADMIN/STM32Cube/Repository//Packs/STMicroelectronics/X-CUBE-AI/10.2.1/Utilities/windows/stedgeai.exe analyze --target stm32l4 --name network -m D:/TinyML_Workshop-main/TinyML_Workshop_PGR/TinyML_PGR/ONNX/random_forest_model.onnx --compression none --verbosity 1 --workspace C:/Users/ADMIN/AppData/Local/Temp/mxAI_workspace10379278846408004143985628285833730 --output C:/Users/ADMIN/.stm32cubemx/network_output
2026-07-30 12:39:12,567 [INFO] AIModelDetailledView:2264 - Analysis status: pending
2026-07-30 12:39:35,611 [INFO] CmdLine:76 - ST Edge AI Core v2.2.0-20266 2adc00962
2026-07-30 12:42:46,140 [INFO] CmdLine:76 - Creating c (debug) info json file C:\Users\ADMIN\.stm32cubemx\network_output\network_c_info.json
2026-07-30 12:42:46,449 [INFO] CmdLine:76 -  
2026-07-30 12:42:46,449 [INFO] CmdLine:76 -  Exec/report summary (analyze)
2026-07-30 12:42:46,450 [INFO] CmdLine:76 -  --------------------------------------------------------------------------------------------------------------
2026-07-30 12:42:46,450 [INFO] CmdLine:76 -  model file         :   D:\TinyML_Workshop-main\TinyML_Workshop_PGR\TinyML_PGR\ONNX\random_forest_model.onnx   
2026-07-30 12:42:46,450 [INFO] CmdLine:76 -  type               :   onnx                                                                                   
2026-07-30 12:42:46,450 [INFO] CmdLine:76 -  c_name             :   network                                                                                
2026-07-30 12:42:46,450 [INFO] CmdLine:76 -  compression        :   none                                                                                   
2026-07-30 12:42:46,451 [INFO] CmdLine:76 -  options            :   allocate-inputs, allocate-outputs                                                      
2026-07-30 12:42:46,451 [INFO] CmdLine:76 -  optimization       :   balanced                                                                               
2026-07-30 12:42:46,451 [INFO] CmdLine:76 -  target/series      :   stm32l4                                                                                
2026-07-30 12:42:46,451 [INFO] CmdLine:76 -  workspace dir      :   C:\Users\ADMIN\AppData\Local\Temp\mxAI_workspace10379278846408004143985628285833730    
2026-07-30 12:42:46,452 [INFO] CmdLine:76 -  output dir         :   C:\Users\ADMIN\.stm32cubemx\network_output                                             
2026-07-30 12:42:46,452 [INFO] CmdLine:76 -  model_fmt          :   undefined                                                                              
2026-07-30 12:42:46,452 [INFO] CmdLine:76 -  model_name         :   random_forest_model                                                                    
2026-07-30 12:42:46,452 [INFO] CmdLine:76 -  model_hash         :   0x00177bf66787f228ea6e8f5ba719480d                                                     
2026-07-30 12:42:46,452 [INFO] CmdLine:76 -  params #           :   1,043,793 items (2.51 MiB)                                                             
2026-07-30 12:42:46,452 [INFO] CmdLine:76 -  --------------------------------------------------------------------------------------------------------------
2026-07-30 12:42:46,453 [INFO] CmdLine:76 -  input 1/1          :   'float_input', f32(1x1x6), 24 Bytes, activations                                       
2026-07-30 12:42:46,453 [INFO] CmdLine:76 -  output 1/2         :   'label0', int32(1x1), 4 Bytes, activations                                             
2026-07-30 12:42:46,458 [INFO] CmdLine:76 -  output 2/2         :   'output_probability', f32(1x1x5x2), 40 Bytes, activations                              
2026-07-30 12:42:46,458 [INFO] CmdLine:76 -  outputs (total)    :   44 Bytes                                                                               
2026-07-30 12:42:46,459 [INFO] CmdLine:76 -  macc               :   1,411                                                                                  
2026-07-30 12:42:46,459 [INFO] CmdLine:76 -  weights (ro)       :   2,632,036 B (2.51 MiB) (1 segment) / -1,543,136(-37.0%) vs float model                 
2026-07-30 12:42:46,459 [INFO] CmdLine:76 -  activations (rw)   :   64 B (64 B) (1 segment) *                                                              
2026-07-30 12:42:46,459 [INFO] CmdLine:76 -  ram (total)        :   64 B (64 B) = 64 + 0 + 0                                                               
2026-07-30 12:42:46,460 [INFO] CmdLine:76 -  --------------------------------------------------------------------------------------------------------------
2026-07-30 12:42:46,460 [INFO] CmdLine:76 -  (*) 'input'/'output' buffers are allocated in the activations buffer
2026-07-30 12:42:46,562 [INFO] CmdLine:76 - Computing AI RT data/code size (target=stm32l4)..
2026-07-30 12:42:54,683 [INFO] CmdLine:76 -  Model name - random_forest_model
2026-07-30 12:42:54,684 [INFO] CmdLine:76 -  ------ -------------------------------- ---------------- --------------------- ------- --------------
2026-07-30 12:42:54,684 [INFO] CmdLine:76 -  m_id   layer (original)                 oshape           param/size               macc   connected to
2026-07-30 12:42:54,685 [INFO] CmdLine:76 -  ------ -------------------------------- ---------------- --------------------- ------- --------------
2026-07-30 12:42:54,685 [INFO] CmdLine:76 -  0      float_input ()                   [h:1,c:6]
2026-07-30 12:42:54,685 [INFO] CmdLine:76 -  ------ -------------------------------- ---------------- --------------------- ------- --------------
2026-07-30 12:42:54,686 [INFO] CmdLine:76 -  1      label (TreeEnsembleClassifier)   [c:1][h:1,c:5]   1,043,788/2,632,028     1,411    float_input
2026-07-30 12:42:54,686 [INFO] CmdLine:76 -  ------ -------------------------------- ---------------- --------------------- ------- --------------
2026-07-30 12:42:54,686 [INFO] CmdLine:76 -  2      output_label (Cast)              [c:1]                                        2          label
2026-07-30 12:42:54,688 [INFO] CmdLine:76 -  ------ -------------------------------- ---------------- --------------------- ------- --------------
2026-07-30 12:42:54,688 [INFO] CmdLine:76 -  3      output_probability (ZipMap)      [h:1,w:5,c:2]    5/5                                    label
2026-07-30 12:42:54,689 [INFO] CmdLine:76 -  ------ -------------------------------- ---------------- --------------------- ------- --------------
2026-07-30 12:42:54,689 [INFO] CmdLine:76 -  model: macc=1,413 weights=2,632,033 activations=-- io=--
2026-07-30 12:42:54,689 [INFO] CmdLine:76 -  Number of operations per c-layer
2026-07-30 12:42:54,689 [INFO] CmdLine:76 -  ------- ------ -------------------------------- ------- -------------
2026-07-30 12:42:54,690 [INFO] CmdLine:76 -  c_id    m_id   name (type)                          #op          type
2026-07-30 12:42:54,690 [INFO] CmdLine:76 -  ------- ------ -------------------------------- ------- -------------
2026-07-30 12:42:54,690 [INFO] CmdLine:76 -  0       1      label (TreeEnsembleClassifier)     1,411   smul_f32_s8
2026-07-30 12:42:54,690 [INFO] CmdLine:76 -  1       3      output_probability (ZipMap)            0   smul_f32_s8
2026-07-30 12:42:54,691 [INFO] CmdLine:76 -  ------- ------ -------------------------------- ------- -------------
2026-07-30 12:42:54,691 [INFO] CmdLine:76 -  total                                             1,411
2026-07-30 12:42:54,691 [INFO] CmdLine:76 -  Number of operation types
2026-07-30 12:42:54,694 [INFO] CmdLine:76 -  ---------------- ------- -----------
2026-07-30 12:42:54,694 [INFO] CmdLine:76 -  operation type         #           %
2026-07-30 12:42:54,695 [INFO] CmdLine:76 -  ---------------- ------- -----------
2026-07-30 12:42:54,695 [INFO] CmdLine:76 -  smul_f32_s8        1,411      100.0%
2026-07-30 12:42:54,695 [INFO] CmdLine:76 -  Complexity report (model)
2026-07-30 12:42:54,695 [INFO] CmdLine:76 -  ------ -------------------- ------------------------- ------------------------- ------
2026-07-30 12:42:54,695 [INFO] CmdLine:76 -  m_id   name                 c_macc                    c_rom                     c_id
2026-07-30 12:42:54,696 [INFO] CmdLine:76 -  ------ -------------------- ------------------------- ------------------------- ------
2026-07-30 12:42:54,696 [INFO] CmdLine:76 -  1      label                |||||||||||||||| 100.0%   |||||||||||||||| 100.0%   [0]
2026-07-30 12:42:54,696 [INFO] CmdLine:76 -  3      output_probability   |                  0.0%   |                  0.0%   [1]
2026-07-30 12:42:54,696 [INFO] CmdLine:76 -  ------ -------------------- ------------------------- ------------------------- ------
2026-07-30 12:42:54,697 [INFO] CmdLine:76 -  macc=1,411 weights=2,632,036 act=64 ram_io=0
2026-07-30 12:42:54,697 [INFO] CmdLine:76 -  Requested memory size by section - "stm32l4" target
2026-07-30 12:42:54,697 [INFO] CmdLine:76 -  ------------------------------ ------- ----------- ------- -----
2026-07-30 12:42:54,697 [INFO] CmdLine:76 -  module                            text      rodata    data   bss
2026-07-30 12:42:54,698 [INFO] CmdLine:76 -  ------------------------------ ------- ----------- ------- -----
2026-07-30 12:42:54,698 [INFO] CmdLine:76 -  NetworkRuntime1020_CM4_GCC.a     5,508           0       0     0
2026-07-30 12:42:54,698 [INFO] CmdLine:76 -  network.o                          704          16   1,768   172
2026-07-30 12:42:54,698 [INFO] CmdLine:76 -  network_data.o                      48          16      88     0
2026-07-30 12:42:54,699 [INFO] CmdLine:76 -  lib (toolchain)*                     0           0       0     0
2026-07-30 12:42:54,699 [INFO] CmdLine:76 -  ------------------------------ ------- ----------- ------- -----
2026-07-30 12:42:54,703 [INFO] CmdLine:76 -  RT total**                       6,260          32   1,856   172
2026-07-30 12:42:54,703 [INFO] CmdLine:76 -  ------------------------------ ------- ----------- ------- -----
2026-07-30 12:42:54,704 [INFO] CmdLine:76 -  weights                              0   2,632,040       0     0
2026-07-30 12:42:54,704 [INFO] CmdLine:76 -  activations                          0           0       0    64
2026-07-30 12:42:54,704 [INFO] CmdLine:76 -  io                                   0           0       0     0
2026-07-30 12:42:54,704 [INFO] CmdLine:76 -  ------------------------------ ------- ----------- ------- -----
2026-07-30 12:42:54,705 [INFO] CmdLine:76 -  TOTAL                            6,260   2,632,072   1,856   236
2026-07-30 12:42:54,705 [INFO] CmdLine:76 -  ------------------------------ ------- ----------- ------- -----
2026-07-30 12:42:54,705 [INFO] CmdLine:76 -  *  toolchain objects (libm/libgcc*)
2026-07-30 12:42:54,705 [INFO] CmdLine:76 -  ** RT AI runtime objects (kernels+infrastructure)
2026-07-30 12:42:54,706 [INFO] CmdLine:76 -   Summary - "stm32l4" target
2026-07-30 12:42:54,706 [INFO] CmdLine:76 -   --------------------------------------------------
2026-07-30 12:42:54,706 [INFO] CmdLine:76 -                FLASH (ro)     %*   RAM (rw)       %
2026-07-30 12:42:54,706 [INFO] CmdLine:76 -   --------------------------------------------------
2026-07-30 12:42:54,707 [INFO] CmdLine:76 -   RT total          8,148   0.3%      2,028   96.9%
2026-07-30 12:42:54,707 [INFO] CmdLine:76 -   --------------------------------------------------
2026-07-30 12:42:54,707 [INFO] CmdLine:76 -   TOTAL         2,640,188             2,092
2026-07-30 12:42:54,707 [INFO] CmdLine:76 -   --------------------------------------------------
2026-07-30 12:42:54,707 [INFO] CmdLine:76 -   *  rt/total
2026-07-30 12:42:54,708 [INFO] CmdLine:76 - Creating txt report file C:\Users\ADMIN\.stm32cubemx\network_output\network_analyze_report.txt
2026-07-30 12:43:05,623 [INFO] CmdLine:76 - elapsed time (analyze): 210.011s
2026-07-30 12:43:06,326 [INFO] CmdLine:148 - stedgeai exit with status: 0
2026-07-30 12:43:06,681 [INFO] AIModelDetailledView:1077 - Model file:      random_forest_model.onnx
2026-07-30 12:43:06,684 [INFO] AIModelDetailledView:1077 - Total Flash:     2640184 B (2.52 MiB)
2026-07-30 12:43:06,684 [INFO] AIModelDetailledView:1077 -     Weights:     2632036 B (2.51 MiB)
2026-07-30 12:43:06,685 [INFO] AIModelDetailledView:1077 -     Library:     8148 B (7.96 KiB)
2026-07-30 12:43:06,685 [INFO] AIModelDetailledView:1077 - Total Ram:       2092 B (2.04 KiB)
2026-07-30 12:43:06,686 [INFO] AIModelDetailledView:1077 -     Activations: 64 B
2026-07-30 12:43:06,686 [INFO] AIModelDetailledView:1077 -     Library:     2028 B (1.98 KiB)
2026-07-30 12:43:06,686 [INFO] AIModelDetailledView:1077 -     Input:       24 B (included in Activations)
2026-07-30 12:43:06,686 [INFO] AIModelDetailledView:1077 -     Output:      44 B (included in Activations)
2026-07-30 12:43:06,686 [INFO] AIModelDetailledView:1077 - Done
2026-07-30 12:43:06,687 [INFO] AIModelDetailledView:2598 - Analyze complete on AI model
2026-07-30 12:43:06,912 [WARN] AIModelDetailledView:2618 - Required Ram or Flash size for network is bigger than available Ram or Flash
2026-07-30 12:43:06,916 [INFO] AIModelDetailledView:2264 - Analysis status: done
2026-07-30 12:43:33,653 [INFO] UtilMem:75 - End SaveConfig() Used Memory: 400415656 Bytes (1073741824)
2026-07-30 12:43:33,896 [INFO] AIModelDetailledView:2264 - Analysis status: -
2026-07-30 12:43:33,898 [INFO] AInterface:259 - ModelName:network; files:[D:\TinyML_Workshop-main\TinyML_Workshop_PGR\TinyML_PGR\ONNX\random_forest_model.onnx]; type:ONNX; compression:None
2026-07-30 12:43:33,899 [INFO] AInterface:526 - workspaceTempDir: C:/Users/ADMIN/AppData/Local/Temp/mxAI_workspace10381893944896007947450999391738843
2026-07-30 12:43:33,899 [INFO] AInterface:1179 - Setting Env: C:/Users/ADMIN/STM32Cube/Repository//Packs/STMicroelectronics/X-CUBE-AI/10.2.1/Utilities/windows
2026-07-30 12:43:33,905 [INFO] STM32CubeIDEBuilder:265 - Looking for gnu-tools-for-stm32 tools/bin/arm-none-eabi-gcc.exe in C:\ST\STM32CubeIDE_1.19.0\STM32CubeIDE
2026-07-30 12:43:33,908 [INFO] STM32CubeIDEBuilder:294 - checking C:\ST\STM32CubeIDE_1.19.0\STM32CubeIDE\plugins\com.st.stm32cube.ide.mcu.externaltools.gnu-tools-for-stm32.13.3.rel1.win32_1.0.0.202411081344\tools\bin\arm-none-eabi-gcc.exe
2026-07-30 12:43:33,908 [INFO] STM32CubeIDEBuilder:297 - ret=C:\ST\STM32CubeIDE_1.19.0\STM32CubeIDE\plugins\com.st.stm32cube.ide.mcu.externaltools.gnu-tools-for-stm32.13.3.rel1.win32_1.0.0.202411081344\tools\bin\arm-none-eabi-gcc.exe
2026-07-30 12:43:33,908 [INFO] STM32CubeIDEBuilder:311 - returning C:\ST\STM32CubeIDE_1.19.0\STM32CubeIDE\plugins\com.st.stm32cube.ide.mcu.externaltools.gnu-tools-for-stm32.13.3.rel1.win32_1.0.0.202411081344\tools\bin\arm-none-eabi-gcc.exe
2026-07-30 12:43:33,909 [INFO] AInterface:1236 - Custom PATH variable: C:/Users/ADMIN/STM32Cube/Repository//Packs/STMicroelectronics/X-CUBE-AI/10.2.1/Utilities/windows;C:/Users/ADMIN/STM32Cube/Repository//Packs/STMicroelectronics/X-CUBE-AI/10.2.1/Utilities/windows/mingw64/bin;C:/Users/ADMIN/STM32Cube/Repository//Packs/STMicroelectronics/X-CUBE-AI/10.2.1/Utilities/windows/mingw64/libexec/gcc/x86_64-w64-mingw32/7.3.0;;C:\ST\STM32CubeIDE_1.19.0\STM32CubeIDE\plugins\com.st.stm32cube.ide.mcu.externaltools.gnu-tools-for-stm32.13.3.rel1.win32_1.0.0.202411081344\tools\bin
2026-07-30 12:43:33,911 [INFO] CmdLine:115 - Command: C:/Users/ADMIN/STM32Cube/Repository//Packs/STMicroelectronics/X-CUBE-AI/10.2.1/Utilities/windows/stedgeai.exe analyze --target stm32l4 --name network -m D:/TinyML_Workshop-main/TinyML_Workshop_PGR/TinyML_PGR/ONNX/random_forest_model.onnx --compression none --verbosity 1 --workspace C:/Users/ADMIN/AppData/Local/Temp/mxAI_workspace10381893944896007947450999391738843 --output C:/Users/ADMIN/.stm32cubemx/network_output
2026-07-30 12:43:33,913 [INFO] AIModelDetailledView:2264 - Analysis status: pending
2026-07-30 12:43:34,650 [INFO] CmdLine:76 - ST Edge AI Core v2.2.0-20266 2adc00962
2026-07-30 12:43:57,986 [INFO] CmdLine:76 - Creating c (debug) info json file C:\Users\ADMIN\.stm32cubemx\network_output\network_c_info.json
2026-07-30 12:43:58,299 [INFO] CmdLine:76 -  
2026-07-30 12:43:58,299 [INFO] CmdLine:76 -  Exec/report summary (analyze)
2026-07-30 12:43:58,299 [INFO] CmdLine:76 -  --------------------------------------------------------------------------------------------------------------
2026-07-30 12:43:58,299 [INFO] CmdLine:76 -  model file         :   D:\TinyML_Workshop-main\TinyML_Workshop_PGR\TinyML_PGR\ONNX\random_forest_model.onnx   
2026-07-30 12:43:58,299 [INFO] CmdLine:76 -  type               :   onnx                                                                                   
2026-07-30 12:43:58,300 [INFO] CmdLine:76 -  c_name             :   network                                                                                
2026-07-30 12:43:58,300 [INFO] CmdLine:76 -  compression        :   none                                                                                   
2026-07-30 12:43:58,300 [INFO] CmdLine:76 -  options            :   allocate-inputs, allocate-outputs                                                      
2026-07-30 12:43:58,300 [INFO] CmdLine:76 -  optimization       :   balanced                                                                               
2026-07-30 12:43:58,300 [INFO] CmdLine:76 -  target/series      :   stm32l4                                                                                
2026-07-30 12:43:58,300 [INFO] CmdLine:76 -  workspace dir      :   C:\Users\ADMIN\AppData\Local\Temp\mxAI_workspace10381893944896007947450999391738843    
2026-07-30 12:43:58,300 [INFO] CmdLine:76 -  output dir         :   C:\Users\ADMIN\.stm32cubemx\network_output                                             
2026-07-30 12:43:58,300 [INFO] CmdLine:76 -  model_fmt          :   undefined                                                                              
2026-07-30 12:43:58,300 [INFO] CmdLine:76 -  model_name         :   random_forest_model                                                                    
2026-07-30 12:43:58,300 [INFO] CmdLine:76 -  model_hash         :   0x00177bf66787f228ea6e8f5ba719480d                                                     
2026-07-30 12:43:58,301 [INFO] CmdLine:76 -  params #           :   1,043,793 items (2.51 MiB)                                                             
2026-07-30 12:43:58,301 [INFO] CmdLine:76 -  --------------------------------------------------------------------------------------------------------------
2026-07-30 12:43:58,301 [INFO] CmdLine:76 -  input 1/1          :   'float_input', f32(1x1x6), 24 Bytes, activations                                       
2026-07-30 12:43:58,301 [INFO] CmdLine:76 -  output 1/2         :   'label0', int32(1x1), 4 Bytes, activations                                             
2026-07-30 12:43:58,301 [INFO] CmdLine:76 -  output 2/2         :   'output_probability', f32(1x1x5x2), 40 Bytes, activations                              
2026-07-30 12:43:58,301 [INFO] CmdLine:76 -  outputs (total)    :   44 Bytes                                                                               
2026-07-30 12:43:58,301 [INFO] CmdLine:76 -  macc               :   1,411                                                                                  
2026-07-30 12:43:58,301 [INFO] CmdLine:76 -  weights (ro)       :   2,632,036 B (2.51 MiB) (1 segment) / -1,543,136(-37.0%) vs float model                 
2026-07-30 12:43:58,301 [INFO] CmdLine:76 -  activations (rw)   :   64 B (64 B) (1 segment) *                                                              
2026-07-30 12:43:58,302 [INFO] CmdLine:76 -  ram (total)        :   64 B (64 B) = 64 + 0 + 0                                                               
2026-07-30 12:43:58,302 [INFO] CmdLine:76 -  --------------------------------------------------------------------------------------------------------------
2026-07-30 12:43:58,302 [INFO] CmdLine:76 -  (*) 'input'/'output' buffers are allocated in the activations buffer
2026-07-30 12:43:58,412 [INFO] CmdLine:76 - Computing AI RT data/code size (target=stm32l4)..
2026-07-30 12:44:03,181 [INFO] CmdLine:76 -  Model name - random_forest_model
2026-07-30 12:44:03,182 [INFO] CmdLine:76 -  ------ -------------------------------- ---------------- --------------------- ------- --------------
2026-07-30 12:44:03,182 [INFO] CmdLine:76 -  m_id   layer (original)                 oshape           param/size               macc   connected to
2026-07-30 12:44:03,182 [INFO] CmdLine:76 -  ------ -------------------------------- ---------------- --------------------- ------- --------------
2026-07-30 12:44:03,182 [INFO] CmdLine:76 -  0      float_input ()                   [h:1,c:6]
2026-07-30 12:44:03,183 [INFO] CmdLine:76 -  ------ -------------------------------- ---------------- --------------------- ------- --------------
2026-07-30 12:44:03,183 [INFO] CmdLine:76 -  1      label (TreeEnsembleClassifier)   [c:1][h:1,c:5]   1,043,788/2,632,028     1,411    float_input
2026-07-30 12:44:03,183 [INFO] CmdLine:76 -  ------ -------------------------------- ---------------- --------------------- ------- --------------
2026-07-30 12:44:03,183 [INFO] CmdLine:76 -  2      output_label (Cast)              [c:1]                                        2          label
2026-07-30 12:44:03,183 [INFO] CmdLine:76 -  ------ -------------------------------- ---------------- --------------------- ------- --------------
2026-07-30 12:44:03,184 [INFO] CmdLine:76 -  3      output_probability (ZipMap)      [h:1,w:5,c:2]    5/5                                    label
2026-07-30 12:44:03,184 [INFO] CmdLine:76 -  ------ -------------------------------- ---------------- --------------------- ------- --------------
2026-07-30 12:44:03,184 [INFO] CmdLine:76 -  model: macc=1,413 weights=2,632,033 activations=-- io=--
2026-07-30 12:44:03,184 [INFO] CmdLine:76 -  Number of operations per c-layer
2026-07-30 12:44:03,184 [INFO] CmdLine:76 -  ------- ------ -------------------------------- ------- -------------
2026-07-30 12:44:03,184 [INFO] CmdLine:76 -  c_id    m_id   name (type)                          #op          type
2026-07-30 12:44:03,185 [INFO] CmdLine:76 -  ------- ------ -------------------------------- ------- -------------
2026-07-30 12:44:03,185 [INFO] CmdLine:76 -  0       1      label (TreeEnsembleClassifier)     1,411   smul_f32_s8
2026-07-30 12:44:03,185 [INFO] CmdLine:76 -  1       3      output_probability (ZipMap)            0   smul_f32_s8
2026-07-30 12:44:03,185 [INFO] CmdLine:76 -  ------- ------ -------------------------------- ------- -------------
2026-07-30 12:44:03,185 [INFO] CmdLine:76 -  total                                             1,411
2026-07-30 12:44:03,185 [INFO] CmdLine:76 -  Number of operation types
2026-07-30 12:44:03,185 [INFO] CmdLine:76 -  ---------------- ------- -----------
2026-07-30 12:44:03,185 [INFO] CmdLine:76 -  operation type         #           %
2026-07-30 12:44:03,186 [INFO] CmdLine:76 -  ---------------- ------- -----------
2026-07-30 12:44:03,186 [INFO] CmdLine:76 -  smul_f32_s8        1,411      100.0%
2026-07-30 12:44:03,186 [INFO] CmdLine:76 -  Complexity report (model)
2026-07-30 12:44:03,186 [INFO] CmdLine:76 -  ------ -------------------- ------------------------- ------------------------- ------
2026-07-30 12:44:03,186 [INFO] CmdLine:76 -  m_id   name                 c_macc                    c_rom                     c_id
2026-07-30 12:44:03,186 [INFO] CmdLine:76 -  ------ -------------------- ------------------------- ------------------------- ------
2026-07-30 12:44:03,186 [INFO] CmdLine:76 -  1      label                |||||||||||||||| 100.0%   |||||||||||||||| 100.0%   [0]
2026-07-30 12:44:03,187 [INFO] CmdLine:76 -  3      output_probability   |                  0.0%   |                  0.0%   [1]
2026-07-30 12:44:03,187 [INFO] CmdLine:76 -  ------ -------------------- ------------------------- ------------------------- ------
2026-07-30 12:44:03,187 [INFO] CmdLine:76 -  macc=1,411 weights=2,632,036 act=64 ram_io=0
2026-07-30 12:44:03,187 [INFO] CmdLine:76 -  Requested memory size by section - "stm32l4" target
2026-07-30 12:44:03,187 [INFO] CmdLine:76 -  ------------------------------ ------- ----------- ------- -----
2026-07-30 12:44:03,188 [INFO] CmdLine:76 -  module                            text      rodata    data   bss
2026-07-30 12:44:03,188 [INFO] CmdLine:76 -  ------------------------------ ------- ----------- ------- -----
2026-07-30 12:44:03,188 [INFO] CmdLine:76 -  NetworkRuntime1020_CM4_GCC.a     5,508           0       0     0
2026-07-30 12:44:03,188 [INFO] CmdLine:76 -  network.o                          704          16   1,768   172
2026-07-30 12:44:03,188 [INFO] CmdLine:76 -  network_data.o                      48          16      88     0
2026-07-30 12:44:03,188 [INFO] CmdLine:76 -  lib (toolchain)*                     0           0       0     0
2026-07-30 12:44:03,188 [INFO] CmdLine:76 -  ------------------------------ ------- ----------- ------- -----
2026-07-30 12:44:03,188 [INFO] CmdLine:76 -  RT total**                       6,260          32   1,856   172
2026-07-30 12:44:03,189 [INFO] CmdLine:76 -  ------------------------------ ------- ----------- ------- -----
2026-07-30 12:44:03,189 [INFO] CmdLine:76 -  weights                              0   2,632,040       0     0
2026-07-30 12:44:03,189 [INFO] CmdLine:76 -  activations                          0           0       0    64
2026-07-30 12:44:03,189 [INFO] CmdLine:76 -  io                                   0           0       0     0
2026-07-30 12:44:03,189 [INFO] CmdLine:76 -  ------------------------------ ------- ----------- ------- -----
2026-07-30 12:44:03,189 [INFO] CmdLine:76 -  TOTAL                            6,260   2,632,072   1,856   236
2026-07-30 12:44:03,189 [INFO] CmdLine:76 -  ------------------------------ ------- ----------- ------- -----
2026-07-30 12:44:03,190 [INFO] CmdLine:76 -  *  toolchain objects (libm/libgcc*)
2026-07-30 12:44:03,190 [INFO] CmdLine:76 -  ** RT AI runtime objects (kernels+infrastructure)
2026-07-30 12:44:03,190 [INFO] CmdLine:76 -   Summary - "stm32l4" target
2026-07-30 12:44:03,190 [INFO] CmdLine:76 -   --------------------------------------------------
2026-07-30 12:44:03,190 [INFO] CmdLine:76 -                FLASH (ro)     %*   RAM (rw)       %
2026-07-30 12:44:03,190 [INFO] CmdLine:76 -   --------------------------------------------------
2026-07-30 12:44:03,190 [INFO] CmdLine:76 -   RT total          8,148   0.3%      2,028   96.9%
2026-07-30 12:44:03,190 [INFO] CmdLine:76 -   --------------------------------------------------
2026-07-30 12:44:03,191 [INFO] CmdLine:76 -   TOTAL         2,640,188             2,092
2026-07-30 12:44:03,191 [INFO] CmdLine:76 -   --------------------------------------------------
2026-07-30 12:44:03,191 [INFO] CmdLine:76 -   *  rt/total
2026-07-30 12:44:03,191 [INFO] CmdLine:76 - Creating txt report file C:\Users\ADMIN\.stm32cubemx\network_output\network_analyze_report.txt
2026-07-30 12:44:04,288 [INFO] CmdLine:76 - elapsed time (analyze): 29.638s
2026-07-30 12:44:04,911 [INFO] CmdLine:148 - stedgeai exit with status: 0
2026-07-30 12:44:05,200 [INFO] AIModelDetailledView:2598 - Analyze complete on AI model
2026-07-30 12:44:05,203 [WARN] AIModelDetailledView:2618 - Required Ram or Flash size for network is bigger than available Ram or Flash
2026-07-30 12:44:05,203 [INFO] AIModelDetailledView:2264 - Analysis status: done
2026-07-30 12:44:05,213 [ERROR] LogOutputStream:75 - [STDERR_REDIRECT] Exception in thread "AWT-EventQueue-0" java.lang.ClassCastException: class javax.swing.SwingUtilities$SharedOwnerFrame cannot be cast to class com.st.microxplorer.maingui.MainFrame (javax.swing.SwingUtilities$SharedOwnerFrame is in module java.desktop of loader 'bootstrap'; com.st.microxplorer.maingui.MainFrame is in unnamed module of loader org.eclipse.osgi.internal.loader.EquinoxClassLoader @579846cc)
2026-07-30 12:44:05,215 [ERROR] LogOutputStream:75 - [STDERR_REDIRECT] 	at com.st.microxplorer.plugins.ip.ai.model.AIAdvancedSettingsData.saveSettings(AIAdvancedSettingsData.java:655)
2026-07-30 12:44:05,217 [ERROR] LogOutputStream:75 - [STDERR_REDIRECT] 	at com.st.microxplorer.plugins.ip.ai.model.AIAdvancedSettingsData.cmdSaveSettings(AIAdvancedSettingsData.java:527)
2026-07-30 12:44:05,218 [ERROR] LogOutputStream:75 - [STDERR_REDIRECT] 	at com.st.microxplorer.plugins.ip.ai.gui.AIModelDetailledView.saveData(AIModelDetailledView.java:471)
2026-07-30 12:44:05,219 [ERROR] LogOutputStream:75 - [STDERR_REDIRECT] 	at com.st.microxplorer.plugins.ip.ai.gui.AIMainUI.saveModelDataNeededForGeneration(AIMainUI.java:912)
2026-07-30 12:44:05,221 [ERROR] LogOutputStream:75 - [STDERR_REDIRECT] 	at com.st.microxplorer.plugins.ip.ai.gui.AITopWindow.saveModelsData(AITopWindow.java:253)
2026-07-30 12:44:05,222 [ERROR] LogOutputStream:75 - [STDERR_REDIRECT] 	at com.st.microxplorer.plugins.ip.ai.AI.propertyChange(AI.java:1654)
2026-07-30 12:44:05,223 [ERROR] LogOutputStream:75 - [STDERR_REDIRECT] 	at java.desktop/java.beans.PropertyChangeSupport.fire(PropertyChangeSupport.java:343)
2026-07-30 12:44:05,225 [ERROR] LogOutputStream:75 - [STDERR_REDIRECT] 	at java.desktop/java.beans.PropertyChangeSupport.firePropertyChange(PropertyChangeSupport.java:335)
2026-07-30 12:44:05,226 [ERROR] LogOutputStream:75 - [STDERR_REDIRECT] 	at java.desktop/java.beans.PropertyChangeSupport.firePropertyChange(PropertyChangeSupport.java:268)
2026-07-30 12:44:05,228 [ERROR] LogOutputStream:75 - [STDERR_REDIRECT] 	at com.st.microxplorer.util.MXPropertyChangeSupport.firePropertyChange(MXPropertyChangeSupport.java:54)
2026-07-30 12:44:05,229 [ERROR] LogOutputStream:75 - [STDERR_REDIRECT] 	at com.st.microxplorer.mxsystem.MxSystem.completeSaveConfig(MxSystem.java:843)
2026-07-30 12:44:05,231 [ERROR] LogOutputStream:75 - [STDERR_REDIRECT] 	at com.st.microxplorer.plugins.filemanager.engine.SaveFileManager.saveConfiguration(SaveFileManager.java:125)
2026-07-30 12:44:05,233 [ERROR] LogOutputStream:75 - [STDERR_REDIRECT] 	at com.st.microxplorer.plugins.filemanager.engine.MainFileManager.userSaveConfig(MainFileManager.java:482)
2026-07-30 12:44:05,235 [ERROR] LogOutputStream:75 - [STDERR_REDIRECT] 	at com.st.microxplorer.plugins.filemanager.FileManagerView.getSpecificTask(FileManagerView.java:280)
2026-07-30 12:44:05,236 [ERROR] LogOutputStream:75 - [STDERR_REDIRECT] 	at com.st.stm32cube.common.mx.editor.CubeMxEditor$9.run(CubeMxEditor.java:690)
2026-07-30 12:44:05,237 [ERROR] LogOutputStream:75 - [STDERR_REDIRECT] 	at com.st.stm32cube.common.mx.oss.core.awtswtbridge.AwtEnvironment$2.run(AwtEnvironment.java:166)
2026-07-30 12:44:05,239 [ERROR] LogOutputStream:75 - [STDERR_REDIRECT] 	at java.desktop/java.awt.event.InvocationEvent.dispatch(InvocationEvent.java:318)
2026-07-30 12:44:05,240 [ERROR] LogOutputStream:75 - [STDERR_REDIRECT] 	at java.desktop/java.awt.EventQueue.dispatchEventImpl(EventQueue.java:773)
2026-07-30 12:44:05,241 [ERROR] LogOutputStream:75 - [STDERR_REDIRECT] 	at java.desktop/java.awt.EventQueue$4.run(EventQueue.java:720)
2026-07-30 12:44:05,241 [ERROR] LogOutputStream:75 - [STDERR_REDIRECT] 	at java.desktop/java.awt.EventQueue$4.run(EventQueue.java:714)
2026-07-30 12:44:05,243 [ERROR] LogOutputStream:75 - [STDERR_REDIRECT] 	at java.base/java.security.AccessController.doPrivileged(AccessController.java:400)
2026-07-30 12:44:05,244 [ERROR] LogOutputStream:75 - [STDERR_REDIRECT] 	at java.base/java.security.ProtectionDomain$JavaSecurityAccessImpl.doIntersectionPrivilege(ProtectionDomain.java:87)
2026-07-30 12:44:05,245 [ERROR] LogOutputStream:75 - [STDERR_REDIRECT] 	at java.desktop/java.awt.EventQueue.dispatchEvent(EventQueue.java:742)
2026-07-30 12:44:05,246 [ERROR] LogOutputStream:75 - [STDERR_REDIRECT] 	at java.desktop/java.awt.EventDispatchThread.pumpOneEventForFilters(EventDispatchThread.java:203)
2026-07-30 12:44:05,248 [ERROR] LogOutputStream:75 - [STDERR_REDIRECT] 	at java.desktop/java.awt.EventDispatchThread.pumpEventsForFilter(EventDispatchThread.java:124)
2026-07-30 12:44:05,249 [ERROR] LogOutputStream:75 - [STDERR_REDIRECT] 	at java.desktop/java.awt.EventDispatchThread.pumpEventsForHierarchy(EventDispatchThread.java:113)
2026-07-30 12:44:05,251 [ERROR] LogOutputStream:75 - [STDERR_REDIRECT] 	at java.desktop/java.awt.EventDispatchThread.pumpEvents(EventDispatchThread.java:109)
2026-07-30 12:44:05,252 [ERROR] LogOutputStream:75 - [STDERR_REDIRECT] 	at java.desktop/java.awt.EventDispatchThread.pumpEvents(EventDispatchThread.java:101)
2026-07-30 12:44:05,254 [ERROR] LogOutputStream:75 - [STDERR_REDIRECT] 	at java.desktop/java.awt.EventDispatchThread.run(EventDispatchThread.java:90)
2026-07-30 12:44:14,037 [INFO] UtilMem:75 - End SaveConfig() Used Memory: 699786152 Bytes (1073741824)
2026-07-30 12:44:15,622 [INFO] UtilMem:75 - End SaveConfig() Used Memory: 881189800 Bytes (1073741824)
2026-07-30 12:44:17,183 [INFO] UtilMem:75 - End SaveConfig() Used Memory: 947772328 Bytes (1073741824)
2026-07-30 12:44:17,395 [INFO] ProjectBuilder:2395 - IP not ready for code generation: STMicroelectronics.X-CUBE-AI.10.2.1
2026-07-30 12:44:18,533 [INFO] BlockDiagram:2775 - set Specific Code input for plugin: SYS
2026-07-30 12:44:18,533 [INFO] BlockDiagram:2775 - set Specific Code input for plugin: RCC
2026-07-30 12:44:18,533 [INFO] BlockDiagram:2775 - set Specific Code input for plugin: NVIC
2026-07-30 12:44:18,533 [INFO] BlockDiagram:2775 - set Specific Code input for plugin: STMicroelectronics.X-CUBE-AI.10.2.1
2026-07-30 12:44:18,536 [INFO] CodeGenerator:892 - code generatio: config db path: C:\ST\STM32CubeIDE_1.19.0\STM32CubeIDE\plugins\com.st.stm32cube.common.mx_6.15.0.202507011659\\db\
2026-07-30 12:44:18,617 [INFO] IP:3329 - RTE Config file name : RTE_Component
2026-07-30 12:44:18,617 [INFO] IP:3347 - RTE template : RTE_Components.ftl
2026-07-30 12:44:18,626 [INFO] CodeEngine:265 - oldGeneratedFile, D:\TinyML_Workshop-main\TinyML_Workshop_PGR\TinyML_PGR\STM32\Inf_OnBoard\MXTmpFiles\license.tmp_save
2026-07-30 12:44:18,913 [INFO] CodeEngine:289 - Generated code: D:\TinyML_Workshop-main\TinyML_Workshop_PGR\TinyML_PGR\STM32\Inf_OnBoard\MXTmpFiles\license.tmp
2026-07-30 12:44:18,936 [INFO] Middleware:1452 - No code input for Bsp Dependency
2026-07-30 12:44:18,936 [INFO] Middleware:1452 - No code input for Bsp Dependency
2026-07-30 12:44:18,947 [INFO] CodeEngine:265 - oldGeneratedFile, D:\TinyML_Workshop-main\TinyML_Workshop_PGR\TinyML_PGR\STM32\Inf_OnBoard\Core\Src\stm32l4xx_it.c_save
2026-07-30 12:44:19,137 [INFO] CodeEngine:289 - Generated code: D:\TinyML_Workshop-main\TinyML_Workshop_PGR\TinyML_PGR\STM32\Inf_OnBoard\Core\Src\stm32l4xx_it.c
2026-07-30 12:44:19,143 [INFO] CodeEngine:265 - oldGeneratedFile, D:\TinyML_Workshop-main\TinyML_Workshop_PGR\TinyML_PGR\STM32\Inf_OnBoard\Core\Inc\stm32l4xx_it.h_save
2026-07-30 12:44:19,304 [INFO] CodeEngine:289 - Generated code: D:\TinyML_Workshop-main\TinyML_Workshop_PGR\TinyML_PGR\STM32\Inf_OnBoard\Core\Inc\stm32l4xx_it.h
2026-07-30 12:44:19,320 [INFO] CodeEngine:265 - oldGeneratedFile, D:\TinyML_Workshop-main\TinyML_Workshop_PGR\TinyML_PGR\STM32\Inf_OnBoard\Core\Src\stm32l4xx_hal_msp.c_save
2026-07-30 12:44:19,483 [INFO] CodeEngine:289 - Generated code: D:\TinyML_Workshop-main\TinyML_Workshop_PGR\TinyML_PGR\STM32\Inf_OnBoard\Core\Src\stm32l4xx_hal_msp.c
2026-07-30 12:44:19,488 [INFO] CodeEngine:265 - oldGeneratedFile, D:\TinyML_Workshop-main\TinyML_Workshop_PGR\TinyML_PGR\STM32\Inf_OnBoard\MXTmpFiles\system.tmp_save
2026-07-30 12:44:19,583 [INFO] CodeEngine:289 - Generated code: D:\TinyML_Workshop-main\TinyML_Workshop_PGR\TinyML_PGR\STM32\Inf_OnBoard\MXTmpFiles\system.tmp
2026-07-30 12:44:19,594 [INFO] CodeEngine:321 - oldGeneratedFile, D:\TinyML_Workshop-main\TinyML_Workshop_PGR\TinyML_PGR\STM32\Inf_OnBoard\Core\Inc\stm32l4xx_hal_conf.h_save
2026-07-30 12:44:19,689 [INFO] CodeEngine:345 - Generated code: D:\TinyML_Workshop-main\TinyML_Workshop_PGR\TinyML_PGR\STM32\Inf_OnBoard\Core\Inc\stm32l4xx_hal_conf.h
2026-07-30 12:44:19,715 [INFO] CodeEngine:265 - oldGeneratedFile, D:\TinyML_Workshop-main\TinyML_Workshop_PGR\TinyML_PGR\STM32\Inf_OnBoard\Core\Inc\main.h_save
2026-07-30 12:44:19,815 [INFO] CodeEngine:289 - Generated code: D:\TinyML_Workshop-main\TinyML_Workshop_PGR\TinyML_PGR\STM32\Inf_OnBoard\Core\Inc\main.h
2026-07-30 12:44:19,821 [INFO] CodeEngine:265 - oldGeneratedFile, D:\TinyML_Workshop-main\TinyML_Workshop_PGR\TinyML_PGR\STM32\Inf_OnBoard\Core\Src\main.c_save
2026-07-30 12:44:19,942 [INFO] CodeEngine:289 - Generated code: D:\TinyML_Workshop-main\TinyML_Workshop_PGR\TinyML_PGR\STM32\Inf_OnBoard\Core\Src\main.c
2026-07-30 12:44:20,334 [INFO] ProjectBuilder:3606 - Time for Copy HAL[1] : 132mS.
2026-07-30 12:44:20,335 [ERROR] Middleware:2950 - Invalid RefComponent list
2026-07-30 12:44:20,335 [ERROR] Middleware:2950 - Invalid RefComponent list
2026-07-30 12:44:20,335 [ERROR] Middleware:2950 - Invalid RefComponent list
2026-07-30 12:44:20,335 [ERROR] Middleware:2950 - Invalid RefComponent list
2026-07-30 12:44:20,335 [ERROR] Middleware:2950 - Invalid RefComponent list
2026-07-30 12:44:20,335 [ERROR] Middleware:2950 - Invalid RefComponent list
2026-07-30 12:44:20,335 [ERROR] Middleware:2950 - Invalid RefComponent list
2026-07-30 12:44:20,335 [ERROR] Middleware:2950 - Invalid RefComponent list
2026-07-30 12:44:20,335 [ERROR] Middleware:2950 - Invalid RefComponent list
2026-07-30 12:44:20,335 [ERROR] Middleware:2950 - Invalid RefComponent list
2026-07-30 12:44:20,335 [ERROR] Middleware:2950 - Invalid RefComponent list
2026-07-30 12:44:20,335 [ERROR] Middleware:2950 - Invalid RefComponent list
2026-07-30 12:44:20,335 [ERROR] Middleware:2950 - Invalid RefComponent list
2026-07-30 12:44:20,335 [ERROR] Middleware:2950 - Invalid RefComponent list
2026-07-30 12:44:20,335 [ERROR] Middleware:2950 - Invalid RefComponent list
2026-07-30 12:44:20,335 [ERROR] Middleware:2950 - Invalid RefComponent list
2026-07-30 12:44:20,335 [ERROR] Middleware:2950 - Invalid RefComponent list
2026-07-30 12:44:20,335 [ERROR] Middleware:2950 - Invalid RefComponent list
2026-07-30 12:44:20,335 [ERROR] Middleware:2950 - Invalid RefComponent list
2026-07-30 12:44:20,335 [ERROR] Middleware:2950 - Invalid RefComponent list
2026-07-30 12:44:20,335 [ERROR] Middleware:2950 - Invalid RefComponent list
2026-07-30 12:44:20,335 [ERROR] Middleware:2950 - Invalid RefComponent list
2026-07-30 12:44:20,335 [ERROR] Middleware:2950 - Invalid RefComponent list
2026-07-30 12:44:20,335 [ERROR] Middleware:2950 - Invalid RefComponent list
2026-07-30 12:44:20,335 [ERROR] Middleware:2950 - Invalid RefComponent list
2026-07-30 12:44:20,335 [ERROR] Middleware:2950 - Invalid RefComponent list
2026-07-30 12:44:20,336 [ERROR] Middleware:2950 - Invalid RefComponent list
2026-07-30 12:44:20,336 [ERROR] Middleware:2950 - Invalid RefComponent list
2026-07-30 12:44:20,336 [ERROR] Middleware:2950 - Invalid RefComponent list
2026-07-30 12:44:20,336 [ERROR] Middleware:2950 - Invalid RefComponent list
2026-07-30 12:44:20,336 [ERROR] Middleware:2950 - Invalid RefComponent list
2026-07-30 12:44:20,336 [ERROR] Middleware:2950 - Invalid RefComponent list
2026-07-30 12:44:20,336 [ERROR] Middleware:2950 - Invalid RefComponent list
2026-07-30 12:44:20,336 [ERROR] Middleware:2950 - Invalid RefComponent list
2026-07-30 12:44:20,336 [ERROR] Middleware:2950 - Invalid RefComponent list
2026-07-30 12:44:20,336 [ERROR] Middleware:2950 - Invalid RefComponent list
2026-07-30 12:44:20,336 [ERROR] Middleware:2950 - Invalid RefComponent list
2026-07-30 12:44:20,336 [ERROR] Middleware:2950 - Invalid RefComponent list
2026-07-30 12:44:20,336 [ERROR] Middleware:2950 - Invalid RefComponent list
2026-07-30 12:44:20,336 [ERROR] Middleware:2950 - Invalid RefComponent list
2026-07-30 12:44:20,336 [ERROR] Middleware:2950 - Invalid RefComponent list
2026-07-30 12:44:20,336 [ERROR] Middleware:2950 - Invalid RefComponent list
2026-07-30 12:44:20,336 [ERROR] Middleware:2950 - Invalid RefComponent list
2026-07-30 12:44:20,336 [ERROR] Middleware:2950 - Invalid RefComponent list
2026-07-30 12:44:20,336 [ERROR] Middleware:2950 - Invalid RefComponent list
2026-07-30 12:44:20,336 [ERROR] Middleware:2950 - Invalid RefComponent list
2026-07-30 12:44:20,336 [ERROR] Middleware:2950 - Invalid RefComponent list
2026-07-30 12:44:20,336 [ERROR] Middleware:2950 - Invalid RefComponent list
2026-07-30 12:44:20,339 [INFO] ProjectBuilder:5216 - Project Generator version: 4.7.0-B52
2026-07-30 12:44:20,438 [INFO] ConfigFileManager:1595 - The Die is : DIE470
2026-07-30 12:44:21,268 [INFO] ProjectBuilder:5496 - Time for Generating toolchain IDE Files: 929mS.
2026-07-30 12:44:21,269 [INFO] ProjectBuilder:3463 - Time for Copy CMSIS : 0mS.
2026-07-30 12:44:21,271 [INFO] ProjectBuilder:3463 - Time for Copy CMSIS : 1mS.
2026-07-30 12:44:59,779 [INFO] AInterface:526 - workspaceTempDir: C:/Users/ADMIN/AppData/Local/Temp/mxAI_workspace10382752742468002490489015260391644
2026-07-30 12:44:59,780 [INFO] AInterface:1179 - Setting Env: C:/Users/ADMIN/STM32Cube/Repository//Packs/STMicroelectronics/X-CUBE-AI/10.2.1/Utilities/windows
2026-07-30 12:44:59,780 [INFO] AInterface:1236 - Custom PATH variable: C:/Users/ADMIN/STM32Cube/Repository//Packs/STMicroelectronics/X-CUBE-AI/10.2.1/Utilities/windows;C:/Users/ADMIN/STM32Cube/Repository//Packs/STMicroelectronics/X-CUBE-AI/10.2.1/Utilities/windows/mingw64/bin;C:/Users/ADMIN/STM32Cube/Repository//Packs/STMicroelectronics/X-CUBE-AI/10.2.1/Utilities/windows/mingw64/libexec/gcc/x86_64-w64-mingw32/7.3.0;
2026-07-30 12:44:59,783 [INFO] CmdLine:115 - Command: C:/Users/ADMIN/STM32Cube/Repository//Packs/STMicroelectronics/X-CUBE-AI/10.2.1/Utilities/windows/stedgeai.exe validate --target stm32l4 --name network -m D:/TinyML_Workshop-main/TinyML_Workshop_PGR/TinyML_PGR/ONNX/random_forest_model.onnx --compression none --verbosity 1 --workspace C:/Users/ADMIN/AppData/Local/Temp/mxAI_workspace10382752742468002490489015260391644 --output C:/Users/ADMIN/.stm32cubemx/network_output
2026-07-30 12:45:00,506 [INFO] CmdLine:76 - ST Edge AI Core v2.2.0-20266 2adc00962
2026-07-30 12:45:22,895 [INFO] CmdLine:76 - Setting validation data...
2026-07-30 12:45:22,896 [INFO] CmdLine:76 -  generating random data, size=10, seed=42, range=(0, 1)
2026-07-30 12:45:22,897 [INFO] CmdLine:76 -    I[1]: (10, 1, 1, 6)/float32, min/max=[0.020584, 0.969910], mean/std=[0.467501, 0.302874]
2026-07-30 12:45:22,897 [INFO] CmdLine:76 -  no output/reference samples are provided
2026-07-30 12:45:23,463 [INFO] CmdLine:76 - Creating c (debug) info json file C:\Users\ADMIN\.stm32cubemx\network_output\network_c_info.json
2026-07-30 12:45:23,632 [INFO] CmdLine:76 - Copying the AI runtime files to the user workspace: C:\Users\ADMIN\AppData\Local\Temp\mxAI_workspace10382752742468002490489015260391644\inspector_network\workspace
2026-07-30 12:45:23,634 [INFO] CmdLine:76 -  from: C:\Users\ADMIN\STM32Cube\Repository\Packs\STMicroelectronics\X-CUBE-AI\10.2.1\Utilities\windows\targets\common\EmbedNets\tools\inspector\workspace
2026-07-30 12:45:34,064 [INFO] CmdLine:76 -  
2026-07-30 12:45:34,065 [INFO] CmdLine:76 -  Exec/report summary (validate)
2026-07-30 12:45:34,065 [INFO] CmdLine:76 -  --------------------------------------------------------------------------------------------------------------
2026-07-30 12:45:34,065 [INFO] CmdLine:76 -  model file         :   D:\TinyML_Workshop-main\TinyML_Workshop_PGR\TinyML_PGR\ONNX\random_forest_model.onnx   
2026-07-30 12:45:34,065 [INFO] CmdLine:76 -  type               :   onnx                                                                                   
2026-07-30 12:45:34,065 [INFO] CmdLine:76 -  c_name             :   network                                                                                
2026-07-30 12:45:34,065 [INFO] CmdLine:76 -  compression        :   none                                                                                   
2026-07-30 12:45:34,065 [INFO] CmdLine:76 -  options            :   allocate-inputs, allocate-outputs                                                      
2026-07-30 12:45:34,065 [INFO] CmdLine:76 -  optimization       :   balanced                                                                               
2026-07-30 12:45:34,066 [INFO] CmdLine:76 -  target/series      :   stm32l4                                                                                
2026-07-30 12:45:34,066 [INFO] CmdLine:76 -  workspace dir      :   C:\Users\ADMIN\AppData\Local\Temp\mxAI_workspace10382752742468002490489015260391644    
2026-07-30 12:45:34,066 [INFO] CmdLine:76 -  output dir         :   C:\Users\ADMIN\.stm32cubemx\network_output                                             
2026-07-30 12:45:34,066 [INFO] CmdLine:76 -  model_fmt          :   undefined                                                                              
2026-07-30 12:45:34,066 [INFO] CmdLine:76 -  model_name         :   random_forest_model                                                                    
2026-07-30 12:45:34,066 [INFO] CmdLine:76 -  model_hash         :   0x00177bf66787f228ea6e8f5ba719480d                                                     
2026-07-30 12:45:34,066 [INFO] CmdLine:76 -  params #           :   1,043,793 items (2.51 MiB)                                                             
2026-07-30 12:45:34,069 [INFO] CmdLine:76 -  --------------------------------------------------------------------------------------------------------------
2026-07-30 12:45:34,069 [INFO] CmdLine:76 -  input 1/1          :   'float_input', f32(1x1x6), 24 Bytes, activations                                       
2026-07-30 12:45:34,070 [INFO] CmdLine:76 -  output 1/2         :   'label0', int32(1x1), 4 Bytes, activations                                             
2026-07-30 12:45:34,070 [INFO] CmdLine:76 -  output 2/2         :   'output_probability', f32(1x1x5x2), 40 Bytes, activations                              
2026-07-30 12:45:34,070 [INFO] CmdLine:76 -  outputs (total)    :   44 Bytes                                                                               
2026-07-30 12:45:34,070 [INFO] CmdLine:76 -  macc               :   1,411                                                                                  
2026-07-30 12:45:34,070 [INFO] CmdLine:76 -  weights (ro)       :   2,632,036 B (2.51 MiB) (1 segment) / -1,543,136(-37.0%) vs float model                 
2026-07-30 12:45:34,071 [INFO] CmdLine:76 -  activations (rw)   :   64 B (64 B) (1 segment) *                                                              
2026-07-30 12:45:34,071 [INFO] CmdLine:76 -  ram (total)        :   64 B (64 B) = 64 + 0 + 0                                                               
2026-07-30 12:45:34,071 [INFO] CmdLine:76 -  --------------------------------------------------------------------------------------------------------------
2026-07-30 12:45:34,071 [INFO] CmdLine:76 -  (*) 'input'/'output' buffers are allocated in the activations buffer
2026-07-30 12:45:34,176 [INFO] CmdLine:76 - Running the ONNX model...
2026-07-30 12:45:35,512 [INFO] CmdLine:76 - Running the ST.AI c-model (AI RUNNER)...(name=network, mode=HOST)
2026-07-30 12:45:35,649 [INFO] CmdLine:76 -  DLL Driver v2.0 - Direct Python binding (C:\Users\ADMIN\AppData\Local\Temp\mxAI_workspace10382752742468002490489015260391644\inspector_network\workspace\lib\libai_network.dll) ['network']
2026-07-30 12:45:35,651 [INFO] CmdLine:76 -   Summary 'network' - ['network']
2026-07-30 12:45:35,652 [INFO] CmdLine:76 -   ----------------------------------------------------------------------------------------------
2026-07-30 12:45:35,652 [INFO] CmdLine:76 -   I[1/1] 'input_1'    :   f32[1,1,1,6], 24 Bytes, in activations buffer
2026-07-30 12:45:35,652 [INFO] CmdLine:76 -   O[1/2] 'output_1'   :   int32[1,1,1,1], 4 Bytes, in activations buffer
2026-07-30 12:45:35,653 [INFO] CmdLine:76 -   O[2/2] 'output_2'   :   f32[1,1,5,2], 40 Bytes, in activations buffer
2026-07-30 12:45:35,653 [INFO] CmdLine:76 -   n_nodes             :   2
2026-07-30 12:45:35,653 [INFO] CmdLine:76 -   activations         :   64
2026-07-30 12:45:35,654 [INFO] CmdLine:76 -   weights             :   2632036
2026-07-30 12:45:35,655 [INFO] CmdLine:76 -   macc                :   1411
2026-07-30 12:45:35,655 [INFO] CmdLine:76 -   hash                :   0x00177bf66787f228ea6e8f5ba719480d
2026-07-30 12:45:35,656 [INFO] CmdLine:76 -   compile_datetime    :   Jul 30 2026 12:45:30
2026-07-30 12:45:35,656 [INFO] CmdLine:76 -   ----------------------------------------------------------------------------------------------
2026-07-30 12:45:35,656 [INFO] CmdLine:76 -   protocol            :   DLL Driver v2.0 - Direct Python binding
2026-07-30 12:45:35,656 [INFO] CmdLine:76 -   tools               :   ST.AI (legacy api) v2.2.0
2026-07-30 12:45:35,656 [INFO] CmdLine:76 -   runtime lib         :   v10.2.0
2026-07-30 12:45:35,656 [INFO] CmdLine:76 -   capabilities        :   IO_ONLY, PER_LAYER, PER_LAYER_WITH_DATA
2026-07-30 12:45:35,657 [INFO] CmdLine:76 -   device.desc         :   AMD64, Intel64 Family 6 Model 191 Stepping 2, GenuineIntel, Windows
2026-07-30 12:45:35,657 [INFO] CmdLine:76 -   ----------------------------------------------------------------------------------------------
2026-07-30 12:45:35,673 [INFO] CmdLine:76 -  NOTE: The duration and execution time per layer are just indications. They depend on the host machine's workload.
2026-07-30 12:45:35,674 [INFO] CmdLine:76 -   ST.AI Profiling results v2.0 - "network"
2026-07-30 12:45:35,674 [INFO] CmdLine:76 -   ------------------------------------------------------------
2026-07-30 12:45:35,674 [INFO] CmdLine:76 -   nb sample(s)   :   10
2026-07-30 12:45:35,674 [INFO] CmdLine:76 -   duration       :   0.193 ms by sample (0.174/0.220/0.011)
2026-07-30 12:45:35,674 [INFO] CmdLine:76 -   macc           :   1411
2026-07-30 12:45:35,675 [INFO] CmdLine:76 -   ------------------------------------------------------------
2026-07-30 12:45:35,676 [INFO] CmdLine:76 -   Statistic per tensor
2026-07-30 12:45:35,676 [INFO] CmdLine:76 -   -------------------------------------------------------------------------------
2026-07-30 12:45:35,676 [INFO] CmdLine:76 -   tensor   #    type[shape]:size       min     max     mean      std  name
2026-07-30 12:45:35,676 [INFO] CmdLine:76 -   -------------------------------------------------------------------------------
2026-07-30 12:45:35,677 [INFO] CmdLine:76 -   I.0      10   f32[1,1,1,6]:24      0.021   0.970    0.468    0.303  input_1
2026-07-30 12:45:35,677 [INFO] CmdLine:76 -   O.0      10   i32[1,1,1,1]:4           3       3    3.000    0.000  output_1
2026-07-30 12:45:35,677 [INFO] CmdLine:76 -   O.1      10   f32[1,1,5,2]:40      0.000   4.000    1.100    1.367  output_2
2026-07-30 12:45:35,677 [INFO] CmdLine:76 -   -------------------------------------------------------------------------------
2026-07-30 12:45:35,932 [INFO] CmdLine:76 - Saving validation data...
2026-07-30 12:45:35,933 [INFO] CmdLine:76 -  output directory: C:\Users\ADMIN\.stm32cubemx\network_output
2026-07-30 12:45:35,936 [INFO] CmdLine:76 -  creating C:\Users\ADMIN\.stm32cubemx\network_output\network_val_io.npz
2026-07-30 12:45:35,942 [INFO] CmdLine:76 -  m_outputs_1: (10, 1)/int32, min/max=[3, 3], mean/std=[3.000000, 0.000000], label0
2026-07-30 12:45:35,945 [INFO] CmdLine:76 -  m_outputs_2: (10, 1, 5, 2)/float64, min/max=[0.000000, 4.000000], mean/std=[1.100000, 1.367007], output_probability
2026-07-30 12:45:35,947 [INFO] CmdLine:76 -  c_outputs_1: (10, 1, 1, 1)/int32, min/max=[3, 3], mean/std=[3.000000, 0.000000], label0
2026-07-30 12:45:35,949 [INFO] CmdLine:76 -  c_outputs_2: (10, 1, 5, 2)/float32, min/max=[0.000000, 4.000000], mean/std=[1.100000, 1.367007], output_probability
2026-07-30 12:45:36,063 [INFO] CmdLine:76 - Computing the metrics...
2026-07-30 12:45:36,065 [INFO] CmdLine:76 -  Cross accuracy report #1 (reference vs C-model)
2026-07-30 12:45:36,066 [INFO] CmdLine:76 -  ----------------------------------------------------------------------------------------------------
2026-07-30 12:45:36,066 [INFO] CmdLine:76 -  notes: - r/int32 data are converted to np.float32
2026-07-30 12:45:36,066 [INFO] CmdLine:76 -         - p/int32 data are converted to np.float32
2026-07-30 12:45:36,066 [INFO] CmdLine:76 -         - the output of the reference model is used as ground truth/reference value
2026-07-30 12:45:36,067 [INFO] CmdLine:76 -         - 10 samples (1 items per sample)
2026-07-30 12:45:36,068 [INFO] CmdLine:76 -   acc=n.a. rmse=0.000000000 mae=0.000000000 l2r=0.000000000 mean=0.000000 std=0.000000 nse=1.000000 cos=1.000000
2026-07-30 12:45:36,068 [INFO] CmdLine:76 -  Cross accuracy report #2 (reference vs C-model)
2026-07-30 12:45:36,068 [INFO] CmdLine:76 -  ----------------------------------------------------------------------------------------------------
2026-07-30 12:45:36,068 [INFO] CmdLine:76 -  notes: - data type is different: r/float64 instead p/float32
2026-07-30 12:45:36,069 [INFO] CmdLine:76 -         - ACC metric is not computed ("--classifier" option can be used to force it)
2026-07-30 12:45:36,069 [INFO] CmdLine:76 -         - the output of the reference model is used as ground truth/reference value
2026-07-30 12:45:36,069 [INFO] CmdLine:76 -         - 10 samples (10 items per sample)
2026-07-30 12:45:36,069 [INFO] CmdLine:76 -   acc=n.a. rmse=0.000000059 mae=0.000000019 l2r=0.000000033 mean=0.000000 std=0.000000 nse=1.000000 cos=1.000000
2026-07-30 12:45:36,348 [INFO] CmdLine:76 -  Evaluation report (summary)
2026-07-30 12:45:36,348 [INFO] CmdLine:76 -  --------------------------------------------------------------------------------------------------------------------------------------------------------------
2026-07-30 12:45:36,349 [INFO] CmdLine:76 -  Output       acc    rmse          mae           l2r           mean       std        nse        cos        tensor
2026-07-30 12:45:36,349 [INFO] CmdLine:76 -  --------------------------------------------------------------------------------------------------------------------------------------------------------------
2026-07-30 12:45:36,349 [INFO] CmdLine:76 -  X-cross #1   n.a.   0.000000000   0.000000000   0.000000000   0.000000   0.000000   1.000000   1.000000   'label0', 10 x int32(1x1), m_id=[1]
2026-07-30 12:45:36,350 [INFO] CmdLine:76 -  X-cross #2   n.a.   0.000000059   0.000000019   0.000000033   0.000000   0.000000   1.000000   1.000000   'output_probability', 10 x f32(1x1x5x2), m_id=[3]
2026-07-30 12:45:36,350 [INFO] CmdLine:76 -  --------------------------------------------------------------------------------------------------------------------------------------------------------------
2026-07-30 12:45:36,351 [INFO] CmdLine:76 -   acc  : Accuracy (class, axis=-1)
2026-07-30 12:45:36,351 [INFO] CmdLine:76 -   rmse : Root Mean Squared Error
2026-07-30 12:45:36,352 [INFO] CmdLine:76 -   mae  : Mean Absolute Error
2026-07-30 12:45:36,352 [INFO] CmdLine:76 -   l2r  : L2 relative error
2026-07-30 12:45:36,352 [INFO] CmdLine:76 -   mean : Mean error
2026-07-30 12:45:36,352 [INFO] CmdLine:76 -   std  : Standard deviation error
2026-07-30 12:45:36,353 [INFO] CmdLine:76 -   nse  : Nash-Sutcliffe efficiency criteria, bigger is better, best=1, range=(-inf, 1]
2026-07-30 12:45:36,353 [INFO] CmdLine:76 -   cos  : COsine Similarity, bigger is better, best=1, range=(0, 1]
2026-07-30 12:45:36,353 [INFO] CmdLine:76 - Creating txt report file C:\Users\ADMIN\.stm32cubemx\network_output\network_validate_report.txt
2026-07-30 12:45:48,781 [INFO] CmdLine:76 - elapsed time (validate): 48.275s
2026-07-30 12:45:49,389 [INFO] CmdLine:148 - stedgeai exit with status: 0
2026-07-30 12:45:49,722 [INFO] AIModelDetailledView:2704 - Validation ended
2026-07-30 12:45:59,086 [INFO] UtilMem:75 - End SaveConfig() Used Memory: 778526064 Bytes (1073741824)
2026-07-30 12:46:00,823 [INFO] UtilMem:75 - End SaveConfig() Used Memory: 852974960 Bytes (1073741824)
2026-07-30 12:46:02,123 [INFO] UtilMem:75 - End SaveConfig() Used Memory: 920083824 Bytes (1073741824)
2026-07-30 12:46:02,300 [INFO] ProjectBuilder:2395 - IP not ready for code generation: STMicroelectronics.X-CUBE-AI.10.2.1
2026-07-30 12:46:10,144 [INFO] BlockDiagram:2775 - set Specific Code input for plugin: SYS
2026-07-30 12:46:10,144 [INFO] BlockDiagram:2775 - set Specific Code input for plugin: RCC
2026-07-30 12:46:10,144 [INFO] BlockDiagram:2775 - set Specific Code input for plugin: NVIC
2026-07-30 12:46:10,144 [INFO] BlockDiagram:2775 - set Specific Code input for plugin: STMicroelectronics.X-CUBE-AI.10.2.1
2026-07-30 12:46:10,146 [INFO] CodeGenerator:892 - code generatio: config db path: C:\ST\STM32CubeIDE_1.19.0\STM32CubeIDE\plugins\com.st.stm32cube.common.mx_6.15.0.202507011659\\db\
2026-07-30 12:46:10,222 [INFO] IP:3329 - RTE Config file name : RTE_Component
2026-07-30 12:46:10,223 [INFO] IP:3347 - RTE template : RTE_Components.ftl
2026-07-30 12:46:10,231 [INFO] CodeEngine:265 - oldGeneratedFile, D:\TinyML_Workshop-main\TinyML_Workshop_PGR\TinyML_PGR\STM32\Inf_OnBoard\MXTmpFiles\license.tmp_save
2026-07-30 12:46:10,300 [INFO] CodeEngine:289 - Generated code: D:\TinyML_Workshop-main\TinyML_Workshop_PGR\TinyML_PGR\STM32\Inf_OnBoard\MXTmpFiles\license.tmp
2026-07-30 12:46:10,319 [INFO] Middleware:1452 - No code input for Bsp Dependency
2026-07-30 12:46:10,319 [INFO] Middleware:1452 - No code input for Bsp Dependency
2026-07-30 12:46:10,329 [INFO] CodeEngine:265 - oldGeneratedFile, D:\TinyML_Workshop-main\TinyML_Workshop_PGR\TinyML_PGR\STM32\Inf_OnBoard\Core\Src\stm32l4xx_it.c_save
2026-07-30 12:46:10,406 [INFO] CodeEngine:289 - Generated code: D:\TinyML_Workshop-main\TinyML_Workshop_PGR\TinyML_PGR\STM32\Inf_OnBoard\Core\Src\stm32l4xx_it.c
2026-07-30 12:46:10,412 [INFO] CodeEngine:265 - oldGeneratedFile, D:\TinyML_Workshop-main\TinyML_Workshop_PGR\TinyML_PGR\STM32\Inf_OnBoard\Core\Inc\stm32l4xx_it.h_save
2026-07-30 12:46:10,490 [INFO] CodeEngine:289 - Generated code: D:\TinyML_Workshop-main\TinyML_Workshop_PGR\TinyML_PGR\STM32\Inf_OnBoard\Core\Inc\stm32l4xx_it.h
2026-07-30 12:46:10,504 [INFO] CodeEngine:265 - oldGeneratedFile, D:\TinyML_Workshop-main\TinyML_Workshop_PGR\TinyML_PGR\STM32\Inf_OnBoard\Core\Src\stm32l4xx_hal_msp.c_save
2026-07-30 12:46:10,601 [INFO] CodeEngine:289 - Generated code: D:\TinyML_Workshop-main\TinyML_Workshop_PGR\TinyML_PGR\STM32\Inf_OnBoard\Core\Src\stm32l4xx_hal_msp.c
2026-07-30 12:46:10,606 [INFO] CodeEngine:265 - oldGeneratedFile, D:\TinyML_Workshop-main\TinyML_Workshop_PGR\TinyML_PGR\STM32\Inf_OnBoard\MXTmpFiles\system.tmp_save
2026-07-30 12:46:10,669 [INFO] CodeEngine:289 - Generated code: D:\TinyML_Workshop-main\TinyML_Workshop_PGR\TinyML_PGR\STM32\Inf_OnBoard\MXTmpFiles\system.tmp
2026-07-30 12:46:10,679 [INFO] CodeEngine:321 - oldGeneratedFile, D:\TinyML_Workshop-main\TinyML_Workshop_PGR\TinyML_PGR\STM32\Inf_OnBoard\Core\Inc\stm32l4xx_hal_conf.h_save
2026-07-30 12:46:10,752 [INFO] CodeEngine:345 - Generated code: D:\TinyML_Workshop-main\TinyML_Workshop_PGR\TinyML_PGR\STM32\Inf_OnBoard\Core\Inc\stm32l4xx_hal_conf.h
2026-07-30 12:46:10,773 [INFO] CodeEngine:265 - oldGeneratedFile, D:\TinyML_Workshop-main\TinyML_Workshop_PGR\TinyML_PGR\STM32\Inf_OnBoard\Core\Inc\main.h_save
2026-07-30 12:46:10,845 [INFO] CodeEngine:289 - Generated code: D:\TinyML_Workshop-main\TinyML_Workshop_PGR\TinyML_PGR\STM32\Inf_OnBoard\Core\Inc\main.h
2026-07-30 12:46:10,851 [INFO] CodeEngine:265 - oldGeneratedFile, D:\TinyML_Workshop-main\TinyML_Workshop_PGR\TinyML_PGR\STM32\Inf_OnBoard\Core\Src\main.c_save
2026-07-30 12:46:10,944 [INFO] CodeEngine:289 - Generated code: D:\TinyML_Workshop-main\TinyML_Workshop_PGR\TinyML_PGR\STM32\Inf_OnBoard\Core\Src\main.c
2026-07-30 12:46:11,390 [INFO] ProjectBuilder:3606 - Time for Copy HAL[1] : 122mS.
2026-07-30 12:46:11,391 [ERROR] Middleware:2950 - Invalid RefComponent list
2026-07-30 12:46:11,391 [ERROR] Middleware:2950 - Invalid RefComponent list
2026-07-30 12:46:11,391 [ERROR] Middleware:2950 - Invalid RefComponent list
2026-07-30 12:46:11,391 [ERROR] Middleware:2950 - Invalid RefComponent list
2026-07-30 12:46:11,391 [ERROR] Middleware:2950 - Invalid RefComponent list
2026-07-30 12:46:11,391 [ERROR] Middleware:2950 - Invalid RefComponent list
2026-07-30 12:46:11,391 [ERROR] Middleware:2950 - Invalid RefComponent list
2026-07-30 12:46:11,391 [ERROR] Middleware:2950 - Invalid RefComponent list
2026-07-30 12:46:11,391 [ERROR] Middleware:2950 - Invalid RefComponent list
2026-07-30 12:46:11,391 [ERROR] Middleware:2950 - Invalid RefComponent list
2026-07-30 12:46:11,391 [ERROR] Middleware:2950 - Invalid RefComponent list
2026-07-30 12:46:11,391 [ERROR] Middleware:2950 - Invalid RefComponent list
2026-07-30 12:46:11,391 [ERROR] Middleware:2950 - Invalid RefComponent list
2026-07-30 12:46:11,391 [ERROR] Middleware:2950 - Invalid RefComponent list
2026-07-30 12:46:11,391 [ERROR] Middleware:2950 - Invalid RefComponent list
2026-07-30 12:46:11,391 [ERROR] Middleware:2950 - Invalid RefComponent list
2026-07-30 12:46:11,391 [ERROR] Middleware:2950 - Invalid RefComponent list
2026-07-30 12:46:11,391 [ERROR] Middleware:2950 - Invalid RefComponent list
2026-07-30 12:46:11,391 [ERROR] Middleware:2950 - Invalid RefComponent list
2026-07-30 12:46:11,391 [ERROR] Middleware:2950 - Invalid RefComponent list
2026-07-30 12:46:11,391 [ERROR] Middleware:2950 - Invalid RefComponent list
2026-07-30 12:46:11,391 [ERROR] Middleware:2950 - Invalid RefComponent list
2026-07-30 12:46:11,391 [ERROR] Middleware:2950 - Invalid RefComponent list
2026-07-30 12:46:11,391 [ERROR] Middleware:2950 - Invalid RefComponent list
2026-07-30 12:46:11,391 [ERROR] Middleware:2950 - Invalid RefComponent list
2026-07-30 12:46:11,391 [ERROR] Middleware:2950 - Invalid RefComponent list
2026-07-30 12:46:11,391 [ERROR] Middleware:2950 - Invalid RefComponent list
2026-07-30 12:46:11,391 [ERROR] Middleware:2950 - Invalid RefComponent list
2026-07-30 12:46:11,391 [ERROR] Middleware:2950 - Invalid RefComponent list
2026-07-30 12:46:11,392 [ERROR] Middleware:2950 - Invalid RefComponent list
2026-07-30 12:46:11,392 [ERROR] Middleware:2950 - Invalid RefComponent list
2026-07-30 12:46:11,392 [ERROR] Middleware:2950 - Invalid RefComponent list
2026-07-30 12:46:11,392 [ERROR] Middleware:2950 - Invalid RefComponent list
2026-07-30 12:46:11,392 [ERROR] Middleware:2950 - Invalid RefComponent list
2026-07-30 12:46:11,392 [ERROR] Middleware:2950 - Invalid RefComponent list
2026-07-30 12:46:11,392 [ERROR] Middleware:2950 - Invalid RefComponent list
2026-07-30 12:46:11,392 [ERROR] Middleware:2950 - Invalid RefComponent list
2026-07-30 12:46:11,392 [ERROR] Middleware:2950 - Invalid RefComponent list
2026-07-30 12:46:11,392 [ERROR] Middleware:2950 - Invalid RefComponent list
2026-07-30 12:46:11,392 [ERROR] Middleware:2950 - Invalid RefComponent list
2026-07-30 12:46:11,392 [ERROR] Middleware:2950 - Invalid RefComponent list
2026-07-30 12:46:11,392 [ERROR] Middleware:2950 - Invalid RefComponent list
2026-07-30 12:46:11,392 [ERROR] Middleware:2950 - Invalid RefComponent list
2026-07-30 12:46:11,392 [ERROR] Middleware:2950 - Invalid RefComponent list
2026-07-30 12:46:11,392 [ERROR] Middleware:2950 - Invalid RefComponent list
2026-07-30 12:46:11,392 [ERROR] Middleware:2950 - Invalid RefComponent list
2026-07-30 12:46:11,392 [ERROR] Middleware:2950 - Invalid RefComponent list
2026-07-30 12:46:11,392 [ERROR] Middleware:2950 - Invalid RefComponent list
2026-07-30 12:46:11,395 [INFO] ProjectBuilder:5216 - Project Generator version: 4.7.0-B52
2026-07-30 12:46:11,479 [INFO] ConfigFileManager:1595 - The Die is : DIE470
2026-07-30 12:46:12,247 [INFO] ProjectBuilder:5496 - Time for Generating toolchain IDE Files: 852mS.
2026-07-30 12:46:12,248 [INFO] ProjectBuilder:3463 - Time for Copy CMSIS : 1mS.
2026-07-30 12:46:12,250 [INFO] ProjectBuilder:3463 - Time for Copy CMSIS : 0mS.
2026-07-30 12:48:32,798 [INFO] AIModelDetailledView:2264 - Analysis status: -
2026-07-30 12:48:33,831 [INFO] AInterface:259 - ModelName:network; files:[D:\TinyML_Workshop-main\TinyML_Workshop_PGR\TinyML_PGR\ONNX\random_forest_model.onnx]; type:ONNX; compression:High
2026-07-30 12:48:33,832 [INFO] AInterface:526 - workspaceTempDir: C:/Users/ADMIN/AppData/Local/Temp/mxAI_workspace10384893270234002196477977118697531
2026-07-30 12:48:33,832 [INFO] AInterface:1179 - Setting Env: C:/Users/ADMIN/STM32Cube/Repository//Packs/STMicroelectronics/X-CUBE-AI/10.2.1/Utilities/windows
2026-07-30 12:48:33,838 [INFO] STM32CubeIDEBuilder:265 - Looking for gnu-tools-for-stm32 tools/bin/arm-none-eabi-gcc.exe in C:\ST\STM32CubeIDE_1.19.0\STM32CubeIDE
2026-07-30 12:48:33,840 [INFO] STM32CubeIDEBuilder:294 - checking C:\ST\STM32CubeIDE_1.19.0\STM32CubeIDE\plugins\com.st.stm32cube.ide.mcu.externaltools.gnu-tools-for-stm32.13.3.rel1.win32_1.0.0.202411081344\tools\bin\arm-none-eabi-gcc.exe
2026-07-30 12:48:33,841 [INFO] STM32CubeIDEBuilder:297 - ret=C:\ST\STM32CubeIDE_1.19.0\STM32CubeIDE\plugins\com.st.stm32cube.ide.mcu.externaltools.gnu-tools-for-stm32.13.3.rel1.win32_1.0.0.202411081344\tools\bin\arm-none-eabi-gcc.exe
2026-07-30 12:48:33,841 [INFO] STM32CubeIDEBuilder:311 - returning C:\ST\STM32CubeIDE_1.19.0\STM32CubeIDE\plugins\com.st.stm32cube.ide.mcu.externaltools.gnu-tools-for-stm32.13.3.rel1.win32_1.0.0.202411081344\tools\bin\arm-none-eabi-gcc.exe
2026-07-30 12:48:33,841 [INFO] AInterface:1236 - Custom PATH variable: C:/Users/ADMIN/STM32Cube/Repository//Packs/STMicroelectronics/X-CUBE-AI/10.2.1/Utilities/windows;C:/Users/ADMIN/STM32Cube/Repository//Packs/STMicroelectronics/X-CUBE-AI/10.2.1/Utilities/windows/mingw64/bin;C:/Users/ADMIN/STM32Cube/Repository//Packs/STMicroelectronics/X-CUBE-AI/10.2.1/Utilities/windows/mingw64/libexec/gcc/x86_64-w64-mingw32/7.3.0;;C:\ST\STM32CubeIDE_1.19.0\STM32CubeIDE\plugins\com.st.stm32cube.ide.mcu.externaltools.gnu-tools-for-stm32.13.3.rel1.win32_1.0.0.202411081344\tools\bin
2026-07-30 12:48:33,847 [INFO] CmdLine:115 - Command: C:/Users/ADMIN/STM32Cube/Repository//Packs/STMicroelectronics/X-CUBE-AI/10.2.1/Utilities/windows/stedgeai.exe analyze --target stm32l4 --name network -m D:/TinyML_Workshop-main/TinyML_Workshop_PGR/TinyML_PGR/ONNX/random_forest_model.onnx --compression high --verbosity 1 --workspace C:/Users/ADMIN/AppData/Local/Temp/mxAI_workspace10384893270234002196477977118697531 --output C:/Users/ADMIN/.stm32cubemx/network_output
2026-07-30 12:48:33,851 [INFO] AIModelDetailledView:2264 - Analysis status: pending
2026-07-30 12:48:34,593 [INFO] CmdLine:76 - ST Edge AI Core v2.2.0-20266 2adc00962
2026-07-30 12:48:57,676 [INFO] CmdLine:76 - Creating c (debug) info json file C:\Users\ADMIN\.stm32cubemx\network_output\network_c_info.json
2026-07-30 12:48:57,983 [INFO] CmdLine:76 -  
2026-07-30 12:48:57,984 [INFO] CmdLine:76 -  Exec/report summary (analyze)
2026-07-30 12:48:57,984 [INFO] CmdLine:76 -  --------------------------------------------------------------------------------------------------------------
2026-07-30 12:48:57,984 [INFO] CmdLine:76 -  model file         :   D:\TinyML_Workshop-main\TinyML_Workshop_PGR\TinyML_PGR\ONNX\random_forest_model.onnx   
2026-07-30 12:48:57,984 [INFO] CmdLine:76 -  type               :   onnx                                                                                   
2026-07-30 12:48:57,984 [INFO] CmdLine:76 -  c_name             :   network                                                                                
2026-07-30 12:48:57,984 [INFO] CmdLine:76 -  compression        :   high                                                                                   
2026-07-30 12:48:57,984 [INFO] CmdLine:76 -  options            :   allocate-inputs, allocate-outputs                                                      
2026-07-30 12:48:57,984 [INFO] CmdLine:76 -  optimization       :   balanced                                                                               
2026-07-30 12:48:57,985 [INFO] CmdLine:76 -  target/series      :   stm32l4                                                                                
2026-07-30 12:48:57,985 [INFO] CmdLine:76 -  workspace dir      :   C:\Users\ADMIN\AppData\Local\Temp\mxAI_workspace10384893270234002196477977118697531    
2026-07-30 12:48:57,985 [INFO] CmdLine:76 -  output dir         :   C:\Users\ADMIN\.stm32cubemx\network_output                                             
2026-07-30 12:48:57,985 [INFO] CmdLine:76 -  model_fmt          :   undefined                                                                              
2026-07-30 12:48:57,985 [INFO] CmdLine:76 -  model_name         :   random_forest_model                                                                    
2026-07-30 12:48:57,985 [INFO] CmdLine:76 -  model_hash         :   0x00177bf66787f228ea6e8f5ba719480d                                                     
2026-07-30 12:48:57,985 [INFO] CmdLine:76 -  params #           :   1,043,793 items (2.51 MiB)                                                             
2026-07-30 12:48:57,985 [INFO] CmdLine:76 -  --------------------------------------------------------------------------------------------------------------
2026-07-30 12:48:57,988 [INFO] CmdLine:76 -  input 1/1          :   'float_input', f32(1x1x6), 24 Bytes, activations                                       
2026-07-30 12:48:57,988 [INFO] CmdLine:76 -  output 1/2         :   'label0', int32(1x1), 4 Bytes, activations                                             
2026-07-30 12:48:57,988 [INFO] CmdLine:76 -  output 2/2         :   'output_probability', f32(1x1x5x2), 40 Bytes, activations                              
2026-07-30 12:48:57,988 [INFO] CmdLine:76 -  outputs (total)    :   44 Bytes                                                                               
2026-07-30 12:48:57,988 [INFO] CmdLine:76 -  macc               :   1,411                                                                                  
2026-07-30 12:48:57,988 [INFO] CmdLine:76 -  weights (ro)       :   1,951,248 B (1.86 MiB) (1 segment) / -2,223,924(-53.3%) vs float model                 
2026-07-30 12:48:57,988 [INFO] CmdLine:76 -  activations (rw)   :   64 B (64 B) (1 segment) *                                                              
2026-07-30 12:48:57,988 [INFO] CmdLine:76 -  ram (total)        :   64 B (64 B) = 64 + 0 + 0                                                               
2026-07-30 12:48:57,988 [INFO] CmdLine:76 -  --------------------------------------------------------------------------------------------------------------
2026-07-30 12:48:57,989 [INFO] CmdLine:76 -  (*) 'input'/'output' buffers are allocated in the activations buffer
2026-07-30 12:48:58,096 [INFO] CmdLine:76 - Computing AI RT data/code size (target=stm32l4)..
2026-07-30 12:49:01,545 [INFO] CmdLine:76 -  Model name - random_forest_model
2026-07-30 12:49:01,546 [INFO] CmdLine:76 -  ------ -------------------------------- ---------------- --------------------- ------- --------------
2026-07-30 12:49:01,546 [INFO] CmdLine:76 -  m_id   layer (original)                 oshape           param/size               macc   connected to
2026-07-30 12:49:01,546 [INFO] CmdLine:76 -  ------ -------------------------------- ---------------- --------------------- ------- --------------
2026-07-30 12:49:01,547 [INFO] CmdLine:76 -  0      float_input ()                   [h:1,c:6]
2026-07-30 12:49:01,547 [INFO] CmdLine:76 -  ------ -------------------------------- ---------------- --------------------- ------- --------------
2026-07-30 12:49:01,547 [INFO] CmdLine:76 -  1      label (TreeEnsembleClassifier)   [c:1][h:1,c:5]   1,043,788/2,632,028     1,411    float_input
2026-07-30 12:49:01,547 [INFO] CmdLine:76 -  ------ -------------------------------- ---------------- --------------------- ------- --------------
2026-07-30 12:49:01,547 [INFO] CmdLine:76 -  2      output_label (Cast)              [c:1]                                        2          label
2026-07-30 12:49:01,548 [INFO] CmdLine:76 -  ------ -------------------------------- ---------------- --------------------- ------- --------------
2026-07-30 12:49:01,548 [INFO] CmdLine:76 -  3      output_probability (ZipMap)      [h:1,w:5,c:2]    5/5                                    label
2026-07-30 12:49:01,548 [INFO] CmdLine:76 -  ------ -------------------------------- ---------------- --------------------- ------- --------------
2026-07-30 12:49:01,548 [INFO] CmdLine:76 -  model: macc=1,413 weights=2,632,033 activations=-- io=--
2026-07-30 12:49:01,548 [INFO] CmdLine:76 -  Number of operations per c-layer
2026-07-30 12:49:01,548 [INFO] CmdLine:76 -  ------- ------ -------------------------------- ------- -------------
2026-07-30 12:49:01,550 [INFO] CmdLine:76 -  c_id    m_id   name (type)                          #op          type
2026-07-30 12:49:01,551 [INFO] CmdLine:76 -  ------- ------ -------------------------------- ------- -------------
2026-07-30 12:49:01,551 [INFO] CmdLine:76 -  0       1      label (TreeEnsembleClassifier)     1,411   smul_f32_s8
2026-07-30 12:49:01,551 [INFO] CmdLine:76 -  1       3      output_probability (ZipMap)            0   smul_f32_s8
2026-07-30 12:49:01,551 [INFO] CmdLine:76 -  ------- ------ -------------------------------- ------- -------------
2026-07-30 12:49:01,551 [INFO] CmdLine:76 -  total                                             1,411
2026-07-30 12:49:01,551 [INFO] CmdLine:76 -  Number of operation types
2026-07-30 12:49:01,551 [INFO] CmdLine:76 -  ---------------- ------- -----------
2026-07-30 12:49:01,551 [INFO] CmdLine:76 -  operation type         #           %
2026-07-30 12:49:01,551 [INFO] CmdLine:76 -  ---------------- ------- -----------
2026-07-30 12:49:01,552 [INFO] CmdLine:76 -  smul_f32_s8        1,411      100.0%
2026-07-30 12:49:01,552 [INFO] CmdLine:76 -  Complexity report (model)
2026-07-30 12:49:01,552 [INFO] CmdLine:76 -  ------ -------------------- ------------------------- ------------------------- ------
2026-07-30 12:49:01,552 [INFO] CmdLine:76 -  m_id   name                 c_macc                    c_rom                     c_id
2026-07-30 12:49:01,552 [INFO] CmdLine:76 -  ------ -------------------- ------------------------- ------------------------- ------
2026-07-30 12:49:01,552 [INFO] CmdLine:76 -  1      label                |||||||||||||||| 100.0%   |||||||||||||||| 100.0%   [0]
2026-07-30 12:49:01,552 [INFO] CmdLine:76 -  3      output_probability   |                  0.0%   |                  0.0%   [1]
2026-07-30 12:49:01,553 [INFO] CmdLine:76 -  ------ -------------------- ------------------------- ------------------------- ------
2026-07-30 12:49:01,553 [INFO] CmdLine:76 -  macc=1,411 weights=1,951,248 act=64 ram_io=0
2026-07-30 12:49:01,555 [INFO] CmdLine:76 -  Requested memory size by section - "stm32l4" target
2026-07-30 12:49:01,555 [INFO] CmdLine:76 -  ------------------------------ ------- ----------- ------- -----
2026-07-30 12:49:01,555 [INFO] CmdLine:76 -  module                            text      rodata    data   bss
2026-07-30 12:49:01,555 [INFO] CmdLine:76 -  ------------------------------ ------- ----------- ------- -----
2026-07-30 12:49:01,555 [INFO] CmdLine:76 -  NetworkRuntime1020_CM4_GCC.a     5,508           0       0     0
2026-07-30 12:49:01,556 [INFO] CmdLine:76 -  network.o                          704          16   1,768   172
2026-07-30 12:49:01,556 [INFO] CmdLine:76 -  network_data.o                      48          16      88     0
2026-07-30 12:49:01,556 [INFO] CmdLine:76 -  lib (toolchain)*                     0           0       0     0
2026-07-30 12:49:01,556 [INFO] CmdLine:76 -  ------------------------------ ------- ----------- ------- -----
2026-07-30 12:49:01,556 [INFO] CmdLine:76 -  RT total**                       6,260          32   1,856   172
2026-07-30 12:49:01,556 [INFO] CmdLine:76 -  ------------------------------ ------- ----------- ------- -----
2026-07-30 12:49:01,556 [INFO] CmdLine:76 -  weights                              0   1,951,248       0     0
2026-07-30 12:49:01,557 [INFO] CmdLine:76 -  activations                          0           0       0    64
2026-07-30 12:49:01,557 [INFO] CmdLine:76 -  io                                   0           0       0     0
2026-07-30 12:49:01,557 [INFO] CmdLine:76 -  ------------------------------ ------- ----------- ------- -----
2026-07-30 12:49:01,557 [INFO] CmdLine:76 -  TOTAL                            6,260   1,951,280   1,856   236
2026-07-30 12:49:01,557 [INFO] CmdLine:76 -  ------------------------------ ------- ----------- ------- -----
2026-07-30 12:49:01,557 [INFO] CmdLine:76 -  *  toolchain objects (libm/libgcc*)
2026-07-30 12:49:01,557 [INFO] CmdLine:76 -  ** RT AI runtime objects (kernels+infrastructure)
2026-07-30 12:49:01,557 [INFO] CmdLine:76 -   Summary - "stm32l4" target
2026-07-30 12:49:01,557 [INFO] CmdLine:76 -   --------------------------------------------------
2026-07-30 12:49:01,558 [INFO] CmdLine:76 -                FLASH (ro)     %*   RAM (rw)       %
2026-07-30 12:49:01,558 [INFO] CmdLine:76 -   --------------------------------------------------
2026-07-30 12:49:01,558 [INFO] CmdLine:76 -   RT total          8,148   0.4%      2,028   96.9%
2026-07-30 12:49:01,558 [INFO] CmdLine:76 -   --------------------------------------------------
2026-07-30 12:49:01,558 [INFO] CmdLine:76 -   TOTAL         1,959,396             2,092
2026-07-30 12:49:01,558 [INFO] CmdLine:76 -   --------------------------------------------------
2026-07-30 12:49:01,558 [INFO] CmdLine:76 -   *  rt/total
2026-07-30 12:49:01,558 [INFO] CmdLine:76 - Creating txt report file C:\Users\ADMIN\.stm32cubemx\network_output\network_analyze_report.txt
2026-07-30 12:49:13,775 [INFO] CmdLine:76 - elapsed time (analyze): 39.182s
2026-07-30 12:49:14,408 [INFO] CmdLine:148 - stedgeai exit with status: 0
2026-07-30 12:49:14,698 [INFO] AIModelDetailledView:1077 - Model file:      random_forest_model.onnx
2026-07-30 12:49:14,698 [INFO] AIModelDetailledView:1077 - Total Flash:     1959396 B (1.87 MiB)
2026-07-30 12:49:14,699 [INFO] AIModelDetailledView:1077 -     Weights:     1951248 B (1.86 MiB)
2026-07-30 12:49:14,699 [INFO] AIModelDetailledView:1077 -     Library:     8148 B (7.96 KiB)
2026-07-30 12:49:14,699 [INFO] AIModelDetailledView:1077 - Total Ram:       2092 B (2.04 KiB)
2026-07-30 12:49:14,699 [INFO] AIModelDetailledView:1077 -     Activations: 64 B
2026-07-30 12:49:14,699 [INFO] AIModelDetailledView:1077 -     Library:     2028 B (1.98 KiB)
2026-07-30 12:49:14,699 [INFO] AIModelDetailledView:1077 -     Input:       24 B (included in Activations)
2026-07-30 12:49:14,700 [INFO] AIModelDetailledView:1077 -     Output:      44 B (included in Activations)
2026-07-30 12:49:14,700 [INFO] AIModelDetailledView:1077 - Done
2026-07-30 12:49:14,700 [INFO] AIModelDetailledView:2598 - Analyze complete on AI model
2026-07-30 12:49:14,765 [INFO] AIModelDetailledView:2264 - Analysis status: done
2026-07-30 12:49:20,293 [INFO] UtilMem:75 - End SaveConfig() Used Memory: 643879656 Bytes (1073741824)
2026-07-30 12:49:21,720 [INFO] UtilMem:75 - End SaveConfig() Used Memory: 719205792 Bytes (1073741824)
2026-07-30 12:49:22,839 [INFO] UtilMem:75 - End SaveConfig() Used Memory: 775478048 Bytes (1073741824)
2026-07-30 12:49:23,012 [INFO] BlockDiagram:2775 - set Specific Code input for plugin: SYS
2026-07-30 12:49:23,013 [INFO] BlockDiagram:2775 - set Specific Code input for plugin: RCC
2026-07-30 12:49:23,013 [INFO] BlockDiagram:2775 - set Specific Code input for plugin: NVIC
2026-07-30 12:49:23,013 [INFO] BlockDiagram:2775 - set Specific Code input for plugin: STMicroelectronics.X-CUBE-AI.10.2.1
2026-07-30 12:49:23,014 [INFO] CodeGenerator:892 - code generatio: config db path: C:\ST\STM32CubeIDE_1.19.0\STM32CubeIDE\plugins\com.st.stm32cube.common.mx_6.15.0.202507011659\\db\
2026-07-30 12:49:23,095 [INFO] IP:3329 - RTE Config file name : RTE_Component
2026-07-30 12:49:23,095 [INFO] IP:3347 - RTE template : RTE_Components.ftl
2026-07-30 12:49:23,104 [INFO] CodeEngine:265 - oldGeneratedFile, D:\TinyML_Workshop-main\TinyML_Workshop_PGR\TinyML_PGR\STM32\Inf_OnBoard\MXTmpFiles\license.tmp_save
2026-07-30 12:49:23,183 [INFO] CodeEngine:289 - Generated code: D:\TinyML_Workshop-main\TinyML_Workshop_PGR\TinyML_PGR\STM32\Inf_OnBoard\MXTmpFiles\license.tmp
2026-07-30 12:49:23,197 [INFO] Middleware:1452 - No code input for Bsp Dependency
2026-07-30 12:49:23,197 [INFO] Middleware:1452 - No code input for Bsp Dependency
2026-07-30 12:49:23,206 [INFO] CodeEngine:265 - oldGeneratedFile, D:\TinyML_Workshop-main\TinyML_Workshop_PGR\TinyML_PGR\STM32\Inf_OnBoard\Core\Src\stm32l4xx_it.c_save
2026-07-30 12:49:23,282 [INFO] CodeEngine:289 - Generated code: D:\TinyML_Workshop-main\TinyML_Workshop_PGR\TinyML_PGR\STM32\Inf_OnBoard\Core\Src\stm32l4xx_it.c
2026-07-30 12:49:23,287 [INFO] CodeEngine:265 - oldGeneratedFile, D:\TinyML_Workshop-main\TinyML_Workshop_PGR\TinyML_PGR\STM32\Inf_OnBoard\Core\Inc\stm32l4xx_it.h_save
2026-07-30 12:49:23,354 [INFO] CodeEngine:289 - Generated code: D:\TinyML_Workshop-main\TinyML_Workshop_PGR\TinyML_PGR\STM32\Inf_OnBoard\Core\Inc\stm32l4xx_it.h
2026-07-30 12:49:23,367 [INFO] CodeEngine:265 - oldGeneratedFile, D:\TinyML_Workshop-main\TinyML_Workshop_PGR\TinyML_PGR\STM32\Inf_OnBoard\Core\Src\stm32l4xx_hal_msp.c_save
2026-07-30 12:49:23,466 [INFO] CodeEngine:289 - Generated code: D:\TinyML_Workshop-main\TinyML_Workshop_PGR\TinyML_PGR\STM32\Inf_OnBoard\Core\Src\stm32l4xx_hal_msp.c
2026-07-30 12:49:23,470 [INFO] CodeEngine:265 - oldGeneratedFile, D:\TinyML_Workshop-main\TinyML_Workshop_PGR\TinyML_PGR\STM32\Inf_OnBoard\MXTmpFiles\system.tmp_save
2026-07-30 12:49:23,534 [INFO] CodeEngine:289 - Generated code: D:\TinyML_Workshop-main\TinyML_Workshop_PGR\TinyML_PGR\STM32\Inf_OnBoard\MXTmpFiles\system.tmp
2026-07-30 12:49:23,545 [INFO] CodeEngine:321 - oldGeneratedFile, D:\TinyML_Workshop-main\TinyML_Workshop_PGR\TinyML_PGR\STM32\Inf_OnBoard\Core\Inc\stm32l4xx_hal_conf.h_save
2026-07-30 12:49:23,616 [INFO] CodeEngine:345 - Generated code: D:\TinyML_Workshop-main\TinyML_Workshop_PGR\TinyML_PGR\STM32\Inf_OnBoard\Core\Inc\stm32l4xx_hal_conf.h
2026-07-30 12:49:23,638 [INFO] CodeEngine:265 - oldGeneratedFile, D:\TinyML_Workshop-main\TinyML_Workshop_PGR\TinyML_PGR\STM32\Inf_OnBoard\Core\Inc\main.h_save
2026-07-30 12:49:23,736 [INFO] CodeEngine:289 - Generated code: D:\TinyML_Workshop-main\TinyML_Workshop_PGR\TinyML_PGR\STM32\Inf_OnBoard\Core\Inc\main.h
2026-07-30 12:49:23,741 [INFO] CodeEngine:265 - oldGeneratedFile, D:\TinyML_Workshop-main\TinyML_Workshop_PGR\TinyML_PGR\STM32\Inf_OnBoard\Core\Src\main.c_save
2026-07-30 12:49:23,835 [INFO] CodeEngine:289 - Generated code: D:\TinyML_Workshop-main\TinyML_Workshop_PGR\TinyML_PGR\STM32\Inf_OnBoard\Core\Src\main.c
2026-07-30 12:49:24,060 [INFO] AInterface:322 - ModelName:network; files:[D:\TinyML_Workshop-main\TinyML_Workshop_PGR\TinyML_PGR\ONNX\random_forest_model.onnx]; type:ONNX; compression:High
2026-07-30 12:49:24,061 [INFO] AInterface:526 - workspaceTempDir: C:/Users/ADMIN/AppData/Local/Temp/mxAI_workspace103853955667040015965629236673280546
2026-07-30 12:49:24,061 [INFO] AInterface:1179 - Setting Env: C:/Users/ADMIN/STM32Cube/Repository//Packs/STMicroelectronics/X-CUBE-AI/10.2.1/Utilities/windows
2026-07-30 12:49:24,065 [INFO] STM32CubeIDEBuilder:265 - Looking for gnu-tools-for-stm32 tools/bin/arm-none-eabi-gcc.exe in C:\ST\STM32CubeIDE_1.19.0\STM32CubeIDE
2026-07-30 12:49:24,067 [INFO] STM32CubeIDEBuilder:294 - checking C:\ST\STM32CubeIDE_1.19.0\STM32CubeIDE\plugins\com.st.stm32cube.ide.mcu.externaltools.gnu-tools-for-stm32.13.3.rel1.win32_1.0.0.202411081344\tools\bin\arm-none-eabi-gcc.exe
2026-07-30 12:49:24,068 [INFO] STM32CubeIDEBuilder:297 - ret=C:\ST\STM32CubeIDE_1.19.0\STM32CubeIDE\plugins\com.st.stm32cube.ide.mcu.externaltools.gnu-tools-for-stm32.13.3.rel1.win32_1.0.0.202411081344\tools\bin\arm-none-eabi-gcc.exe
2026-07-30 12:49:24,068 [INFO] STM32CubeIDEBuilder:311 - returning C:\ST\STM32CubeIDE_1.19.0\STM32CubeIDE\plugins\com.st.stm32cube.ide.mcu.externaltools.gnu-tools-for-stm32.13.3.rel1.win32_1.0.0.202411081344\tools\bin\arm-none-eabi-gcc.exe
2026-07-30 12:49:24,068 [INFO] AInterface:1236 - Custom PATH variable: C:/Users/ADMIN/STM32Cube/Repository//Packs/STMicroelectronics/X-CUBE-AI/10.2.1/Utilities/windows;C:/Users/ADMIN/STM32Cube/Repository//Packs/STMicroelectronics/X-CUBE-AI/10.2.1/Utilities/windows/mingw64/bin;C:/Users/ADMIN/STM32Cube/Repository//Packs/STMicroelectronics/X-CUBE-AI/10.2.1/Utilities/windows/mingw64/libexec/gcc/x86_64-w64-mingw32/7.3.0;;C:\ST\STM32CubeIDE_1.19.0\STM32CubeIDE\plugins\com.st.stm32cube.ide.mcu.externaltools.gnu-tools-for-stm32.13.3.rel1.win32_1.0.0.202411081344\tools\bin
2026-07-30 12:49:24,070 [INFO] CmdLine:115 - Command: C:/Users/ADMIN/STM32Cube/Repository//Packs/STMicroelectronics/X-CUBE-AI/10.2.1/Utilities/windows/stedgeai.exe generate --target stm32l4 --name network -m D:/TinyML_Workshop-main/TinyML_Workshop_PGR/TinyML_PGR/ONNX/random_forest_model.onnx --compression high --verbosity 1 --workspace C:/Users/ADMIN/AppData/Local/Temp/mxAI_workspace103853955667040015965629236673280546 --output C:/Users/ADMIN/.stm32cubemx/network_output
2026-07-30 12:49:24,075 [INFO] AIModelDetailledView:2264 - Analysis status: pending
2026-07-30 12:49:24,792 [INFO] CmdLine:76 - ST Edge AI Core v2.2.0-20266 2adc00962
2026-07-30 12:49:48,203 [INFO] CmdLine:76 - Creating c (debug) info json file C:\Users\ADMIN\.stm32cubemx\network_output\network_c_info.json
2026-07-30 12:49:48,513 [INFO] CmdLine:76 -  
2026-07-30 12:49:48,514 [INFO] CmdLine:76 -  Exec/report summary (generate)
2026-07-30 12:49:48,514 [INFO] CmdLine:76 -  --------------------------------------------------------------------------------------------------------------
2026-07-30 12:49:48,514 [INFO] CmdLine:76 -  model file         :   D:\TinyML_Workshop-main\TinyML_Workshop_PGR\TinyML_PGR\ONNX\random_forest_model.onnx   
2026-07-30 12:49:48,514 [INFO] CmdLine:76 -  type               :   onnx                                                                                   
2026-07-30 12:49:48,514 [INFO] CmdLine:76 -  c_name             :   network                                                                                
2026-07-30 12:49:48,514 [INFO] CmdLine:76 -  compression        :   high                                                                                   
2026-07-30 12:49:48,514 [INFO] CmdLine:76 -  options            :   allocate-inputs, allocate-outputs                                                      
2026-07-30 12:49:48,514 [INFO] CmdLine:76 -  optimization       :   balanced                                                                               
2026-07-30 12:49:48,514 [INFO] CmdLine:76 -  target/series      :   stm32l4                                                                                
2026-07-30 12:49:48,514 [INFO] CmdLine:76 -  workspace dir      :   C:\Users\ADMIN\AppData\Local\Temp\mxAI_workspace103853955667040015965629236673280546   
2026-07-30 12:49:48,514 [INFO] CmdLine:76 -  output dir         :   C:\Users\ADMIN\.stm32cubemx\network_output                                             
2026-07-30 12:49:48,514 [INFO] CmdLine:76 -  model_fmt          :   undefined                                                                              
2026-07-30 12:49:48,515 [INFO] CmdLine:76 -  model_name         :   random_forest_model                                                                    
2026-07-30 12:49:48,515 [INFO] CmdLine:76 -  model_hash         :   0x00177bf66787f228ea6e8f5ba719480d                                                     
2026-07-30 12:49:48,515 [INFO] CmdLine:76 -  params #           :   1,043,793 items (2.51 MiB)                                                             
2026-07-30 12:49:48,515 [INFO] CmdLine:76 -  --------------------------------------------------------------------------------------------------------------
2026-07-30 12:49:48,515 [INFO] CmdLine:76 -  input 1/1          :   'float_input', f32(1x1x6), 24 Bytes, activations                                       
2026-07-30 12:49:48,515 [INFO] CmdLine:76 -  output 1/2         :   'label0', int32(1x1), 4 Bytes, activations                                             
2026-07-30 12:49:48,515 [INFO] CmdLine:76 -  output 2/2         :   'output_probability', f32(1x1x5x2), 40 Bytes, activations                              
2026-07-30 12:49:48,515 [INFO] CmdLine:76 -  outputs (total)    :   44 Bytes                                                                               
2026-07-30 12:49:48,515 [INFO] CmdLine:76 -  macc               :   1,411                                                                                  
2026-07-30 12:49:48,515 [INFO] CmdLine:76 -  weights (ro)       :   1,951,248 B (1.86 MiB) (1 segment) / -2,223,924(-53.3%) vs float model                 
2026-07-30 12:49:48,515 [INFO] CmdLine:76 -  activations (rw)   :   64 B (64 B) (1 segment) *                                                              
2026-07-30 12:49:48,515 [INFO] CmdLine:76 -  ram (total)        :   64 B (64 B) = 64 + 0 + 0                                                               
2026-07-30 12:49:48,515 [INFO] CmdLine:76 -  --------------------------------------------------------------------------------------------------------------
2026-07-30 12:49:48,515 [INFO] CmdLine:76 -  (*) 'input'/'output' buffers are allocated in the activations buffer
2026-07-30 12:49:48,626 [INFO] CmdLine:76 - Computing AI RT data/code size (target=stm32l4)..
2026-07-30 12:49:52,184 [INFO] CmdLine:76 -  Requested memory size by section - "stm32l4" target
2026-07-30 12:49:52,184 [INFO] CmdLine:76 -  ------------------------------ ------- ----------- ------- -----
2026-07-30 12:49:52,185 [INFO] CmdLine:76 -  module                            text      rodata    data   bss
2026-07-30 12:49:52,185 [INFO] CmdLine:76 -  ------------------------------ ------- ----------- ------- -----
2026-07-30 12:49:52,185 [INFO] CmdLine:76 -  NetworkRuntime1020_CM4_GCC.a     5,508           0       0     0
2026-07-30 12:49:52,185 [INFO] CmdLine:76 -  network.o                          704          16   1,768   172
2026-07-30 12:49:52,185 [INFO] CmdLine:76 -  network_data.o                      48          16      88     0
2026-07-30 12:49:52,185 [INFO] CmdLine:76 -  lib (toolchain)*                     0           0       0     0
2026-07-30 12:49:52,185 [INFO] CmdLine:76 -  ------------------------------ ------- ----------- ------- -----
2026-07-30 12:49:52,185 [INFO] CmdLine:76 -  RT total**                       6,260          32   1,856   172
2026-07-30 12:49:52,185 [INFO] CmdLine:76 -  ------------------------------ ------- ----------- ------- -----
2026-07-30 12:49:52,185 [INFO] CmdLine:76 -  weights                              0   1,951,248       0     0
2026-07-30 12:49:52,186 [INFO] CmdLine:76 -  activations                          0           0       0    64
2026-07-30 12:49:52,186 [INFO] CmdLine:76 -  io                                   0           0       0     0
2026-07-30 12:49:52,186 [INFO] CmdLine:76 -  ------------------------------ ------- ----------- ------- -----
2026-07-30 12:49:52,186 [INFO] CmdLine:76 -  TOTAL                            6,260   1,951,280   1,856   236
2026-07-30 12:49:52,186 [INFO] CmdLine:76 -  ------------------------------ ------- ----------- ------- -----
2026-07-30 12:49:52,186 [INFO] CmdLine:76 -  *  toolchain objects (libm/libgcc*)
2026-07-30 12:49:52,186 [INFO] CmdLine:76 -  ** RT AI runtime objects (kernels+infrastructure)
2026-07-30 12:49:52,186 [INFO] CmdLine:76 -   Summary - "stm32l4" target
2026-07-30 12:49:52,186 [INFO] CmdLine:76 -   --------------------------------------------------
2026-07-30 12:49:52,187 [INFO] CmdLine:76 -                FLASH (ro)     %*   RAM (rw)       %
2026-07-30 12:49:52,187 [INFO] CmdLine:76 -   --------------------------------------------------
2026-07-30 12:49:52,187 [INFO] CmdLine:76 -   RT total          8,148   0.4%      2,028   96.9%
2026-07-30 12:49:52,187 [INFO] CmdLine:76 -   --------------------------------------------------
2026-07-30 12:49:52,187 [INFO] CmdLine:76 -   TOTAL         1,959,396             2,092
2026-07-30 12:49:52,187 [INFO] CmdLine:76 -   --------------------------------------------------
2026-07-30 12:49:52,187 [INFO] CmdLine:76 -   *  rt/total
2026-07-30 12:49:52,188 [INFO] CmdLine:76 -  Generated files (7)
2026-07-30 12:49:52,188 [INFO] CmdLine:76 -  ------------------------------------------------------------------
2026-07-30 12:49:52,188 [INFO] CmdLine:76 -  C:\Users\ADMIN\.stm32cubemx\network_output\network_data_params.h
2026-07-30 12:49:52,188 [INFO] CmdLine:76 -  C:\Users\ADMIN\.stm32cubemx\network_output\network_data_params.c
2026-07-30 12:49:52,188 [INFO] CmdLine:76 -  C:\Users\ADMIN\.stm32cubemx\network_output\network_data.h
2026-07-30 12:49:52,188 [INFO] CmdLine:76 -  C:\Users\ADMIN\.stm32cubemx\network_output\network_data.c
2026-07-30 12:49:52,188 [INFO] CmdLine:76 -  C:\Users\ADMIN\.stm32cubemx\network_output\network_config.h
2026-07-30 12:49:52,189 [INFO] CmdLine:76 -  C:\Users\ADMIN\.stm32cubemx\network_output\network.h
2026-07-30 12:49:52,189 [INFO] CmdLine:76 -  C:\Users\ADMIN\.stm32cubemx\network_output\network.c
2026-07-30 12:49:52,189 [INFO] CmdLine:76 - Creating txt report file C:\Users\ADMIN\.stm32cubemx\network_output\network_generate_report.txt
2026-07-30 12:49:58,349 [INFO] CmdLine:76 - elapsed time (generate): 33.557s
2026-07-30 12:49:58,973 [INFO] CmdLine:148 - stedgeai exit with status: 0
2026-07-30 12:49:59,257 [INFO] AIModelDetailledView:2264 - Analysis status: done
2026-07-30 12:49:59,652 [INFO] ProjectBuilder:3606 - Time for Copy HAL[1] : 142mS.
2026-07-30 12:49:59,652 [ERROR] Middleware:2950 - Invalid RefComponent list
2026-07-30 12:49:59,652 [ERROR] Middleware:2950 - Invalid RefComponent list
2026-07-30 12:49:59,652 [ERROR] Middleware:2950 - Invalid RefComponent list
2026-07-30 12:49:59,652 [ERROR] Middleware:2950 - Invalid RefComponent list
2026-07-30 12:49:59,652 [ERROR] Middleware:2950 - Invalid RefComponent list
2026-07-30 12:49:59,652 [ERROR] Middleware:2950 - Invalid RefComponent list
2026-07-30 12:49:59,652 [ERROR] Middleware:2950 - Invalid RefComponent list
2026-07-30 12:49:59,652 [ERROR] Middleware:2950 - Invalid RefComponent list
2026-07-30 12:49:59,652 [ERROR] Middleware:2950 - Invalid RefComponent list
2026-07-30 12:49:59,652 [ERROR] Middleware:2950 - Invalid RefComponent list
2026-07-30 12:49:59,652 [ERROR] Middleware:2950 - Invalid RefComponent list
2026-07-30 12:49:59,652 [ERROR] Middleware:2950 - Invalid RefComponent list
2026-07-30 12:49:59,652 [ERROR] Middleware:2950 - Invalid RefComponent list
2026-07-30 12:49:59,652 [ERROR] Middleware:2950 - Invalid RefComponent list
2026-07-30 12:49:59,652 [ERROR] Middleware:2950 - Invalid RefComponent list
2026-07-30 12:49:59,652 [ERROR] Middleware:2950 - Invalid RefComponent list
2026-07-30 12:49:59,652 [ERROR] Middleware:2950 - Invalid RefComponent list
2026-07-30 12:49:59,652 [ERROR] Middleware:2950 - Invalid RefComponent list
2026-07-30 12:49:59,652 [ERROR] Middleware:2950 - Invalid RefComponent list
2026-07-30 12:49:59,652 [ERROR] Middleware:2950 - Invalid RefComponent list
2026-07-30 12:49:59,652 [ERROR] Middleware:2950 - Invalid RefComponent list
2026-07-30 12:49:59,652 [ERROR] Middleware:2950 - Invalid RefComponent list
2026-07-30 12:49:59,652 [ERROR] Middleware:2950 - Invalid RefComponent list
2026-07-30 12:49:59,653 [ERROR] Middleware:2950 - Invalid RefComponent list
2026-07-30 12:49:59,653 [ERROR] Middleware:2950 - Invalid RefComponent list
2026-07-30 12:49:59,653 [ERROR] Middleware:2950 - Invalid RefComponent list
2026-07-30 12:49:59,653 [ERROR] Middleware:2950 - Invalid RefComponent list
2026-07-30 12:49:59,653 [ERROR] Middleware:2950 - Invalid RefComponent list
2026-07-30 12:49:59,653 [ERROR] Middleware:2950 - Invalid RefComponent list
2026-07-30 12:49:59,653 [ERROR] Middleware:2950 - Invalid RefComponent list
2026-07-30 12:49:59,653 [ERROR] Middleware:2950 - Invalid RefComponent list
2026-07-30 12:49:59,653 [ERROR] Middleware:2950 - Invalid RefComponent list
2026-07-30 12:49:59,653 [ERROR] Middleware:2950 - Invalid RefComponent list
2026-07-30 12:49:59,653 [ERROR] Middleware:2950 - Invalid RefComponent list
2026-07-30 12:49:59,653 [ERROR] Middleware:2950 - Invalid RefComponent list
2026-07-30 12:49:59,653 [ERROR] Middleware:2950 - Invalid RefComponent list
2026-07-30 12:49:59,653 [ERROR] Middleware:2950 - Invalid RefComponent list
2026-07-30 12:49:59,653 [ERROR] Middleware:2950 - Invalid RefComponent list
2026-07-30 12:49:59,653 [ERROR] Middleware:2950 - Invalid RefComponent list
2026-07-30 12:49:59,653 [ERROR] Middleware:2950 - Invalid RefComponent list
2026-07-30 12:49:59,653 [ERROR] Middleware:2950 - Invalid RefComponent list
2026-07-30 12:49:59,653 [ERROR] Middleware:2950 - Invalid RefComponent list
2026-07-30 12:49:59,653 [ERROR] Middleware:2950 - Invalid RefComponent list
2026-07-30 12:49:59,653 [ERROR] Middleware:2950 - Invalid RefComponent list
2026-07-30 12:49:59,653 [ERROR] Middleware:2950 - Invalid RefComponent list
2026-07-30 12:49:59,653 [ERROR] Middleware:2950 - Invalid RefComponent list
2026-07-30 12:49:59,653 [ERROR] Middleware:2950 - Invalid RefComponent list
2026-07-30 12:49:59,653 [ERROR] Middleware:2950 - Invalid RefComponent list
2026-07-30 12:49:59,653 [ERROR] Middleware:2950 - Invalid RefComponent list
2026-07-30 12:49:59,653 [ERROR] Middleware:2950 - Invalid RefComponent list
2026-07-30 12:49:59,656 [INFO] ProjectBuilder:5216 - Project Generator version: 4.7.0-B52
2026-07-30 12:49:59,738 [INFO] ConfigFileManager:1595 - The Die is : DIE470
2026-07-30 12:50:00,587 [INFO] ProjectBuilder:5496 - Time for Generating toolchain IDE Files: 931mS.
2026-07-30 12:50:00,588 [INFO] ProjectBuilder:3463 - Time for Copy CMSIS : 1mS.
2026-07-30 12:50:00,589 [INFO] ProjectBuilder:3463 - Time for Copy CMSIS : 0mS.
2026-07-30 13:19:55,248 [INFO] WebApp:194 - Connection lost
2026-07-30 13:20:08,016 [INFO] WebApp:191 - Connection restablished
2026-07-30 13:32:09,171 [INFO] WebApp:194 - Connection lost
2026-07-30 13:32:21,738 [INFO] WebApp:191 - Connection restablished
2026-07-30 13:37:44,094 [INFO] WebApp:194 - Connection lost
2026-07-30 13:37:56,744 [INFO] WebApp:191 - Connection restablished
2026-07-30 13:43:26,991 [INFO] WebApp:194 - Connection lost
2026-07-30 13:43:39,770 [INFO] WebApp:191 - Connection restablished
2026-07-30 13:46:32,029 [INFO] WebApp:194 - Connection lost
2026-07-30 13:46:44,782 [INFO] WebApp:191 - Connection restablished
2026-07-30 13:47:31,193 [INFO] AIModelDetailledView:2264 - Analysis status: -
2026-07-30 13:47:36,354 [INFO] AInterface:259 - ModelName:network; files:[D:\TinyML_Workshop-main\fdp\TinyML_FDP\ONNX\random_forest_model.onnx]; type:ONNX; compression:None
2026-07-30 13:47:36,355 [INFO] AInterface:526 - workspaceTempDir: C:/Users/ADMIN/AppData/Local/Temp/mxAI_workspace104202965382590012890984550145829774
2026-07-30 13:47:36,355 [INFO] AInterface:1179 - Setting Env: C:/Users/ADMIN/STM32Cube/Repository//Packs/STMicroelectronics/X-CUBE-AI/10.2.1/Utilities/windows
2026-07-30 13:47:36,361 [INFO] STM32CubeIDEBuilder:265 - Looking for gnu-tools-for-stm32 tools/bin/arm-none-eabi-gcc.exe in C:\ST\STM32CubeIDE_1.19.0\STM32CubeIDE
2026-07-30 13:47:36,364 [INFO] STM32CubeIDEBuilder:294 - checking C:\ST\STM32CubeIDE_1.19.0\STM32CubeIDE\plugins\com.st.stm32cube.ide.mcu.externaltools.gnu-tools-for-stm32.13.3.rel1.win32_1.0.0.202411081344\tools\bin\arm-none-eabi-gcc.exe
2026-07-30 13:47:36,364 [INFO] STM32CubeIDEBuilder:297 - ret=C:\ST\STM32CubeIDE_1.19.0\STM32CubeIDE\plugins\com.st.stm32cube.ide.mcu.externaltools.gnu-tools-for-stm32.13.3.rel1.win32_1.0.0.202411081344\tools\bin\arm-none-eabi-gcc.exe
2026-07-30 13:47:36,364 [INFO] STM32CubeIDEBuilder:311 - returning C:\ST\STM32CubeIDE_1.19.0\STM32CubeIDE\plugins\com.st.stm32cube.ide.mcu.externaltools.gnu-tools-for-stm32.13.3.rel1.win32_1.0.0.202411081344\tools\bin\arm-none-eabi-gcc.exe
2026-07-30 13:47:36,365 [INFO] AInterface:1236 - Custom PATH variable: C:/Users/ADMIN/STM32Cube/Repository//Packs/STMicroelectronics/X-CUBE-AI/10.2.1/Utilities/windows;C:/Users/ADMIN/STM32Cube/Repository//Packs/STMicroelectronics/X-CUBE-AI/10.2.1/Utilities/windows/mingw64/bin;C:/Users/ADMIN/STM32Cube/Repository//Packs/STMicroelectronics/X-CUBE-AI/10.2.1/Utilities/windows/mingw64/libexec/gcc/x86_64-w64-mingw32/7.3.0;;C:\ST\STM32CubeIDE_1.19.0\STM32CubeIDE\plugins\com.st.stm32cube.ide.mcu.externaltools.gnu-tools-for-stm32.13.3.rel1.win32_1.0.0.202411081344\tools\bin
2026-07-30 13:47:36,366 [INFO] CmdLine:115 - Command: C:/Users/ADMIN/STM32Cube/Repository//Packs/STMicroelectronics/X-CUBE-AI/10.2.1/Utilities/windows/stedgeai.exe analyze --target stm32l4 --name network -m D:/TinyML_Workshop-main/fdp/TinyML_FDP/ONNX/random_forest_model.onnx --compression none --verbosity 1 --workspace C:/Users/ADMIN/AppData/Local/Temp/mxAI_workspace104202965382590012890984550145829774 --output C:/Users/ADMIN/.stm32cubemx/network_output
2026-07-30 13:47:36,370 [INFO] AIModelDetailledView:2264 - Analysis status: pending
2026-07-30 13:47:37,133 [INFO] CmdLine:76 - ST Edge AI Core v2.2.0-20266 2adc00962
2026-07-30 13:47:53,175 [INFO] CmdLine:76 - Creating c (debug) info json file C:\Users\ADMIN\.stm32cubemx\network_output\network_c_info.json
2026-07-30 13:47:53,341 [INFO] CmdLine:76 -  
2026-07-30 13:47:53,342 [INFO] CmdLine:76 -  Exec/report summary (analyze)
2026-07-30 13:47:53,342 [INFO] CmdLine:76 -  --------------------------------------------------------------------------------------------------------------
2026-07-30 13:47:53,342 [INFO] CmdLine:76 -  model file         :   D:\TinyML_Workshop-main\fdp\TinyML_FDP\ONNX\random_forest_model.onnx                   
2026-07-30 13:47:53,342 [INFO] CmdLine:76 -  type               :   onnx                                                                                   
2026-07-30 13:47:53,342 [INFO] CmdLine:76 -  c_name             :   network                                                                                
2026-07-30 13:47:53,342 [INFO] CmdLine:76 -  compression        :   none                                                                                   
2026-07-30 13:47:53,342 [INFO] CmdLine:76 -  options            :   allocate-inputs, allocate-outputs                                                      
2026-07-30 13:47:53,342 [INFO] CmdLine:76 -  optimization       :   balanced                                                                               
2026-07-30 13:47:53,342 [INFO] CmdLine:76 -  target/series      :   stm32l4                                                                                
2026-07-30 13:47:53,342 [INFO] CmdLine:76 -  workspace dir      :   C:\Users\ADMIN\AppData\Local\Temp\mxAI_workspace104202965382590012890984550145829774   
2026-07-30 13:47:53,342 [INFO] CmdLine:76 -  output dir         :   C:\Users\ADMIN\.stm32cubemx\network_output                                             
2026-07-30 13:47:53,342 [INFO] CmdLine:76 -  model_fmt          :   undefined                                                                              
2026-07-30 13:47:53,343 [INFO] CmdLine:76 -  model_name         :   random_forest_model                                                                    
2026-07-30 13:47:53,343 [INFO] CmdLine:76 -  model_hash         :   0x466dd894ca94a1b3c9ad547900468cbf                                                     
2026-07-30 13:47:53,343 [INFO] CmdLine:76 -  params #           :   520,842 items (1.25 MiB)                                                               
2026-07-30 13:47:53,343 [INFO] CmdLine:76 -  --------------------------------------------------------------------------------------------------------------
2026-07-30 13:47:53,343 [INFO] CmdLine:76 -  input 1/1          :   'float_input', f32(1x1x6), 24 Bytes, activations                                       
2026-07-30 13:47:53,346 [INFO] CmdLine:76 -  output 1/2         :   'label0', int32(1x1), 4 Bytes, activations                                             
2026-07-30 13:47:53,346 [INFO] CmdLine:76 -  output 2/2         :   'output_probability', f32(1x1x5x2), 40 Bytes, activations                              
2026-07-30 13:47:53,346 [INFO] CmdLine:76 -  outputs (total)    :   44 Bytes                                                                               
2026-07-30 13:47:53,346 [INFO] CmdLine:76 -  macc               :   1,311                                                                                  
2026-07-30 13:47:53,346 [INFO] CmdLine:76 -  weights (ro)       :   1,313,296 B (1.25 MiB) (1 segment) / -770,072(-37.0%) vs float model                   
2026-07-30 13:47:53,346 [INFO] CmdLine:76 -  activations (rw)   :   64 B (64 B) (1 segment) *                                                              
2026-07-30 13:47:53,346 [INFO] CmdLine:76 -  ram (total)        :   64 B (64 B) = 64 + 0 + 0                                                               
2026-07-30 13:47:53,347 [INFO] CmdLine:76 -  --------------------------------------------------------------------------------------------------------------
2026-07-30 13:47:53,347 [INFO] CmdLine:76 -  (*) 'input'/'output' buffers are allocated in the activations buffer
2026-07-30 13:47:53,401 [INFO] CmdLine:76 - Computing AI RT data/code size (target=stm32l4)..
2026-07-30 13:47:55,965 [INFO] CmdLine:76 -  Model name - random_forest_model
2026-07-30 13:47:55,965 [INFO] CmdLine:76 -  ------ -------------------------------- ---------------- ------------------- ------- --------------
2026-07-30 13:47:55,965 [INFO] CmdLine:76 -  m_id   layer (original)                 oshape           param/size             macc   connected to
2026-07-30 13:47:55,965 [INFO] CmdLine:76 -  ------ -------------------------------- ---------------- ------------------- ------- --------------
2026-07-30 13:47:55,966 [INFO] CmdLine:76 -  0      float_input ()                   [h:1,c:6]
2026-07-30 13:47:55,966 [INFO] CmdLine:76 -  ------ -------------------------------- ---------------- ------------------- ------- --------------
2026-07-30 13:47:55,966 [INFO] CmdLine:76 -  1      label (TreeEnsembleClassifier)   [c:1][h:1,c:5]   520,837/1,313,282     1,311    float_input
2026-07-30 13:47:55,966 [INFO] CmdLine:76 -  ------ -------------------------------- ---------------- ------------------- ------- --------------
2026-07-30 13:47:55,968 [INFO] CmdLine:76 -  2      output_label (Cast)              [c:1]                                      2          label
2026-07-30 13:47:55,968 [INFO] CmdLine:76 -  ------ -------------------------------- ---------------- ------------------- ------- --------------
2026-07-30 13:47:55,968 [INFO] CmdLine:76 -  3      output_probability (ZipMap)      [h:1,w:5,c:2]    5/5                                  label
2026-07-30 13:47:55,969 [INFO] CmdLine:76 -  ------ -------------------------------- ---------------- ------------------- ------- --------------
2026-07-30 13:47:55,969 [INFO] CmdLine:76 -  model: macc=1,313 weights=1,313,287 activations=-- io=--
2026-07-30 13:47:55,969 [INFO] CmdLine:76 -  Number of operations per c-layer
2026-07-30 13:47:55,969 [INFO] CmdLine:76 -  ------- ------ -------------------------------- ------- -------------
2026-07-30 13:47:55,969 [INFO] CmdLine:76 -  c_id    m_id   name (type)                          #op          type
2026-07-30 13:47:55,969 [INFO] CmdLine:76 -  ------- ------ -------------------------------- ------- -------------
2026-07-30 13:47:55,969 [INFO] CmdLine:76 -  0       1      label (TreeEnsembleClassifier)     1,311   smul_f32_s8
2026-07-30 13:47:55,970 [INFO] CmdLine:76 -  1       3      output_probability (ZipMap)            0   smul_f32_s8
2026-07-30 13:47:55,970 [INFO] CmdLine:76 -  ------- ------ -------------------------------- ------- -------------
2026-07-30 13:47:55,970 [INFO] CmdLine:76 -  total                                             1,311
2026-07-30 13:47:55,970 [INFO] CmdLine:76 -  Number of operation types
2026-07-30 13:47:55,972 [INFO] CmdLine:76 -  ---------------- ------- -----------
2026-07-30 13:47:55,973 [INFO] CmdLine:76 -  operation type         #           %
2026-07-30 13:47:55,973 [INFO] CmdLine:76 -  ---------------- ------- -----------
2026-07-30 13:47:55,973 [INFO] CmdLine:76 -  smul_f32_s8        1,311      100.0%
2026-07-30 13:47:55,973 [INFO] CmdLine:76 -  Complexity report (model)
2026-07-30 13:47:55,973 [INFO] CmdLine:76 -  ------ -------------------- ------------------------- ------------------------- ------
2026-07-30 13:47:55,974 [INFO] CmdLine:76 -  m_id   name                 c_macc                    c_rom                     c_id
2026-07-30 13:47:55,974 [INFO] CmdLine:76 -  ------ -------------------- ------------------------- ------------------------- ------
2026-07-30 13:47:55,974 [INFO] CmdLine:76 -  1      label                |||||||||||||||| 100.0%   |||||||||||||||| 100.0%   [0]
2026-07-30 13:47:55,974 [INFO] CmdLine:76 -  3      output_probability   |                  0.0%   |                  0.0%   [1]
2026-07-30 13:47:55,974 [INFO] CmdLine:76 -  ------ -------------------- ------------------------- ------------------------- ------
2026-07-30 13:47:55,975 [INFO] CmdLine:76 -  macc=1,311 weights=1,313,296 act=64 ram_io=0
2026-07-30 13:47:55,975 [INFO] CmdLine:76 -  Requested memory size by section - "stm32l4" target
2026-07-30 13:47:55,975 [INFO] CmdLine:76 -  ------------------------------ ------- ----------- ------- -----
2026-07-30 13:47:55,975 [INFO] CmdLine:76 -  module                            text      rodata    data   bss
2026-07-30 13:47:55,975 [INFO] CmdLine:76 -  ------------------------------ ------- ----------- ------- -----
2026-07-30 13:47:55,975 [INFO] CmdLine:76 -  NetworkRuntime1020_CM4_GCC.a     5,508           0       0     0
2026-07-30 13:47:55,975 [INFO] CmdLine:76 -  network.o                          704          16   1,768   172
2026-07-30 13:47:55,975 [INFO] CmdLine:76 -  network_data.o                      48          16      88     0
2026-07-30 13:47:55,976 [INFO] CmdLine:76 -  lib (toolchain)*                     0           0       0     0
2026-07-30 13:47:55,976 [INFO] CmdLine:76 -  ------------------------------ ------- ----------- ------- -----
2026-07-30 13:47:55,976 [INFO] CmdLine:76 -  RT total**                       6,260          32   1,856   172
2026-07-30 13:47:55,976 [INFO] CmdLine:76 -  ------------------------------ ------- ----------- ------- -----
2026-07-30 13:47:55,976 [INFO] CmdLine:76 -  weights                              0   1,313,296       0     0
2026-07-30 13:47:55,976 [INFO] CmdLine:76 -  activations                          0           0       0    64
2026-07-30 13:47:55,976 [INFO] CmdLine:76 -  io                                   0           0       0     0
2026-07-30 13:47:55,977 [INFO] CmdLine:76 -  ------------------------------ ------- ----------- ------- -----
2026-07-30 13:47:55,977 [INFO] CmdLine:76 -  TOTAL                            6,260   1,313,328   1,856   236
2026-07-30 13:47:55,977 [INFO] CmdLine:76 -  ------------------------------ ------- ----------- ------- -----
2026-07-30 13:47:55,977 [INFO] CmdLine:76 -  *  toolchain objects (libm/libgcc*)
2026-07-30 13:47:55,977 [INFO] CmdLine:76 -  ** RT AI runtime objects (kernels+infrastructure)
2026-07-30 13:47:55,977 [INFO] CmdLine:76 -   Summary - "stm32l4" target
2026-07-30 13:47:55,981 [INFO] CmdLine:76 -   --------------------------------------------------
2026-07-30 13:47:55,981 [INFO] CmdLine:76 -                FLASH (ro)     %*   RAM (rw)       %
2026-07-30 13:47:55,981 [INFO] CmdLine:76 -   --------------------------------------------------
2026-07-30 13:47:55,981 [INFO] CmdLine:76 -   RT total          8,148   0.6%      2,028   96.9%
2026-07-30 13:47:55,982 [INFO] CmdLine:76 -   --------------------------------------------------
2026-07-30 13:47:55,982 [INFO] CmdLine:76 -   TOTAL         1,321,444             2,092
2026-07-30 13:47:55,982 [INFO] CmdLine:76 -   --------------------------------------------------
2026-07-30 13:47:55,982 [INFO] CmdLine:76 -   *  rt/total
2026-07-30 13:47:55,982 [INFO] CmdLine:76 - Creating txt report file C:\Users\ADMIN\.stm32cubemx\network_output\network_analyze_report.txt
2026-07-30 13:48:07,455 [INFO] CmdLine:76 - elapsed time (analyze): 30.321s
2026-07-30 13:48:08,055 [INFO] CmdLine:148 - stedgeai exit with status: 0
2026-07-30 13:48:08,210 [INFO] AIModelDetailledView:1077 - Model file:      random_forest_model.onnx
2026-07-30 13:48:08,212 [INFO] AIModelDetailledView:1077 - Total Flash:     1321444 B (1.26 MiB)
2026-07-30 13:48:08,212 [INFO] AIModelDetailledView:1077 -     Weights:     1313296 B (1.25 MiB)
2026-07-30 13:48:08,213 [INFO] AIModelDetailledView:1077 -     Library:     8148 B (7.96 KiB)
2026-07-30 13:48:08,213 [INFO] AIModelDetailledView:1077 - Total Ram:       2092 B (2.04 KiB)
2026-07-30 13:48:08,213 [INFO] AIModelDetailledView:1077 -     Activations: 64 B
2026-07-30 13:48:08,213 [INFO] AIModelDetailledView:1077 -     Library:     2028 B (1.98 KiB)
2026-07-30 13:48:08,213 [INFO] AIModelDetailledView:1077 -     Input:       24 B (included in Activations)
2026-07-30 13:48:08,213 [INFO] AIModelDetailledView:1077 -     Output:      44 B (included in Activations)
2026-07-30 13:48:08,213 [INFO] AIModelDetailledView:1077 - Done
2026-07-30 13:48:08,214 [INFO] AIModelDetailledView:2598 - Analyze complete on AI model
2026-07-30 13:48:08,338 [INFO] AIModelDetailledView:2264 - Analysis status: done
2026-07-30 13:51:16,998 [INFO] AIModelDetailledView:2264 - Analysis status: -
2026-07-30 13:51:18,829 [INFO] AInterface:259 - ModelName:network; files:[D:\TinyML_Workshop-main\TinyML_Workshop_PGR\TinyML_PGR\ONNX\random_forest_model.onnx]; type:ONNX; compression:None
2026-07-30 13:51:18,830 [INFO] AInterface:526 - workspaceTempDir: C:/Users/ADMIN/AppData/Local/Temp/mxAI_workspace104225212888400010922920185292488625
2026-07-30 13:51:18,831 [INFO] AInterface:1179 - Setting Env: C:/Users/ADMIN/STM32Cube/Repository//Packs/STMicroelectronics/X-CUBE-AI/10.2.1/Utilities/windows
2026-07-30 13:51:18,835 [INFO] STM32CubeIDEBuilder:265 - Looking for gnu-tools-for-stm32 tools/bin/arm-none-eabi-gcc.exe in C:\ST\STM32CubeIDE_1.19.0\STM32CubeIDE
2026-07-30 13:51:18,838 [INFO] STM32CubeIDEBuilder:294 - checking C:\ST\STM32CubeIDE_1.19.0\STM32CubeIDE\plugins\com.st.stm32cube.ide.mcu.externaltools.gnu-tools-for-stm32.13.3.rel1.win32_1.0.0.202411081344\tools\bin\arm-none-eabi-gcc.exe
2026-07-30 13:51:18,838 [INFO] STM32CubeIDEBuilder:297 - ret=C:\ST\STM32CubeIDE_1.19.0\STM32CubeIDE\plugins\com.st.stm32cube.ide.mcu.externaltools.gnu-tools-for-stm32.13.3.rel1.win32_1.0.0.202411081344\tools\bin\arm-none-eabi-gcc.exe
2026-07-30 13:51:18,838 [INFO] STM32CubeIDEBuilder:311 - returning C:\ST\STM32CubeIDE_1.19.0\STM32CubeIDE\plugins\com.st.stm32cube.ide.mcu.externaltools.gnu-tools-for-stm32.13.3.rel1.win32_1.0.0.202411081344\tools\bin\arm-none-eabi-gcc.exe
2026-07-30 13:51:18,839 [INFO] AInterface:1236 - Custom PATH variable: C:/Users/ADMIN/STM32Cube/Repository//Packs/STMicroelectronics/X-CUBE-AI/10.2.1/Utilities/windows;C:/Users/ADMIN/STM32Cube/Repository//Packs/STMicroelectronics/X-CUBE-AI/10.2.1/Utilities/windows/mingw64/bin;C:/Users/ADMIN/STM32Cube/Repository//Packs/STMicroelectronics/X-CUBE-AI/10.2.1/Utilities/windows/mingw64/libexec/gcc/x86_64-w64-mingw32/7.3.0;;C:\ST\STM32CubeIDE_1.19.0\STM32CubeIDE\plugins\com.st.stm32cube.ide.mcu.externaltools.gnu-tools-for-stm32.13.3.rel1.win32_1.0.0.202411081344\tools\bin
2026-07-30 13:51:18,840 [INFO] CmdLine:115 - Command: C:/Users/ADMIN/STM32Cube/Repository//Packs/STMicroelectronics/X-CUBE-AI/10.2.1/Utilities/windows/stedgeai.exe analyze --target stm32l4 --name network -m D:/TinyML_Workshop-main/TinyML_Workshop_PGR/TinyML_PGR/ONNX/random_forest_model.onnx --compression none --verbosity 1 --workspace C:/Users/ADMIN/AppData/Local/Temp/mxAI_workspace104225212888400010922920185292488625 --output C:/Users/ADMIN/.stm32cubemx/network_output
2026-07-30 13:51:18,846 [INFO] AIModelDetailledView:2264 - Analysis status: pending
2026-07-30 13:51:19,599 [INFO] CmdLine:76 - ST Edge AI Core v2.2.0-20266 2adc00962
2026-07-30 13:51:42,741 [INFO] CmdLine:76 - Creating c (debug) info json file C:\Users\ADMIN\.stm32cubemx\network_output\network_c_info.json
2026-07-30 13:51:43,053 [INFO] CmdLine:76 -  
2026-07-30 13:51:43,053 [INFO] CmdLine:76 -  Exec/report summary (analyze)
2026-07-30 13:51:43,053 [INFO] CmdLine:76 -  --------------------------------------------------------------------------------------------------------------
2026-07-30 13:51:43,053 [INFO] CmdLine:76 -  model file         :   D:\TinyML_Workshop-main\TinyML_Workshop_PGR\TinyML_PGR\ONNX\random_forest_model.onnx   
2026-07-30 13:51:43,053 [INFO] CmdLine:76 -  type               :   onnx                                                                                   
2026-07-30 13:51:43,053 [INFO] CmdLine:76 -  c_name             :   network                                                                                
2026-07-30 13:51:43,053 [INFO] CmdLine:76 -  compression        :   none                                                                                   
2026-07-30 13:51:43,054 [INFO] CmdLine:76 -  options            :   allocate-inputs, allocate-outputs                                                      
2026-07-30 13:51:43,054 [INFO] CmdLine:76 -  optimization       :   balanced                                                                               
2026-07-30 13:51:43,054 [INFO] CmdLine:76 -  target/series      :   stm32l4                                                                                
2026-07-30 13:51:43,054 [INFO] CmdLine:76 -  workspace dir      :   C:\Users\ADMIN\AppData\Local\Temp\mxAI_workspace104225212888400010922920185292488625   
2026-07-30 13:51:43,054 [INFO] CmdLine:76 -  output dir         :   C:\Users\ADMIN\.stm32cubemx\network_output                                             
2026-07-30 13:51:43,054 [INFO] CmdLine:76 -  model_fmt          :   undefined                                                                              
2026-07-30 13:51:43,055 [INFO] CmdLine:76 -  model_name         :   random_forest_model                                                                    
2026-07-30 13:51:43,055 [INFO] CmdLine:76 -  model_hash         :   0x00177bf66787f228ea6e8f5ba719480d                                                     
2026-07-30 13:51:43,055 [INFO] CmdLine:76 -  params #           :   1,043,793 items (2.51 MiB)                                                             
2026-07-30 13:51:43,055 [INFO] CmdLine:76 -  --------------------------------------------------------------------------------------------------------------
2026-07-30 13:51:43,055 [INFO] CmdLine:76 -  input 1/1          :   'float_input', f32(1x1x6), 24 Bytes, activations                                       
2026-07-30 13:51:43,055 [INFO] CmdLine:76 -  output 1/2         :   'label0', int32(1x1), 4 Bytes, activations                                             
2026-07-30 13:51:43,055 [INFO] CmdLine:76 -  output 2/2         :   'output_probability', f32(1x1x5x2), 40 Bytes, activations                              
2026-07-30 13:51:43,055 [INFO] CmdLine:76 -  outputs (total)    :   44 Bytes                                                                               
2026-07-30 13:51:43,058 [INFO] CmdLine:76 -  macc               :   1,411                                                                                  
2026-07-30 13:51:43,059 [INFO] CmdLine:76 -  weights (ro)       :   2,632,036 B (2.51 MiB) (1 segment) / -1,543,136(-37.0%) vs float model                 
2026-07-30 13:51:43,059 [INFO] CmdLine:76 -  activations (rw)   :   64 B (64 B) (1 segment) *                                                              
2026-07-30 13:51:43,059 [INFO] CmdLine:76 -  ram (total)        :   64 B (64 B) = 64 + 0 + 0                                                               
2026-07-30 13:51:43,059 [INFO] CmdLine:76 -  --------------------------------------------------------------------------------------------------------------
2026-07-30 13:51:43,059 [INFO] CmdLine:76 -  (*) 'input'/'output' buffers are allocated in the activations buffer
2026-07-30 13:51:43,164 [INFO] CmdLine:76 - Computing AI RT data/code size (target=stm32l4)..
2026-07-30 13:51:47,934 [INFO] CmdLine:76 -  Model name - random_forest_model
2026-07-30 13:51:47,935 [INFO] CmdLine:76 -  ------ -------------------------------- ---------------- --------------------- ------- --------------
2026-07-30 13:51:47,935 [INFO] CmdLine:76 -  m_id   layer (original)                 oshape           param/size               macc   connected to
2026-07-30 13:51:47,936 [INFO] CmdLine:76 -  ------ -------------------------------- ---------------- --------------------- ------- --------------
2026-07-30 13:51:47,936 [INFO] CmdLine:76 -  0      float_input ()                   [h:1,c:6]
2026-07-30 13:51:47,936 [INFO] CmdLine:76 -  ------ -------------------------------- ---------------- --------------------- ------- --------------
2026-07-30 13:51:47,936 [INFO] CmdLine:76 -  1      label (TreeEnsembleClassifier)   [c:1][h:1,c:5]   1,043,788/2,632,028     1,411    float_input
2026-07-30 13:51:47,936 [INFO] CmdLine:76 -  ------ -------------------------------- ---------------- --------------------- ------- --------------
2026-07-30 13:51:47,937 [INFO] CmdLine:76 -  2      output_label (Cast)              [c:1]                                        2          label
2026-07-30 13:51:47,938 [INFO] CmdLine:76 -  ------ -------------------------------- ---------------- --------------------- ------- --------------
2026-07-30 13:51:47,939 [INFO] CmdLine:76 -  3      output_probability (ZipMap)      [h:1,w:5,c:2]    5/5                                    label
2026-07-30 13:51:47,939 [INFO] CmdLine:76 -  ------ -------------------------------- ---------------- --------------------- ------- --------------
2026-07-30 13:51:47,939 [INFO] CmdLine:76 -  model: macc=1,413 weights=2,632,033 activations=-- io=--
2026-07-30 13:51:47,939 [INFO] CmdLine:76 -  Number of operations per c-layer
2026-07-30 13:51:47,939 [INFO] CmdLine:76 -  ------- ------ -------------------------------- ------- -------------
2026-07-30 13:51:47,939 [INFO] CmdLine:76 -  c_id    m_id   name (type)                          #op          type
2026-07-30 13:51:47,940 [INFO] CmdLine:76 -  ------- ------ -------------------------------- ------- -------------
2026-07-30 13:51:47,940 [INFO] CmdLine:76 -  0       1      label (TreeEnsembleClassifier)     1,411   smul_f32_s8
2026-07-30 13:51:47,940 [INFO] CmdLine:76 -  1       3      output_probability (ZipMap)            0   smul_f32_s8
2026-07-30 13:51:47,940 [INFO] CmdLine:76 -  ------- ------ -------------------------------- ------- -------------
2026-07-30 13:51:47,940 [INFO] CmdLine:76 -  total                                             1,411
2026-07-30 13:51:47,940 [INFO] CmdLine:76 -  Number of operation types
2026-07-30 13:51:47,941 [INFO] CmdLine:76 -  ---------------- ------- -----------
2026-07-30 13:51:47,941 [INFO] CmdLine:76 -  operation type         #           %
2026-07-30 13:51:47,941 [INFO] CmdLine:76 -  ---------------- ------- -----------
2026-07-30 13:51:47,941 [INFO] CmdLine:76 -  smul_f32_s8        1,411      100.0%
2026-07-30 13:51:47,943 [INFO] CmdLine:76 -  Complexity report (model)
2026-07-30 13:51:47,943 [INFO] CmdLine:76 -  ------ -------------------- ------------------------- ------------------------- ------
2026-07-30 13:51:47,944 [INFO] CmdLine:76 -  m_id   name                 c_macc                    c_rom                     c_id
2026-07-30 13:51:47,944 [INFO] CmdLine:76 -  ------ -------------------- ------------------------- ------------------------- ------
2026-07-30 13:51:47,944 [INFO] CmdLine:76 -  1      label                |||||||||||||||| 100.0%   |||||||||||||||| 100.0%   [0]
2026-07-30 13:51:47,944 [INFO] CmdLine:76 -  3      output_probability   |                  0.0%   |                  0.0%   [1]
2026-07-30 13:51:47,944 [INFO] CmdLine:76 -  ------ -------------------- ------------------------- ------------------------- ------
2026-07-30 13:51:47,944 [INFO] CmdLine:76 -  macc=1,411 weights=2,632,036 act=64 ram_io=0
2026-07-30 13:51:47,945 [INFO] CmdLine:76 -  Requested memory size by section - "stm32l4" target
2026-07-30 13:51:47,945 [INFO] CmdLine:76 -  ------------------------------ ------- ----------- ------- -----
2026-07-30 13:51:47,945 [INFO] CmdLine:76 -  module                            text      rodata    data   bss
2026-07-30 13:51:47,945 [INFO] CmdLine:76 -  ------------------------------ ------- ----------- ------- -----
2026-07-30 13:51:47,945 [INFO] CmdLine:76 -  NetworkRuntime1020_CM4_GCC.a     5,508           0       0     0
2026-07-30 13:51:47,945 [INFO] CmdLine:76 -  network.o                          704          16   1,768   172
2026-07-30 13:51:47,945 [INFO] CmdLine:76 -  network_data.o                      48          16      88     0
2026-07-30 13:51:47,946 [INFO] CmdLine:76 -  lib (toolchain)*                     0           0       0     0
2026-07-30 13:51:47,946 [INFO] CmdLine:76 -  ------------------------------ ------- ----------- ------- -----
2026-07-30 13:51:47,946 [INFO] CmdLine:76 -  RT total**                       6,260          32   1,856   172
2026-07-30 13:51:47,946 [INFO] CmdLine:76 -  ------------------------------ ------- ----------- ------- -----
2026-07-30 13:51:47,946 [INFO] CmdLine:76 -  weights                              0   2,632,040       0     0
2026-07-30 13:51:47,946 [INFO] CmdLine:76 -  activations                          0           0       0    64
2026-07-30 13:51:47,946 [INFO] CmdLine:76 -  io                                   0           0       0     0
2026-07-30 13:51:47,947 [INFO] CmdLine:76 -  ------------------------------ ------- ----------- ------- -----
2026-07-30 13:51:47,947 [INFO] CmdLine:76 -  TOTAL                            6,260   2,632,072   1,856   236
2026-07-30 13:51:47,947 [INFO] CmdLine:76 -  ------------------------------ ------- ----------- ------- -----
2026-07-30 13:51:47,947 [INFO] CmdLine:76 -  *  toolchain objects (libm/libgcc*)
2026-07-30 13:51:47,947 [INFO] CmdLine:76 -  ** RT AI runtime objects (kernels+infrastructure)
2026-07-30 13:51:47,947 [INFO] CmdLine:76 -   Summary - "stm32l4" target
2026-07-30 13:51:47,948 [INFO] CmdLine:76 -   --------------------------------------------------
2026-07-30 13:51:47,948 [INFO] CmdLine:76 -                FLASH (ro)     %*   RAM (rw)       %
2026-07-30 13:51:47,948 [INFO] CmdLine:76 -   --------------------------------------------------
2026-07-30 13:51:47,952 [INFO] CmdLine:76 -   RT total          8,148   0.3%      2,028   96.9%
2026-07-30 13:51:47,952 [INFO] CmdLine:76 -   --------------------------------------------------
2026-07-30 13:51:47,952 [INFO] CmdLine:76 -   TOTAL         2,640,188             2,092
2026-07-30 13:51:47,952 [INFO] CmdLine:76 -   --------------------------------------------------
2026-07-30 13:51:47,952 [INFO] CmdLine:76 -   *  rt/total
2026-07-30 13:51:47,953 [INFO] CmdLine:76 - Creating txt report file C:\Users\ADMIN\.stm32cubemx\network_output\network_analyze_report.txt
2026-07-30 13:51:59,003 [INFO] CmdLine:76 - elapsed time (analyze): 39.404s
2026-07-30 13:51:59,605 [INFO] CmdLine:148 - stedgeai exit with status: 0
2026-07-30 13:51:59,919 [INFO] AIModelDetailledView:1077 - Model file:      random_forest_model.onnx
2026-07-30 13:51:59,919 [INFO] AIModelDetailledView:1077 - Total Flash:     2640184 B (2.52 MiB)
2026-07-30 13:51:59,920 [INFO] AIModelDetailledView:1077 -     Weights:     2632036 B (2.51 MiB)
2026-07-30 13:51:59,921 [INFO] AIModelDetailledView:1077 -     Library:     8148 B (7.96 KiB)
2026-07-30 13:51:59,921 [INFO] AIModelDetailledView:1077 - Total Ram:       2092 B (2.04 KiB)
2026-07-30 13:51:59,921 [INFO] AIModelDetailledView:1077 -     Activations: 64 B
2026-07-30 13:51:59,921 [INFO] AIModelDetailledView:1077 -     Library:     2028 B (1.98 KiB)
2026-07-30 13:51:59,921 [INFO] AIModelDetailledView:1077 -     Input:       24 B (included in Activations)
2026-07-30 13:51:59,921 [INFO] AIModelDetailledView:1077 -     Output:      44 B (included in Activations)
2026-07-30 13:51:59,922 [INFO] AIModelDetailledView:1077 - Done
2026-07-30 13:51:59,922 [INFO] AIModelDetailledView:2598 - Analyze complete on AI model
2026-07-30 13:51:59,959 [WARN] AIModelDetailledView:2618 - Required Ram or Flash size for network is bigger than available Ram or Flash
2026-07-30 13:51:59,960 [INFO] AIModelDetailledView:2264 - Analysis status: done
2026-07-30 14:02:02,381 [INFO] AIModelDetailledView:2264 - Analysis status: -
2026-07-30 14:02:02,424 [INFO] AInterface:259 - ModelName:network; files:[D:\TinyML_Workshop-main\TinyML_Workshop_PGR\TinyML_PGR\ONNX\random_forest_model.onnx]; type:ONNX; compression:None
2026-07-30 14:02:02,426 [INFO] AInterface:526 - workspaceTempDir: C:/Users/ADMIN/AppData/Local/Temp/mxAI_workspace10428957240836007857759062056904852
2026-07-30 14:02:02,426 [INFO] AInterface:1179 - Setting Env: C:/Users/ADMIN/STM32Cube/Repository//Packs/STMicroelectronics/X-CUBE-AI/10.2.1/Utilities/windows
2026-07-30 14:02:02,432 [INFO] STM32CubeIDEBuilder:265 - Looking for gnu-tools-for-stm32 tools/bin/arm-none-eabi-gcc.exe in C:\ST\STM32CubeIDE_1.19.0\STM32CubeIDE
2026-07-30 14:02:02,434 [INFO] STM32CubeIDEBuilder:294 - checking C:\ST\STM32CubeIDE_1.19.0\STM32CubeIDE\plugins\com.st.stm32cube.ide.mcu.externaltools.gnu-tools-for-stm32.13.3.rel1.win32_1.0.0.202411081344\tools\bin\arm-none-eabi-gcc.exe
2026-07-30 14:02:02,435 [INFO] STM32CubeIDEBuilder:297 - ret=C:\ST\STM32CubeIDE_1.19.0\STM32CubeIDE\plugins\com.st.stm32cube.ide.mcu.externaltools.gnu-tools-for-stm32.13.3.rel1.win32_1.0.0.202411081344\tools\bin\arm-none-eabi-gcc.exe
2026-07-30 14:02:02,435 [INFO] STM32CubeIDEBuilder:311 - returning C:\ST\STM32CubeIDE_1.19.0\STM32CubeIDE\plugins\com.st.stm32cube.ide.mcu.externaltools.gnu-tools-for-stm32.13.3.rel1.win32_1.0.0.202411081344\tools\bin\arm-none-eabi-gcc.exe
2026-07-30 14:02:02,436 [INFO] AInterface:1236 - Custom PATH variable: C:/Users/ADMIN/STM32Cube/Repository//Packs/STMicroelectronics/X-CUBE-AI/10.2.1/Utilities/windows;C:/Users/ADMIN/STM32Cube/Repository//Packs/STMicroelectronics/X-CUBE-AI/10.2.1/Utilities/windows/mingw64/bin;C:/Users/ADMIN/STM32Cube/Repository//Packs/STMicroelectronics/X-CUBE-AI/10.2.1/Utilities/windows/mingw64/libexec/gcc/x86_64-w64-mingw32/7.3.0;;C:\ST\STM32CubeIDE_1.19.0\STM32CubeIDE\plugins\com.st.stm32cube.ide.mcu.externaltools.gnu-tools-for-stm32.13.3.rel1.win32_1.0.0.202411081344\tools\bin
2026-07-30 14:02:02,438 [INFO] CmdLine:115 - Command: C:/Users/ADMIN/STM32Cube/Repository//Packs/STMicroelectronics/X-CUBE-AI/10.2.1/Utilities/windows/stedgeai.exe analyze --target stm32l4 --name network -m D:/TinyML_Workshop-main/TinyML_Workshop_PGR/TinyML_PGR/ONNX/random_forest_model.onnx --compression none --verbosity 1 -O ram --workspace C:/Users/ADMIN/AppData/Local/Temp/mxAI_workspace10428957240836007857759062056904852 --output C:/Users/ADMIN/.stm32cubemx/network_output
2026-07-30 14:02:02,441 [INFO] AIModelDetailledView:2264 - Analysis status: pending
2026-07-30 14:02:03,178 [INFO] CmdLine:76 - ST Edge AI Core v2.2.0-20266 2adc00962
2026-07-30 14:02:28,395 [INFO] CmdLine:76 - Creating c (debug) info json file C:\Users\ADMIN\.stm32cubemx\network_output\network_c_info.json
2026-07-30 14:02:28,880 [INFO] CmdLine:76 -  
2026-07-30 14:02:28,880 [INFO] CmdLine:76 -  Exec/report summary (analyze)
2026-07-30 14:02:28,880 [INFO] CmdLine:76 -  --------------------------------------------------------------------------------------------------------------
2026-07-30 14:02:28,880 [INFO] CmdLine:76 -  model file         :   D:\TinyML_Workshop-main\TinyML_Workshop_PGR\TinyML_PGR\ONNX\random_forest_model.onnx   
2026-07-30 14:02:28,880 [INFO] CmdLine:76 -  type               :   onnx                                                                                   
2026-07-30 14:02:28,880 [INFO] CmdLine:76 -  c_name             :   network                                                                                
2026-07-30 14:02:28,880 [INFO] CmdLine:76 -  compression        :   none                                                                                   
2026-07-30 14:02:28,880 [INFO] CmdLine:76 -  options            :   allocate-inputs, allocate-outputs                                                      
2026-07-30 14:02:28,880 [INFO] CmdLine:76 -  optimization       :   ram                                                                                    
2026-07-30 14:02:28,880 [INFO] CmdLine:76 -  target/series      :   stm32l4                                                                                
2026-07-30 14:02:28,880 [INFO] CmdLine:76 -  workspace dir      :   C:\Users\ADMIN\AppData\Local\Temp\mxAI_workspace10428957240836007857759062056904852    
2026-07-30 14:02:28,880 [INFO] CmdLine:76 -  output dir         :   C:\Users\ADMIN\.stm32cubemx\network_output                                             
2026-07-30 14:02:28,880 [INFO] CmdLine:76 -  model_fmt          :   undefined                                                                              
2026-07-30 14:02:28,896 [INFO] CmdLine:76 -  model_name         :   random_forest_model                                                                    
2026-07-30 14:02:28,896 [INFO] CmdLine:76 -  model_hash         :   0x00177bf66787f228ea6e8f5ba719480d                                                     
2026-07-30 14:02:28,896 [INFO] CmdLine:76 -  params #           :   1,043,793 items (2.51 MiB)                                                             
2026-07-30 14:02:28,896 [INFO] CmdLine:76 -  --------------------------------------------------------------------------------------------------------------
2026-07-30 14:02:28,896 [INFO] CmdLine:76 -  input 1/1          :   'float_input', f32(1x1x6), 24 Bytes, activations                                       
2026-07-30 14:02:28,896 [INFO] CmdLine:76 -  output 1/2         :   'label0', int32(1x1), 4 Bytes, activations                                             
2026-07-30 14:02:28,896 [INFO] CmdLine:76 -  output 2/2         :   'output_probability', f32(1x1x5x2), 40 Bytes, activations                              
2026-07-30 14:02:28,896 [INFO] CmdLine:76 -  outputs (total)    :   44 Bytes                                                                               
2026-07-30 14:02:28,896 [INFO] CmdLine:76 -  macc               :   1,411                                                                                  
2026-07-30 14:02:28,896 [INFO] CmdLine:76 -  weights (ro)       :   2,632,036 B (2.51 MiB) (1 segment) / -1,543,136(-37.0%) vs float model                 
2026-07-30 14:02:28,896 [INFO] CmdLine:76 -  activations (rw)   :   64 B (64 B) (1 segment) *                                                              
2026-07-30 14:02:28,896 [INFO] CmdLine:76 -  ram (total)        :   64 B (64 B) = 64 + 0 + 0                                                               
2026-07-30 14:02:28,896 [INFO] CmdLine:76 -  --------------------------------------------------------------------------------------------------------------
2026-07-30 14:02:28,896 [INFO] CmdLine:76 -  (*) 'input'/'output' buffers are allocated in the activations buffer
2026-07-30 14:02:29,067 [INFO] CmdLine:76 - Computing AI RT data/code size (target=stm32l4)..
2026-07-30 14:02:34,135 [INFO] CmdLine:76 -  Model name - random_forest_model
2026-07-30 14:02:34,135 [INFO] CmdLine:76 -  ------ -------------------------------- ---------------- --------------------- ------- --------------
2026-07-30 14:02:34,135 [INFO] CmdLine:76 -  m_id   layer (original)                 oshape           param/size               macc   connected to
2026-07-30 14:02:34,135 [INFO] CmdLine:76 -  ------ -------------------------------- ---------------- --------------------- ------- --------------
2026-07-30 14:02:34,135 [INFO] CmdLine:76 -  0      float_input ()                   [h:1,c:6]
2026-07-30 14:02:34,135 [INFO] CmdLine:76 -  ------ -------------------------------- ---------------- --------------------- ------- --------------
2026-07-30 14:02:34,135 [INFO] CmdLine:76 -  1      label (TreeEnsembleClassifier)   [c:1][h:1,c:5]   1,043,788/2,632,028     1,411    float_input
2026-07-30 14:02:34,135 [INFO] CmdLine:76 -  ------ -------------------------------- ---------------- --------------------- ------- --------------
2026-07-30 14:02:34,150 [INFO] CmdLine:76 -  2      output_label (Cast)              [c:1]                                        2          label
2026-07-30 14:02:34,150 [INFO] CmdLine:76 -  ------ -------------------------------- ---------------- --------------------- ------- --------------
2026-07-30 14:02:34,150 [INFO] CmdLine:76 -  3      output_probability (ZipMap)      [h:1,w:5,c:2]    5/5                                    label
2026-07-30 14:02:34,150 [INFO] CmdLine:76 -  ------ -------------------------------- ---------------- --------------------- ------- --------------
2026-07-30 14:02:34,150 [INFO] CmdLine:76 -  model: macc=1,413 weights=2,632,033 activations=-- io=--
2026-07-30 14:02:34,150 [INFO] CmdLine:76 -  Number of operations per c-layer
2026-07-30 14:02:34,150 [INFO] CmdLine:76 -  ------- ------ -------------------------------- ------- -------------
2026-07-30 14:02:34,150 [INFO] CmdLine:76 -  c_id    m_id   name (type)                          #op          type
2026-07-30 14:02:34,150 [INFO] CmdLine:76 -  ------- ------ -------------------------------- ------- -------------
2026-07-30 14:02:34,150 [INFO] CmdLine:76 -  0       1      label (TreeEnsembleClassifier)     1,411   smul_f32_s8
2026-07-30 14:02:34,150 [INFO] CmdLine:76 -  1       3      output_probability (ZipMap)            0   smul_f32_s8
2026-07-30 14:02:34,150 [INFO] CmdLine:76 -  ------- ------ -------------------------------- ------- -------------
2026-07-30 14:02:34,150 [INFO] CmdLine:76 -  total                                             1,411
2026-07-30 14:02:34,150 [INFO] CmdLine:76 -  Number of operation types
2026-07-30 14:02:34,150 [INFO] CmdLine:76 -  ---------------- ------- -----------
2026-07-30 14:02:34,150 [INFO] CmdLine:76 -  operation type         #           %
2026-07-30 14:02:34,150 [INFO] CmdLine:76 -  ---------------- ------- -----------
2026-07-30 14:02:34,150 [INFO] CmdLine:76 -  smul_f32_s8        1,411      100.0%
2026-07-30 14:02:34,150 [INFO] CmdLine:76 -  Complexity report (model)
2026-07-30 14:02:34,150 [INFO] CmdLine:76 -  ------ -------------------- ------------------------- ------------------------- ------
2026-07-30 14:02:34,150 [INFO] CmdLine:76 -  m_id   name                 c_macc                    c_rom                     c_id
2026-07-30 14:02:34,150 [INFO] CmdLine:76 -  ------ -------------------- ------------------------- ------------------------- ------
2026-07-30 14:02:34,150 [INFO] CmdLine:76 -  1      label                |||||||||||||||| 100.0%   |||||||||||||||| 100.0%   [0]
2026-07-30 14:02:34,150 [INFO] CmdLine:76 -  3      output_probability   |                  0.0%   |                  0.0%   [1]
2026-07-30 14:02:34,150 [INFO] CmdLine:76 -  ------ -------------------- ------------------------- ------------------------- ------
2026-07-30 14:02:34,150 [INFO] CmdLine:76 -  macc=1,411 weights=2,632,036 act=64 ram_io=0
2026-07-30 14:02:34,150 [INFO] CmdLine:76 -  Requested memory size by section - "stm32l4" target
2026-07-30 14:02:34,150 [INFO] CmdLine:76 -  ------------------------------ ------- ----------- ------- -----
2026-07-30 14:02:34,150 [INFO] CmdLine:76 -  module                            text      rodata    data   bss
2026-07-30 14:02:34,150 [INFO] CmdLine:76 -  ------------------------------ ------- ----------- ------- -----
2026-07-30 14:02:34,150 [INFO] CmdLine:76 -  NetworkRuntime1020_CM4_GCC.a     5,508           0       0     0
2026-07-30 14:02:34,150 [INFO] CmdLine:76 -  network.o                          704          16   1,768   172
2026-07-30 14:02:34,150 [INFO] CmdLine:76 -  network_data.o                      48          16      88     0
2026-07-30 14:02:34,166 [INFO] CmdLine:76 -  lib (toolchain)*                     0           0       0     0
2026-07-30 14:02:34,166 [INFO] CmdLine:76 -  ------------------------------ ------- ----------- ------- -----
2026-07-30 14:02:34,166 [INFO] CmdLine:76 -  RT total**                       6,260          32   1,856   172
2026-07-30 14:02:34,166 [INFO] CmdLine:76 -  ------------------------------ ------- ----------- ------- -----
2026-07-30 14:02:34,166 [INFO] CmdLine:76 -  weights                              0   2,632,040       0     0
2026-07-30 14:02:34,166 [INFO] CmdLine:76 -  activations                          0           0       0    64
2026-07-30 14:02:34,166 [INFO] CmdLine:76 -  io                                   0           0       0     0
2026-07-30 14:02:34,166 [INFO] CmdLine:76 -  ------------------------------ ------- ----------- ------- -----
2026-07-30 14:02:34,166 [INFO] CmdLine:76 -  TOTAL                            6,260   2,632,072   1,856   236
2026-07-30 14:02:34,166 [INFO] CmdLine:76 -  ------------------------------ ------- ----------- ------- -----
2026-07-30 14:02:34,166 [INFO] CmdLine:76 -  *  toolchain objects (libm/libgcc*)
2026-07-30 14:02:34,166 [INFO] CmdLine:76 -  ** RT AI runtime objects (kernels+infrastructure)
2026-07-30 14:02:34,166 [INFO] CmdLine:76 -   Summary - "stm32l4" target
2026-07-30 14:02:34,166 [INFO] CmdLine:76 -   --------------------------------------------------
2026-07-30 14:02:34,166 [INFO] CmdLine:76 -                FLASH (ro)     %*   RAM (rw)       %
2026-07-30 14:02:34,166 [INFO] CmdLine:76 -   --------------------------------------------------
2026-07-30 14:02:34,166 [INFO] CmdLine:76 -   RT total          8,148   0.3%      2,028   96.9%
2026-07-30 14:02:34,166 [INFO] CmdLine:76 -   --------------------------------------------------
2026-07-30 14:02:34,166 [INFO] CmdLine:76 -   TOTAL         2,640,188             2,092
2026-07-30 14:02:34,166 [INFO] CmdLine:76 -   --------------------------------------------------
2026-07-30 14:02:34,166 [INFO] CmdLine:76 -   *  rt/total
2026-07-30 14:02:34,166 [INFO] CmdLine:76 - Creating txt report file C:\Users\ADMIN\.stm32cubemx\network_output\network_analyze_report.txt
2026-07-30 14:02:45,693 [INFO] CmdLine:76 - elapsed time (analyze): 42.515s
2026-07-30 14:02:46,537 [INFO] CmdLine:148 - stedgeai exit with status: 0
2026-07-30 14:02:46,835 [INFO] AIModelDetailledView:1077 - Model file:      random_forest_model.onnx
2026-07-30 14:02:46,835 [INFO] AIModelDetailledView:1077 - Total Flash:     2640184 B (2.52 MiB)
2026-07-30 14:02:46,835 [INFO] AIModelDetailledView:1077 -     Weights:     2632036 B (2.51 MiB)
2026-07-30 14:02:46,835 [INFO] AIModelDetailledView:1077 -     Library:     8148 B (7.96 KiB)
2026-07-30 14:02:46,835 [INFO] AIModelDetailledView:1077 - Total Ram:       2092 B (2.04 KiB)
2026-07-30 14:02:46,835 [INFO] AIModelDetailledView:1077 -     Activations: 64 B
2026-07-30 14:02:46,835 [INFO] AIModelDetailledView:1077 -     Library:     2028 B (1.98 KiB)
2026-07-30 14:02:46,835 [INFO] AIModelDetailledView:1077 -     Input:       24 B (included in Activations)
2026-07-30 14:02:46,835 [INFO] AIModelDetailledView:1077 -     Output:      44 B (included in Activations)
2026-07-30 14:02:46,835 [INFO] AIModelDetailledView:1077 - Done
2026-07-30 14:02:46,835 [INFO] AIModelDetailledView:2598 - Analyze complete on AI model
2026-07-30 14:02:46,835 [WARN] AIModelDetailledView:2618 - Required Ram or Flash size for network is bigger than available Ram or Flash
2026-07-30 14:02:46,835 [INFO] AIModelDetailledView:2264 - Analysis status: done
2026-07-30 14:04:08,615 [INFO] AIModelDetailledView:2264 - Analysis status: -
2026-07-30 14:04:08,666 [INFO] AInterface:259 - ModelName:network; files:[D:\TinyML_Workshop-main\TinyML_Workshop_PGR\TinyML_PGR\ONNX\random_forest_model.onnx]; type:ONNX; compression:None
2026-07-30 14:04:08,668 [INFO] AInterface:526 - workspaceTempDir: C:/Users/ADMIN/AppData/Local/Temp/mxAI_workspace104302196633510014893202363107607474
2026-07-30 14:04:08,668 [INFO] AInterface:1179 - Setting Env: C:/Users/ADMIN/STM32Cube/Repository//Packs/STMicroelectronics/X-CUBE-AI/10.2.1/Utilities/windows
2026-07-30 14:04:08,674 [INFO] STM32CubeIDEBuilder:265 - Looking for gnu-tools-for-stm32 tools/bin/arm-none-eabi-gcc.exe in C:\ST\STM32CubeIDE_1.19.0\STM32CubeIDE
2026-07-30 14:04:08,676 [INFO] STM32CubeIDEBuilder:294 - checking C:\ST\STM32CubeIDE_1.19.0\STM32CubeIDE\plugins\com.st.stm32cube.ide.mcu.externaltools.gnu-tools-for-stm32.13.3.rel1.win32_1.0.0.202411081344\tools\bin\arm-none-eabi-gcc.exe
2026-07-30 14:04:08,676 [INFO] STM32CubeIDEBuilder:297 - ret=C:\ST\STM32CubeIDE_1.19.0\STM32CubeIDE\plugins\com.st.stm32cube.ide.mcu.externaltools.gnu-tools-for-stm32.13.3.rel1.win32_1.0.0.202411081344\tools\bin\arm-none-eabi-gcc.exe
2026-07-30 14:04:08,677 [INFO] STM32CubeIDEBuilder:311 - returning C:\ST\STM32CubeIDE_1.19.0\STM32CubeIDE\plugins\com.st.stm32cube.ide.mcu.externaltools.gnu-tools-for-stm32.13.3.rel1.win32_1.0.0.202411081344\tools\bin\arm-none-eabi-gcc.exe
2026-07-30 14:04:08,677 [INFO] AInterface:1236 - Custom PATH variable: C:/Users/ADMIN/STM32Cube/Repository//Packs/STMicroelectronics/X-CUBE-AI/10.2.1/Utilities/windows;C:/Users/ADMIN/STM32Cube/Repository//Packs/STMicroelectronics/X-CUBE-AI/10.2.1/Utilities/windows/mingw64/bin;C:/Users/ADMIN/STM32Cube/Repository//Packs/STMicroelectronics/X-CUBE-AI/10.2.1/Utilities/windows/mingw64/libexec/gcc/x86_64-w64-mingw32/7.3.0;;C:\ST\STM32CubeIDE_1.19.0\STM32CubeIDE\plugins\com.st.stm32cube.ide.mcu.externaltools.gnu-tools-for-stm32.13.3.rel1.win32_1.0.0.202411081344\tools\bin
2026-07-30 14:04:08,682 [INFO] CmdLine:115 - Command: C:/Users/ADMIN/STM32Cube/Repository//Packs/STMicroelectronics/X-CUBE-AI/10.2.1/Utilities/windows/stedgeai.exe analyze --target stm32l4 --name network -m D:/TinyML_Workshop-main/TinyML_Workshop_PGR/TinyML_PGR/ONNX/random_forest_model.onnx --compression none --verbosity 1 -O ram --workspace C:/Users/ADMIN/AppData/Local/Temp/mxAI_workspace104302196633510014893202363107607474 --output C:/Users/ADMIN/.stm32cubemx/network_output
2026-07-30 14:04:08,688 [INFO] AIModelDetailledView:2264 - Analysis status: pending
2026-07-30 14:04:09,445 [INFO] CmdLine:76 - ST Edge AI Core v2.2.0-20266 2adc00962
2026-07-30 14:04:34,809 [INFO] CmdLine:76 - Creating c (debug) info json file C:\Users\ADMIN\.stm32cubemx\network_output\network_c_info.json
2026-07-30 14:04:35,106 [INFO] CmdLine:76 -  
2026-07-30 14:04:35,106 [INFO] CmdLine:76 -  Exec/report summary (analyze)
2026-07-30 14:04:35,106 [INFO] CmdLine:76 -  --------------------------------------------------------------------------------------------------------------
2026-07-30 14:04:35,106 [INFO] CmdLine:76 -  model file         :   D:\TinyML_Workshop-main\TinyML_Workshop_PGR\TinyML_PGR\ONNX\random_forest_model.onnx   
2026-07-30 14:04:35,106 [INFO] CmdLine:76 -  type               :   onnx                                                                                   
2026-07-30 14:04:35,106 [INFO] CmdLine:76 -  c_name             :   network                                                                                
2026-07-30 14:04:35,106 [INFO] CmdLine:76 -  compression        :   none                                                                                   
2026-07-30 14:04:35,106 [INFO] CmdLine:76 -  options            :   allocate-inputs, allocate-outputs                                                      
2026-07-30 14:04:35,106 [INFO] CmdLine:76 -  optimization       :   ram                                                                                    
2026-07-30 14:04:35,106 [INFO] CmdLine:76 -  target/series      :   stm32l4                                                                                
2026-07-30 14:04:35,122 [INFO] CmdLine:76 -  workspace dir      :   C:\Users\ADMIN\AppData\Local\Temp\mxAI_workspace104302196633510014893202363107607474   
2026-07-30 14:04:35,122 [INFO] CmdLine:76 -  output dir         :   C:\Users\ADMIN\.stm32cubemx\network_output                                             
2026-07-30 14:04:35,122 [INFO] CmdLine:76 -  model_fmt          :   undefined                                                                              
2026-07-30 14:04:35,122 [INFO] CmdLine:76 -  model_name         :   random_forest_model                                                                    
2026-07-30 14:04:35,122 [INFO] CmdLine:76 -  model_hash         :   0x00177bf66787f228ea6e8f5ba719480d                                                     
2026-07-30 14:04:35,122 [INFO] CmdLine:76 -  params #           :   1,043,793 items (2.51 MiB)                                                             
2026-07-30 14:04:35,122 [INFO] CmdLine:76 -  --------------------------------------------------------------------------------------------------------------
2026-07-30 14:04:35,122 [INFO] CmdLine:76 -  input 1/1          :   'float_input', f32(1x1x6), 24 Bytes, activations                                       
2026-07-30 14:04:35,122 [INFO] CmdLine:76 -  output 1/2         :   'label0', int32(1x1), 4 Bytes, activations                                             
2026-07-30 14:04:35,122 [INFO] CmdLine:76 -  output 2/2         :   'output_probability', f32(1x1x5x2), 40 Bytes, activations                              
2026-07-30 14:04:35,122 [INFO] CmdLine:76 -  outputs (total)    :   44 Bytes                                                                               
2026-07-30 14:04:35,122 [INFO] CmdLine:76 -  macc               :   1,411                                                                                  
2026-07-30 14:04:35,122 [INFO] CmdLine:76 -  weights (ro)       :   2,632,036 B (2.51 MiB) (1 segment) / -1,543,136(-37.0%) vs float model                 
2026-07-30 14:04:35,122 [INFO] CmdLine:76 -  activations (rw)   :   64 B (64 B) (1 segment) *                                                              
2026-07-30 14:04:35,122 [INFO] CmdLine:76 -  ram (total)        :   64 B (64 B) = 64 + 0 + 0                                                               
2026-07-30 14:04:35,122 [INFO] CmdLine:76 -  --------------------------------------------------------------------------------------------------------------
2026-07-30 14:04:35,122 [INFO] CmdLine:76 -  (*) 'input'/'output' buffers are allocated in the activations buffer
2026-07-30 14:04:35,215 [INFO] CmdLine:76 - Computing AI RT data/code size (target=stm32l4)..
2026-07-30 14:04:39,985 [INFO] CmdLine:76 -  Model name - random_forest_model
2026-07-30 14:04:39,985 [INFO] CmdLine:76 -  ------ -------------------------------- ---------------- --------------------- ------- --------------
2026-07-30 14:04:39,985 [INFO] CmdLine:76 -  m_id   layer (original)                 oshape           param/size               macc   connected to
2026-07-30 14:04:39,985 [INFO] CmdLine:76 -  ------ -------------------------------- ---------------- --------------------- ------- --------------
2026-07-30 14:04:39,985 [INFO] CmdLine:76 -  0      float_input ()                   [h:1,c:6]
2026-07-30 14:04:39,985 [INFO] CmdLine:76 -  ------ -------------------------------- ---------------- --------------------- ------- --------------
2026-07-30 14:04:39,985 [INFO] CmdLine:76 -  1      label (TreeEnsembleClassifier)   [c:1][h:1,c:5]   1,043,788/2,632,028     1,411    float_input
2026-07-30 14:04:39,985 [INFO] CmdLine:76 -  ------ -------------------------------- ---------------- --------------------- ------- --------------
2026-07-30 14:04:39,985 [INFO] CmdLine:76 -  2      output_label (Cast)              [c:1]                                        2          label
2026-07-30 14:04:39,985 [INFO] CmdLine:76 -  ------ -------------------------------- ---------------- --------------------- ------- --------------
2026-07-30 14:04:39,985 [INFO] CmdLine:76 -  3      output_probability (ZipMap)      [h:1,w:5,c:2]    5/5                                    label
2026-07-30 14:04:40,001 [INFO] CmdLine:76 -  ------ -------------------------------- ---------------- --------------------- ------- --------------
2026-07-30 14:04:40,001 [INFO] CmdLine:76 -  model: macc=1,413 weights=2,632,033 activations=-- io=--
2026-07-30 14:04:40,001 [INFO] CmdLine:76 -  Number of operations per c-layer
2026-07-30 14:04:40,001 [INFO] CmdLine:76 -  ------- ------ -------------------------------- ------- -------------
2026-07-30 14:04:40,001 [INFO] CmdLine:76 -  c_id    m_id   name (type)                          #op          type
2026-07-30 14:04:40,001 [INFO] CmdLine:76 -  ------- ------ -------------------------------- ------- -------------
2026-07-30 14:04:40,001 [INFO] CmdLine:76 -  0       1      label (TreeEnsembleClassifier)     1,411   smul_f32_s8
2026-07-30 14:04:40,001 [INFO] CmdLine:76 -  1       3      output_probability (ZipMap)            0   smul_f32_s8
2026-07-30 14:04:40,001 [INFO] CmdLine:76 -  ------- ------ -------------------------------- ------- -------------
2026-07-30 14:04:40,001 [INFO] CmdLine:76 -  total                                             1,411
2026-07-30 14:04:40,001 [INFO] CmdLine:76 -  Number of operation types
2026-07-30 14:04:40,001 [INFO] CmdLine:76 -  ---------------- ------- -----------
2026-07-30 14:04:40,001 [INFO] CmdLine:76 -  operation type         #           %
2026-07-30 14:04:40,001 [INFO] CmdLine:76 -  ---------------- ------- -----------
2026-07-30 14:04:40,001 [INFO] CmdLine:76 -  smul_f32_s8        1,411      100.0%
2026-07-30 14:04:40,001 [INFO] CmdLine:76 -  Complexity report (model)
2026-07-30 14:04:40,001 [INFO] CmdLine:76 -  ------ -------------------- ------------------------- ------------------------- ------
2026-07-30 14:04:40,001 [INFO] CmdLine:76 -  m_id   name                 c_macc                    c_rom                     c_id
2026-07-30 14:04:40,001 [INFO] CmdLine:76 -  ------ -------------------- ------------------------- ------------------------- ------
2026-07-30 14:04:40,001 [INFO] CmdLine:76 -  1      label                |||||||||||||||| 100.0%   |||||||||||||||| 100.0%   [0]
2026-07-30 14:04:40,001 [INFO] CmdLine:76 -  3      output_probability   |                  0.0%   |                  0.0%   [1]
2026-07-30 14:04:40,001 [INFO] CmdLine:76 -  ------ -------------------- ------------------------- ------------------------- ------
2026-07-30 14:04:40,001 [INFO] CmdLine:76 -  macc=1,411 weights=2,632,036 act=64 ram_io=0
2026-07-30 14:04:40,001 [INFO] CmdLine:76 -  Requested memory size by section - "stm32l4" target
2026-07-30 14:04:40,001 [INFO] CmdLine:76 -  ------------------------------ ------- ----------- ------- -----
2026-07-30 14:04:40,001 [INFO] CmdLine:76 -  module                            text      rodata    data   bss
2026-07-30 14:04:40,001 [INFO] CmdLine:76 -  ------------------------------ ------- ----------- ------- -----
2026-07-30 14:04:40,001 [INFO] CmdLine:76 -  NetworkRuntime1020_CM4_GCC.a     5,508           0       0     0
2026-07-30 14:04:40,001 [INFO] CmdLine:76 -  network.o                          704          16   1,768   172
2026-07-30 14:04:40,001 [INFO] CmdLine:76 -  network_data.o                      48          16      88     0
2026-07-30 14:04:40,001 [INFO] CmdLine:76 -  lib (toolchain)*                     0           0       0     0
2026-07-30 14:04:40,001 [INFO] CmdLine:76 -  ------------------------------ ------- ----------- ------- -----
2026-07-30 14:04:40,001 [INFO] CmdLine:76 -  RT total**                       6,260          32   1,856   172
2026-07-30 14:04:40,001 [INFO] CmdLine:76 -  ------------------------------ ------- ----------- ------- -----
2026-07-30 14:04:40,016 [INFO] CmdLine:76 -  weights                              0   2,632,040       0     0
2026-07-30 14:04:40,016 [INFO] CmdLine:76 -  activations                          0           0       0    64
2026-07-30 14:04:40,016 [INFO] CmdLine:76 -  io                                   0           0       0     0
2026-07-30 14:04:40,016 [INFO] CmdLine:76 -  ------------------------------ ------- ----------- ------- -----
2026-07-30 14:04:40,016 [INFO] CmdLine:76 -  TOTAL                            6,260   2,632,072   1,856   236
2026-07-30 14:04:40,016 [INFO] CmdLine:76 -  ------------------------------ ------- ----------- ------- -----
2026-07-30 14:04:40,016 [INFO] CmdLine:76 -  *  toolchain objects (libm/libgcc*)
2026-07-30 14:04:40,016 [INFO] CmdLine:76 -  ** RT AI runtime objects (kernels+infrastructure)
2026-07-30 14:04:40,016 [INFO] CmdLine:76 -   Summary - "stm32l4" target
2026-07-30 14:04:40,016 [INFO] CmdLine:76 -   --------------------------------------------------
2026-07-30 14:04:40,016 [INFO] CmdLine:76 -                FLASH (ro)     %*   RAM (rw)       %
2026-07-30 14:04:40,016 [INFO] CmdLine:76 -   --------------------------------------------------
2026-07-30 14:04:40,016 [INFO] CmdLine:76 -   RT total          8,148   0.3%      2,028   96.9%
2026-07-30 14:04:40,016 [INFO] CmdLine:76 -   --------------------------------------------------
2026-07-30 14:04:40,016 [INFO] CmdLine:76 -   TOTAL         2,640,188             2,092
2026-07-30 14:04:40,016 [INFO] CmdLine:76 -   --------------------------------------------------
2026-07-30 14:04:40,016 [INFO] CmdLine:76 -   *  rt/total
2026-07-30 14:04:40,016 [INFO] CmdLine:76 - Creating txt report file C:\Users\ADMIN\.stm32cubemx\network_output\network_analyze_report.txt
2026-07-30 14:04:51,317 [INFO] CmdLine:76 - elapsed time (analyze): 41.873s
2026-07-30 14:04:51,933 [INFO] CmdLine:148 - stedgeai exit with status: 0
2026-07-30 14:04:52,226 [INFO] AIModelDetailledView:1077 - Model file:      random_forest_model.onnx
2026-07-30 14:04:52,227 [INFO] AIModelDetailledView:1077 - Total Flash:     2640184 B (2.52 MiB)
2026-07-30 14:04:52,227 [INFO] AIModelDetailledView:1077 -     Weights:     2632036 B (2.51 MiB)
2026-07-30 14:04:52,228 [INFO] AIModelDetailledView:1077 -     Library:     8148 B (7.96 KiB)
2026-07-30 14:04:52,228 [INFO] AIModelDetailledView:1077 - Total Ram:       2092 B (2.04 KiB)
2026-07-30 14:04:52,228 [INFO] AIModelDetailledView:1077 -     Activations: 64 B
2026-07-30 14:04:52,228 [INFO] AIModelDetailledView:1077 -     Library:     2028 B (1.98 KiB)
2026-07-30 14:04:52,228 [INFO] AIModelDetailledView:1077 -     Input:       24 B (included in Activations)
2026-07-30 14:04:52,228 [INFO] AIModelDetailledView:1077 -     Output:      44 B (included in Activations)
2026-07-30 14:04:52,228 [INFO] AIModelDetailledView:1077 - Done
2026-07-30 14:04:52,228 [INFO] AIModelDetailledView:2598 - Analyze complete on AI model
2026-07-30 14:04:52,230 [WARN] AIModelDetailledView:2618 - Required Ram or Flash size for network is bigger than available Ram or Flash
2026-07-30 14:04:52,231 [INFO] AIModelDetailledView:2264 - Analysis status: done
2026-07-30 14:05:04,375 [INFO] AIModelDetailledView:2264 - Analysis status: -
2026-07-30 14:05:04,423 [INFO] AInterface:259 - ModelName:network; files:[D:\TinyML_Workshop-main\TinyML_Workshop_PGR\TinyML_PGR\ONNX\random_forest_model.onnx]; type:ONNX; compression:None
2026-07-30 14:05:04,424 [INFO] AInterface:526 - workspaceTempDir: C:/Users/ADMIN/AppData/Local/Temp/mxAI_workspace104307772279630017123783523517751875
2026-07-30 14:05:04,424 [INFO] AInterface:1179 - Setting Env: C:/Users/ADMIN/STM32Cube/Repository//Packs/STMicroelectronics/X-CUBE-AI/10.2.1/Utilities/windows
2026-07-30 14:05:04,428 [INFO] STM32CubeIDEBuilder:265 - Looking for gnu-tools-for-stm32 tools/bin/arm-none-eabi-gcc.exe in C:\ST\STM32CubeIDE_1.19.0\STM32CubeIDE
2026-07-30 14:05:04,431 [INFO] STM32CubeIDEBuilder:294 - checking C:\ST\STM32CubeIDE_1.19.0\STM32CubeIDE\plugins\com.st.stm32cube.ide.mcu.externaltools.gnu-tools-for-stm32.13.3.rel1.win32_1.0.0.202411081344\tools\bin\arm-none-eabi-gcc.exe
2026-07-30 14:05:04,431 [INFO] STM32CubeIDEBuilder:297 - ret=C:\ST\STM32CubeIDE_1.19.0\STM32CubeIDE\plugins\com.st.stm32cube.ide.mcu.externaltools.gnu-tools-for-stm32.13.3.rel1.win32_1.0.0.202411081344\tools\bin\arm-none-eabi-gcc.exe
2026-07-30 14:05:04,431 [INFO] STM32CubeIDEBuilder:311 - returning C:\ST\STM32CubeIDE_1.19.0\STM32CubeIDE\plugins\com.st.stm32cube.ide.mcu.externaltools.gnu-tools-for-stm32.13.3.rel1.win32_1.0.0.202411081344\tools\bin\arm-none-eabi-gcc.exe
2026-07-30 14:05:04,432 [INFO] AInterface:1236 - Custom PATH variable: C:/Users/ADMIN/STM32Cube/Repository//Packs/STMicroelectronics/X-CUBE-AI/10.2.1/Utilities/windows;C:/Users/ADMIN/STM32Cube/Repository//Packs/STMicroelectronics/X-CUBE-AI/10.2.1/Utilities/windows/mingw64/bin;C:/Users/ADMIN/STM32Cube/Repository//Packs/STMicroelectronics/X-CUBE-AI/10.2.1/Utilities/windows/mingw64/libexec/gcc/x86_64-w64-mingw32/7.3.0;;C:\ST\STM32CubeIDE_1.19.0\STM32CubeIDE\plugins\com.st.stm32cube.ide.mcu.externaltools.gnu-tools-for-stm32.13.3.rel1.win32_1.0.0.202411081344\tools\bin
2026-07-30 14:05:04,434 [INFO] CmdLine:115 - Command: C:/Users/ADMIN/STM32Cube/Repository//Packs/STMicroelectronics/X-CUBE-AI/10.2.1/Utilities/windows/stedgeai.exe analyze --target stm32l4 --name network -m D:/TinyML_Workshop-main/TinyML_Workshop_PGR/TinyML_PGR/ONNX/random_forest_model.onnx --compression none --verbosity 1 --workspace C:/Users/ADMIN/AppData/Local/Temp/mxAI_workspace104307772279630017123783523517751875 --output C:/Users/ADMIN/.stm32cubemx/network_output
2026-07-30 14:05:04,437 [INFO] AIModelDetailledView:2264 - Analysis status: pending
2026-07-30 14:05:05,160 [INFO] CmdLine:76 - ST Edge AI Core v2.2.0-20266 2adc00962
2026-07-30 14:05:37,851 [INFO] CmdLine:76 - Creating c (debug) info json file C:\Users\ADMIN\.stm32cubemx\network_output\network_c_info.json
2026-07-30 14:05:38,353 [INFO] CmdLine:76 -  
2026-07-30 14:05:38,353 [INFO] CmdLine:76 -  Exec/report summary (analyze)
2026-07-30 14:05:38,353 [INFO] CmdLine:76 -  --------------------------------------------------------------------------------------------------------------
2026-07-30 14:05:38,353 [INFO] CmdLine:76 -  model file         :   D:\TinyML_Workshop-main\TinyML_Workshop_PGR\TinyML_PGR\ONNX\random_forest_model.onnx   
2026-07-30 14:05:38,353 [INFO] CmdLine:76 -  type               :   onnx                                                                                   
2026-07-30 14:05:38,353 [INFO] CmdLine:76 -  c_name             :   network                                                                                
2026-07-30 14:05:38,353 [INFO] CmdLine:76 -  compression        :   none                                                                                   
2026-07-30 14:05:38,353 [INFO] CmdLine:76 -  options            :   allocate-inputs, allocate-outputs                                                      
2026-07-30 14:05:38,353 [INFO] CmdLine:76 -  optimization       :   balanced                                                                               
2026-07-30 14:05:38,353 [INFO] CmdLine:76 -  target/series      :   stm32l4                                                                                
2026-07-30 14:05:38,353 [INFO] CmdLine:76 -  workspace dir      :   C:\Users\ADMIN\AppData\Local\Temp\mxAI_workspace104307772279630017123783523517751875   
2026-07-30 14:05:38,353 [INFO] CmdLine:76 -  output dir         :   C:\Users\ADMIN\.stm32cubemx\network_output                                             
2026-07-30 14:05:38,353 [INFO] CmdLine:76 -  model_fmt          :   undefined                                                                              
2026-07-30 14:05:38,353 [INFO] CmdLine:76 -  model_name         :   random_forest_model                                                                    
2026-07-30 14:05:38,353 [INFO] CmdLine:76 -  model_hash         :   0x00177bf66787f228ea6e8f5ba719480d                                                     
2026-07-30 14:05:38,353 [INFO] CmdLine:76 -  params #           :   1,043,793 items (2.51 MiB)                                                             
2026-07-30 14:05:38,353 [INFO] CmdLine:76 -  --------------------------------------------------------------------------------------------------------------
2026-07-30 14:05:38,353 [INFO] CmdLine:76 -  input 1/1          :   'float_input', f32(1x1x6), 24 Bytes, activations                                       
2026-07-30 14:05:38,353 [INFO] CmdLine:76 -  output 1/2         :   'label0', int32(1x1), 4 Bytes, activations                                             
2026-07-30 14:05:38,353 [INFO] CmdLine:76 -  output 2/2         :   'output_probability', f32(1x1x5x2), 40 Bytes, activations                              
2026-07-30 14:05:38,353 [INFO] CmdLine:76 -  outputs (total)    :   44 Bytes                                                                               
2026-07-30 14:05:38,353 [INFO] CmdLine:76 -  macc               :   1,411                                                                                  
2026-07-30 14:05:38,353 [INFO] CmdLine:76 -  weights (ro)       :   2,632,036 B (2.51 MiB) (1 segment) / -1,543,136(-37.0%) vs float model                 
2026-07-30 14:05:38,353 [INFO] CmdLine:76 -  activations (rw)   :   64 B (64 B) (1 segment) *                                                              
2026-07-30 14:05:38,353 [INFO] CmdLine:76 -  ram (total)        :   64 B (64 B) = 64 + 0 + 0                                                               
2026-07-30 14:05:38,353 [INFO] CmdLine:76 -  --------------------------------------------------------------------------------------------------------------
2026-07-30 14:05:38,353 [INFO] CmdLine:76 -  (*) 'input'/'output' buffers are allocated in the activations buffer
2026-07-30 14:05:38,523 [INFO] CmdLine:76 - Computing AI RT data/code size (target=stm32l4)..
2026-07-30 14:05:43,374 [INFO] CmdLine:76 -  Model name - random_forest_model
2026-07-30 14:05:43,374 [INFO] CmdLine:76 -  ------ -------------------------------- ---------------- --------------------- ------- --------------
2026-07-30 14:05:43,374 [INFO] CmdLine:76 -  m_id   layer (original)                 oshape           param/size               macc   connected to
2026-07-30 14:05:43,374 [INFO] CmdLine:76 -  ------ -------------------------------- ---------------- --------------------- ------- --------------
2026-07-30 14:05:43,374 [INFO] CmdLine:76 -  0      float_input ()                   [h:1,c:6]
2026-07-30 14:05:43,374 [INFO] CmdLine:76 -  ------ -------------------------------- ---------------- --------------------- ------- --------------
2026-07-30 14:05:43,374 [INFO] CmdLine:76 -  1      label (TreeEnsembleClassifier)   [c:1][h:1,c:5]   1,043,788/2,632,028     1,411    float_input
2026-07-30 14:05:43,374 [INFO] CmdLine:76 -  ------ -------------------------------- ---------------- --------------------- ------- --------------
2026-07-30 14:05:43,374 [INFO] CmdLine:76 -  2      output_label (Cast)              [c:1]                                        2          label
2026-07-30 14:05:43,374 [INFO] CmdLine:76 -  ------ -------------------------------- ---------------- --------------------- ------- --------------
2026-07-30 14:05:43,374 [INFO] CmdLine:76 -  3      output_probability (ZipMap)      [h:1,w:5,c:2]    5/5                                    label
2026-07-30 14:05:43,374 [INFO] CmdLine:76 -  ------ -------------------------------- ---------------- --------------------- ------- --------------
2026-07-30 14:05:43,374 [INFO] CmdLine:76 -  model: macc=1,413 weights=2,632,033 activations=-- io=--
2026-07-30 14:05:43,374 [INFO] CmdLine:76 -  Number of operations per c-layer
2026-07-30 14:05:43,374 [INFO] CmdLine:76 -  ------- ------ -------------------------------- ------- -------------
2026-07-30 14:05:43,374 [INFO] CmdLine:76 -  c_id    m_id   name (type)                          #op          type
2026-07-30 14:05:43,374 [INFO] CmdLine:76 -  ------- ------ -------------------------------- ------- -------------
2026-07-30 14:05:43,374 [INFO] CmdLine:76 -  0       1      label (TreeEnsembleClassifier)     1,411   smul_f32_s8
2026-07-30 14:05:43,374 [INFO] CmdLine:76 -  1       3      output_probability (ZipMap)            0   smul_f32_s8
2026-07-30 14:05:43,374 [INFO] CmdLine:76 -  ------- ------ -------------------------------- ------- -------------
2026-07-30 14:05:43,374 [INFO] CmdLine:76 -  total                                             1,411
2026-07-30 14:05:43,374 [INFO] CmdLine:76 -  Number of operation types
2026-07-30 14:05:43,389 [INFO] CmdLine:76 -  ---------------- ------- -----------
2026-07-30 14:05:43,389 [INFO] CmdLine:76 -  operation type         #           %
2026-07-30 14:05:43,389 [INFO] CmdLine:76 -  ---------------- ------- -----------
2026-07-30 14:05:43,389 [INFO] CmdLine:76 -  smul_f32_s8        1,411      100.0%
2026-07-30 14:05:43,389 [INFO] CmdLine:76 -  Complexity report (model)
2026-07-30 14:05:43,389 [INFO] CmdLine:76 -  ------ -------------------- ------------------------- ------------------------- ------
2026-07-30 14:05:43,389 [INFO] CmdLine:76 -  m_id   name                 c_macc                    c_rom                     c_id
2026-07-30 14:05:43,389 [INFO] CmdLine:76 -  ------ -------------------- ------------------------- ------------------------- ------
2026-07-30 14:05:43,389 [INFO] CmdLine:76 -  1      label                |||||||||||||||| 100.0%   |||||||||||||||| 100.0%   [0]
2026-07-30 14:05:43,389 [INFO] CmdLine:76 -  3      output_probability   |                  0.0%   |                  0.0%   [1]
2026-07-30 14:05:43,389 [INFO] CmdLine:76 -  ------ -------------------- ------------------------- ------------------------- ------
2026-07-30 14:05:43,389 [INFO] CmdLine:76 -  macc=1,411 weights=2,632,036 act=64 ram_io=0
2026-07-30 14:05:43,389 [INFO] CmdLine:76 -  Requested memory size by section - "stm32l4" target
2026-07-30 14:05:43,389 [INFO] CmdLine:76 -  ------------------------------ ------- ----------- ------- -----
2026-07-30 14:05:43,389 [INFO] CmdLine:76 -  module                            text      rodata    data   bss
2026-07-30 14:05:43,389 [INFO] CmdLine:76 -  ------------------------------ ------- ----------- ------- -----
2026-07-30 14:05:43,389 [INFO] CmdLine:76 -  NetworkRuntime1020_CM4_GCC.a     5,508           0       0     0
2026-07-30 14:05:43,389 [INFO] CmdLine:76 -  network.o                          704          16   1,768   172
2026-07-30 14:05:43,389 [INFO] CmdLine:76 -  network_data.o                      48          16      88     0
2026-07-30 14:05:43,389 [INFO] CmdLine:76 -  lib (toolchain)*                     0           0       0     0
2026-07-30 14:05:43,389 [INFO] CmdLine:76 -  ------------------------------ ------- ----------- ------- -----
2026-07-30 14:05:43,389 [INFO] CmdLine:76 -  RT total**                       6,260          32   1,856   172
2026-07-30 14:05:43,389 [INFO] CmdLine:76 -  ------------------------------ ------- ----------- ------- -----
2026-07-30 14:05:43,389 [INFO] CmdLine:76 -  weights                              0   2,632,040       0     0
2026-07-30 14:05:43,389 [INFO] CmdLine:76 -  activations                          0           0       0    64
2026-07-30 14:05:43,389 [INFO] CmdLine:76 -  io                                   0           0       0     0
2026-07-30 14:05:43,389 [INFO] CmdLine:76 -  ------------------------------ ------- ----------- ------- -----
2026-07-30 14:05:43,389 [INFO] CmdLine:76 -  TOTAL                            6,260   2,632,072   1,856   236
2026-07-30 14:05:43,389 [INFO] CmdLine:76 -  ------------------------------ ------- ----------- ------- -----
2026-07-30 14:05:43,389 [INFO] CmdLine:76 -  *  toolchain objects (libm/libgcc*)
2026-07-30 14:05:43,389 [INFO] CmdLine:76 -  ** RT AI runtime objects (kernels+infrastructure)
2026-07-30 14:05:43,389 [INFO] CmdLine:76 -   Summary - "stm32l4" target
2026-07-30 14:05:43,389 [INFO] CmdLine:76 -   --------------------------------------------------
2026-07-30 14:05:43,389 [INFO] CmdLine:76 -                FLASH (ro)     %*   RAM (rw)       %
2026-07-30 14:05:43,389 [INFO] CmdLine:76 -   --------------------------------------------------
2026-07-30 14:05:43,389 [INFO] CmdLine:76 -   RT total          8,148   0.3%      2,028   96.9%
2026-07-30 14:05:43,389 [INFO] CmdLine:76 -   --------------------------------------------------
2026-07-30 14:05:43,389 [INFO] CmdLine:76 -   TOTAL         2,640,188             2,092
2026-07-30 14:05:43,389 [INFO] CmdLine:76 -   --------------------------------------------------
2026-07-30 14:05:43,389 [INFO] CmdLine:76 -   *  rt/total
2026-07-30 14:05:43,389 [INFO] CmdLine:76 - Creating txt report file C:\Users\ADMIN\.stm32cubemx\network_output\network_analyze_report.txt
2026-07-30 14:05:55,237 [INFO] CmdLine:76 - elapsed time (analyze): 50.076s
2026-07-30 14:05:55,854 [INFO] CmdLine:148 - stedgeai exit with status: 0
2026-07-30 14:05:56,150 [INFO] AIModelDetailledView:1077 - Model file:      random_forest_model.onnx
2026-07-30 14:05:56,150 [INFO] AIModelDetailledView:1077 - Total Flash:     2640184 B (2.52 MiB)
2026-07-30 14:05:56,151 [INFO] AIModelDetailledView:1077 -     Weights:     2632036 B (2.51 MiB)
2026-07-30 14:05:56,151 [INFO] AIModelDetailledView:1077 -     Library:     8148 B (7.96 KiB)
2026-07-30 14:05:56,151 [INFO] AIModelDetailledView:1077 - Total Ram:       2092 B (2.04 KiB)
2026-07-30 14:05:56,152 [INFO] AIModelDetailledView:1077 -     Activations: 64 B
2026-07-30 14:05:56,152 [INFO] AIModelDetailledView:1077 -     Library:     2028 B (1.98 KiB)
2026-07-30 14:05:56,152 [INFO] AIModelDetailledView:1077 -     Input:       24 B (included in Activations)
2026-07-30 14:05:56,152 [INFO] AIModelDetailledView:1077 -     Output:      44 B (included in Activations)
2026-07-30 14:05:56,152 [INFO] AIModelDetailledView:1077 - Done
2026-07-30 14:05:56,152 [INFO] AIModelDetailledView:2598 - Analyze complete on AI model
2026-07-30 14:05:56,154 [WARN] AIModelDetailledView:2618 - Required Ram or Flash size for network is bigger than available Ram or Flash
2026-07-30 14:05:56,154 [INFO] AIModelDetailledView:2264 - Analysis status: done
2026-07-30 14:06:05,276 [INFO] AInterface:116 - AInterface using toolDir: C:/Users/ADMIN/STM32Cube/Repository//Packs/STMicroelectronics/X-CUBE-AI/10.2.1/Utilities/windows
2026-07-30 14:06:05,318 [INFO] AIModelDetailledView:2264 - Analysis status: -
2026-07-30 14:06:05,318 [INFO] AIModelDetailledView:898 - Selected model: Keras
2026-07-30 14:06:07,661 [INFO] AIModelDetailledView:898 - Selected model: ONNX
2026-07-30 14:24:55,161 [INFO] AI:955 - getUI adding AI com.st.microxplorer.plugins.ip.ai.AI@71f5e271 on STMicroelectronics.X-CUBE-AI.10.2.1
2026-07-30 14:25:04,451 [INFO] AI:955 - getUI adding AI com.st.microxplorer.plugins.ip.ai.AI@71f5e271 on STMicroelectronics.X-CUBE-AI.10.2.1
2026-07-30 14:25:16,191 [INFO] AI:955 - getUI adding AI com.st.microxplorer.plugins.ip.ai.AI@71f5e271 on STMicroelectronics.X-CUBE-AI.10.2.1
2026-07-30 14:25:22,419 [INFO] AI:955 - getUI adding AI com.st.microxplorer.plugins.ip.ai.AI@71f5e271 on STMicroelectronics.X-CUBE-AI.10.2.1
2026-07-30 14:25:44,288 [INFO] I2cTimingTraitement:330 - 0x30A175AB
2026-07-30 14:25:51,481 [INFO] UtilMem:75 - End SaveConfig() Used Memory: 940332912 Bytes (1063256064)
2026-07-30 14:25:51,982 [INFO] AInterface:259 - ModelName:network; files:[D:\TinyML_Workshop-main\TinyML_Workshop_PGR\TinyML_PGR\ONNX\random_forest_model.onnx]; type:ONNX; compression:None
2026-07-30 14:25:51,984 [INFO] AInterface:526 - workspaceTempDir: C:/Users/ADMIN/AppData/Local/Temp/mxAI_workspace104432528162580013636501263347245884
2026-07-30 14:25:51,984 [INFO] AInterface:1179 - Setting Env: C:/Users/ADMIN/STM32Cube/Repository//Packs/STMicroelectronics/X-CUBE-AI/10.2.1/Utilities/windows
2026-07-30 14:25:51,992 [INFO] STM32CubeIDEBuilder:265 - Looking for gnu-tools-for-stm32 tools/bin/arm-none-eabi-gcc.exe in C:\ST\STM32CubeIDE_1.19.0\STM32CubeIDE
2026-07-30 14:25:51,995 [INFO] STM32CubeIDEBuilder:294 - checking C:\ST\STM32CubeIDE_1.19.0\STM32CubeIDE\plugins\com.st.stm32cube.ide.mcu.externaltools.gnu-tools-for-stm32.13.3.rel1.win32_1.0.0.202411081344\tools\bin\arm-none-eabi-gcc.exe
2026-07-30 14:25:51,995 [INFO] STM32CubeIDEBuilder:297 - ret=C:\ST\STM32CubeIDE_1.19.0\STM32CubeIDE\plugins\com.st.stm32cube.ide.mcu.externaltools.gnu-tools-for-stm32.13.3.rel1.win32_1.0.0.202411081344\tools\bin\arm-none-eabi-gcc.exe
2026-07-30 14:25:51,995 [INFO] STM32CubeIDEBuilder:311 - returning C:\ST\STM32CubeIDE_1.19.0\STM32CubeIDE\plugins\com.st.stm32cube.ide.mcu.externaltools.gnu-tools-for-stm32.13.3.rel1.win32_1.0.0.202411081344\tools\bin\arm-none-eabi-gcc.exe
2026-07-30 14:25:51,996 [INFO] AInterface:1236 - Custom PATH variable: C:/Users/ADMIN/STM32Cube/Repository//Packs/STMicroelectronics/X-CUBE-AI/10.2.1/Utilities/windows;C:/Users/ADMIN/STM32Cube/Repository//Packs/STMicroelectronics/X-CUBE-AI/10.2.1/Utilities/windows/mingw64/bin;C:/Users/ADMIN/STM32Cube/Repository//Packs/STMicroelectronics/X-CUBE-AI/10.2.1/Utilities/windows/mingw64/libexec/gcc/x86_64-w64-mingw32/7.3.0;;C:\ST\STM32CubeIDE_1.19.0\STM32CubeIDE\plugins\com.st.stm32cube.ide.mcu.externaltools.gnu-tools-for-stm32.13.3.rel1.win32_1.0.0.202411081344\tools\bin
2026-07-30 14:25:51,998 [INFO] CmdLine:115 - Command: C:/Users/ADMIN/STM32Cube/Repository//Packs/STMicroelectronics/X-CUBE-AI/10.2.1/Utilities/windows/stedgeai.exe analyze --target stm32l4 --name network -m D:/TinyML_Workshop-main/TinyML_Workshop_PGR/TinyML_PGR/ONNX/random_forest_model.onnx --compression none --verbosity 1 --workspace C:/Users/ADMIN/AppData/Local/Temp/mxAI_workspace104432528162580013636501263347245884 --output C:/Users/ADMIN/.stm32cubemx/network_output
2026-07-30 14:25:51,998 [INFO] AIModelDetailledView:2264 - Analysis status: pending
2026-07-30 14:25:52,819 [INFO] CmdLine:76 - ST Edge AI Core v2.2.0-20266 2adc00962
2026-07-30 14:26:16,294 [INFO] CmdLine:76 - Creating c (debug) info json file C:\Users\ADMIN\.stm32cubemx\network_output\network_c_info.json
2026-07-30 14:26:16,603 [INFO] CmdLine:76 -  
2026-07-30 14:26:16,604 [INFO] CmdLine:76 -  Exec/report summary (analyze)
2026-07-30 14:26:16,604 [INFO] CmdLine:76 -  --------------------------------------------------------------------------------------------------------------
2026-07-30 14:26:16,605 [INFO] CmdLine:76 -  model file         :   D:\TinyML_Workshop-main\TinyML_Workshop_PGR\TinyML_PGR\ONNX\random_forest_model.onnx   
2026-07-30 14:26:16,605 [INFO] CmdLine:76 -  type               :   onnx                                                                                   
2026-07-30 14:26:16,605 [INFO] CmdLine:76 -  c_name             :   network                                                                                
2026-07-30 14:26:16,606 [INFO] CmdLine:76 -  compression        :   none                                                                                   
2026-07-30 14:26:16,606 [INFO] CmdLine:76 -  options            :   allocate-inputs, allocate-outputs                                                      
2026-07-30 14:26:16,607 [INFO] CmdLine:76 -  optimization       :   balanced                                                                               
2026-07-30 14:26:16,607 [INFO] CmdLine:76 -  target/series      :   stm32l4                                                                                
2026-07-30 14:26:16,607 [INFO] CmdLine:76 -  workspace dir      :   C:\Users\ADMIN\AppData\Local\Temp\mxAI_workspace104432528162580013636501263347245884   
2026-07-30 14:26:16,607 [INFO] CmdLine:76 -  output dir         :   C:\Users\ADMIN\.stm32cubemx\network_output                                             
2026-07-30 14:26:16,607 [INFO] CmdLine:76 -  model_fmt          :   undefined                                                                              
2026-07-30 14:26:16,607 [INFO] CmdLine:76 -  model_name         :   random_forest_model                                                                    
2026-07-30 14:26:16,608 [INFO] CmdLine:76 -  model_hash         :   0x00177bf66787f228ea6e8f5ba719480d                                                     
2026-07-30 14:26:16,608 [INFO] CmdLine:76 -  params #           :   1,043,793 items (2.51 MiB)                                                             
2026-07-30 14:26:16,608 [INFO] CmdLine:76 -  --------------------------------------------------------------------------------------------------------------
2026-07-30 14:26:16,608 [INFO] CmdLine:76 -  input 1/1          :   'float_input', f32(1x1x6), 24 Bytes, activations                                       
2026-07-30 14:26:16,608 [INFO] CmdLine:76 -  output 1/2         :   'label0', int32(1x1), 4 Bytes, activations                                             
2026-07-30 14:26:16,608 [INFO] CmdLine:76 -  output 2/2         :   'output_probability', f32(1x1x5x2), 40 Bytes, activations                              
2026-07-30 14:26:16,609 [INFO] CmdLine:76 -  outputs (total)    :   44 Bytes                                                                               
2026-07-30 14:26:16,609 [INFO] CmdLine:76 -  macc               :   1,411                                                                                  
2026-07-30 14:26:16,609 [INFO] CmdLine:76 -  weights (ro)       :   2,632,036 B (2.51 MiB) (1 segment) / -1,543,136(-37.0%) vs float model                 
2026-07-30 14:26:16,609 [INFO] CmdLine:76 -  activations (rw)   :   64 B (64 B) (1 segment) *                                                              
2026-07-30 14:26:16,609 [INFO] CmdLine:76 -  ram (total)        :   64 B (64 B) = 64 + 0 + 0                                                               
2026-07-30 14:26:16,609 [INFO] CmdLine:76 -  --------------------------------------------------------------------------------------------------------------
2026-07-30 14:26:16,609 [INFO] CmdLine:76 -  (*) 'input'/'output' buffers are allocated in the activations buffer
2026-07-30 14:26:16,715 [INFO] CmdLine:76 - Computing AI RT data/code size (target=stm32l4)..
2026-07-30 14:26:21,465 [INFO] CmdLine:76 -  Model name - random_forest_model
2026-07-30 14:26:21,466 [INFO] CmdLine:76 -  ------ -------------------------------- ---------------- --------------------- ------- --------------
2026-07-30 14:26:21,466 [INFO] CmdLine:76 -  m_id   layer (original)                 oshape           param/size               macc   connected to
2026-07-30 14:26:21,467 [INFO] CmdLine:76 -  ------ -------------------------------- ---------------- --------------------- ------- --------------
2026-07-30 14:26:21,467 [INFO] CmdLine:76 -  0      float_input ()                   [h:1,c:6]
2026-07-30 14:26:21,467 [INFO] CmdLine:76 -  ------ -------------------------------- ---------------- --------------------- ------- --------------
2026-07-30 14:26:21,468 [INFO] CmdLine:76 -  1      label (TreeEnsembleClassifier)   [c:1][h:1,c:5]   1,043,788/2,632,028     1,411    float_input
2026-07-30 14:26:21,468 [INFO] CmdLine:76 -  ------ -------------------------------- ---------------- --------------------- ------- --------------
2026-07-30 14:26:21,468 [INFO] CmdLine:76 -  2      output_label (Cast)              [c:1]                                        2          label
2026-07-30 14:26:21,469 [INFO] CmdLine:76 -  ------ -------------------------------- ---------------- --------------------- ------- --------------
2026-07-30 14:26:21,469 [INFO] CmdLine:76 -  3      output_probability (ZipMap)      [h:1,w:5,c:2]    5/5                                    label
2026-07-30 14:26:21,469 [INFO] CmdLine:76 -  ------ -------------------------------- ---------------- --------------------- ------- --------------
2026-07-30 14:26:21,469 [INFO] CmdLine:76 -  model: macc=1,413 weights=2,632,033 activations=-- io=--
2026-07-30 14:26:21,469 [INFO] CmdLine:76 -  Number of operations per c-layer
2026-07-30 14:26:21,470 [INFO] CmdLine:76 -  ------- ------ -------------------------------- ------- -------------
2026-07-30 14:26:21,470 [INFO] CmdLine:76 -  c_id    m_id   name (type)                          #op          type
2026-07-30 14:26:21,470 [INFO] CmdLine:76 -  ------- ------ -------------------------------- ------- -------------
2026-07-30 14:26:21,471 [INFO] CmdLine:76 -  0       1      label (TreeEnsembleClassifier)     1,411   smul_f32_s8
2026-07-30 14:26:21,471 [INFO] CmdLine:76 -  1       3      output_probability (ZipMap)            0   smul_f32_s8
2026-07-30 14:26:21,471 [INFO] CmdLine:76 -  ------- ------ -------------------------------- ------- -------------
2026-07-30 14:26:21,471 [INFO] CmdLine:76 -  total                                             1,411
2026-07-30 14:26:21,471 [INFO] CmdLine:76 -  Number of operation types
2026-07-30 14:26:21,471 [INFO] CmdLine:76 -  ---------------- ------- -----------
2026-07-30 14:26:21,471 [INFO] CmdLine:76 -  operation type         #           %
2026-07-30 14:26:21,472 [INFO] CmdLine:76 -  ---------------- ------- -----------
2026-07-30 14:26:21,472 [INFO] CmdLine:76 -  smul_f32_s8        1,411      100.0%
2026-07-30 14:26:21,472 [INFO] CmdLine:76 -  Complexity report (model)
2026-07-30 14:26:21,472 [INFO] CmdLine:76 -  ------ -------------------- ------------------------- ------------------------- ------
2026-07-30 14:26:21,472 [INFO] CmdLine:76 -  m_id   name                 c_macc                    c_rom                     c_id
2026-07-30 14:26:21,472 [INFO] CmdLine:76 -  ------ -------------------- ------------------------- ------------------------- ------
2026-07-30 14:26:21,472 [INFO] CmdLine:76 -  1      label                |||||||||||||||| 100.0%   |||||||||||||||| 100.0%   [0]
2026-07-30 14:26:21,472 [INFO] CmdLine:76 -  3      output_probability   |                  0.0%   |                  0.0%   [1]
2026-07-30 14:26:21,473 [INFO] CmdLine:76 -  ------ -------------------- ------------------------- ------------------------- ------
2026-07-30 14:26:21,473 [INFO] CmdLine:76 -  macc=1,411 weights=2,632,036 act=64 ram_io=0
2026-07-30 14:26:21,473 [INFO] CmdLine:76 -  Requested memory size by section - "stm32l4" target
2026-07-30 14:26:21,473 [INFO] CmdLine:76 -  ------------------------------ ------- ----------- ------- -----
2026-07-30 14:26:21,473 [INFO] CmdLine:76 -  module                            text      rodata    data   bss
2026-07-30 14:26:21,474 [INFO] CmdLine:76 -  ------------------------------ ------- ----------- ------- -----
2026-07-30 14:26:21,474 [INFO] CmdLine:76 -  NetworkRuntime1020_CM4_GCC.a     5,508           0       0     0
2026-07-30 14:26:21,474 [INFO] CmdLine:76 -  network.o                          704          16   1,768   172
2026-07-30 14:26:21,474 [INFO] CmdLine:76 -  network_data.o                      48          16      88     0
2026-07-30 14:26:21,474 [INFO] CmdLine:76 -  lib (toolchain)*                     0           0       0     0
2026-07-30 14:26:21,474 [INFO] CmdLine:76 -  ------------------------------ ------- ----------- ------- -----
2026-07-30 14:26:21,475 [INFO] CmdLine:76 -  RT total**                       6,260          32   1,856   172
2026-07-30 14:26:21,475 [INFO] CmdLine:76 -  ------------------------------ ------- ----------- ------- -----
2026-07-30 14:26:21,475 [INFO] CmdLine:76 -  weights                              0   2,632,040       0     0
2026-07-30 14:26:21,475 [INFO] CmdLine:76 -  activations                          0           0       0    64
2026-07-30 14:26:21,475 [INFO] CmdLine:76 -  io                                   0           0       0     0
2026-07-30 14:26:21,475 [INFO] CmdLine:76 -  ------------------------------ ------- ----------- ------- -----
2026-07-30 14:26:21,475 [INFO] CmdLine:76 -  TOTAL                            6,260   2,632,072   1,856   236
2026-07-30 14:26:21,476 [INFO] CmdLine:76 -  ------------------------------ ------- ----------- ------- -----
2026-07-30 14:26:21,476 [INFO] CmdLine:76 -  *  toolchain objects (libm/libgcc*)
2026-07-30 14:26:21,476 [INFO] CmdLine:76 -  ** RT AI runtime objects (kernels+infrastructure)
2026-07-30 14:26:21,476 [INFO] CmdLine:76 -   Summary - "stm32l4" target
2026-07-30 14:26:21,476 [INFO] CmdLine:76 -   --------------------------------------------------
2026-07-30 14:26:21,476 [INFO] CmdLine:76 -                FLASH (ro)     %*   RAM (rw)       %
2026-07-30 14:26:21,476 [INFO] CmdLine:76 -   --------------------------------------------------
2026-07-30 14:26:21,476 [INFO] CmdLine:76 -   RT total          8,148   0.3%      2,028   96.9%
2026-07-30 14:26:21,477 [INFO] CmdLine:76 -   --------------------------------------------------
2026-07-30 14:26:21,477 [INFO] CmdLine:76 -   TOTAL         2,640,188             2,092
2026-07-30 14:26:21,477 [INFO] CmdLine:76 -   --------------------------------------------------
2026-07-30 14:26:21,477 [INFO] CmdLine:76 -   *  rt/total
2026-07-30 14:26:21,477 [INFO] CmdLine:76 - Creating txt report file C:\Users\ADMIN\.stm32cubemx\network_output\network_analyze_report.txt
2026-07-30 14:26:22,593 [INFO] CmdLine:76 - elapsed time (analyze): 29.773s
2026-07-30 14:26:23,196 [INFO] CmdLine:148 - stedgeai exit with status: 0
2026-07-30 14:26:23,547 [INFO] AIModelDetailledView:2598 - Analyze complete on AI model
2026-07-30 14:26:23,642 [WARN] AIModelDetailledView:2618 - Required Ram or Flash size for network is bigger than available Ram or Flash
2026-07-30 14:26:23,642 [INFO] AIModelDetailledView:2264 - Analysis status: done
2026-07-30 14:26:23,673 [ERROR] LogOutputStream:75 - [STDERR_REDIRECT] Exception in thread "AWT-EventQueue-0" java.lang.ClassCastException: class javax.swing.SwingUtilities$SharedOwnerFrame cannot be cast to class com.st.microxplorer.maingui.MainFrame (javax.swing.SwingUtilities$SharedOwnerFrame is in module java.desktop of loader 'bootstrap'; com.st.microxplorer.maingui.MainFrame is in unnamed module of loader org.eclipse.osgi.internal.loader.EquinoxClassLoader @579846cc)
2026-07-30 14:26:23,673 [ERROR] LogOutputStream:75 - [STDERR_REDIRECT] 	at com.st.microxplorer.plugins.ip.ai.model.AIAdvancedSettingsData.saveSettings(AIAdvancedSettingsData.java:655)
2026-07-30 14:26:23,688 [ERROR] LogOutputStream:75 - [STDERR_REDIRECT] 	at com.st.microxplorer.plugins.ip.ai.model.AIAdvancedSettingsData.cmdSaveSettings(AIAdvancedSettingsData.java:527)
2026-07-30 14:26:23,688 [ERROR] LogOutputStream:75 - [STDERR_REDIRECT] 	at com.st.microxplorer.plugins.ip.ai.gui.AIModelDetailledView.saveData(AIModelDetailledView.java:471)
2026-07-30 14:26:23,688 [ERROR] LogOutputStream:75 - [STDERR_REDIRECT] 	at com.st.microxplorer.plugins.ip.ai.gui.AIMainUI.saveModelDataNeededForGeneration(AIMainUI.java:912)
2026-07-30 14:26:23,688 [ERROR] LogOutputStream:75 - [STDERR_REDIRECT] 	at com.st.microxplorer.plugins.ip.ai.gui.AITopWindow.saveModelsData(AITopWindow.java:253)
2026-07-30 14:26:23,688 [ERROR] LogOutputStream:75 - [STDERR_REDIRECT] 	at com.st.microxplorer.plugins.ip.ai.AI.propertyChange(AI.java:1654)
2026-07-30 14:26:23,688 [ERROR] LogOutputStream:75 - [STDERR_REDIRECT] 	at java.desktop/java.beans.PropertyChangeSupport.fire(PropertyChangeSupport.java:343)
2026-07-30 14:26:23,704 [ERROR] LogOutputStream:75 - [STDERR_REDIRECT] 	at java.desktop/java.beans.PropertyChangeSupport.firePropertyChange(PropertyChangeSupport.java:335)
2026-07-30 14:26:23,704 [ERROR] LogOutputStream:75 - [STDERR_REDIRECT] 	at java.desktop/java.beans.PropertyChangeSupport.firePropertyChange(PropertyChangeSupport.java:268)
2026-07-30 14:26:23,704 [ERROR] LogOutputStream:75 - [STDERR_REDIRECT] 	at com.st.microxplorer.util.MXPropertyChangeSupport.firePropertyChange(MXPropertyChangeSupport.java:54)
2026-07-30 14:26:23,704 [ERROR] LogOutputStream:75 - [STDERR_REDIRECT] 	at com.st.microxplorer.mxsystem.MxSystem.completeSaveConfig(MxSystem.java:843)
2026-07-30 14:26:23,704 [ERROR] LogOutputStream:75 - [STDERR_REDIRECT] 	at com.st.microxplorer.plugins.filemanager.engine.SaveFileManager.saveConfiguration(SaveFileManager.java:125)
2026-07-30 14:26:23,704 [ERROR] LogOutputStream:75 - [STDERR_REDIRECT] 	at com.st.microxplorer.plugins.filemanager.engine.MainFileManager.userSaveConfig(MainFileManager.java:482)
2026-07-30 14:26:23,720 [ERROR] LogOutputStream:75 - [STDERR_REDIRECT] 	at com.st.microxplorer.plugins.filemanager.FileManagerView.getSpecificTask(FileManagerView.java:280)
2026-07-30 14:26:23,720 [ERROR] LogOutputStream:75 - [STDERR_REDIRECT] 	at com.st.stm32cube.common.mx.editor.CubeMxEditor$9.run(CubeMxEditor.java:690)
2026-07-30 14:26:23,720 [ERROR] LogOutputStream:75 - [STDERR_REDIRECT] 	at com.st.stm32cube.common.mx.oss.core.awtswtbridge.AwtEnvironment$2.run(AwtEnvironment.java:166)
2026-07-30 14:26:23,720 [ERROR] LogOutputStream:75 - [STDERR_REDIRECT] 	at java.desktop/java.awt.event.InvocationEvent.dispatch(InvocationEvent.java:318)
2026-07-30 14:26:23,720 [ERROR] LogOutputStream:75 - [STDERR_REDIRECT] 	at java.desktop/java.awt.EventQueue.dispatchEventImpl(EventQueue.java:773)
2026-07-30 14:26:23,720 [ERROR] LogOutputStream:75 - [STDERR_REDIRECT] 	at java.desktop/java.awt.EventQueue$4.run(EventQueue.java:720)
2026-07-30 14:26:23,720 [ERROR] LogOutputStream:75 - [STDERR_REDIRECT] 	at java.desktop/java.awt.EventQueue$4.run(EventQueue.java:714)
2026-07-30 14:26:23,720 [ERROR] LogOutputStream:75 - [STDERR_REDIRECT] 	at java.base/java.security.AccessController.doPrivileged(AccessController.java:400)
2026-07-30 14:26:23,735 [ERROR] LogOutputStream:75 - [STDERR_REDIRECT] 	at java.base/java.security.ProtectionDomain$JavaSecurityAccessImpl.doIntersectionPrivilege(ProtectionDomain.java:87)
2026-07-30 14:26:23,735 [ERROR] LogOutputStream:75 - [STDERR_REDIRECT] 	at java.desktop/java.awt.EventQueue.dispatchEvent(EventQueue.java:742)
2026-07-30 14:26:23,735 [ERROR] LogOutputStream:75 - [STDERR_REDIRECT] 	at java.desktop/java.awt.EventDispatchThread.pumpOneEventForFilters(EventDispatchThread.java:203)
2026-07-30 14:26:23,735 [ERROR] LogOutputStream:75 - [STDERR_REDIRECT] 	at java.desktop/java.awt.EventDispatchThread.pumpEventsForFilter(EventDispatchThread.java:124)
2026-07-30 14:26:23,735 [ERROR] LogOutputStream:75 - [STDERR_REDIRECT] 	at java.desktop/java.awt.EventDispatchThread.pumpEventsForHierarchy(EventDispatchThread.java:113)
2026-07-30 14:26:23,735 [ERROR] LogOutputStream:75 - [STDERR_REDIRECT] 	at java.desktop/java.awt.EventDispatchThread.pumpEvents(EventDispatchThread.java:109)
2026-07-30 14:26:23,735 [ERROR] LogOutputStream:75 - [STDERR_REDIRECT] 	at java.desktop/java.awt.EventDispatchThread.pumpEvents(EventDispatchThread.java:101)
2026-07-30 14:26:23,751 [ERROR] LogOutputStream:75 - [STDERR_REDIRECT] 	at java.desktop/java.awt.EventDispatchThread.run(EventDispatchThread.java:90)
2026-07-30 14:26:41,540 [INFO] UtilMem:75 - End SaveConfig() Used Memory: 475125120 Bytes (1063256064)
2026-07-30 14:26:42,947 [INFO] UtilMem:75 - End SaveConfig() Used Memory: 543282560 Bytes (1063256064)
2026-07-30 14:26:44,516 [INFO] UtilMem:75 - End SaveConfig() Used Memory: 609865088 Bytes (1063256064)
2026-07-30 14:26:44,854 [INFO] ProjectBuilder:2395 - IP not ready for code generation: STMicroelectronics.X-CUBE-AI.10.2.1
2026-07-30 14:26:51,654 [INFO] BlockDiagram:2775 - set Specific Code input for plugin: SYS
2026-07-30 14:26:51,654 [INFO] BlockDiagram:2775 - set Specific Code input for plugin: RCC
2026-07-30 14:26:51,654 [INFO] BlockDiagram:2775 - set Specific Code input for plugin: I2C
2026-07-30 14:26:51,654 [INFO] BlockDiagram:2775 - set Specific Code input for plugin: NVIC
2026-07-30 14:26:51,654 [INFO] BlockDiagram:2775 - set Specific Code input for plugin: USART
2026-07-30 14:26:51,654 [INFO] BlockDiagram:2775 - set Specific Code input for plugin: STMicroelectronics.X-CUBE-AI.10.2.1
2026-07-30 14:26:51,654 [INFO] BlockDiagram:2775 - set Specific Code input for plugin: GPIO
2026-07-30 14:26:51,654 [INFO] CodeGenerator:892 - code generatio: config db path: C:\ST\STM32CubeIDE_1.19.0\STM32CubeIDE\plugins\com.st.stm32cube.common.mx_6.15.0.202507011659\\db\
2026-07-30 14:26:51,732 [INFO] IP:3329 - RTE Config file name : RTE_Component
2026-07-30 14:26:51,732 [INFO] IP:3347 - RTE template : RTE_Components.ftl
2026-07-30 14:26:51,748 [INFO] CodeEngine:265 - oldGeneratedFile, D:\TinyML_Workshop-main\TinyML_Workshop_PGR\TinyML_PGR\STM32\Inf_OnBoard\MXTmpFiles\license.tmp_save
2026-07-30 14:26:52,186 [INFO] CodeEngine:289 - Generated code: D:\TinyML_Workshop-main\TinyML_Workshop_PGR\TinyML_PGR\STM32\Inf_OnBoard\MXTmpFiles\license.tmp
2026-07-30 14:26:52,222 [INFO] CodeEngine:265 - oldGeneratedFile, D:\TinyML_Workshop-main\TinyML_Workshop_PGR\TinyML_PGR\STM32\Inf_OnBoard\MXTmpFiles\gpio.tmp_save
2026-07-30 14:26:52,490 [INFO] CodeEngine:289 - Generated code: D:\TinyML_Workshop-main\TinyML_Workshop_PGR\TinyML_PGR\STM32\Inf_OnBoard\MXTmpFiles\gpio.tmp
2026-07-30 14:26:52,592 [INFO] Middleware:1452 - No code input for Bsp Dependency
2026-07-30 14:26:52,594 [INFO] Middleware:1452 - No code input for Bsp Dependency
2026-07-30 14:26:52,606 [INFO] CodeEngine:265 - oldGeneratedFile, D:\TinyML_Workshop-main\TinyML_Workshop_PGR\TinyML_PGR\STM32\Inf_OnBoard\Core\Src\stm32l4xx_it.c_save
2026-07-30 14:26:53,039 [INFO] CodeEngine:289 - Generated code: D:\TinyML_Workshop-main\TinyML_Workshop_PGR\TinyML_PGR\STM32\Inf_OnBoard\Core\Src\stm32l4xx_it.c
2026-07-30 14:26:53,047 [INFO] CodeEngine:265 - oldGeneratedFile, D:\TinyML_Workshop-main\TinyML_Workshop_PGR\TinyML_PGR\STM32\Inf_OnBoard\Core\Inc\stm32l4xx_it.h_save
2026-07-30 14:26:53,212 [INFO] CodeEngine:289 - Generated code: D:\TinyML_Workshop-main\TinyML_Workshop_PGR\TinyML_PGR\STM32\Inf_OnBoard\Core\Inc\stm32l4xx_it.h
2026-07-30 14:26:53,230 [INFO] CodeEngine:265 - oldGeneratedFile, D:\TinyML_Workshop-main\TinyML_Workshop_PGR\TinyML_PGR\STM32\Inf_OnBoard\Core\Src\stm32l4xx_hal_msp.c_save
2026-07-30 14:26:53,485 [INFO] CodeEngine:289 - Generated code: D:\TinyML_Workshop-main\TinyML_Workshop_PGR\TinyML_PGR\STM32\Inf_OnBoard\Core\Src\stm32l4xx_hal_msp.c
2026-07-30 14:26:53,500 [INFO] CodeEngine:265 - oldGeneratedFile, D:\TinyML_Workshop-main\TinyML_Workshop_PGR\TinyML_PGR\STM32\Inf_OnBoard\MXTmpFiles\system.tmp_save
2026-07-30 14:26:53,594 [INFO] CodeEngine:289 - Generated code: D:\TinyML_Workshop-main\TinyML_Workshop_PGR\TinyML_PGR\STM32\Inf_OnBoard\MXTmpFiles\system.tmp
2026-07-30 14:26:53,610 [INFO] CodeEngine:321 - oldGeneratedFile, D:\TinyML_Workshop-main\TinyML_Workshop_PGR\TinyML_PGR\STM32\Inf_OnBoard\Core\Inc\stm32l4xx_hal_conf.h_save
2026-07-30 14:26:53,735 [INFO] CodeEngine:345 - Generated code: D:\TinyML_Workshop-main\TinyML_Workshop_PGR\TinyML_PGR\STM32\Inf_OnBoard\Core\Inc\stm32l4xx_hal_conf.h
2026-07-30 14:26:53,766 [INFO] CodeEngine:265 - oldGeneratedFile, D:\TinyML_Workshop-main\TinyML_Workshop_PGR\TinyML_PGR\STM32\Inf_OnBoard\Core\Inc\main.h_save
2026-07-30 14:26:53,907 [INFO] CodeEngine:289 - Generated code: D:\TinyML_Workshop-main\TinyML_Workshop_PGR\TinyML_PGR\STM32\Inf_OnBoard\Core\Inc\main.h
2026-07-30 14:26:53,922 [INFO] CodeEngine:265 - oldGeneratedFile, D:\TinyML_Workshop-main\TinyML_Workshop_PGR\TinyML_PGR\STM32\Inf_OnBoard\Core\Src\main.c_save
2026-07-30 14:26:54,063 [INFO] CodeEngine:289 - Generated code: D:\TinyML_Workshop-main\TinyML_Workshop_PGR\TinyML_PGR\STM32\Inf_OnBoard\Core\Src\main.c
2026-07-30 14:26:54,675 [INFO] ProjectBuilder:3606 - Time for Copy HAL[1] : 146mS.
2026-07-30 14:26:54,675 [ERROR] Middleware:2950 - Invalid RefComponent list
2026-07-30 14:26:54,675 [ERROR] Middleware:2950 - Invalid RefComponent list
2026-07-30 14:26:54,675 [ERROR] Middleware:2950 - Invalid RefComponent list
2026-07-30 14:26:54,675 [ERROR] Middleware:2950 - Invalid RefComponent list
2026-07-30 14:26:54,675 [ERROR] Middleware:2950 - Invalid RefComponent list
2026-07-30 14:26:54,675 [ERROR] Middleware:2950 - Invalid RefComponent list
2026-07-30 14:26:54,675 [ERROR] Middleware:2950 - Invalid RefComponent list
2026-07-30 14:26:54,675 [ERROR] Middleware:2950 - Invalid RefComponent list
2026-07-30 14:26:54,676 [ERROR] Middleware:2950 - Invalid RefComponent list
2026-07-30 14:26:54,676 [ERROR] Middleware:2950 - Invalid RefComponent list
2026-07-30 14:26:54,676 [ERROR] Middleware:2950 - Invalid RefComponent list
2026-07-30 14:26:54,676 [ERROR] Middleware:2950 - Invalid RefComponent list
2026-07-30 14:26:54,676 [ERROR] Middleware:2950 - Invalid RefComponent list
2026-07-30 14:26:54,676 [ERROR] Middleware:2950 - Invalid RefComponent list
2026-07-30 14:26:54,676 [ERROR] Middleware:2950 - Invalid RefComponent list
2026-07-30 14:26:54,676 [ERROR] Middleware:2950 - Invalid RefComponent list
2026-07-30 14:26:54,676 [ERROR] Middleware:2950 - Invalid RefComponent list
2026-07-30 14:26:54,676 [ERROR] Middleware:2950 - Invalid RefComponent list
2026-07-30 14:26:54,676 [ERROR] Middleware:2950 - Invalid RefComponent list
2026-07-30 14:26:54,676 [ERROR] Middleware:2950 - Invalid RefComponent list
2026-07-30 14:26:54,676 [ERROR] Middleware:2950 - Invalid RefComponent list
2026-07-30 14:26:54,676 [ERROR] Middleware:2950 - Invalid RefComponent list
2026-07-30 14:26:54,676 [ERROR] Middleware:2950 - Invalid RefComponent list
2026-07-30 14:26:54,676 [ERROR] Middleware:2950 - Invalid RefComponent list
2026-07-30 14:26:54,676 [ERROR] Middleware:2950 - Invalid RefComponent list
2026-07-30 14:26:54,676 [ERROR] Middleware:2950 - Invalid RefComponent list
2026-07-30 14:26:54,676 [ERROR] Middleware:2950 - Invalid RefComponent list
2026-07-30 14:26:54,676 [ERROR] Middleware:2950 - Invalid RefComponent list
2026-07-30 14:26:54,676 [ERROR] Middleware:2950 - Invalid RefComponent list
2026-07-30 14:26:54,676 [ERROR] Middleware:2950 - Invalid RefComponent list
2026-07-30 14:26:54,676 [ERROR] Middleware:2950 - Invalid RefComponent list
2026-07-30 14:26:54,676 [ERROR] Middleware:2950 - Invalid RefComponent list
2026-07-30 14:26:54,676 [ERROR] Middleware:2950 - Invalid RefComponent list
2026-07-30 14:26:54,677 [ERROR] Middleware:2950 - Invalid RefComponent list
2026-07-30 14:26:54,677 [ERROR] Middleware:2950 - Invalid RefComponent list
2026-07-30 14:26:54,677 [ERROR] Middleware:2950 - Invalid RefComponent list
2026-07-30 14:26:54,677 [ERROR] Middleware:2950 - Invalid RefComponent list
2026-07-30 14:26:54,677 [ERROR] Middleware:2950 - Invalid RefComponent list
2026-07-30 14:26:54,677 [ERROR] Middleware:2950 - Invalid RefComponent list
2026-07-30 14:26:54,677 [ERROR] Middleware:2950 - Invalid RefComponent list
2026-07-30 14:26:54,677 [ERROR] Middleware:2950 - Invalid RefComponent list
2026-07-30 14:26:54,677 [ERROR] Middleware:2950 - Invalid RefComponent list
2026-07-30 14:26:54,677 [ERROR] Middleware:2950 - Invalid RefComponent list
2026-07-30 14:26:54,677 [ERROR] Middleware:2950 - Invalid RefComponent list
2026-07-30 14:26:54,677 [ERROR] Middleware:2950 - Invalid RefComponent list
2026-07-30 14:26:54,677 [ERROR] Middleware:2950 - Invalid RefComponent list
2026-07-30 14:26:54,677 [ERROR] Middleware:2950 - Invalid RefComponent list
2026-07-30 14:26:54,677 [ERROR] Middleware:2950 - Invalid RefComponent list
2026-07-30 14:26:54,681 [INFO] ProjectBuilder:5216 - Project Generator version: 4.7.0-B52
2026-07-30 14:26:54,773 [INFO] ConfigFileManager:1595 - The Die is : DIE470
2026-07-30 14:26:56,112 [INFO] ProjectBuilder:5496 - Time for Generating toolchain IDE Files: 1431mS.
2026-07-30 14:26:56,113 [INFO] ProjectBuilder:3463 - Time for Copy CMSIS : 1mS.
2026-07-30 14:26:56,115 [INFO] ProjectBuilder:3463 - Time for Copy CMSIS : 0mS.
2026-07-30 15:00:32,040 [INFO] I2cTimingTraitement:330 - 0x30A175AB
2026-07-30 15:00:56,213 [INFO] AI:955 - getUI adding AI com.st.microxplorer.plugins.ip.ai.AI@71f5e271 on STMicroelectronics.X-CUBE-AI.10.2.1
2026-07-30 15:01:59,211 [INFO] AIModelDetailledView:2264 - Analysis status: -
2026-07-30 15:02:00,031 [INFO] AInterface:259 - ModelName:network; files:[D:\TinyML_Workshop-main\TinyML_Workshop_PGR\TinyML_PGR\ONNX\random_forest_model.onnx]; type:ONNX; compression:High
2026-07-30 15:02:00,032 [INFO] AInterface:526 - workspaceTempDir: C:/Users/ADMIN/AppData/Local/Temp/mxAI_workspace10464933304650008044907655446735079
2026-07-30 15:02:00,033 [INFO] AInterface:1179 - Setting Env: C:/Users/ADMIN/STM32Cube/Repository//Packs/STMicroelectronics/X-CUBE-AI/10.2.1/Utilities/windows
2026-07-30 15:02:00,042 [INFO] STM32CubeIDEBuilder:265 - Looking for gnu-tools-for-stm32 tools/bin/arm-none-eabi-gcc.exe in C:\ST\STM32CubeIDE_1.19.0\STM32CubeIDE
2026-07-30 15:02:00,045 [INFO] STM32CubeIDEBuilder:294 - checking C:\ST\STM32CubeIDE_1.19.0\STM32CubeIDE\plugins\com.st.stm32cube.ide.mcu.externaltools.gnu-tools-for-stm32.13.3.rel1.win32_1.0.0.202411081344\tools\bin\arm-none-eabi-gcc.exe
2026-07-30 15:02:00,045 [INFO] STM32CubeIDEBuilder:297 - ret=C:\ST\STM32CubeIDE_1.19.0\STM32CubeIDE\plugins\com.st.stm32cube.ide.mcu.externaltools.gnu-tools-for-stm32.13.3.rel1.win32_1.0.0.202411081344\tools\bin\arm-none-eabi-gcc.exe
2026-07-30 15:02:00,045 [INFO] STM32CubeIDEBuilder:311 - returning C:\ST\STM32CubeIDE_1.19.0\STM32CubeIDE\plugins\com.st.stm32cube.ide.mcu.externaltools.gnu-tools-for-stm32.13.3.rel1.win32_1.0.0.202411081344\tools\bin\arm-none-eabi-gcc.exe
2026-07-30 15:02:00,046 [INFO] AInterface:1236 - Custom PATH variable: C:/Users/ADMIN/STM32Cube/Repository//Packs/STMicroelectronics/X-CUBE-AI/10.2.1/Utilities/windows;C:/Users/ADMIN/STM32Cube/Repository//Packs/STMicroelectronics/X-CUBE-AI/10.2.1/Utilities/windows/mingw64/bin;C:/Users/ADMIN/STM32Cube/Repository//Packs/STMicroelectronics/X-CUBE-AI/10.2.1/Utilities/windows/mingw64/libexec/gcc/x86_64-w64-mingw32/7.3.0;;C:\ST\STM32CubeIDE_1.19.0\STM32CubeIDE\plugins\com.st.stm32cube.ide.mcu.externaltools.gnu-tools-for-stm32.13.3.rel1.win32_1.0.0.202411081344\tools\bin
2026-07-30 15:02:00,053 [INFO] CmdLine:115 - Command: C:/Users/ADMIN/STM32Cube/Repository//Packs/STMicroelectronics/X-CUBE-AI/10.2.1/Utilities/windows/stedgeai.exe analyze --target stm32l4 --name network -m D:/TinyML_Workshop-main/TinyML_Workshop_PGR/TinyML_PGR/ONNX/random_forest_model.onnx --compression high --verbosity 1 --workspace C:/Users/ADMIN/AppData/Local/Temp/mxAI_workspace10464933304650008044907655446735079 --output C:/Users/ADMIN/.stm32cubemx/network_output
2026-07-30 15:02:00,058 [INFO] AIModelDetailledView:2264 - Analysis status: pending
2026-07-30 15:02:00,860 [INFO] CmdLine:76 - ST Edge AI Core v2.2.0-20266 2adc00962
2026-07-30 15:02:24,875 [INFO] CmdLine:76 - Creating c (debug) info json file C:\Users\ADMIN\.stm32cubemx\network_output\network_c_info.json
2026-07-30 15:02:25,188 [INFO] CmdLine:76 -  
2026-07-30 15:02:25,188 [INFO] CmdLine:76 -  Exec/report summary (analyze)
2026-07-30 15:02:25,188 [INFO] CmdLine:76 -  --------------------------------------------------------------------------------------------------------------
2026-07-30 15:02:25,188 [INFO] CmdLine:76 -  model file         :   D:\TinyML_Workshop-main\TinyML_Workshop_PGR\TinyML_PGR\ONNX\random_forest_model.onnx   
2026-07-30 15:02:25,188 [INFO] CmdLine:76 -  type               :   onnx                                                                                   
2026-07-30 15:02:25,188 [INFO] CmdLine:76 -  c_name             :   network                                                                                
2026-07-30 15:02:25,203 [INFO] CmdLine:76 -  compression        :   high                                                                                   
2026-07-30 15:02:25,203 [INFO] CmdLine:76 -  options            :   allocate-inputs, allocate-outputs                                                      
2026-07-30 15:02:25,203 [INFO] CmdLine:76 -  optimization       :   balanced                                                                               
2026-07-30 15:02:25,203 [INFO] CmdLine:76 -  target/series      :   stm32l4                                                                                
2026-07-30 15:02:25,203 [INFO] CmdLine:76 -  workspace dir      :   C:\Users\ADMIN\AppData\Local\Temp\mxAI_workspace10464933304650008044907655446735079    
2026-07-30 15:02:25,203 [INFO] CmdLine:76 -  output dir         :   C:\Users\ADMIN\.stm32cubemx\network_output                                             
2026-07-30 15:02:25,203 [INFO] CmdLine:76 -  model_fmt          :   undefined                                                                              
2026-07-30 15:02:25,203 [INFO] CmdLine:76 -  model_name         :   random_forest_model                                                                    
2026-07-30 15:02:25,203 [INFO] CmdLine:76 -  model_hash         :   0x00177bf66787f228ea6e8f5ba719480d                                                     
2026-07-30 15:02:25,203 [INFO] CmdLine:76 -  params #           :   1,043,793 items (2.51 MiB)                                                             
2026-07-30 15:02:25,203 [INFO] CmdLine:76 -  --------------------------------------------------------------------------------------------------------------
2026-07-30 15:02:25,203 [INFO] CmdLine:76 -  input 1/1          :   'float_input', f32(1x1x6), 24 Bytes, activations                                       
2026-07-30 15:02:25,203 [INFO] CmdLine:76 -  output 1/2         :   'label0', int32(1x1), 4 Bytes, activations                                             
2026-07-30 15:02:25,203 [INFO] CmdLine:76 -  output 2/2         :   'output_probability', f32(1x1x5x2), 40 Bytes, activations                              
2026-07-30 15:02:25,203 [INFO] CmdLine:76 -  outputs (total)    :   44 Bytes                                                                               
2026-07-30 15:02:25,203 [INFO] CmdLine:76 -  macc               :   1,411                                                                                  
2026-07-30 15:02:25,203 [INFO] CmdLine:76 -  weights (ro)       :   1,951,248 B (1.86 MiB) (1 segment) / -2,223,924(-53.3%) vs float model                 
2026-07-30 15:02:25,203 [INFO] CmdLine:76 -  activations (rw)   :   64 B (64 B) (1 segment) *                                                              
2026-07-30 15:02:25,203 [INFO] CmdLine:76 -  ram (total)        :   64 B (64 B) = 64 + 0 + 0                                                               
2026-07-30 15:02:25,203 [INFO] CmdLine:76 -  --------------------------------------------------------------------------------------------------------------
2026-07-30 15:02:25,203 [INFO] CmdLine:76 -  (*) 'input'/'output' buffers are allocated in the activations buffer
2026-07-30 15:02:25,313 [INFO] CmdLine:76 - Computing AI RT data/code size (target=stm32l4)..
2026-07-30 15:02:28,862 [INFO] CmdLine:76 -  Model name - random_forest_model
2026-07-30 15:02:28,862 [INFO] CmdLine:76 -  ------ -------------------------------- ---------------- --------------------- ------- --------------
2026-07-30 15:02:28,863 [INFO] CmdLine:76 -  m_id   layer (original)                 oshape           param/size               macc   connected to
2026-07-30 15:02:28,863 [INFO] CmdLine:76 -  ------ -------------------------------- ---------------- --------------------- ------- --------------
2026-07-30 15:02:28,864 [INFO] CmdLine:76 -  0      float_input ()                   [h:1,c:6]
2026-07-30 15:02:28,864 [INFO] CmdLine:76 -  ------ -------------------------------- ---------------- --------------------- ------- --------------
2026-07-30 15:02:28,864 [INFO] CmdLine:76 -  1      label (TreeEnsembleClassifier)   [c:1][h:1,c:5]   1,043,788/2,632,028     1,411    float_input
2026-07-30 15:02:28,865 [INFO] CmdLine:76 -  ------ -------------------------------- ---------------- --------------------- ------- --------------
2026-07-30 15:02:28,865 [INFO] CmdLine:76 -  2      output_label (Cast)              [c:1]                                        2          label
2026-07-30 15:02:28,867 [INFO] CmdLine:76 -  ------ -------------------------------- ---------------- --------------------- ------- --------------
2026-07-30 15:02:28,867 [INFO] CmdLine:76 -  3      output_probability (ZipMap)      [h:1,w:5,c:2]    5/5                                    label
2026-07-30 15:02:28,868 [INFO] CmdLine:76 -  ------ -------------------------------- ---------------- --------------------- ------- --------------
2026-07-30 15:02:28,868 [INFO] CmdLine:76 -  model: macc=1,413 weights=2,632,033 activations=-- io=--
2026-07-30 15:02:28,868 [INFO] CmdLine:76 -  Number of operations per c-layer
2026-07-30 15:02:28,868 [INFO] CmdLine:76 -  ------- ------ -------------------------------- ------- -------------
2026-07-30 15:02:28,869 [INFO] CmdLine:76 -  c_id    m_id   name (type)                          #op          type
2026-07-30 15:02:28,869 [INFO] CmdLine:76 -  ------- ------ -------------------------------- ------- -------------
2026-07-30 15:02:28,870 [INFO] CmdLine:76 -  0       1      label (TreeEnsembleClassifier)     1,411   smul_f32_s8
2026-07-30 15:02:28,870 [INFO] CmdLine:76 -  1       3      output_probability (ZipMap)            0   smul_f32_s8
2026-07-30 15:02:28,873 [INFO] CmdLine:76 -  ------- ------ -------------------------------- ------- -------------
2026-07-30 15:02:28,874 [INFO] CmdLine:76 -  total                                             1,411
2026-07-30 15:02:28,874 [INFO] CmdLine:76 -  Number of operation types
2026-07-30 15:02:28,875 [INFO] CmdLine:76 -  ---------------- ------- -----------
2026-07-30 15:02:28,875 [INFO] CmdLine:76 -  operation type         #           %
2026-07-30 15:02:28,875 [INFO] CmdLine:76 -  ---------------- ------- -----------
2026-07-30 15:02:28,875 [INFO] CmdLine:76 -  smul_f32_s8        1,411      100.0%
2026-07-30 15:02:28,876 [INFO] CmdLine:76 -  Complexity report (model)
2026-07-30 15:02:28,876 [INFO] CmdLine:76 -  ------ -------------------- ------------------------- ------------------------- ------
2026-07-30 15:02:28,876 [INFO] CmdLine:76 -  m_id   name                 c_macc                    c_rom                     c_id
2026-07-30 15:02:28,877 [INFO] CmdLine:76 -  ------ -------------------- ------------------------- ------------------------- ------
2026-07-30 15:02:28,877 [INFO] CmdLine:76 -  1      label                |||||||||||||||| 100.0%   |||||||||||||||| 100.0%   [0]
2026-07-30 15:02:28,877 [INFO] CmdLine:76 -  3      output_probability   |                  0.0%   |                  0.0%   [1]
2026-07-30 15:02:28,877 [INFO] CmdLine:76 -  ------ -------------------- ------------------------- ------------------------- ------
2026-07-30 15:02:28,878 [INFO] CmdLine:76 -  macc=1,411 weights=1,951,248 act=64 ram_io=0
2026-07-30 15:02:28,878 [INFO] CmdLine:76 -  Requested memory size by section - "stm32l4" target
2026-07-30 15:02:28,878 [INFO] CmdLine:76 -  ------------------------------ ------- ----------- ------- -----
2026-07-30 15:02:28,878 [INFO] CmdLine:76 -  module                            text      rodata    data   bss
2026-07-30 15:02:28,878 [INFO] CmdLine:76 -  ------------------------------ ------- ----------- ------- -----
2026-07-30 15:02:28,879 [INFO] CmdLine:76 -  NetworkRuntime1020_CM4_GCC.a     5,508           0       0     0
2026-07-30 15:02:28,879 [INFO] CmdLine:76 -  network.o                          704          16   1,768   172
2026-07-30 15:02:28,879 [INFO] CmdLine:76 -  network_data.o                      48          16      88     0
2026-07-30 15:02:28,884 [INFO] CmdLine:76 -  lib (toolchain)*                     0           0       0     0
2026-07-30 15:02:28,885 [INFO] CmdLine:76 -  ------------------------------ ------- ----------- ------- -----
2026-07-30 15:02:28,886 [INFO] CmdLine:76 -  RT total**                       6,260          32   1,856   172
2026-07-30 15:02:28,886 [INFO] CmdLine:76 -  ------------------------------ ------- ----------- ------- -----
2026-07-30 15:02:28,886 [INFO] CmdLine:76 -  weights                              0   1,951,248       0     0
2026-07-30 15:02:28,886 [INFO] CmdLine:76 -  activations                          0           0       0    64
2026-07-30 15:02:28,886 [INFO] CmdLine:76 -  io                                   0           0       0     0
2026-07-30 15:02:28,887 [INFO] CmdLine:76 -  ------------------------------ ------- ----------- ------- -----
2026-07-30 15:02:28,887 [INFO] CmdLine:76 -  TOTAL                            6,260   1,951,280   1,856   236
2026-07-30 15:02:28,887 [INFO] CmdLine:76 -  ------------------------------ ------- ----------- ------- -----
2026-07-30 15:02:28,887 [INFO] CmdLine:76 -  *  toolchain objects (libm/libgcc*)
2026-07-30 15:02:28,888 [INFO] CmdLine:76 -  ** RT AI runtime objects (kernels+infrastructure)
2026-07-30 15:02:28,888 [INFO] CmdLine:76 -   Summary - "stm32l4" target
2026-07-30 15:02:28,888 [INFO] CmdLine:76 -   --------------------------------------------------
2026-07-30 15:02:28,888 [INFO] CmdLine:76 -                FLASH (ro)     %*   RAM (rw)       %
2026-07-30 15:02:28,888 [INFO] CmdLine:76 -   --------------------------------------------------
2026-07-30 15:02:28,889 [INFO] CmdLine:76 -   RT total          8,148   0.4%      2,028   96.9%
2026-07-30 15:02:28,889 [INFO] CmdLine:76 -   --------------------------------------------------
2026-07-30 15:02:28,889 [INFO] CmdLine:76 -   TOTAL         1,959,396             2,092
2026-07-30 15:02:28,889 [INFO] CmdLine:76 -   --------------------------------------------------
2026-07-30 15:02:28,889 [INFO] CmdLine:76 -   *  rt/total
2026-07-30 15:02:28,890 [INFO] CmdLine:76 - Creating txt report file C:\Users\ADMIN\.stm32cubemx\network_output\network_analyze_report.txt
2026-07-30 15:02:40,525 [INFO] CmdLine:76 - elapsed time (analyze): 39.665s
2026-07-30 15:02:41,129 [INFO] CmdLine:148 - stedgeai exit with status: 0
2026-07-30 15:02:41,449 [INFO] AIModelDetailledView:1077 - Model file:      random_forest_model.onnx
2026-07-30 15:02:41,450 [INFO] AIModelDetailledView:1077 - Total Flash:     1959396 B (1.87 MiB)
2026-07-30 15:02:41,451 [INFO] AIModelDetailledView:1077 -     Weights:     1951248 B (1.86 MiB)
2026-07-30 15:02:41,451 [INFO] AIModelDetailledView:1077 -     Library:     8148 B (7.96 KiB)
2026-07-30 15:02:41,452 [INFO] AIModelDetailledView:1077 - Total Ram:       2092 B (2.04 KiB)
2026-07-30 15:02:41,452 [INFO] AIModelDetailledView:1077 -     Activations: 64 B
2026-07-30 15:02:41,453 [INFO] AIModelDetailledView:1077 -     Library:     2028 B (1.98 KiB)
2026-07-30 15:02:41,453 [INFO] AIModelDetailledView:1077 -     Input:       24 B (included in Activations)
2026-07-30 15:02:41,453 [INFO] AIModelDetailledView:1077 -     Output:      44 B (included in Activations)
2026-07-30 15:02:41,453 [INFO] AIModelDetailledView:1077 - Done
2026-07-30 15:02:41,453 [INFO] AIModelDetailledView:2598 - Analyze complete on AI model
2026-07-30 15:02:41,494 [INFO] AIModelDetailledView:2264 - Analysis status: done
2026-07-30 15:02:45,589 [INFO] UtilMem:75 - End SaveConfig() Used Memory: 659166448 Bytes (1073741824)
2026-07-30 15:02:47,132 [INFO] UtilMem:75 - End SaveConfig() Used Memory: 721032432 Bytes (1073741824)
2026-07-30 15:02:51,273 [INFO] UtilMem:75 - End SaveConfig() Used Memory: 781849840 Bytes (1073741824)
2026-07-30 15:02:51,829 [INFO] BlockDiagram:2775 - set Specific Code input for plugin: SYS
2026-07-30 15:02:51,829 [INFO] BlockDiagram:2775 - set Specific Code input for plugin: RCC
2026-07-30 15:02:51,829 [INFO] BlockDiagram:2775 - set Specific Code input for plugin: I2C
2026-07-30 15:02:51,829 [INFO] BlockDiagram:2775 - set Specific Code input for plugin: NVIC
2026-07-30 15:02:51,829 [INFO] BlockDiagram:2775 - set Specific Code input for plugin: USART
2026-07-30 15:02:51,829 [INFO] BlockDiagram:2775 - set Specific Code input for plugin: STMicroelectronics.X-CUBE-AI.10.2.1
2026-07-30 15:02:51,829 [INFO] BlockDiagram:2775 - set Specific Code input for plugin: GPIO
2026-07-30 15:02:51,831 [INFO] CodeGenerator:892 - code generatio: config db path: C:\ST\STM32CubeIDE_1.19.0\STM32CubeIDE\plugins\com.st.stm32cube.common.mx_6.15.0.202507011659\\db\
2026-07-30 15:02:51,912 [INFO] IP:3329 - RTE Config file name : RTE_Component
2026-07-30 15:02:51,912 [INFO] IP:3347 - RTE template : RTE_Components.ftl
2026-07-30 15:02:51,920 [INFO] CodeEngine:265 - oldGeneratedFile, D:\TinyML_Workshop-main\TinyML_Workshop_PGR\TinyML_PGR\STM32\Inf_OnBoard\MXTmpFiles\license.tmp_save
2026-07-30 15:02:52,346 [INFO] CodeEngine:289 - Generated code: D:\TinyML_Workshop-main\TinyML_Workshop_PGR\TinyML_PGR\STM32\Inf_OnBoard\MXTmpFiles\license.tmp
2026-07-30 15:02:52,370 [INFO] CodeEngine:265 - oldGeneratedFile, D:\TinyML_Workshop-main\TinyML_Workshop_PGR\TinyML_PGR\STM32\Inf_OnBoard\MXTmpFiles\gpio.tmp_save
2026-07-30 15:02:52,589 [INFO] CodeEngine:289 - Generated code: D:\TinyML_Workshop-main\TinyML_Workshop_PGR\TinyML_PGR\STM32\Inf_OnBoard\MXTmpFiles\gpio.tmp
2026-07-30 15:02:52,674 [INFO] Middleware:1452 - No code input for Bsp Dependency
2026-07-30 15:02:52,676 [INFO] Middleware:1452 - No code input for Bsp Dependency
2026-07-30 15:02:52,688 [INFO] CodeEngine:265 - oldGeneratedFile, D:\TinyML_Workshop-main\TinyML_Workshop_PGR\TinyML_PGR\STM32\Inf_OnBoard\Core\Src\stm32l4xx_it.c_save
2026-07-30 15:02:53,038 [INFO] CodeEngine:289 - Generated code: D:\TinyML_Workshop-main\TinyML_Workshop_PGR\TinyML_PGR\STM32\Inf_OnBoard\Core\Src\stm32l4xx_it.c
2026-07-30 15:02:53,045 [INFO] CodeEngine:265 - oldGeneratedFile, D:\TinyML_Workshop-main\TinyML_Workshop_PGR\TinyML_PGR\STM32\Inf_OnBoard\Core\Inc\stm32l4xx_it.h_save
2026-07-30 15:02:53,163 [INFO] CodeEngine:289 - Generated code: D:\TinyML_Workshop-main\TinyML_Workshop_PGR\TinyML_PGR\STM32\Inf_OnBoard\Core\Inc\stm32l4xx_it.h
2026-07-30 15:02:53,179 [INFO] CodeEngine:265 - oldGeneratedFile, D:\TinyML_Workshop-main\TinyML_Workshop_PGR\TinyML_PGR\STM32\Inf_OnBoard\Core\Src\stm32l4xx_hal_msp.c_save
2026-07-30 15:02:53,359 [INFO] CodeEngine:289 - Generated code: D:\TinyML_Workshop-main\TinyML_Workshop_PGR\TinyML_PGR\STM32\Inf_OnBoard\Core\Src\stm32l4xx_hal_msp.c
2026-07-30 15:02:53,375 [INFO] CodeEngine:265 - oldGeneratedFile, D:\TinyML_Workshop-main\TinyML_Workshop_PGR\TinyML_PGR\STM32\Inf_OnBoard\MXTmpFiles\system.tmp_save
2026-07-30 15:02:53,469 [INFO] CodeEngine:289 - Generated code: D:\TinyML_Workshop-main\TinyML_Workshop_PGR\TinyML_PGR\STM32\Inf_OnBoard\MXTmpFiles\system.tmp
2026-07-30 15:02:53,469 [INFO] CodeEngine:321 - oldGeneratedFile, D:\TinyML_Workshop-main\TinyML_Workshop_PGR\TinyML_PGR\STM32\Inf_OnBoard\Core\Inc\stm32l4xx_hal_conf.h_save
2026-07-30 15:02:53,578 [INFO] CodeEngine:345 - Generated code: D:\TinyML_Workshop-main\TinyML_Workshop_PGR\TinyML_PGR\STM32\Inf_OnBoard\Core\Inc\stm32l4xx_hal_conf.h
2026-07-30 15:02:53,594 [INFO] CodeEngine:265 - oldGeneratedFile, D:\TinyML_Workshop-main\TinyML_Workshop_PGR\TinyML_PGR\STM32\Inf_OnBoard\Core\Inc\main.h_save
2026-07-30 15:02:53,703 [INFO] CodeEngine:289 - Generated code: D:\TinyML_Workshop-main\TinyML_Workshop_PGR\TinyML_PGR\STM32\Inf_OnBoard\Core\Inc\main.h
2026-07-30 15:02:53,719 [INFO] CodeEngine:265 - oldGeneratedFile, D:\TinyML_Workshop-main\TinyML_Workshop_PGR\TinyML_PGR\STM32\Inf_OnBoard\Core\Src\main.c_save
2026-07-30 15:02:53,859 [INFO] CodeEngine:289 - Generated code: D:\TinyML_Workshop-main\TinyML_Workshop_PGR\TinyML_PGR\STM32\Inf_OnBoard\Core\Src\main.c
2026-07-30 15:02:54,141 [INFO] AInterface:322 - ModelName:network; files:[D:\TinyML_Workshop-main\TinyML_Workshop_PGR\TinyML_PGR\ONNX\random_forest_model.onnx]; type:ONNX; compression:High
2026-07-30 15:02:54,141 [INFO] AInterface:526 - workspaceTempDir: C:/Users/ADMIN/AppData/Local/Temp/mxAI_workspace10465474526898008064335822133622025
2026-07-30 15:02:54,141 [INFO] AInterface:1179 - Setting Env: C:/Users/ADMIN/STM32Cube/Repository//Packs/STMicroelectronics/X-CUBE-AI/10.2.1/Utilities/windows
2026-07-30 15:02:54,156 [INFO] STM32CubeIDEBuilder:265 - Looking for gnu-tools-for-stm32 tools/bin/arm-none-eabi-gcc.exe in C:\ST\STM32CubeIDE_1.19.0\STM32CubeIDE
2026-07-30 15:02:54,156 [INFO] STM32CubeIDEBuilder:294 - checking C:\ST\STM32CubeIDE_1.19.0\STM32CubeIDE\plugins\com.st.stm32cube.ide.mcu.externaltools.gnu-tools-for-stm32.13.3.rel1.win32_1.0.0.202411081344\tools\bin\arm-none-eabi-gcc.exe
2026-07-30 15:02:54,156 [INFO] STM32CubeIDEBuilder:297 - ret=C:\ST\STM32CubeIDE_1.19.0\STM32CubeIDE\plugins\com.st.stm32cube.ide.mcu.externaltools.gnu-tools-for-stm32.13.3.rel1.win32_1.0.0.202411081344\tools\bin\arm-none-eabi-gcc.exe
2026-07-30 15:02:54,156 [INFO] STM32CubeIDEBuilder:311 - returning C:\ST\STM32CubeIDE_1.19.0\STM32CubeIDE\plugins\com.st.stm32cube.ide.mcu.externaltools.gnu-tools-for-stm32.13.3.rel1.win32_1.0.0.202411081344\tools\bin\arm-none-eabi-gcc.exe
2026-07-30 15:02:54,156 [INFO] AInterface:1236 - Custom PATH variable: C:/Users/ADMIN/STM32Cube/Repository//Packs/STMicroelectronics/X-CUBE-AI/10.2.1/Utilities/windows;C:/Users/ADMIN/STM32Cube/Repository//Packs/STMicroelectronics/X-CUBE-AI/10.2.1/Utilities/windows/mingw64/bin;C:/Users/ADMIN/STM32Cube/Repository//Packs/STMicroelectronics/X-CUBE-AI/10.2.1/Utilities/windows/mingw64/libexec/gcc/x86_64-w64-mingw32/7.3.0;;C:\ST\STM32CubeIDE_1.19.0\STM32CubeIDE\plugins\com.st.stm32cube.ide.mcu.externaltools.gnu-tools-for-stm32.13.3.rel1.win32_1.0.0.202411081344\tools\bin
2026-07-30 15:02:54,156 [INFO] CmdLine:115 - Command: C:/Users/ADMIN/STM32Cube/Repository//Packs/STMicroelectronics/X-CUBE-AI/10.2.1/Utilities/windows/stedgeai.exe generate --target stm32l4 --name network -m D:/TinyML_Workshop-main/TinyML_Workshop_PGR/TinyML_PGR/ONNX/random_forest_model.onnx --compression high --verbosity 1 --workspace C:/Users/ADMIN/AppData/Local/Temp/mxAI_workspace10465474526898008064335822133622025 --output C:/Users/ADMIN/.stm32cubemx/network_output
2026-07-30 15:02:54,156 [INFO] AIModelDetailledView:2264 - Analysis status: pending
2026-07-30 15:02:54,904 [INFO] CmdLine:76 - ST Edge AI Core v2.2.0-20266 2adc00962
2026-07-30 15:03:18,239 [INFO] CmdLine:76 - Creating c (debug) info json file C:\Users\ADMIN\.stm32cubemx\network_output\network_c_info.json
2026-07-30 15:03:18,670 [INFO] CmdLine:76 -  
2026-07-30 15:03:18,671 [INFO] CmdLine:76 -  Exec/report summary (generate)
2026-07-30 15:03:18,671 [INFO] CmdLine:76 -  --------------------------------------------------------------------------------------------------------------
2026-07-30 15:03:18,672 [INFO] CmdLine:76 -  model file         :   D:\TinyML_Workshop-main\TinyML_Workshop_PGR\TinyML_PGR\ONNX\random_forest_model.onnx   
2026-07-30 15:03:18,672 [INFO] CmdLine:76 -  type               :   onnx                                                                                   
2026-07-30 15:03:18,672 [INFO] CmdLine:76 -  c_name             :   network                                                                                
2026-07-30 15:03:18,672 [INFO] CmdLine:76 -  compression        :   high                                                                                   
2026-07-30 15:03:18,672 [INFO] CmdLine:76 -  options            :   allocate-inputs, allocate-outputs                                                      
2026-07-30 15:03:18,673 [INFO] CmdLine:76 -  optimization       :   balanced                                                                               
2026-07-30 15:03:18,673 [INFO] CmdLine:76 -  target/series      :   stm32l4                                                                                
2026-07-30 15:03:18,673 [INFO] CmdLine:76 -  workspace dir      :   C:\Users\ADMIN\AppData\Local\Temp\mxAI_workspace10465474526898008064335822133622025    
2026-07-30 15:03:18,673 [INFO] CmdLine:76 -  output dir         :   C:\Users\ADMIN\.stm32cubemx\network_output                                             
2026-07-30 15:03:18,673 [INFO] CmdLine:76 -  model_fmt          :   undefined                                                                              
2026-07-30 15:03:18,674 [INFO] CmdLine:76 -  model_name         :   random_forest_model                                                                    
2026-07-30 15:03:18,674 [INFO] CmdLine:76 -  model_hash         :   0x00177bf66787f228ea6e8f5ba719480d                                                     
2026-07-30 15:03:18,674 [INFO] CmdLine:76 -  params #           :   1,043,793 items (2.51 MiB)                                                             
2026-07-30 15:03:18,674 [INFO] CmdLine:76 -  --------------------------------------------------------------------------------------------------------------
2026-07-30 15:03:18,674 [INFO] CmdLine:76 -  input 1/1          :   'float_input', f32(1x1x6), 24 Bytes, activations                                       
2026-07-30 15:03:18,674 [INFO] CmdLine:76 -  output 1/2         :   'label0', int32(1x1), 4 Bytes, activations                                             
2026-07-30 15:03:18,674 [INFO] CmdLine:76 -  output 2/2         :   'output_probability', f32(1x1x5x2), 40 Bytes, activations                              
2026-07-30 15:03:18,674 [INFO] CmdLine:76 -  outputs (total)    :   44 Bytes                                                                               
2026-07-30 15:03:18,674 [INFO] CmdLine:76 -  macc               :   1,411                                                                                  
2026-07-30 15:03:18,674 [INFO] CmdLine:76 -  weights (ro)       :   1,951,248 B (1.86 MiB) (1 segment) / -2,223,924(-53.3%) vs float model                 
2026-07-30 15:03:18,675 [INFO] CmdLine:76 -  activations (rw)   :   64 B (64 B) (1 segment) *                                                              
2026-07-30 15:03:18,675 [INFO] CmdLine:76 -  ram (total)        :   64 B (64 B) = 64 + 0 + 0                                                               
2026-07-30 15:03:18,675 [INFO] CmdLine:76 -  --------------------------------------------------------------------------------------------------------------
2026-07-30 15:03:18,675 [INFO] CmdLine:76 -  (*) 'input'/'output' buffers are allocated in the activations buffer
2026-07-30 15:03:18,834 [INFO] CmdLine:76 - Computing AI RT data/code size (target=stm32l4)..
2026-07-30 15:03:23,200 [INFO] CmdLine:76 -  Requested memory size by section - "stm32l4" target
2026-07-30 15:03:23,200 [INFO] CmdLine:76 -  ------------------------------ ------- ----------- ------- -----
2026-07-30 15:03:23,200 [INFO] CmdLine:76 -  module                            text      rodata    data   bss
2026-07-30 15:03:23,200 [INFO] CmdLine:76 -  ------------------------------ ------- ----------- ------- -----
2026-07-30 15:03:23,200 [INFO] CmdLine:76 -  NetworkRuntime1020_CM4_GCC.a     5,508           0       0     0
2026-07-30 15:03:23,200 [INFO] CmdLine:76 -  network.o                          704          16   1,768   172
2026-07-30 15:03:23,200 [INFO] CmdLine:76 -  network_data.o                      48          16      88     0
2026-07-30 15:03:23,200 [INFO] CmdLine:76 -  lib (toolchain)*                     0           0       0     0
2026-07-30 15:03:23,200 [INFO] CmdLine:76 -  ------------------------------ ------- ----------- ------- -----
2026-07-30 15:03:23,200 [INFO] CmdLine:76 -  RT total**                       6,260          32   1,856   172
2026-07-30 15:03:23,200 [INFO] CmdLine:76 -  ------------------------------ ------- ----------- ------- -----
2026-07-30 15:03:23,200 [INFO] CmdLine:76 -  weights                              0   1,951,248       0     0
2026-07-30 15:03:23,200 [INFO] CmdLine:76 -  activations                          0           0       0    64
2026-07-30 15:03:23,200 [INFO] CmdLine:76 -  io                                   0           0       0     0
2026-07-30 15:03:23,200 [INFO] CmdLine:76 -  ------------------------------ ------- ----------- ------- -----
2026-07-30 15:03:23,200 [INFO] CmdLine:76 -  TOTAL                            6,260   1,951,280   1,856   236
2026-07-30 15:03:23,200 [INFO] CmdLine:76 -  ------------------------------ ------- ----------- ------- -----
2026-07-30 15:03:23,200 [INFO] CmdLine:76 -  *  toolchain objects (libm/libgcc*)
2026-07-30 15:03:23,200 [INFO] CmdLine:76 -  ** RT AI runtime objects (kernels+infrastructure)
2026-07-30 15:03:23,200 [INFO] CmdLine:76 -   Summary - "stm32l4" target
2026-07-30 15:03:23,200 [INFO] CmdLine:76 -   --------------------------------------------------
2026-07-30 15:03:23,200 [INFO] CmdLine:76 -                FLASH (ro)     %*   RAM (rw)       %
2026-07-30 15:03:23,200 [INFO] CmdLine:76 -   --------------------------------------------------
2026-07-30 15:03:23,200 [INFO] CmdLine:76 -   RT total          8,148   0.4%      2,028   96.9%
2026-07-30 15:03:23,200 [INFO] CmdLine:76 -   --------------------------------------------------
2026-07-30 15:03:23,200 [INFO] CmdLine:76 -   TOTAL         1,959,396             2,092
2026-07-30 15:03:23,215 [INFO] CmdLine:76 -   --------------------------------------------------
2026-07-30 15:03:23,215 [INFO] CmdLine:76 -   *  rt/total
2026-07-30 15:03:23,215 [INFO] CmdLine:76 -  Generated files (7)
2026-07-30 15:03:23,215 [INFO] CmdLine:76 -  ------------------------------------------------------------------
2026-07-30 15:03:23,215 [INFO] CmdLine:76 -  C:\Users\ADMIN\.stm32cubemx\network_output\network_data_params.h
2026-07-30 15:03:23,215 [INFO] CmdLine:76 -  C:\Users\ADMIN\.stm32cubemx\network_output\network_data_params.c
2026-07-30 15:03:23,215 [INFO] CmdLine:76 -  C:\Users\ADMIN\.stm32cubemx\network_output\network_data.h
2026-07-30 15:03:23,215 [INFO] CmdLine:76 -  C:\Users\ADMIN\.stm32cubemx\network_output\network_data.c
2026-07-30 15:03:23,215 [INFO] CmdLine:76 -  C:\Users\ADMIN\.stm32cubemx\network_output\network_config.h
2026-07-30 15:03:23,215 [INFO] CmdLine:76 -  C:\Users\ADMIN\.stm32cubemx\network_output\network.h
2026-07-30 15:03:23,215 [INFO] CmdLine:76 -  C:\Users\ADMIN\.stm32cubemx\network_output\network.c
2026-07-30 15:03:23,215 [INFO] CmdLine:76 - Creating txt report file C:\Users\ADMIN\.stm32cubemx\network_output\network_generate_report.txt
2026-07-30 15:03:31,350 [INFO] CmdLine:76 - elapsed time (generate): 36.445s
2026-07-30 15:03:32,267 [INFO] CmdLine:148 - stedgeai exit with status: 0
2026-07-30 15:03:32,619 [INFO] AIModelDetailledView:2264 - Analysis status: done
2026-07-30 15:03:33,071 [INFO] ProjectBuilder:3606 - Time for Copy HAL[1] : 156mS.
2026-07-30 15:03:33,072 [ERROR] Middleware:2950 - Invalid RefComponent list
2026-07-30 15:03:33,073 [ERROR] Middleware:2950 - Invalid RefComponent list
2026-07-30 15:03:33,073 [ERROR] Middleware:2950 - Invalid RefComponent list
2026-07-30 15:03:33,073 [ERROR] Middleware:2950 - Invalid RefComponent list
2026-07-30 15:03:33,073 [ERROR] Middleware:2950 - Invalid RefComponent list
2026-07-30 15:03:33,073 [ERROR] Middleware:2950 - Invalid RefComponent list
2026-07-30 15:03:33,073 [ERROR] Middleware:2950 - Invalid RefComponent list
2026-07-30 15:03:33,073 [ERROR] Middleware:2950 - Invalid RefComponent list
2026-07-30 15:03:33,073 [ERROR] Middleware:2950 - Invalid RefComponent list
2026-07-30 15:03:33,073 [ERROR] Middleware:2950 - Invalid RefComponent list
2026-07-30 15:03:33,073 [ERROR] Middleware:2950 - Invalid RefComponent list
2026-07-30 15:03:33,073 [ERROR] Middleware:2950 - Invalid RefComponent list
2026-07-30 15:03:33,073 [ERROR] Middleware:2950 - Invalid RefComponent list
2026-07-30 15:03:33,073 [ERROR] Middleware:2950 - Invalid RefComponent list
2026-07-30 15:03:33,073 [ERROR] Middleware:2950 - Invalid RefComponent list
2026-07-30 15:03:33,073 [ERROR] Middleware:2950 - Invalid RefComponent list
2026-07-30 15:03:33,073 [ERROR] Middleware:2950 - Invalid RefComponent list
2026-07-30 15:03:33,073 [ERROR] Middleware:2950 - Invalid RefComponent list
2026-07-30 15:03:33,073 [ERROR] Middleware:2950 - Invalid RefComponent list
2026-07-30 15:03:33,074 [ERROR] Middleware:2950 - Invalid RefComponent list
2026-07-30 15:03:33,074 [ERROR] Middleware:2950 - Invalid RefComponent list
2026-07-30 15:03:33,074 [ERROR] Middleware:2950 - Invalid RefComponent list
2026-07-30 15:03:33,074 [ERROR] Middleware:2950 - Invalid RefComponent list
2026-07-30 15:03:33,074 [ERROR] Middleware:2950 - Invalid RefComponent list
2026-07-30 15:03:33,074 [ERROR] Middleware:2950 - Invalid RefComponent list
2026-07-30 15:03:33,074 [ERROR] Middleware:2950 - Invalid RefComponent list
2026-07-30 15:03:33,074 [ERROR] Middleware:2950 - Invalid RefComponent list
2026-07-30 15:03:33,074 [ERROR] Middleware:2950 - Invalid RefComponent list
2026-07-30 15:03:33,074 [ERROR] Middleware:2950 - Invalid RefComponent list
2026-07-30 15:03:33,074 [ERROR] Middleware:2950 - Invalid RefComponent list
2026-07-30 15:03:33,074 [ERROR] Middleware:2950 - Invalid RefComponent list
2026-07-30 15:03:33,074 [ERROR] Middleware:2950 - Invalid RefComponent list
2026-07-30 15:03:33,074 [ERROR] Middleware:2950 - Invalid RefComponent list
2026-07-30 15:03:33,074 [ERROR] Middleware:2950 - Invalid RefComponent list
2026-07-30 15:03:33,074 [ERROR] Middleware:2950 - Invalid RefComponent list
2026-07-30 15:03:33,075 [ERROR] Middleware:2950 - Invalid RefComponent list
2026-07-30 15:03:33,075 [ERROR] Middleware:2950 - Invalid RefComponent list
2026-07-30 15:03:33,075 [ERROR] Middleware:2950 - Invalid RefComponent list
2026-07-30 15:03:33,075 [ERROR] Middleware:2950 - Invalid RefComponent list
2026-07-30 15:03:33,075 [ERROR] Middleware:2950 - Invalid RefComponent list
2026-07-30 15:03:33,075 [ERROR] Middleware:2950 - Invalid RefComponent list
2026-07-30 15:03:33,075 [ERROR] Middleware:2950 - Invalid RefComponent list
2026-07-30 15:03:33,075 [ERROR] Middleware:2950 - Invalid RefComponent list
2026-07-30 15:03:33,075 [ERROR] Middleware:2950 - Invalid RefComponent list
2026-07-30 15:03:33,075 [ERROR] Middleware:2950 - Invalid RefComponent list
2026-07-30 15:03:33,075 [ERROR] Middleware:2950 - Invalid RefComponent list
2026-07-30 15:03:33,075 [ERROR] Middleware:2950 - Invalid RefComponent list
2026-07-30 15:03:33,075 [ERROR] Middleware:2950 - Invalid RefComponent list
2026-07-30 15:03:33,075 [ERROR] Middleware:2950 - Invalid RefComponent list
2026-07-30 15:03:33,075 [ERROR] Middleware:2950 - Invalid RefComponent list
2026-07-30 15:03:33,081 [INFO] ProjectBuilder:5216 - Project Generator version: 4.7.0-B52
2026-07-30 15:03:33,174 [INFO] ConfigFileManager:1595 - The Die is : DIE470
2026-07-30 15:03:34,164 [INFO] ProjectBuilder:5496 - Time for Generating toolchain IDE Files: 1083mS.
2026-07-30 15:03:34,165 [INFO] ProjectBuilder:3463 - Time for Copy CMSIS : 1mS.
2026-07-30 15:03:34,167 [INFO] ProjectBuilder:3463 - Time for Copy CMSIS : 0mS.
2026-07-30 15:03:43,803 [INFO] UtilMem:75 - End SaveConfig() Used Memory: 987260640 Bytes (1073741824)
2026-07-30 15:03:45,152 [INFO] UtilMem:75 - End SaveConfig() Used Memory: 610364112 Bytes (1073741824)
2026-07-30 15:03:45,399 [INFO] UtilMem:75 - End SaveConfig() Used Memory: 652833488 Bytes (1073741824)
2026-07-30 15:03:45,575 [INFO] BlockDiagram:2775 - set Specific Code input for plugin: SYS
2026-07-30 15:03:45,575 [INFO] BlockDiagram:2775 - set Specific Code input for plugin: RCC
2026-07-30 15:03:45,575 [INFO] BlockDiagram:2775 - set Specific Code input for plugin: I2C
2026-07-30 15:03:45,575 [INFO] BlockDiagram:2775 - set Specific Code input for plugin: NVIC
2026-07-30 15:03:45,575 [INFO] BlockDiagram:2775 - set Specific Code input for plugin: USART
2026-07-30 15:03:45,576 [INFO] BlockDiagram:2775 - set Specific Code input for plugin: STMicroelectronics.X-CUBE-AI.10.2.1
2026-07-30 15:03:45,576 [INFO] BlockDiagram:2775 - set Specific Code input for plugin: GPIO
2026-07-30 15:03:45,578 [INFO] CodeGenerator:892 - code generatio: config db path: C:\ST\STM32CubeIDE_1.19.0\STM32CubeIDE\plugins\com.st.stm32cube.common.mx_6.15.0.202507011659\\db\
2026-07-30 15:03:45,669 [INFO] IP:3329 - RTE Config file name : RTE_Component
2026-07-30 15:03:45,669 [INFO] IP:3347 - RTE template : RTE_Components.ftl
2026-07-30 15:03:45,678 [INFO] CodeEngine:265 - oldGeneratedFile, D:\TinyML_Workshop-main\TinyML_Workshop_PGR\TinyML_PGR\STM32\Inf_OnBoard\MXTmpFiles\license.tmp_save
2026-07-30 15:03:45,747 [INFO] CodeEngine:289 - Generated code: D:\TinyML_Workshop-main\TinyML_Workshop_PGR\TinyML_PGR\STM32\Inf_OnBoard\MXTmpFiles\license.tmp
2026-07-30 15:03:45,771 [INFO] CodeEngine:265 - oldGeneratedFile, D:\TinyML_Workshop-main\TinyML_Workshop_PGR\TinyML_PGR\STM32\Inf_OnBoard\MXTmpFiles\gpio.tmp_save
2026-07-30 15:03:45,839 [INFO] CodeEngine:289 - Generated code: D:\TinyML_Workshop-main\TinyML_Workshop_PGR\TinyML_PGR\STM32\Inf_OnBoard\MXTmpFiles\gpio.tmp
2026-07-30 15:03:45,921 [INFO] Middleware:1452 - No code input for Bsp Dependency
2026-07-30 15:03:45,923 [INFO] Middleware:1452 - No code input for Bsp Dependency
2026-07-30 15:03:45,936 [INFO] CodeEngine:265 - oldGeneratedFile, D:\TinyML_Workshop-main\TinyML_Workshop_PGR\TinyML_PGR\STM32\Inf_OnBoard\Core\Src\stm32l4xx_it.c_save
2026-07-30 15:03:46,012 [INFO] CodeEngine:289 - Generated code: D:\TinyML_Workshop-main\TinyML_Workshop_PGR\TinyML_PGR\STM32\Inf_OnBoard\Core\Src\stm32l4xx_it.c
2026-07-30 15:03:46,019 [INFO] CodeEngine:265 - oldGeneratedFile, D:\TinyML_Workshop-main\TinyML_Workshop_PGR\TinyML_PGR\STM32\Inf_OnBoard\Core\Inc\stm32l4xx_it.h_save
2026-07-30 15:03:46,087 [INFO] CodeEngine:289 - Generated code: D:\TinyML_Workshop-main\TinyML_Workshop_PGR\TinyML_PGR\STM32\Inf_OnBoard\Core\Inc\stm32l4xx_it.h
2026-07-30 15:03:46,102 [INFO] CodeEngine:265 - oldGeneratedFile, D:\TinyML_Workshop-main\TinyML_Workshop_PGR\TinyML_PGR\STM32\Inf_OnBoard\Core\Src\stm32l4xx_hal_msp.c_save
2026-07-30 15:03:46,204 [INFO] CodeEngine:289 - Generated code: D:\TinyML_Workshop-main\TinyML_Workshop_PGR\TinyML_PGR\STM32\Inf_OnBoard\Core\Src\stm32l4xx_hal_msp.c
2026-07-30 15:03:46,208 [INFO] CodeEngine:265 - oldGeneratedFile, D:\TinyML_Workshop-main\TinyML_Workshop_PGR\TinyML_PGR\STM32\Inf_OnBoard\MXTmpFiles\system.tmp_save
2026-07-30 15:03:46,272 [INFO] CodeEngine:289 - Generated code: D:\TinyML_Workshop-main\TinyML_Workshop_PGR\TinyML_PGR\STM32\Inf_OnBoard\MXTmpFiles\system.tmp
2026-07-30 15:03:46,284 [INFO] CodeEngine:321 - oldGeneratedFile, D:\TinyML_Workshop-main\TinyML_Workshop_PGR\TinyML_PGR\STM32\Inf_OnBoard\Core\Inc\stm32l4xx_hal_conf.h_save
2026-07-30 15:03:46,355 [INFO] CodeEngine:345 - Generated code: D:\TinyML_Workshop-main\TinyML_Workshop_PGR\TinyML_PGR\STM32\Inf_OnBoard\Core\Inc\stm32l4xx_hal_conf.h
2026-07-30 15:03:46,377 [INFO] CodeEngine:265 - oldGeneratedFile, D:\TinyML_Workshop-main\TinyML_Workshop_PGR\TinyML_PGR\STM32\Inf_OnBoard\Core\Inc\main.h_save
2026-07-30 15:03:46,450 [INFO] CodeEngine:289 - Generated code: D:\TinyML_Workshop-main\TinyML_Workshop_PGR\TinyML_PGR\STM32\Inf_OnBoard\Core\Inc\main.h
2026-07-30 15:03:46,456 [INFO] CodeEngine:265 - oldGeneratedFile, D:\TinyML_Workshop-main\TinyML_Workshop_PGR\TinyML_PGR\STM32\Inf_OnBoard\Core\Src\main.c_save
2026-07-30 15:03:46,568 [INFO] CodeEngine:289 - Generated code: D:\TinyML_Workshop-main\TinyML_Workshop_PGR\TinyML_PGR\STM32\Inf_OnBoard\Core\Src\main.c
2026-07-30 15:03:46,842 [INFO] AInterface:322 - ModelName:network; files:[D:\TinyML_Workshop-main\TinyML_Workshop_PGR\TinyML_PGR\ONNX\random_forest_model.onnx]; type:ONNX; compression:High
2026-07-30 15:03:46,843 [INFO] AInterface:526 - workspaceTempDir: C:/Users/ADMIN/AppData/Local/Temp/mxAI_workspace10466001416318005558934323433118752
2026-07-30 15:03:46,843 [INFO] AInterface:1179 - Setting Env: C:/Users/ADMIN/STM32Cube/Repository//Packs/STMicroelectronics/X-CUBE-AI/10.2.1/Utilities/windows
2026-07-30 15:03:46,847 [INFO] STM32CubeIDEBuilder:265 - Looking for gnu-tools-for-stm32 tools/bin/arm-none-eabi-gcc.exe in C:\ST\STM32CubeIDE_1.19.0\STM32CubeIDE
2026-07-30 15:03:46,849 [INFO] STM32CubeIDEBuilder:294 - checking C:\ST\STM32CubeIDE_1.19.0\STM32CubeIDE\plugins\com.st.stm32cube.ide.mcu.externaltools.gnu-tools-for-stm32.13.3.rel1.win32_1.0.0.202411081344\tools\bin\arm-none-eabi-gcc.exe
2026-07-30 15:03:46,850 [INFO] STM32CubeIDEBuilder:297 - ret=C:\ST\STM32CubeIDE_1.19.0\STM32CubeIDE\plugins\com.st.stm32cube.ide.mcu.externaltools.gnu-tools-for-stm32.13.3.rel1.win32_1.0.0.202411081344\tools\bin\arm-none-eabi-gcc.exe
2026-07-30 15:03:46,850 [INFO] STM32CubeIDEBuilder:311 - returning C:\ST\STM32CubeIDE_1.19.0\STM32CubeIDE\plugins\com.st.stm32cube.ide.mcu.externaltools.gnu-tools-for-stm32.13.3.rel1.win32_1.0.0.202411081344\tools\bin\arm-none-eabi-gcc.exe
2026-07-30 15:03:46,850 [INFO] AInterface:1236 - Custom PATH variable: C:/Users/ADMIN/STM32Cube/Repository//Packs/STMicroelectronics/X-CUBE-AI/10.2.1/Utilities/windows;C:/Users/ADMIN/STM32Cube/Repository//Packs/STMicroelectronics/X-CUBE-AI/10.2.1/Utilities/windows/mingw64/bin;C:/Users/ADMIN/STM32Cube/Repository//Packs/STMicroelectronics/X-CUBE-AI/10.2.1/Utilities/windows/mingw64/libexec/gcc/x86_64-w64-mingw32/7.3.0;;C:\ST\STM32CubeIDE_1.19.0\STM32CubeIDE\plugins\com.st.stm32cube.ide.mcu.externaltools.gnu-tools-for-stm32.13.3.rel1.win32_1.0.0.202411081344\tools\bin
2026-07-30 15:03:46,852 [INFO] CmdLine:115 - Command: C:/Users/ADMIN/STM32Cube/Repository//Packs/STMicroelectronics/X-CUBE-AI/10.2.1/Utilities/windows/stedgeai.exe generate --target stm32l4 --name network -m D:/TinyML_Workshop-main/TinyML_Workshop_PGR/TinyML_PGR/ONNX/random_forest_model.onnx --compression high --verbosity 1 --workspace C:/Users/ADMIN/AppData/Local/Temp/mxAI_workspace10466001416318005558934323433118752 --output C:/Users/ADMIN/.stm32cubemx/network_output
2026-07-30 15:03:46,855 [INFO] AIModelDetailledView:2264 - Analysis status: pending
2026-07-30 15:03:47,584 [INFO] CmdLine:76 - ST Edge AI Core v2.2.0-20266 2adc00962
2026-07-30 15:04:11,202 [INFO] CmdLine:76 - Creating c (debug) info json file C:\Users\ADMIN\.stm32cubemx\network_output\network_c_info.json
2026-07-30 15:04:11,513 [INFO] CmdLine:76 -  
2026-07-30 15:04:11,513 [INFO] CmdLine:76 -  Exec/report summary (generate)
2026-07-30 15:04:11,513 [INFO] CmdLine:76 -  --------------------------------------------------------------------------------------------------------------
2026-07-30 15:04:11,513 [INFO] CmdLine:76 -  model file         :   D:\TinyML_Workshop-main\TinyML_Workshop_PGR\TinyML_PGR\ONNX\random_forest_model.onnx   
2026-07-30 15:04:11,513 [INFO] CmdLine:76 -  type               :   onnx                                                                                   
2026-07-30 15:04:11,513 [INFO] CmdLine:76 -  c_name             :   network                                                                                
2026-07-30 15:04:11,513 [INFO] CmdLine:76 -  compression        :   high                                                                                   
2026-07-30 15:04:11,514 [INFO] CmdLine:76 -  options            :   allocate-inputs, allocate-outputs                                                      
2026-07-30 15:04:11,514 [INFO] CmdLine:76 -  optimization       :   balanced                                                                               
2026-07-30 15:04:11,514 [INFO] CmdLine:76 -  target/series      :   stm32l4                                                                                
2026-07-30 15:04:11,514 [INFO] CmdLine:76 -  workspace dir      :   C:\Users\ADMIN\AppData\Local\Temp\mxAI_workspace10466001416318005558934323433118752    
2026-07-30 15:04:11,514 [INFO] CmdLine:76 -  output dir         :   C:\Users\ADMIN\.stm32cubemx\network_output                                             
2026-07-30 15:04:11,514 [INFO] CmdLine:76 -  model_fmt          :   undefined                                                                              
2026-07-30 15:04:11,514 [INFO] CmdLine:76 -  model_name         :   random_forest_model                                                                    
2026-07-30 15:04:11,514 [INFO] CmdLine:76 -  model_hash         :   0x00177bf66787f228ea6e8f5ba719480d                                                     
2026-07-30 15:04:11,514 [INFO] CmdLine:76 -  params #           :   1,043,793 items (2.51 MiB)                                                             
2026-07-30 15:04:11,514 [INFO] CmdLine:76 -  --------------------------------------------------------------------------------------------------------------
2026-07-30 15:04:11,514 [INFO] CmdLine:76 -  input 1/1          :   'float_input', f32(1x1x6), 24 Bytes, activations                                       
2026-07-30 15:04:11,514 [INFO] CmdLine:76 -  output 1/2         :   'label0', int32(1x1), 4 Bytes, activations                                             
2026-07-30 15:04:11,514 [INFO] CmdLine:76 -  output 2/2         :   'output_probability', f32(1x1x5x2), 40 Bytes, activations                              
2026-07-30 15:04:11,514 [INFO] CmdLine:76 -  outputs (total)    :   44 Bytes                                                                               
2026-07-30 15:04:11,514 [INFO] CmdLine:76 -  macc               :   1,411                                                                                  
2026-07-30 15:04:11,514 [INFO] CmdLine:76 -  weights (ro)       :   1,951,248 B (1.86 MiB) (1 segment) / -2,223,924(-53.3%) vs float model                 
2026-07-30 15:04:11,515 [INFO] CmdLine:76 -  activations (rw)   :   64 B (64 B) (1 segment) *                                                              
2026-07-30 15:04:11,515 [INFO] CmdLine:76 -  ram (total)        :   64 B (64 B) = 64 + 0 + 0                                                               
2026-07-30 15:04:11,515 [INFO] CmdLine:76 -  --------------------------------------------------------------------------------------------------------------
2026-07-30 15:04:11,515 [INFO] CmdLine:76 -  (*) 'input'/'output' buffers are allocated in the activations buffer
2026-07-30 15:04:11,625 [INFO] CmdLine:76 - Computing AI RT data/code size (target=stm32l4)..
2026-07-30 15:04:15,143 [INFO] CmdLine:76 -  Requested memory size by section - "stm32l4" target
2026-07-30 15:04:15,143 [INFO] CmdLine:76 -  ------------------------------ ------- ----------- ------- -----
2026-07-30 15:04:15,143 [INFO] CmdLine:76 -  module                            text      rodata    data   bss
2026-07-30 15:04:15,144 [INFO] CmdLine:76 -  ------------------------------ ------- ----------- ------- -----
2026-07-30 15:04:15,144 [INFO] CmdLine:76 -  NetworkRuntime1020_CM4_GCC.a     5,508           0       0     0
2026-07-30 15:04:15,144 [INFO] CmdLine:76 -  network.o                          704          16   1,768   172
2026-07-30 15:04:15,144 [INFO] CmdLine:76 -  network_data.o                      48          16      88     0
2026-07-30 15:04:15,144 [INFO] CmdLine:76 -  lib (toolchain)*                     0           0       0     0
2026-07-30 15:04:15,144 [INFO] CmdLine:76 -  ------------------------------ ------- ----------- ------- -----
2026-07-30 15:04:15,144 [INFO] CmdLine:76 -  RT total**                       6,260          32   1,856   172
2026-07-30 15:04:15,144 [INFO] CmdLine:76 -  ------------------------------ ------- ----------- ------- -----
2026-07-30 15:04:15,145 [INFO] CmdLine:76 -  weights                              0   1,951,248       0     0
2026-07-30 15:04:15,145 [INFO] CmdLine:76 -  activations                          0           0       0    64
2026-07-30 15:04:15,145 [INFO] CmdLine:76 -  io                                   0           0       0     0
2026-07-30 15:04:15,145 [INFO] CmdLine:76 -  ------------------------------ ------- ----------- ------- -----
2026-07-30 15:04:15,145 [INFO] CmdLine:76 -  TOTAL                            6,260   1,951,280   1,856   236
2026-07-30 15:04:15,145 [INFO] CmdLine:76 -  ------------------------------ ------- ----------- ------- -----
2026-07-30 15:04:15,145 [INFO] CmdLine:76 -  *  toolchain objects (libm/libgcc*)
2026-07-30 15:04:15,145 [INFO] CmdLine:76 -  ** RT AI runtime objects (kernels+infrastructure)
2026-07-30 15:04:15,145 [INFO] CmdLine:76 -   Summary - "stm32l4" target
2026-07-30 15:04:15,145 [INFO] CmdLine:76 -   --------------------------------------------------
2026-07-30 15:04:15,146 [INFO] CmdLine:76 -                FLASH (ro)     %*   RAM (rw)       %
2026-07-30 15:04:15,146 [INFO] CmdLine:76 -   --------------------------------------------------
2026-07-30 15:04:15,146 [INFO] CmdLine:76 -   RT total          8,148   0.4%      2,028   96.9%
2026-07-30 15:04:15,146 [INFO] CmdLine:76 -   --------------------------------------------------
2026-07-30 15:04:15,146 [INFO] CmdLine:76 -   TOTAL         1,959,396             2,092
2026-07-30 15:04:15,146 [INFO] CmdLine:76 -   --------------------------------------------------
2026-07-30 15:04:15,146 [INFO] CmdLine:76 -   *  rt/total
2026-07-30 15:04:15,146 [INFO] CmdLine:76 -  Generated files (7)
2026-07-30 15:04:15,146 [INFO] CmdLine:76 -  ------------------------------------------------------------------
2026-07-30 15:04:15,147 [INFO] CmdLine:76 -  C:\Users\ADMIN\.stm32cubemx\network_output\network_data_params.h
2026-07-30 15:04:15,147 [INFO] CmdLine:76 -  C:\Users\ADMIN\.stm32cubemx\network_output\network_data_params.c
2026-07-30 15:04:15,147 [INFO] CmdLine:76 -  C:\Users\ADMIN\.stm32cubemx\network_output\network_data.h
2026-07-30 15:04:15,147 [INFO] CmdLine:76 -  C:\Users\ADMIN\.stm32cubemx\network_output\network_data.c
2026-07-30 15:04:15,147 [INFO] CmdLine:76 -  C:\Users\ADMIN\.stm32cubemx\network_output\network_config.h
2026-07-30 15:04:15,147 [INFO] CmdLine:76 -  C:\Users\ADMIN\.stm32cubemx\network_output\network.h
2026-07-30 15:04:15,147 [INFO] CmdLine:76 -  C:\Users\ADMIN\.stm32cubemx\network_output\network.c
2026-07-30 15:04:15,148 [INFO] CmdLine:76 - Creating txt report file C:\Users\ADMIN\.stm32cubemx\network_output\network_generate_report.txt
2026-07-30 15:04:22,298 [INFO] CmdLine:76 - elapsed time (generate): 34.714s
2026-07-30 15:04:22,906 [INFO] CmdLine:148 - stedgeai exit with status: 0
2026-07-30 15:04:23,208 [INFO] AIModelDetailledView:2264 - Analysis status: done
2026-07-30 15:04:23,648 [INFO] ProjectBuilder:3606 - Time for Copy HAL[1] : 179mS.
2026-07-30 15:04:23,648 [ERROR] Middleware:2950 - Invalid RefComponent list
2026-07-30 15:04:23,648 [ERROR] Middleware:2950 - Invalid RefComponent list
2026-07-30 15:04:23,648 [ERROR] Middleware:2950 - Invalid RefComponent list
2026-07-30 15:04:23,648 [ERROR] Middleware:2950 - Invalid RefComponent list
2026-07-30 15:04:23,648 [ERROR] Middleware:2950 - Invalid RefComponent list
2026-07-30 15:04:23,648 [ERROR] Middleware:2950 - Invalid RefComponent list
2026-07-30 15:04:23,648 [ERROR] Middleware:2950 - Invalid RefComponent list
2026-07-30 15:04:23,648 [ERROR] Middleware:2950 - Invalid RefComponent list
2026-07-30 15:04:23,648 [ERROR] Middleware:2950 - Invalid RefComponent list
2026-07-30 15:04:23,648 [ERROR] Middleware:2950 - Invalid RefComponent list
2026-07-30 15:04:23,648 [ERROR] Middleware:2950 - Invalid RefComponent list
2026-07-30 15:04:23,649 [ERROR] Middleware:2950 - Invalid RefComponent list
2026-07-30 15:04:23,649 [ERROR] Middleware:2950 - Invalid RefComponent list
2026-07-30 15:04:23,649 [ERROR] Middleware:2950 - Invalid RefComponent list
2026-07-30 15:04:23,649 [ERROR] Middleware:2950 - Invalid RefComponent list
2026-07-30 15:04:23,649 [ERROR] Middleware:2950 - Invalid RefComponent list
2026-07-30 15:04:23,649 [ERROR] Middleware:2950 - Invalid RefComponent list
2026-07-30 15:04:23,649 [ERROR] Middleware:2950 - Invalid RefComponent list
2026-07-30 15:04:23,649 [ERROR] Middleware:2950 - Invalid RefComponent list
2026-07-30 15:04:23,649 [ERROR] Middleware:2950 - Invalid RefComponent list
2026-07-30 15:04:23,649 [ERROR] Middleware:2950 - Invalid RefComponent list
2026-07-30 15:04:23,649 [ERROR] Middleware:2950 - Invalid RefComponent list
2026-07-30 15:04:23,649 [ERROR] Middleware:2950 - Invalid RefComponent list
2026-07-30 15:04:23,649 [ERROR] Middleware:2950 - Invalid RefComponent list
2026-07-30 15:04:23,649 [ERROR] Middleware:2950 - Invalid RefComponent list
2026-07-30 15:04:23,649 [ERROR] Middleware:2950 - Invalid RefComponent list
2026-07-30 15:04:23,649 [ERROR] Middleware:2950 - Invalid RefComponent list
2026-07-30 15:04:23,649 [ERROR] Middleware:2950 - Invalid RefComponent list
2026-07-30 15:04:23,649 [ERROR] Middleware:2950 - Invalid RefComponent list
2026-07-30 15:04:23,649 [ERROR] Middleware:2950 - Invalid RefComponent list
2026-07-30 15:04:23,649 [ERROR] Middleware:2950 - Invalid RefComponent list
2026-07-30 15:04:23,649 [ERROR] Middleware:2950 - Invalid RefComponent list
2026-07-30 15:04:23,649 [ERROR] Middleware:2950 - Invalid RefComponent list
2026-07-30 15:04:23,649 [ERROR] Middleware:2950 - Invalid RefComponent list
2026-07-30 15:04:23,649 [ERROR] Middleware:2950 - Invalid RefComponent list
2026-07-30 15:04:23,649 [ERROR] Middleware:2950 - Invalid RefComponent list
2026-07-30 15:04:23,649 [ERROR] Middleware:2950 - Invalid RefComponent list
2026-07-30 15:04:23,649 [ERROR] Middleware:2950 - Invalid RefComponent list
2026-07-30 15:04:23,649 [ERROR] Middleware:2950 - Invalid RefComponent list
2026-07-30 15:04:23,649 [ERROR] Middleware:2950 - Invalid RefComponent list
2026-07-30 15:04:23,649 [ERROR] Middleware:2950 - Invalid RefComponent list
2026-07-30 15:04:23,649 [ERROR] Middleware:2950 - Invalid RefComponent list
2026-07-30 15:04:23,649 [ERROR] Middleware:2950 - Invalid RefComponent list
2026-07-30 15:04:23,649 [ERROR] Middleware:2950 - Invalid RefComponent list
2026-07-30 15:04:23,649 [ERROR] Middleware:2950 - Invalid RefComponent list
2026-07-30 15:04:23,649 [ERROR] Middleware:2950 - Invalid RefComponent list
2026-07-30 15:04:23,649 [ERROR] Middleware:2950 - Invalid RefComponent list
2026-07-30 15:04:23,649 [ERROR] Middleware:2950 - Invalid RefComponent list
2026-07-30 15:04:23,650 [ERROR] Middleware:2950 - Invalid RefComponent list
2026-07-30 15:04:23,650 [ERROR] Middleware:2950 - Invalid RefComponent list
2026-07-30 15:04:23,654 [INFO] ProjectBuilder:5216 - Project Generator version: 4.7.0-B52
2026-07-30 15:04:23,738 [INFO] ConfigFileManager:1595 - The Die is : DIE470
2026-07-30 15:04:24,505 [INFO] ProjectBuilder:5496 - Time for Generating toolchain IDE Files: 851mS.
2026-07-30 15:04:24,505 [INFO] ProjectBuilder:3463 - Time for Copy CMSIS : 0mS.
2026-07-30 15:04:24,507 [INFO] ProjectBuilder:3463 - Time for Copy CMSIS : 0mS.
2026-07-30 15:04:25,012 [INFO] UtilMem:75 - End SaveConfig() Used Memory: 514900456 Bytes (1073741824)
2026-07-30 15:04:28,275 [INFO] UtilMem:75 - End SaveConfig() Used Memory: 632340968 Bytes (1073741824)
2026-07-30 15:04:28,506 [INFO] UtilMem:75 - End SaveConfig() Used Memory: 675854824 Bytes (1073741824)
2026-07-30 15:04:28,674 [INFO] BlockDiagram:2775 - set Specific Code input for plugin: SYS
2026-07-30 15:04:28,674 [INFO] BlockDiagram:2775 - set Specific Code input for plugin: RCC
2026-07-30 15:04:28,674 [INFO] BlockDiagram:2775 - set Specific Code input for plugin: I2C
2026-07-30 15:04:28,674 [INFO] BlockDiagram:2775 - set Specific Code input for plugin: NVIC
2026-07-30 15:04:28,674 [INFO] BlockDiagram:2775 - set Specific Code input for plugin: USART
2026-07-30 15:04:28,674 [INFO] BlockDiagram:2775 - set Specific Code input for plugin: STMicroelectronics.X-CUBE-AI.10.2.1
2026-07-30 15:04:28,674 [INFO] BlockDiagram:2775 - set Specific Code input for plugin: GPIO
2026-07-30 15:04:28,676 [INFO] CodeGenerator:892 - code generatio: config db path: C:\ST\STM32CubeIDE_1.19.0\STM32CubeIDE\plugins\com.st.stm32cube.common.mx_6.15.0.202507011659\\db\
2026-07-30 15:04:28,755 [INFO] IP:3329 - RTE Config file name : RTE_Component
2026-07-30 15:04:28,755 [INFO] IP:3347 - RTE template : RTE_Components.ftl
2026-07-30 15:04:28,763 [INFO] CodeEngine:265 - oldGeneratedFile, D:\TinyML_Workshop-main\TinyML_Workshop_PGR\TinyML_PGR\STM32\Inf_OnBoard\MXTmpFiles\license.tmp_save
2026-07-30 15:04:28,830 [INFO] CodeEngine:289 - Generated code: D:\TinyML_Workshop-main\TinyML_Workshop_PGR\TinyML_PGR\STM32\Inf_OnBoard\MXTmpFiles\license.tmp
2026-07-30 15:04:28,852 [INFO] CodeEngine:265 - oldGeneratedFile, D:\TinyML_Workshop-main\TinyML_Workshop_PGR\TinyML_PGR\STM32\Inf_OnBoard\MXTmpFiles\gpio.tmp_save
2026-07-30 15:04:28,929 [INFO] CodeEngine:289 - Generated code: D:\TinyML_Workshop-main\TinyML_Workshop_PGR\TinyML_PGR\STM32\Inf_OnBoard\MXTmpFiles\gpio.tmp
2026-07-30 15:04:29,000 [INFO] Middleware:1452 - No code input for Bsp Dependency
2026-07-30 15:04:29,001 [INFO] Middleware:1452 - No code input for Bsp Dependency
2026-07-30 15:04:29,012 [INFO] CodeEngine:265 - oldGeneratedFile, D:\TinyML_Workshop-main\TinyML_Workshop_PGR\TinyML_PGR\STM32\Inf_OnBoard\Core\Src\stm32l4xx_it.c_save
2026-07-30 15:04:29,083 [INFO] CodeEngine:289 - Generated code: D:\TinyML_Workshop-main\TinyML_Workshop_PGR\TinyML_PGR\STM32\Inf_OnBoard\Core\Src\stm32l4xx_it.c
2026-07-30 15:04:29,089 [INFO] CodeEngine:265 - oldGeneratedFile, D:\TinyML_Workshop-main\TinyML_Workshop_PGR\TinyML_PGR\STM32\Inf_OnBoard\Core\Inc\stm32l4xx_it.h_save
2026-07-30 15:04:29,158 [INFO] CodeEngine:289 - Generated code: D:\TinyML_Workshop-main\TinyML_Workshop_PGR\TinyML_PGR\STM32\Inf_OnBoard\Core\Inc\stm32l4xx_it.h
2026-07-30 15:04:29,173 [INFO] CodeEngine:265 - oldGeneratedFile, D:\TinyML_Workshop-main\TinyML_Workshop_PGR\TinyML_PGR\STM32\Inf_OnBoard\Core\Src\stm32l4xx_hal_msp.c_save
2026-07-30 15:04:29,298 [INFO] CodeEngine:289 - Generated code: D:\TinyML_Workshop-main\TinyML_Workshop_PGR\TinyML_PGR\STM32\Inf_OnBoard\Core\Src\stm32l4xx_hal_msp.c
2026-07-30 15:04:29,302 [INFO] CodeEngine:265 - oldGeneratedFile, D:\TinyML_Workshop-main\TinyML_Workshop_PGR\TinyML_PGR\STM32\Inf_OnBoard\MXTmpFiles\system.tmp_save
2026-07-30 15:04:29,365 [INFO] CodeEngine:289 - Generated code: D:\TinyML_Workshop-main\TinyML_Workshop_PGR\TinyML_PGR\STM32\Inf_OnBoard\MXTmpFiles\system.tmp
2026-07-30 15:04:29,376 [INFO] CodeEngine:321 - oldGeneratedFile, D:\TinyML_Workshop-main\TinyML_Workshop_PGR\TinyML_PGR\STM32\Inf_OnBoard\Core\Inc\stm32l4xx_hal_conf.h_save
2026-07-30 15:04:29,449 [INFO] CodeEngine:345 - Generated code: D:\TinyML_Workshop-main\TinyML_Workshop_PGR\TinyML_PGR\STM32\Inf_OnBoard\Core\Inc\stm32l4xx_hal_conf.h
2026-07-30 15:04:29,471 [INFO] CodeEngine:265 - oldGeneratedFile, D:\TinyML_Workshop-main\TinyML_Workshop_PGR\TinyML_PGR\STM32\Inf_OnBoard\Core\Inc\main.h_save
2026-07-30 15:04:29,542 [INFO] CodeEngine:289 - Generated code: D:\TinyML_Workshop-main\TinyML_Workshop_PGR\TinyML_PGR\STM32\Inf_OnBoard\Core\Inc\main.h
2026-07-30 15:04:29,548 [INFO] CodeEngine:265 - oldGeneratedFile, D:\TinyML_Workshop-main\TinyML_Workshop_PGR\TinyML_PGR\STM32\Inf_OnBoard\Core\Src\main.c_save
2026-07-30 15:04:29,666 [INFO] CodeEngine:289 - Generated code: D:\TinyML_Workshop-main\TinyML_Workshop_PGR\TinyML_PGR\STM32\Inf_OnBoard\Core\Src\main.c
2026-07-30 15:04:29,956 [INFO] AInterface:322 - ModelName:network; files:[D:\TinyML_Workshop-main\TinyML_Workshop_PGR\TinyML_PGR\ONNX\random_forest_model.onnx]; type:ONNX; compression:High
2026-07-30 15:04:29,956 [INFO] AInterface:526 - workspaceTempDir: C:/Users/ADMIN/AppData/Local/Temp/mxAI_workspace104664325484330010463475249069879555
2026-07-30 15:04:29,957 [INFO] AInterface:1179 - Setting Env: C:/Users/ADMIN/STM32Cube/Repository//Packs/STMicroelectronics/X-CUBE-AI/10.2.1/Utilities/windows
2026-07-30 15:04:29,961 [INFO] STM32CubeIDEBuilder:265 - Looking for gnu-tools-for-stm32 tools/bin/arm-none-eabi-gcc.exe in C:\ST\STM32CubeIDE_1.19.0\STM32CubeIDE
2026-07-30 15:04:29,963 [INFO] STM32CubeIDEBuilder:294 - checking C:\ST\STM32CubeIDE_1.19.0\STM32CubeIDE\plugins\com.st.stm32cube.ide.mcu.externaltools.gnu-tools-for-stm32.13.3.rel1.win32_1.0.0.202411081344\tools\bin\arm-none-eabi-gcc.exe
2026-07-30 15:04:29,963 [INFO] STM32CubeIDEBuilder:297 - ret=C:\ST\STM32CubeIDE_1.19.0\STM32CubeIDE\plugins\com.st.stm32cube.ide.mcu.externaltools.gnu-tools-for-stm32.13.3.rel1.win32_1.0.0.202411081344\tools\bin\arm-none-eabi-gcc.exe
2026-07-30 15:04:29,963 [INFO] STM32CubeIDEBuilder:311 - returning C:\ST\STM32CubeIDE_1.19.0\STM32CubeIDE\plugins\com.st.stm32cube.ide.mcu.externaltools.gnu-tools-for-stm32.13.3.rel1.win32_1.0.0.202411081344\tools\bin\arm-none-eabi-gcc.exe
2026-07-30 15:04:29,964 [INFO] AInterface:1236 - Custom PATH variable: C:/Users/ADMIN/STM32Cube/Repository//Packs/STMicroelectronics/X-CUBE-AI/10.2.1/Utilities/windows;C:/Users/ADMIN/STM32Cube/Repository//Packs/STMicroelectronics/X-CUBE-AI/10.2.1/Utilities/windows/mingw64/bin;C:/Users/ADMIN/STM32Cube/Repository//Packs/STMicroelectronics/X-CUBE-AI/10.2.1/Utilities/windows/mingw64/libexec/gcc/x86_64-w64-mingw32/7.3.0;;C:\ST\STM32CubeIDE_1.19.0\STM32CubeIDE\plugins\com.st.stm32cube.ide.mcu.externaltools.gnu-tools-for-stm32.13.3.rel1.win32_1.0.0.202411081344\tools\bin
2026-07-30 15:04:29,965 [INFO] CmdLine:115 - Command: C:/Users/ADMIN/STM32Cube/Repository//Packs/STMicroelectronics/X-CUBE-AI/10.2.1/Utilities/windows/stedgeai.exe generate --target stm32l4 --name network -m D:/TinyML_Workshop-main/TinyML_Workshop_PGR/TinyML_PGR/ONNX/random_forest_model.onnx --compression high --verbosity 1 --workspace C:/Users/ADMIN/AppData/Local/Temp/mxAI_workspace104664325484330010463475249069879555 --output C:/Users/ADMIN/.stm32cubemx/network_output
2026-07-30 15:04:29,969 [INFO] AIModelDetailledView:2264 - Analysis status: pending
2026-07-30 15:04:30,701 [INFO] CmdLine:76 - ST Edge AI Core v2.2.0-20266 2adc00962
2026-07-30 15:04:53,843 [INFO] CmdLine:76 - Creating c (debug) info json file C:\Users\ADMIN\.stm32cubemx\network_output\network_c_info.json
2026-07-30 15:04:54,149 [INFO] CmdLine:76 -  
2026-07-30 15:04:54,149 [INFO] CmdLine:76 -  Exec/report summary (generate)
2026-07-30 15:04:54,149 [INFO] CmdLine:76 -  --------------------------------------------------------------------------------------------------------------
2026-07-30 15:04:54,149 [INFO] CmdLine:76 -  model file         :   D:\TinyML_Workshop-main\TinyML_Workshop_PGR\TinyML_PGR\ONNX\random_forest_model.onnx   
2026-07-30 15:04:54,149 [INFO] CmdLine:76 -  type               :   onnx                                                                                   
2026-07-30 15:04:54,149 [INFO] CmdLine:76 -  c_name             :   network                                                                                
2026-07-30 15:04:54,149 [INFO] CmdLine:76 -  compression        :   high                                                                                   
2026-07-30 15:04:54,149 [INFO] CmdLine:76 -  options            :   allocate-inputs, allocate-outputs                                                      
2026-07-30 15:04:54,149 [INFO] CmdLine:76 -  optimization       :   balanced                                                                               
2026-07-30 15:04:54,150 [INFO] CmdLine:76 -  target/series      :   stm32l4                                                                                
2026-07-30 15:04:54,150 [INFO] CmdLine:76 -  workspace dir      :   C:\Users\ADMIN\AppData\Local\Temp\mxAI_workspace104664325484330010463475249069879555   
2026-07-30 15:04:54,150 [INFO] CmdLine:76 -  output dir         :   C:\Users\ADMIN\.stm32cubemx\network_output                                             
2026-07-30 15:04:54,150 [INFO] CmdLine:76 -  model_fmt          :   undefined                                                                              
2026-07-30 15:04:54,150 [INFO] CmdLine:76 -  model_name         :   random_forest_model                                                                    
2026-07-30 15:04:54,150 [INFO] CmdLine:76 -  model_hash         :   0x00177bf66787f228ea6e8f5ba719480d                                                     
2026-07-30 15:04:54,150 [INFO] CmdLine:76 -  params #           :   1,043,793 items (2.51 MiB)                                                             
2026-07-30 15:04:54,150 [INFO] CmdLine:76 -  --------------------------------------------------------------------------------------------------------------
2026-07-30 15:04:54,150 [INFO] CmdLine:76 -  input 1/1          :   'float_input', f32(1x1x6), 24 Bytes, activations                                       
2026-07-30 15:04:54,150 [INFO] CmdLine:76 -  output 1/2         :   'label0', int32(1x1), 4 Bytes, activations                                             
2026-07-30 15:04:54,150 [INFO] CmdLine:76 -  output 2/2         :   'output_probability', f32(1x1x5x2), 40 Bytes, activations                              
2026-07-30 15:04:54,150 [INFO] CmdLine:76 -  outputs (total)    :   44 Bytes                                                                               
2026-07-30 15:04:54,150 [INFO] CmdLine:76 -  macc               :   1,411                                                                                  
2026-07-30 15:04:54,150 [INFO] CmdLine:76 -  weights (ro)       :   1,951,248 B (1.86 MiB) (1 segment) / -2,223,924(-53.3%) vs float model                 
2026-07-30 15:04:54,150 [INFO] CmdLine:76 -  activations (rw)   :   64 B (64 B) (1 segment) *                                                              
2026-07-30 15:04:54,151 [INFO] CmdLine:76 -  ram (total)        :   64 B (64 B) = 64 + 0 + 0                                                               
2026-07-30 15:04:54,151 [INFO] CmdLine:76 -  --------------------------------------------------------------------------------------------------------------
2026-07-30 15:04:54,151 [INFO] CmdLine:76 -  (*) 'input'/'output' buffers are allocated in the activations buffer
2026-07-30 15:04:54,259 [INFO] CmdLine:76 - Computing AI RT data/code size (target=stm32l4)..
2026-07-30 15:04:57,765 [INFO] CmdLine:76 -  Requested memory size by section - "stm32l4" target
2026-07-30 15:04:57,765 [INFO] CmdLine:76 -  ------------------------------ ------- ----------- ------- -----
2026-07-30 15:04:57,766 [INFO] CmdLine:76 -  module                            text      rodata    data   bss
2026-07-30 15:04:57,766 [INFO] CmdLine:76 -  ------------------------------ ------- ----------- ------- -----
2026-07-30 15:04:57,766 [INFO] CmdLine:76 -  NetworkRuntime1020_CM4_GCC.a     5,508           0       0     0
2026-07-30 15:04:57,766 [INFO] CmdLine:76 -  network.o                          704          16   1,768   172
2026-07-30 15:04:57,766 [INFO] CmdLine:76 -  network_data.o                      48          16      88     0
2026-07-30 15:04:57,766 [INFO] CmdLine:76 -  lib (toolchain)*                     0           0       0     0
2026-07-30 15:04:57,766 [INFO] CmdLine:76 -  ------------------------------ ------- ----------- ------- -----
2026-07-30 15:04:57,766 [INFO] CmdLine:76 -  RT total**                       6,260          32   1,856   172
2026-07-30 15:04:57,766 [INFO] CmdLine:76 -  ------------------------------ ------- ----------- ------- -----
2026-07-30 15:04:57,766 [INFO] CmdLine:76 -  weights                              0   1,951,248       0     0
2026-07-30 15:04:57,767 [INFO] CmdLine:76 -  activations                          0           0       0    64
2026-07-30 15:04:57,767 [INFO] CmdLine:76 -  io                                   0           0       0     0
2026-07-30 15:04:57,767 [INFO] CmdLine:76 -  ------------------------------ ------- ----------- ------- -----
2026-07-30 15:04:57,767 [INFO] CmdLine:76 -  TOTAL                            6,260   1,951,280   1,856   236
2026-07-30 15:04:57,767 [INFO] CmdLine:76 -  ------------------------------ ------- ----------- ------- -----
2026-07-30 15:04:57,767 [INFO] CmdLine:76 -  *  toolchain objects (libm/libgcc*)
2026-07-30 15:04:57,767 [INFO] CmdLine:76 -  ** RT AI runtime objects (kernels+infrastructure)
2026-07-30 15:04:57,767 [INFO] CmdLine:76 -   Summary - "stm32l4" target
2026-07-30 15:04:57,767 [INFO] CmdLine:76 -   --------------------------------------------------
2026-07-30 15:04:57,768 [INFO] CmdLine:76 -                FLASH (ro)     %*   RAM (rw)       %
2026-07-30 15:04:57,768 [INFO] CmdLine:76 -   --------------------------------------------------
2026-07-30 15:04:57,768 [INFO] CmdLine:76 -   RT total          8,148   0.4%      2,028   96.9%
2026-07-30 15:04:57,768 [INFO] CmdLine:76 -   --------------------------------------------------
2026-07-30 15:04:57,768 [INFO] CmdLine:76 -   TOTAL         1,959,396             2,092
2026-07-30 15:04:57,768 [INFO] CmdLine:76 -   --------------------------------------------------
2026-07-30 15:04:57,768 [INFO] CmdLine:76 -   *  rt/total
2026-07-30 15:04:57,769 [INFO] CmdLine:76 -  Generated files (7)
2026-07-30 15:04:57,769 [INFO] CmdLine:76 -  ------------------------------------------------------------------
2026-07-30 15:04:57,769 [INFO] CmdLine:76 -  C:\Users\ADMIN\.stm32cubemx\network_output\network_data_params.h
2026-07-30 15:04:57,769 [INFO] CmdLine:76 -  C:\Users\ADMIN\.stm32cubemx\network_output\network_data_params.c
2026-07-30 15:04:57,769 [INFO] CmdLine:76 -  C:\Users\ADMIN\.stm32cubemx\network_output\network_data.h
2026-07-30 15:04:57,769 [INFO] CmdLine:76 -  C:\Users\ADMIN\.stm32cubemx\network_output\network_data.c
2026-07-30 15:04:57,769 [INFO] CmdLine:76 -  C:\Users\ADMIN\.stm32cubemx\network_output\network_config.h
2026-07-30 15:04:57,769 [INFO] CmdLine:76 -  C:\Users\ADMIN\.stm32cubemx\network_output\network.h
2026-07-30 15:04:57,769 [INFO] CmdLine:76 -  C:\Users\ADMIN\.stm32cubemx\network_output\network.c
2026-07-30 15:04:57,770 [INFO] CmdLine:76 - Creating txt report file C:\Users\ADMIN\.stm32cubemx\network_output\network_generate_report.txt
2026-07-30 15:05:09,032 [INFO] CmdLine:76 - elapsed time (generate): 38.331s
2026-07-30 15:05:09,635 [INFO] CmdLine:148 - stedgeai exit with status: 0
2026-07-30 15:05:09,919 [INFO] AIModelDetailledView:2264 - Analysis status: done
2026-07-30 15:05:10,306 [INFO] ProjectBuilder:3606 - Time for Copy HAL[1] : 152mS.
2026-07-30 15:05:10,306 [ERROR] Middleware:2950 - Invalid RefComponent list
2026-07-30 15:05:10,306 [ERROR] Middleware:2950 - Invalid RefComponent list
2026-07-30 15:05:10,306 [ERROR] Middleware:2950 - Invalid RefComponent list
2026-07-30 15:05:10,306 [ERROR] Middleware:2950 - Invalid RefComponent list
2026-07-30 15:05:10,306 [ERROR] Middleware:2950 - Invalid RefComponent list
2026-07-30 15:05:10,306 [ERROR] Middleware:2950 - Invalid RefComponent list
2026-07-30 15:05:10,306 [ERROR] Middleware:2950 - Invalid RefComponent list
2026-07-30 15:05:10,306 [ERROR] Middleware:2950 - Invalid RefComponent list
2026-07-30 15:05:10,306 [ERROR] Middleware:2950 - Invalid RefComponent list
2026-07-30 15:05:10,306 [ERROR] Middleware:2950 - Invalid RefComponent list
2026-07-30 15:05:10,306 [ERROR] Middleware:2950 - Invalid RefComponent list
2026-07-30 15:05:10,306 [ERROR] Middleware:2950 - Invalid RefComponent list
2026-07-30 15:05:10,306 [ERROR] Middleware:2950 - Invalid RefComponent list
2026-07-30 15:05:10,306 [ERROR] Middleware:2950 - Invalid RefComponent list
2026-07-30 15:05:10,306 [ERROR] Middleware:2950 - Invalid RefComponent list
2026-07-30 15:05:10,306 [ERROR] Middleware:2950 - Invalid RefComponent list
2026-07-30 15:05:10,306 [ERROR] Middleware:2950 - Invalid RefComponent list
2026-07-30 15:05:10,306 [ERROR] Middleware:2950 - Invalid RefComponent list
2026-07-30 15:05:10,307 [ERROR] Middleware:2950 - Invalid RefComponent list
2026-07-30 15:05:10,307 [ERROR] Middleware:2950 - Invalid RefComponent list
2026-07-30 15:05:10,307 [ERROR] Middleware:2950 - Invalid RefComponent list
2026-07-30 15:05:10,307 [ERROR] Middleware:2950 - Invalid RefComponent list
2026-07-30 15:05:10,307 [ERROR] Middleware:2950 - Invalid RefComponent list
2026-07-30 15:05:10,307 [ERROR] Middleware:2950 - Invalid RefComponent list
2026-07-30 15:05:10,307 [ERROR] Middleware:2950 - Invalid RefComponent list
2026-07-30 15:05:10,307 [ERROR] Middleware:2950 - Invalid RefComponent list
2026-07-30 15:05:10,307 [ERROR] Middleware:2950 - Invalid RefComponent list
2026-07-30 15:05:10,307 [ERROR] Middleware:2950 - Invalid RefComponent list
2026-07-30 15:05:10,307 [ERROR] Middleware:2950 - Invalid RefComponent list
2026-07-30 15:05:10,307 [ERROR] Middleware:2950 - Invalid RefComponent list
2026-07-30 15:05:10,307 [ERROR] Middleware:2950 - Invalid RefComponent list
2026-07-30 15:05:10,307 [ERROR] Middleware:2950 - Invalid RefComponent list
2026-07-30 15:05:10,307 [ERROR] Middleware:2950 - Invalid RefComponent list
2026-07-30 15:05:10,307 [ERROR] Middleware:2950 - Invalid RefComponent list
2026-07-30 15:05:10,307 [ERROR] Middleware:2950 - Invalid RefComponent list
2026-07-30 15:05:10,307 [ERROR] Middleware:2950 - Invalid RefComponent list
2026-07-30 15:05:10,307 [ERROR] Middleware:2950 - Invalid RefComponent list
2026-07-30 15:05:10,307 [ERROR] Middleware:2950 - Invalid RefComponent list
2026-07-30 15:05:10,307 [ERROR] Middleware:2950 - Invalid RefComponent list
2026-07-30 15:05:10,307 [ERROR] Middleware:2950 - Invalid RefComponent list
2026-07-30 15:05:10,307 [ERROR] Middleware:2950 - Invalid RefComponent list
2026-07-30 15:05:10,307 [ERROR] Middleware:2950 - Invalid RefComponent list
2026-07-30 15:05:10,307 [ERROR] Middleware:2950 - Invalid RefComponent list
2026-07-30 15:05:10,307 [ERROR] Middleware:2950 - Invalid RefComponent list
2026-07-30 15:05:10,307 [ERROR] Middleware:2950 - Invalid RefComponent list
2026-07-30 15:05:10,307 [ERROR] Middleware:2950 - Invalid RefComponent list
2026-07-30 15:05:10,307 [ERROR] Middleware:2950 - Invalid RefComponent list
2026-07-30 15:05:10,307 [ERROR] Middleware:2950 - Invalid RefComponent list
2026-07-30 15:05:10,307 [ERROR] Middleware:2950 - Invalid RefComponent list
2026-07-30 15:05:10,307 [ERROR] Middleware:2950 - Invalid RefComponent list
2026-07-30 15:05:10,311 [INFO] ProjectBuilder:5216 - Project Generator version: 4.7.0-B52
2026-07-30 15:05:10,390 [INFO] ConfigFileManager:1595 - The Die is : DIE470
2026-07-30 15:05:11,115 [INFO] ProjectBuilder:5496 - Time for Generating toolchain IDE Files: 804mS.
2026-07-30 15:05:11,116 [INFO] ProjectBuilder:3463 - Time for Copy CMSIS : 0mS.
2026-07-30 15:05:11,118 [INFO] ProjectBuilder:3463 - Time for Copy CMSIS : 0mS.
2026-07-30 15:35:58,864 [INFO] MainUpdater:2872 - connection check result : 10
2026-07-30 15:35:58,865 [INFO] McuFinderGlobals:76 - Set McuFinderConnectedMode to true
2026-07-30 15:35:59,533 [INFO] ServerAccessManage:452 - Complete download http(s) 200
2026-07-30 15:35:59,534 [INFO] ServerAccessManage:509 - Download File mcusAds.json._tmp_
2026-07-30 15:35:59,653 [INFO] LoadUrlFilesThread:156 - End of LoadUrlFiles Thread
2026-07-30 15:35:59,794 [INFO] ServerAccessManage:452 - Complete download http(s) 200
2026-07-30 15:35:59,794 [INFO] ServerAccessManage:509 - Download File cube-finder-db.zip
2026-07-30 15:36:45,663 [INFO] FileExtend:248 - Unzip File : cube-finder-db.zip
2026-07-30 15:36:45,664 [INFO] FileExtend:263 - Standard Zip Deflate
2026-07-30 15:36:46,835 [INFO] LoadUrlFilesThread:156 - End of LoadUrlFiles Thread
2026-07-30 15:37:08,058 [ERROR] ServerAccessManage:1295 - Problem during Server Connection :  IO error Connection timed out: getsockopt
2026-07-30 15:37:08,059 [ERROR] ServerAccessManage:740 - Problem during Server Connection :  : crdb.zip.
2026-07-30 15:37:10,374 [INFO] LoadUrlFilesThread:156 - End of LoadUrlFiles Thread
2026-07-30 15:37:11,263 [INFO] DbMcusAds:53 - JSON generation date=Wed Jul 15 15:16:00 IST 2026 (1784108760991)
2026-07-30 15:37:11,268 [INFO] ApiDb:448 - Save user favorites file C:\Users\ADMIN/.stm32cubeide/favorites.mcus.txt: 0 item(s)
2026-07-30 15:37:11,268 [INFO] ApiDb:452 - User favorites MCUs=[]
2026-07-30 15:37:11,278 [INFO] ApiDb:581 - Connected to CubeFinder SQLite database (C:\Users\ADMIN\.stmcufinder\plugins\mcufinder\mcu\cube-finder-db.db)
2026-07-30 15:37:11,378 [INFO] ApiDb:668 - CubeFinder database Data Model version=2.1
2026-07-30 15:37:11,378 [INFO] ApiDb:669 - CubeFinder database Configuration version=3.0.42
2026-07-30 15:37:11,379 [INFO] ApiDb:670 - CubeFinder database generation date=2026-06-23 (1782213372)
2026-07-30 15:37:11,379 [INFO] ApiDb:671 - CubeFinder database FW Pack versions=[FP-ATR-ASTRA1_V2.0.0, FP-SNS-FLIGHT1_V5.1.0, FP-SNS-MOTENV1_V5.1.0, FP-SNS-MOTENVWB1_V1.5.0, FP-SNS-SMARTAG2_V1.2.0, FP-SNS-STBOX1_V2.1.0, STM32Cube_FW_C0_V1.4.0, STM32Cube_FW_F4_V1.28.3, STM32Cube_FW_F7_V1.17.4, STM32Cube_FW_G0_V1.6.3, STM32Cube_FW_G4_V1.6.2, STM32Cube_FW_H5_V1.7.0, STM32Cube_FW_H7RS_V1.3.0, STM32Cube_FW_H7_V1.13.0, STM32Cube_FW_L0_V1.12.2, STM32Cube_FW_L4_V1.18.2, STM32Cube_FW_L5_V1.6.0, STM32Cube_FW_N6_V1.4.0, STM32Cube_FW_U0_V1.3.0, STM32Cube_FW_U3_V1.4.0, STM32Cube_FW_U5_V1.9.0, STM32Cube_FW_WB0_V1.5.0, STM32Cube_FW_WBA_V1.10.0, STM32Cube_FW_WB_V1.24.0, STM32Cube_FW_WL3_V1.5.0, STM32Cube_FW_WL_V1.6.0, X-CUBE-ALGOBUILD_V1.5.0, X-CUBE-ALS_V1.0.2, X-CUBE-AZRTOS-F4_V1.1.0, X-CUBE-AZRTOS-F7_V1.1.0, X-CUBE-AZRTOS-G0_V1.1.0, X-CUBE-AZRTOS-G4_V2.0.0, X-CUBE-AZRTOS-H7RS_V1.1.0, X-CUBE-AZRTOS-H7_V3.5.0, X-CUBE-AZRTOS-L4_V2.0.0, X-CUBE-AZRTOS-L5_V2.0.0, X-CUBE-AZRTOS-WB_V2.0.0, X-CUBE-AZRTOS-WL_V2.0.0, X-CUBE-BLE1_V7.1.0, X-CUBE-BLE2_V3.3.0, X-CUBE-BLEMGR_V4.1.0, X-CUBE-EEPRMA1_V5.2.0, X-CUBE-FREERTOS_V1.5.0, X-CUBE-GNSS1_V7.1.1, X-CUBE-MEMS1_V12.1.0, X-CUBE-NFC4_V3.0.0, X-CUBE-NFC7_V2.0.0, X-CUBE-SFXS2LP1_V4.0.0, X-CUBE-ST67W61_V1.3.0, X-CUBE-SUBG2_V5.0.0, X-CUBE-TOF1_V3.4.3]
2026-07-30 15:37:14,769 [INFO] ApiDb:240 - Found 880 in-development CPN: [B-G473E-ZEST1S, B-WB1M-WPAN1, B-WBA5M-WPAN, B-WL5M-SUBG1, NUCLEO-C031C6, NUCLEO-C051C8, NUCLEO-C071RB, NUCLEO-C092RC, NUCLEO-H503RB, NUCLEO-H533RE, NUCLEO-H563ZI, NUCLEO-H7S3L8, NUCLEO-N657X0-Q, NUCLEO-U031R8, NUCLEO-U083RC, NUCLEO-U385RG-Q, NUCLEO-U545RE-Q, NUCLEO-U5A5ZJ-Q, NUCLEO-WB05KZ, NUCLEO-WB07CC, NUCLEO-WB09KE, NUCLEO-WBA52CG, NUCLEO-WBA55CG, NUCLEO-WL33CC1, NUCLEO-WL33CC2, STEVAL-PROTEUS1, STEVAL-SMARTAG2, STEVAL-STWINBX1, STM320518-EVAL, STM32C0116-DK, STM32C011D6Y3TR, STM32C011D6Y6TR, STM32C011F4P3, STM32C011F4P6, STM32C011F4U3, STM32C011F4U6TR, STM32C011F6P3, STM32C011F6P6, STM32C011F6U3, STM32C011F6U6TR, STM32C011J4M3, STM32C011J4M6, STM32C011J6M3, STM32C011J6M6, STM32C0316-DK, STM32C031C4T3, STM32C031C4T6, STM32C031C4U3, STM32C031C4U6, STM32C031C6T3, STM32C031C6T6, STM32C031C6U3, STM32C031C6U6, STM32C031F4P3, STM32C031F4P6, STM32C031F6P3, STM32C031F6P6, STM32C031G4U3, STM32C031G4U6, STM32C031G6U3, STM32C031G6U6, STM32C031K4T3, STM32C031K4T6, STM32C031K4U3, STM32C031K4U6, STM32C031K6T3, STM32C031K6T6, STM32C031K6U3, STM32C031K6U6, STM32C051C6T6, STM32C051C6U6, STM32C051C8T6, STM32C051C8U6, STM32C051D8Y6TR, STM32C051F6P6, STM32C051F8P6, STM32C051G6U6, STM32C051G8U6, STM32C051K6T6, STM32C051K6U6, STM32C051K8T6, STM32C071C8T6, STM32C071C8T6N, STM32C071C8U6, STM32C071C8U6N, STM32C071CBT6, STM32C071CBT6N, STM32C071CBU6, STM32C071CBU6N, STM32C071F8P6, STM32C071F8P6N, STM32C071FBP6, STM32C071FBP6N, STM32C071FBY6TR, STM32C071G8U6, STM32C071G8U6N, STM32C071GBU6, STM32C071GBU6N, STM32C071K8T6, STM32C071K8T6N, STM32C071K8U6, STM32C071K8U6N, STM32C071KBT6, STM32C071KBT6N, STM32C071KBU6, STM32C071KBU6N, STM32C071R8T6, STM32C071R8T6N, STM32C071RBI6N, STM32C071RBT6, STM32C071RBT6N, STM32C091CBT6, STM32C091CBU6, STM32C091CCT6, STM32C091CCU6, STM32C091ECY6TR, STM32C091FBP6, STM32C091FCP6, STM32C091GBU6, STM32C091GCU6, STM32C091KBT6, STM32C091KBU6, STM32C091KCT6, STM32C091KCU6, STM32C091RBT6, STM32C091RCI6, STM32C091RCT6, STM32C092CBT6, STM32C092CBU6, STM32C092CCT6, STM32C092CCU6, STM32C092ECY6TR, STM32C092FBP6, STM32C092FCP6, STM32C092GBU6, STM32C092GCU6, STM32C092KBT6, STM32C092KBU6, STM32C092KCT6, STM32C092KCU6, STM32C092RBT6, STM32C092RCI6, STM32C092RCT6, STM32G071K8TXN, STM32G071K8UXN, STM32G081GBU6N, STM32G081KBT6N, STM32G081KBUXN, STM32G0B1CCT6N, STM32G0B1KCT6, STM32G0B1NEY6TR, STM32G0B1RCT6N, STM32G0C1CCT6, STM32G0C1CCT6N, STM32G0C1CCU6N, STM32G0C1CET6N, STM32G0C1CEU6N, STM32G0C1KCT6, STM32G0C1NEY6TR, STM32G0C1RCI6N, STM32G0C1RCT6N, STM32G0C1REI6N, STM32G0C1RET6N, STM32G0C1VCI6, STM32G0C1VEI6, STM32G411C6T3, STM32G411C6T6, STM32G411C6U3, STM32G411C6U6, STM32G411C8T3, STM32G411C8T6, STM32G411C8U3, STM32G411C8U6, STM32G411CBT3, STM32G411CBT6, STM32G411CBU3, STM32G411CBU6, STM32G411K6T3, STM32G411K6T6, STM32G411K6U3, STM32G411K6U6, STM32G411K8T3, STM32G411K8T6, STM32G411K8U3, STM32G411K8U6, STM32G411KBT3, STM32G411KBT6, STM32G411KBU3, STM32G411KBU6, STM32G411M6T3, STM32G411M6T6, STM32G411M8T3, STM32G411M8T6, STM32G411MBT3, STM32G411MBT6, STM32G411R6T3, STM32G411R6T6, STM32G411R8T3, STM32G411R8T6, STM32G411RBT3, STM32G411RBT6, STM32G414CBT3, STM32G414CBT6, STM32G414CBU3, STM32G414CBU6, STM32G414CCT3, STM32G414CCT6, STM32G414CCU3, STM32G414CCU6, STM32G414MBT3, STM32G414MBT6, STM32G414MCT3, STM32G414MCT6, STM32G414RBT3, STM32G414RBT6, STM32G414RCT3, STM32G414RCT6, STM32G414VBT3, STM32G414VBT6, STM32G414VCT3, STM32G414VCT6, STM32G431CBT3Z, STM32G431RBT3Z, STM32G471CCT6, STM32G471CCU6, STM32G471CET3, STM32G471CET6, STM32G471CEU3, STM32G471CEU6, STM32G471MCT6, STM32G471MET3, STM32G471MET6, STM32G471MEY6TR, STM32G471QCT6, STM32G471QET3, STM32G471RCT6, STM32G471RET3, STM32G471RET6, STM32G471VCH6, STM32G471VCI6, STM32G471VCT6, STM32G471VEH3, STM32G471VEH6, STM32G471VEI3, STM32G471VEI6, STM32G471VET3, STM32G471VET6, STM32G473QET3Z, STM32G473RET3Z, STM32G474CCT6, STM32G491RET3Z, STM32H503CBT6, STM32H503CBU6, STM32H503EBY6TR, STM32H503KBU6, STM32H503RBT6, STM32H523CCT6, STM32H523CCU6, STM32H523CET6, STM32H523CEU6, STM32H523HEY6TR, STM32H523RCT6, STM32H523RET6, STM32H523VCI6, STM32H523VCT6, STM32H523VEI6, STM32H523VET6, STM32H523ZCJ6, STM32H523ZCT6, STM32H523ZEJ6, STM32H523ZET6, STM32H533CET6, STM32H533CEU6, STM32H533HEY6TR, STM32H533RET6, STM32H533VEI6, STM32H533VET6, STM32H533ZEJ6, STM32H533ZET6, STM32H562AGI6, STM32H562AII6, STM32H562IGK6, STM32H562IGT6, STM32H562IIK6, STM32H562IIT6, STM32H562RGT6, STM32H562RGV6, STM32H562RIT6, STM32H562RIV6, STM32H562VGT6, STM32H562VIT6, STM32H562ZGT6, STM32H562ZIT6, STM32H563AGI6, STM32H563AII3Q, STM32H563AII6, STM32H563IGK6, STM32H563IGT6, STM32H563IIK3Q, STM32H563IIK6, STM32H563IIT3Q, STM32H563IIT6, STM32H563MIY3QTR, STM32H563RGT6, STM32H563RGV6, STM32H563RIT6, STM32H563RIV6, STM32H563VGT6, STM32H563VIT3Q, STM32H563VIT6, STM32H563ZGT6, STM32H563ZIT3Q, STM32H563ZIT6, STM32H573AII3Q, STM32H573AII6, STM32H573I-DK, STM32H573IIK3Q, STM32H573IIK6, STM32H573IIT3Q, STM32H573IIT6, STM32H573MIY3QTR, STM32H573RIT6, STM32H573RIV6, STM32H573VIT3Q, STM32H573VIT6, STM32H573ZIT3Q, STM32H573ZIT6, STM32H7R3A8I6, STM32H7R3I8K6, STM32H7R3I8T6, STM32H7R3L8H6, STM32H7R3L8H6H, STM32H7R3R8V6, STM32H7R3V8H6, STM32H7R3V8T6, STM32H7R3V8Y6TR, STM32H7R3Z8J6, STM32H7R3Z8T6, STM32H7R7A8I6, STM32H7R7I8K6, STM32H7R7I8T6, STM32H7R7L8H6, STM32H7R7L8H6H, STM32H7R7Z8J6, STM32H7S3A8I6, STM32H7S3I8K6, STM32H7S3I8T6, STM32H7S3L8H6, STM32H7S3L8H6H, STM32H7S3R8V6, STM32H7S3V8H6, STM32H7S3V8T6, STM32H7S3V8Y6TR, STM32H7S3Z8J6, STM32H7S3Z8T6, STM32H7S78-DK, STM32H7S7A8I6, STM32H7S7I8K6, STM32H7S7I8T6, STM32H7S7L8H6, STM32H7S7L8H6H, STM32H7S7Z8J6, STM32L4R5QGI6STR, STM32MP131AAE3, STM32MP131AAF3, STM32MP131AAG3, STM32MP131CAE3, STM32MP131CAF3, STM32MP131CAG3, STM32MP131DAE7, STM32MP131DAF7, STM32MP131DAG7, STM32MP131FAE7, STM32MP131FAF7, STM32MP131FAG7, STM32MP133AAE3, STM32MP133AAF3, STM32MP133AAG3, STM32MP133CAE3, STM32MP133CAF3, STM32MP133CAG3, STM32MP133DAE7, STM32MP133DAF7, STM32MP133DAG7, STM32MP133FAE7, STM32MP133FAF7, STM32MP133FAG7, STM32MP135AAE3, STM32MP135AAF3, STM32MP135AAG3, STM32MP135CAE3, STM32MP135CAF3, STM32MP135CAG3, STM32MP135DAE7, STM32MP135DAF7, STM32MP135DAG7, STM32MP135F-DK, STM32MP135FAE7, STM32MP135FAF7, STM32MP135FAF7T, STM32MP135FAF7U, STM32MP135FAG7, STM32MP211AAL3, STM32MP211AAM3, STM32MP211AAN3, STM32MP211AAO3, STM32MP211CAL3, STM32MP211CAM3, STM32MP211CAN3, STM32MP211CAO3, STM32MP211DAL3, STM32MP211DAM3, STM32MP211DAN3, STM32MP211DAO3, STM32MP211FAL3, STM32MP211FAM3, STM32MP211FAN3, STM32MP211FAO3, STM32MP213AAL3, STM32MP213AAM3, STM32MP213AAN3, STM32MP213AAO3, STM32MP213CAL3, STM32MP213CAM3, STM32MP213CAN3, STM32MP213CAO3, STM32MP213DAL3, STM32MP213DAM3, STM32MP213DAN3, STM32MP213DAO3, STM32MP213FAL3, STM32MP213FAM3, STM32MP213FAN3, STM32MP213FAO3, STM32MP215AAL3, STM32MP215AAM3, STM32MP215AAN3, STM32MP215AAO3, STM32MP215CAL3, STM32MP215CAM3, STM32MP215CAN3, STM32MP215CAO3, STM32MP215DAL3, STM32MP215DAM3, STM32MP215DAN3, STM32MP215DAO3, STM32MP215F-DK, STM32MP215FAL3, STM32MP215FAM3, STM32MP215FAN3, STM32MP215FAO3, STM32MP231AAJ3, STM32MP231AAK3, STM32MP231AAL3, STM32MP231CAJ3, STM32MP231CAK3, STM32MP231CAL3, STM32MP231DAJ3, STM32MP231DAK3, STM32MP231DAL3, STM32MP231FAJ3, STM32MP231FAK3, STM32MP231FAL3, STM32MP233AAJ3, STM32MP233AAK3, STM32MP233AAL3, STM32MP233CAJ3, STM32MP233CAK3, STM32MP233CAL3, STM32MP233DAJ3, STM32MP233DAK3, STM32MP233DAL3, STM32MP233FAJ3, STM32MP233FAK3, STM32MP233FAL3, STM32MP235AAJ3, STM32MP235AAK3, STM32MP235AAL3, STM32MP235CAJ3, STM32MP235CAK3, STM32MP235CAL3, STM32MP235DAJ3, STM32MP235DAK3, STM32MP235DAL3, STM32MP235FAJ3, STM32MP235FAK3, STM32MP235FAL3, STM32MP251AAI3, STM32MP251AAK3, STM32MP251AAL3, STM32MP251CAI3, STM32MP251CAK3, STM32MP251CAL3, STM32MP251DAI3, STM32MP251DAK3, STM32MP251DAL3, STM32MP251FAI3, STM32MP251FAK3, STM32MP251FAL3, STM32MP253AAI3, STM32MP253AAK3, STM32MP253AAL3, STM32MP253CAI3, STM32MP253CAK3, STM32MP253CAL3, STM32MP253DAI3, STM32MP253DAK3, STM32MP253DAL3, STM32MP253FAI3, STM32MP253FAK3, STM32MP253FAL3, STM32MP255AAI3, STM32MP255AAK3, STM32MP255AAL3, STM32MP255CAI3, STM32MP255CAK3, STM32MP255CAL3, STM32MP255DAI3, STM32MP255DAK3, STM32MP255DAL3, STM32MP255FAI3, STM32MP255FAK3, STM32MP255FAL3, STM32MP257AAI3, STM32MP257AAK3, STM32MP257AAL3, STM32MP257CAI3, STM32MP257CAK3, STM32MP257CAL3, STM32MP257DAI3, STM32MP257DAK3, STM32MP257DAL3, STM32MP257F-DK, STM32MP257F-EV1, STM32MP257FAI3, STM32MP257FAK3, STM32MP257FAL3, STM32N645A0H3Q, STM32N645B0H3Q, STM32N645I0H3Q, STM32N645L0H3Q, STM32N645X0H3Q, STM32N645Z0H3Q, STM32N647A0H3Q, STM32N647B0H3Q, STM32N647I0H3Q, STM32N647L0H3Q, STM32N647X0H3Q, STM32N647Z0H3Q, STM32N655A0H3Q, STM32N655B0H3Q, STM32N655I0H3Q, STM32N655L0H3Q, STM32N655X0H3Q, STM32N655Z0H3Q, STM32N6570-DK, STM32N657A0H3Q, STM32N657B0H3Q, STM32N657I0H3Q, STM32N657L0H3Q, STM32N657X0H3Q, STM32N657Z0H3Q, STM32U031C6T6, STM32U031C6U6, STM32U031C8T6, STM32U031C8U6, STM32U031F4P6, STM32U031F6P6, STM32U031F8P6, STM32U031G6Y6TR, STM32U031G8Y6TR, STM32U031K4U6, STM32U031K6U6, STM32U031K8U6, STM32U031R6I6, STM32U031R6T6, STM32U031R8I6, STM32U031R8T6, STM32U073C8T6, STM32U073C8U6, STM32U073CBT6, STM32U073CBU6, STM32U073CCT6, STM32U073CCU6, STM32U073H8Y6TR, STM32U073HBY6TR, STM32U073HCY6TR, STM32U073K8U6, STM32U073KBU6, STM32U073KCU6, STM32U073M8I6, STM32U073M8T6, STM32U073MBI6, STM32U073MBT6, STM32U073MCI6, STM32U073MCT6, STM32U073R8I6, STM32U073R8T6, STM32U073RBI6, STM32U073RBT6, STM32U073RCI6, STM32U073RCT6, STM32U083C-DK, STM32U083CCT6, STM32U083CCU6, STM32U083HCY6TR, STM32U083KCU6, STM32U083MCI6, STM32U083MCT6, STM32U083RCI6, STM32U083RCT6, STM32U375CET6, STM32U375CET6Q, STM32U375CEU6, STM32U375CEU6Q, STM32U375CEY6QTR, STM32U375CGT6, STM32U375CGT6Q, STM32U375CGU6, STM32U375CGU6Q, STM32U375CGY6QTR, STM32U375KEU6, STM32U375KGU6, STM32U375REI6, STM32U375REI6Q, STM32U375RET6, STM32U375RET6Q, STM32U375REY6GTR, STM32U375REY6QTR, STM32U375RGI6, STM32U375RGI6Q, STM32U375RGT6, STM32U375RGT6Q, STM32U375RGY6GTR, STM32U375RGY6QTR, STM32U375VEI6, STM32U375VEI6Q, STM32U375VET6, STM32U375VET6Q, STM32U375VGI6, STM32U375VGI6Q, STM32U375VGT6, STM32U375VGT6Q, STM32U385CGT6, STM32U385CGT6Q, STM32U385CGU6, STM32U385CGU6Q, STM32U385CGY6QTR, STM32U385KGU6, STM32U385RGI6, STM32U385RGI6Q, STM32U385RGT6, STM32U385RGT6Q, STM32U385RGY6GTR, STM32U385RGY6QTR, STM32U385VGI6, STM32U385VGI6Q, STM32U385VGT6, STM32U385VGT6Q, STM32U535CBT6, STM32U535CBT6Q, STM32U535CBU6, STM32U535CBU6Q, STM32U535CCT6, STM32U535CCT6Q, STM32U535CCU6, STM32U535CCU6Q, STM32U535CET6, STM32U535CET6Q, STM32U535CEU6, STM32U535CEU6Q, STM32U535JEY6QTR, STM32U535NCY6QTR, STM32U535NEY6QTR, STM32U535RBI6, STM32U535RBI6Q, STM32U535RBT6, STM32U535RBT6Q, STM32U535RCI6, STM32U535RCI6Q, STM32U535RCT6, STM32U535RCT6Q, STM32U535REI6, STM32U535REI6Q, STM32U535RET6, STM32U535RET6Q, STM32U535VCI6, STM32U535VCI6Q, STM32U535VCT6, STM32U535VCT6Q, STM32U535VEI6, STM32U535VEI6Q, STM32U535VET6, STM32U535VET6Q, STM32U545CET6, STM32U545CET6Q, STM32U545CEU6, STM32U545CEU6Q, STM32U545JEY6QTR, STM32U545NEY6QTR, STM32U545REI6, STM32U545REI6Q, STM32U545RET6, STM32U545RET6Q, STM32U545VEI6, STM32U545VEI6Q, STM32U545VET6, STM32U545VET6Q, STM32U595AIH6, STM32U595AIH6Q, STM32U595AJH6, STM32U595AJH6Q, STM32U595QII6, STM32U595QII6Q, STM32U595QJI6, STM32U595QJI6Q, STM32U595RIT6, STM32U595RIT6Q, STM32U595RJT6, STM32U595RJT6Q, STM32U595VIT6, STM32U595VIT6Q, STM32U595VJT6, STM32U595VJT6Q, STM32U595ZIT6, STM32U595ZIT6Q, STM32U595ZIY6QTR, STM32U595ZJT6, STM32U595ZJT6Q, STM32U595ZJY6QTR, STM32U599BJY6QTR, STM32U599NIH6Q, STM32U599NJH6Q, STM32U599VIT6Q, STM32U599VJT6, STM32U599VJT6Q, STM32U599ZIT6Q, STM32U599ZIY6QTR, STM32U599ZJT6Q, STM32U599ZJY6QTR, STM32U5A5AJH6, STM32U5A5AJH6Q, STM32U5A5QII3Q , STM32U5A5QJI6, STM32U5A5QJI6Q, STM32U5A5RJT6, STM32U5A5RJT6Q, STM32U5A5VJT6, STM32U5A5VJT6Q, STM32U5A5ZJT6, STM32U5A5ZJT6Q, STM32U5A5ZJY6QTR, STM32U5A9BJY6QTR, STM32U5A9J-DK, STM32U5A9NJH6Q, STM32U5A9VJT6Q, STM32U5A9ZJT6Q, STM32U5A9ZJY6QTR, STM32U5F7VIT6, STM32U5F7VIT6Q, STM32U5F7VJT6, STM32U5F7VJT6Q, STM32U5F9BJY6QTR, STM32U5F9NJH6Q, STM32U5F9VIT6Q, STM32U5F9VJT6Q, STM32U5F9ZIJ6QTR, STM32U5F9ZIT6Q, STM32U5F9ZJJ6QTR, STM32U5F9ZJT6Q, STM32U5G7VJT6, STM32U5G7VJT6Q, STM32U5G9BJY6QTR, STM32U5G9J-DK1, STM32U5G9J-DK2, STM32U5G9NJH6Q, STM32U5G9VJT6Q, STM32U5G9ZJJ6QTR, STM32U5G9ZJT6Q, STM32WB05KZV6TR, STM32WB05KZV7TR, STM32WB05TZF6TR, STM32WB05TZF7TR, STM32WB06CCF6TR, STM32WB06CCF7TR, STM32WB06CCV6TR, STM32WB06CCV7TR, STM32WB06KCV6TR, STM32WB06KCV7TR, STM32WB07CCF6TR, STM32WB07CCF7TR, STM32WB07CCV6TR, STM32WB07CCV7TR, STM32WB07KCV6TR, STM32WB07KCV7TR, STM32WB09KEV6TR, STM32WB09KEV7TR, STM32WB09TEF6TR, STM32WB09TEF7TR, STM32WB1MMCH6, STM32WBA50KGU6, STM32WBA50KGU6TR, STM32WBA52CEU6, STM32WBA52CEU6TR, STM32WBA52CEU7, STM32WBA52CEU7TR, STM32WBA52CGU6, STM32WBA52CGU6TR, STM32WBA52CGU6U, STM32WBA52CGU7, STM32WBA52CGU7TR, STM32WBA52KEU6, STM32WBA52KEU6TR, STM32WBA52KGU6, STM32WBA52KGU6TR, STM32WBA54CEU6, STM32WBA54CEU6TR, STM32WBA54CEU7, STM32WBA54CEU7TR, STM32WBA54CGU6, STM32WBA54CGU6TR, STM32WBA54CGU7, STM32WBA54CGU7TR, STM32WBA54KEU6, STM32WBA54KEU6TR, STM32WBA54KEU7, STM32WBA54KEU7TR, STM32WBA54KGU6, STM32WBA54KGU6TR, STM32WBA54KGU7, STM32WBA54KGU7TR, STM32WBA55CEU6, STM32WBA55CEU6TR, STM32WBA55CEU7, STM32WBA55CEU7TR, STM32WBA55CGU6, STM32WBA55CGU6TR, STM32WBA55CGU6U, STM32WBA55CGU7, STM32WBA55CGU7TR, STM32WBA55G-DK1, STM32WBA55HEF6, STM32WBA55HEF7, STM32WBA55HGF6, STM32WBA55HGF7, STM32WBA55UEI6, STM32WBA55UEI6TR, STM32WBA55UEI7, STM32WBA55UEI7TR, STM32WBA55UGI6, STM32WBA55UGI6TR, STM32WBA55UGI7, STM32WBA55UGI7TR, STM32WBA5MMGH6TR, STM32WBA62MGF6, STM32WBA62MIF6, STM32WBA65MGF7, STM32WBA65MIF6, STM32WBA65MIF7, STM32WL30K8V6, STM32WL30KBV6, STM32WL31C8V6, STM32WL31CBV6, STM32WL31K8V6, STM32WL31KBV6, STM32WL33C8V6, STM32WL33C8V6X, STM32WL33CBV6, STM32WL33CBV6X, STM32WL33CCV6, STM32WL33CCV6A, STM32WL33CCV6X, STM32WL33K8V7, STM32WL33K8V7X, STM32WL33KBV7 , STM32WL33KBV7X, STM32WL33KCV7, STM32WL33KCV7X, STM32WL5MOCH6, STM32WL5MOCH6TR]
2026-07-30 15:37:14,774 [INFO] DbMcus:218 - Found 5250 MCUs, 5097 are supported
2026-07-30 15:37:14,774 [INFO] ApiDb:423 - Load user favorites file C:\Users\ADMIN/.stm32cubeide/favorites.mcus.txt: 0 item(s)
2026-07-30 15:37:14,774 [INFO] ApiDb:427 - User favorites MCUs=[]
2026-07-30 15:37:14,774 [INFO] DbMcus:224 - Set 0 / 0 favorites MCUs
2026-07-30 15:37:15,580 [INFO] ApiDb:448 - Save user favorites file C:\Users\ADMIN/.stm32cubeide/favorites.boards.txt: 0 item(s)
2026-07-30 15:37:15,580 [INFO] ApiDb:452 - User favorites Boards=[]
2026-07-30 15:37:15,581 [INFO] ApiDb:581 - Connected to CubeFinder SQLite database (C:\Users\ADMIN\.stmcufinder\plugins\mcufinder\mcu\cube-finder-db.db)
2026-07-30 15:37:15,678 [INFO] ApiDb:668 - CubeFinder database Data Model version=2.1
2026-07-30 15:37:15,678 [INFO] ApiDb:669 - CubeFinder database Configuration version=3.0.42
2026-07-30 15:37:15,678 [INFO] ApiDb:670 - CubeFinder database generation date=2026-06-23 (1782213372)
2026-07-30 15:37:15,678 [INFO] ApiDb:671 - CubeFinder database FW Pack versions=[FP-ATR-ASTRA1_V2.0.0, FP-SNS-FLIGHT1_V5.1.0, FP-SNS-MOTENV1_V5.1.0, FP-SNS-MOTENVWB1_V1.5.0, FP-SNS-SMARTAG2_V1.2.0, FP-SNS-STBOX1_V2.1.0, STM32Cube_FW_C0_V1.4.0, STM32Cube_FW_F4_V1.28.3, STM32Cube_FW_F7_V1.17.4, STM32Cube_FW_G0_V1.6.3, STM32Cube_FW_G4_V1.6.2, STM32Cube_FW_H5_V1.7.0, STM32Cube_FW_H7RS_V1.3.0, STM32Cube_FW_H7_V1.13.0, STM32Cube_FW_L0_V1.12.2, STM32Cube_FW_L4_V1.18.2, STM32Cube_FW_L5_V1.6.0, STM32Cube_FW_N6_V1.4.0, STM32Cube_FW_U0_V1.3.0, STM32Cube_FW_U3_V1.4.0, STM32Cube_FW_U5_V1.9.0, STM32Cube_FW_WB0_V1.5.0, STM32Cube_FW_WBA_V1.10.0, STM32Cube_FW_WB_V1.24.0, STM32Cube_FW_WL3_V1.5.0, STM32Cube_FW_WL_V1.6.0, X-CUBE-ALGOBUILD_V1.5.0, X-CUBE-ALS_V1.0.2, X-CUBE-AZRTOS-F4_V1.1.0, X-CUBE-AZRTOS-F7_V1.1.0, X-CUBE-AZRTOS-G0_V1.1.0, X-CUBE-AZRTOS-G4_V2.0.0, X-CUBE-AZRTOS-H7RS_V1.1.0, X-CUBE-AZRTOS-H7_V3.5.0, X-CUBE-AZRTOS-L4_V2.0.0, X-CUBE-AZRTOS-L5_V2.0.0, X-CUBE-AZRTOS-WB_V2.0.0, X-CUBE-AZRTOS-WL_V2.0.0, X-CUBE-BLE1_V7.1.0, X-CUBE-BLE2_V3.3.0, X-CUBE-BLEMGR_V4.1.0, X-CUBE-EEPRMA1_V5.2.0, X-CUBE-FREERTOS_V1.5.0, X-CUBE-GNSS1_V7.1.1, X-CUBE-MEMS1_V12.1.0, X-CUBE-NFC4_V3.0.0, X-CUBE-NFC7_V2.0.0, X-CUBE-SFXS2LP1_V4.0.0, X-CUBE-ST67W61_V1.3.0, X-CUBE-SUBG2_V5.0.0, X-CUBE-TOF1_V3.4.3]
2026-07-30 15:37:15,744 [INFO] DbBoardsSqlite:226 - include board P-NUCLEO-WB55-NUCLEO as a kit item of type 'Nucleo-64'
2026-07-30 15:37:15,744 [INFO] DbBoardsSqlite:226 - include board P-NUCLEO-WB55-USBDONGLE as a kit item of type 'Nucleo USB Dongle'
2026-07-30 15:37:15,744 [INFO] DbBoardsSqlite:226 - include board STEVAL-IDP005V1 as a kit item of type 'Evaluation Board'
2026-07-30 15:37:15,745 [INFO] DbBoardsSqlite:226 - include board STEVAL-IDP005V2 as a kit item of type 'Evaluation Board'
2026-07-30 15:37:15,838 [INFO] ApiDb:240 - Found 880 in-development CPN: [B-G473E-ZEST1S, B-WB1M-WPAN1, B-WBA5M-WPAN, B-WL5M-SUBG1, NUCLEO-C031C6, NUCLEO-C051C8, NUCLEO-C071RB, NUCLEO-C092RC, NUCLEO-H503RB, NUCLEO-H533RE, NUCLEO-H563ZI, NUCLEO-H7S3L8, NUCLEO-N657X0-Q, NUCLEO-U031R8, NUCLEO-U083RC, NUCLEO-U385RG-Q, NUCLEO-U545RE-Q, NUCLEO-U5A5ZJ-Q, NUCLEO-WB05KZ, NUCLEO-WB07CC, NUCLEO-WB09KE, NUCLEO-WBA52CG, NUCLEO-WBA55CG, NUCLEO-WL33CC1, NUCLEO-WL33CC2, STEVAL-PROTEUS1, STEVAL-SMARTAG2, STEVAL-STWINBX1, STM320518-EVAL, STM32C0116-DK, STM32C011D6Y3TR, STM32C011D6Y6TR, STM32C011F4P3, STM32C011F4P6, STM32C011F4U3, STM32C011F4U6TR, STM32C011F6P3, STM32C011F6P6, STM32C011F6U3, STM32C011F6U6TR, STM32C011J4M3, STM32C011J4M6, STM32C011J6M3, STM32C011J6M6, STM32C0316-DK, STM32C031C4T3, STM32C031C4T6, STM32C031C4U3, STM32C031C4U6, STM32C031C6T3, STM32C031C6T6, STM32C031C6U3, STM32C031C6U6, STM32C031F4P3, STM32C031F4P6, STM32C031F6P3, STM32C031F6P6, STM32C031G4U3, STM32C031G4U6, STM32C031G6U3, STM32C031G6U6, STM32C031K4T3, STM32C031K4T6, STM32C031K4U3, STM32C031K4U6, STM32C031K6T3, STM32C031K6T6, STM32C031K6U3, STM32C031K6U6, STM32C051C6T6, STM32C051C6U6, STM32C051C8T6, STM32C051C8U6, STM32C051D8Y6TR, STM32C051F6P6, STM32C051F8P6, STM32C051G6U6, STM32C051G8U6, STM32C051K6T6, STM32C051K6U6, STM32C051K8T6, STM32C071C8T6, STM32C071C8T6N, STM32C071C8U6, STM32C071C8U6N, STM32C071CBT6, STM32C071CBT6N, STM32C071CBU6, STM32C071CBU6N, STM32C071F8P6, STM32C071F8P6N, STM32C071FBP6, STM32C071FBP6N, STM32C071FBY6TR, STM32C071G8U6, STM32C071G8U6N, STM32C071GBU6, STM32C071GBU6N, STM32C071K8T6, STM32C071K8T6N, STM32C071K8U6, STM32C071K8U6N, STM32C071KBT6, STM32C071KBT6N, STM32C071KBU6, STM32C071KBU6N, STM32C071R8T6, STM32C071R8T6N, STM32C071RBI6N, STM32C071RBT6, STM32C071RBT6N, STM32C091CBT6, STM32C091CBU6, STM32C091CCT6, STM32C091CCU6, STM32C091ECY6TR, STM32C091FBP6, STM32C091FCP6, STM32C091GBU6, STM32C091GCU6, STM32C091KBT6, STM32C091KBU6, STM32C091KCT6, STM32C091KCU6, STM32C091RBT6, STM32C091RCI6, STM32C091RCT6, STM32C092CBT6, STM32C092CBU6, STM32C092CCT6, STM32C092CCU6, STM32C092ECY6TR, STM32C092FBP6, STM32C092FCP6, STM32C092GBU6, STM32C092GCU6, STM32C092KBT6, STM32C092KBU6, STM32C092KCT6, STM32C092KCU6, STM32C092RBT6, STM32C092RCI6, STM32C092RCT6, STM32G071K8TXN, STM32G071K8UXN, STM32G081GBU6N, STM32G081KBT6N, STM32G081KBUXN, STM32G0B1CCT6N, STM32G0B1KCT6, STM32G0B1NEY6TR, STM32G0B1RCT6N, STM32G0C1CCT6, STM32G0C1CCT6N, STM32G0C1CCU6N, STM32G0C1CET6N, STM32G0C1CEU6N, STM32G0C1KCT6, STM32G0C1NEY6TR, STM32G0C1RCI6N, STM32G0C1RCT6N, STM32G0C1REI6N, STM32G0C1RET6N, STM32G0C1VCI6, STM32G0C1VEI6, STM32G411C6T3, STM32G411C6T6, STM32G411C6U3, STM32G411C6U6, STM32G411C8T3, STM32G411C8T6, STM32G411C8U3, STM32G411C8U6, STM32G411CBT3, STM32G411CBT6, STM32G411CBU3, STM32G411CBU6, STM32G411K6T3, STM32G411K6T6, STM32G411K6U3, STM32G411K6U6, STM32G411K8T3, STM32G411K8T6, STM32G411K8U3, STM32G411K8U6, STM32G411KBT3, STM32G411KBT6, STM32G411KBU3, STM32G411KBU6, STM32G411M6T3, STM32G411M6T6, STM32G411M8T3, STM32G411M8T6, STM32G411MBT3, STM32G411MBT6, STM32G411R6T3, STM32G411R6T6, STM32G411R8T3, STM32G411R8T6, STM32G411RBT3, STM32G411RBT6, STM32G414CBT3, STM32G414CBT6, STM32G414CBU3, STM32G414CBU6, STM32G414CCT3, STM32G414CCT6, STM32G414CCU3, STM32G414CCU6, STM32G414MBT3, STM32G414MBT6, STM32G414MCT3, STM32G414MCT6, STM32G414RBT3, STM32G414RBT6, STM32G414RCT3, STM32G414RCT6, STM32G414VBT3, STM32G414VBT6, STM32G414VCT3, STM32G414VCT6, STM32G431CBT3Z, STM32G431RBT3Z, STM32G471CCT6, STM32G471CCU6, STM32G471CET3, STM32G471CET6, STM32G471CEU3, STM32G471CEU6, STM32G471MCT6, STM32G471MET3, STM32G471MET6, STM32G471MEY6TR, STM32G471QCT6, STM32G471QET3, STM32G471RCT6, STM32G471RET3, STM32G471RET6, STM32G471VCH6, STM32G471VCI6, STM32G471VCT6, STM32G471VEH3, STM32G471VEH6, STM32G471VEI3, STM32G471VEI6, STM32G471VET3, STM32G471VET6, STM32G473QET3Z, STM32G473RET3Z, STM32G474CCT6, STM32G491RET3Z, STM32H503CBT6, STM32H503CBU6, STM32H503EBY6TR, STM32H503KBU6, STM32H503RBT6, STM32H523CCT6, STM32H523CCU6, STM32H523CET6, STM32H523CEU6, STM32H523HEY6TR, STM32H523RCT6, STM32H523RET6, STM32H523VCI6, STM32H523VCT6, STM32H523VEI6, STM32H523VET6, STM32H523ZCJ6, STM32H523ZCT6, STM32H523ZEJ6, STM32H523ZET6, STM32H533CET6, STM32H533CEU6, STM32H533HEY6TR, STM32H533RET6, STM32H533VEI6, STM32H533VET6, STM32H533ZEJ6, STM32H533ZET6, STM32H562AGI6, STM32H562AII6, STM32H562IGK6, STM32H562IGT6, STM32H562IIK6, STM32H562IIT6, STM32H562RGT6, STM32H562RGV6, STM32H562RIT6, STM32H562RIV6, STM32H562VGT6, STM32H562VIT6, STM32H562ZGT6, STM32H562ZIT6, STM32H563AGI6, STM32H563AII3Q, STM32H563AII6, STM32H563IGK6, STM32H563IGT6, STM32H563IIK3Q, STM32H563IIK6, STM32H563IIT3Q, STM32H563IIT6, STM32H563MIY3QTR, STM32H563RGT6, STM32H563RGV6, STM32H563RIT6, STM32H563RIV6, STM32H563VGT6, STM32H563VIT3Q, STM32H563VIT6, STM32H563ZGT6, STM32H563ZIT3Q, STM32H563ZIT6, STM32H573AII3Q, STM32H573AII6, STM32H573I-DK, STM32H573IIK3Q, STM32H573IIK6, STM32H573IIT3Q, STM32H573IIT6, STM32H573MIY3QTR, STM32H573RIT6, STM32H573RIV6, STM32H573VIT3Q, STM32H573VIT6, STM32H573ZIT3Q, STM32H573ZIT6, STM32H7R3A8I6, STM32H7R3I8K6, STM32H7R3I8T6, STM32H7R3L8H6, STM32H7R3L8H6H, STM32H7R3R8V6, STM32H7R3V8H6, STM32H7R3V8T6, STM32H7R3V8Y6TR, STM32H7R3Z8J6, STM32H7R3Z8T6, STM32H7R7A8I6, STM32H7R7I8K6, STM32H7R7I8T6, STM32H7R7L8H6, STM32H7R7L8H6H, STM32H7R7Z8J6, STM32H7S3A8I6, STM32H7S3I8K6, STM32H7S3I8T6, STM32H7S3L8H6, STM32H7S3L8H6H, STM32H7S3R8V6, STM32H7S3V8H6, STM32H7S3V8T6, STM32H7S3V8Y6TR, STM32H7S3Z8J6, STM32H7S3Z8T6, STM32H7S78-DK, STM32H7S7A8I6, STM32H7S7I8K6, STM32H7S7I8T6, STM32H7S7L8H6, STM32H7S7L8H6H, STM32H7S7Z8J6, STM32L4R5QGI6STR, STM32MP131AAE3, STM32MP131AAF3, STM32MP131AAG3, STM32MP131CAE3, STM32MP131CAF3, STM32MP131CAG3, STM32MP131DAE7, STM32MP131DAF7, STM32MP131DAG7, STM32MP131FAE7, STM32MP131FAF7, STM32MP131FAG7, STM32MP133AAE3, STM32MP133AAF3, STM32MP133AAG3, STM32MP133CAE3, STM32MP133CAF3, STM32MP133CAG3, STM32MP133DAE7, STM32MP133DAF7, STM32MP133DAG7, STM32MP133FAE7, STM32MP133FAF7, STM32MP133FAG7, STM32MP135AAE3, STM32MP135AAF3, STM32MP135AAG3, STM32MP135CAE3, STM32MP135CAF3, STM32MP135CAG3, STM32MP135DAE7, STM32MP135DAF7, STM32MP135DAG7, STM32MP135F-DK, STM32MP135FAE7, STM32MP135FAF7, STM32MP135FAF7T, STM32MP135FAF7U, STM32MP135FAG7, STM32MP211AAL3, STM32MP211AAM3, STM32MP211AAN3, STM32MP211AAO3, STM32MP211CAL3, STM32MP211CAM3, STM32MP211CAN3, STM32MP211CAO3, STM32MP211DAL3, STM32MP211DAM3, STM32MP211DAN3, STM32MP211DAO3, STM32MP211FAL3, STM32MP211FAM3, STM32MP211FAN3, STM32MP211FAO3, STM32MP213AAL3, STM32MP213AAM3, STM32MP213AAN3, STM32MP213AAO3, STM32MP213CAL3, STM32MP213CAM3, STM32MP213CAN3, STM32MP213CAO3, STM32MP213DAL3, STM32MP213DAM3, STM32MP213DAN3, STM32MP213DAO3, STM32MP213FAL3, STM32MP213FAM3, STM32MP213FAN3, STM32MP213FAO3, STM32MP215AAL3, STM32MP215AAM3, STM32MP215AAN3, STM32MP215AAO3, STM32MP215CAL3, STM32MP215CAM3, STM32MP215CAN3, STM32MP215CAO3, STM32MP215DAL3, STM32MP215DAM3, STM32MP215DAN3, STM32MP215DAO3, STM32MP215F-DK, STM32MP215FAL3, STM32MP215FAM3, STM32MP215FAN3, STM32MP215FAO3, STM32MP231AAJ3, STM32MP231AAK3, STM32MP231AAL3, STM32MP231CAJ3, STM32MP231CAK3, STM32MP231CAL3, STM32MP231DAJ3, STM32MP231DAK3, STM32MP231DAL3, STM32MP231FAJ3, STM32MP231FAK3, STM32MP231FAL3, STM32MP233AAJ3, STM32MP233AAK3, STM32MP233AAL3, STM32MP233CAJ3, STM32MP233CAK3, STM32MP233CAL3, STM32MP233DAJ3, STM32MP233DAK3, STM32MP233DAL3, STM32MP233FAJ3, STM32MP233FAK3, STM32MP233FAL3, STM32MP235AAJ3, STM32MP235AAK3, STM32MP235AAL3, STM32MP235CAJ3, STM32MP235CAK3, STM32MP235CAL3, STM32MP235DAJ3, STM32MP235DAK3, STM32MP235DAL3, STM32MP235FAJ3, STM32MP235FAK3, STM32MP235FAL3, STM32MP251AAI3, STM32MP251AAK3, STM32MP251AAL3, STM32MP251CAI3, STM32MP251CAK3, STM32MP251CAL3, STM32MP251DAI3, STM32MP251DAK3, STM32MP251DAL3, STM32MP251FAI3, STM32MP251FAK3, STM32MP251FAL3, STM32MP253AAI3, STM32MP253AAK3, STM32MP253AAL3, STM32MP253CAI3, STM32MP253CAK3, STM32MP253CAL3, STM32MP253DAI3, STM32MP253DAK3, STM32MP253DAL3, STM32MP253FAI3, STM32MP253FAK3, STM32MP253FAL3, STM32MP255AAI3, STM32MP255AAK3, STM32MP255AAL3, STM32MP255CAI3, STM32MP255CAK3, STM32MP255CAL3, STM32MP255DAI3, STM32MP255DAK3, STM32MP255DAL3, STM32MP255FAI3, STM32MP255FAK3, STM32MP255FAL3, STM32MP257AAI3, STM32MP257AAK3, STM32MP257AAL3, STM32MP257CAI3, STM32MP257CAK3, STM32MP257CAL3, STM32MP257DAI3, STM32MP257DAK3, STM32MP257DAL3, STM32MP257F-DK, STM32MP257F-EV1, STM32MP257FAI3, STM32MP257FAK3, STM32MP257FAL3, STM32N645A0H3Q, STM32N645B0H3Q, STM32N645I0H3Q, STM32N645L0H3Q, STM32N645X0H3Q, STM32N645Z0H3Q, STM32N647A0H3Q, STM32N647B0H3Q, STM32N647I0H3Q, STM32N647L0H3Q, STM32N647X0H3Q, STM32N647Z0H3Q, STM32N655A0H3Q, STM32N655B0H3Q, STM32N655I0H3Q, STM32N655L0H3Q, STM32N655X0H3Q, STM32N655Z0H3Q, STM32N6570-DK, STM32N657A0H3Q, STM32N657B0H3Q, STM32N657I0H3Q, STM32N657L0H3Q, STM32N657X0H3Q, STM32N657Z0H3Q, STM32U031C6T6, STM32U031C6U6, STM32U031C8T6, STM32U031C8U6, STM32U031F4P6, STM32U031F6P6, STM32U031F8P6, STM32U031G6Y6TR, STM32U031G8Y6TR, STM32U031K4U6, STM32U031K6U6, STM32U031K8U6, STM32U031R6I6, STM32U031R6T6, STM32U031R8I6, STM32U031R8T6, STM32U073C8T6, STM32U073C8U6, STM32U073CBT6, STM32U073CBU6, STM32U073CCT6, STM32U073CCU6, STM32U073H8Y6TR, STM32U073HBY6TR, STM32U073HCY6TR, STM32U073K8U6, STM32U073KBU6, STM32U073KCU6, STM32U073M8I6, STM32U073M8T6, STM32U073MBI6, STM32U073MBT6, STM32U073MCI6, STM32U073MCT6, STM32U073R8I6, STM32U073R8T6, STM32U073RBI6, STM32U073RBT6, STM32U073RCI6, STM32U073RCT6, STM32U083C-DK, STM32U083CCT6, STM32U083CCU6, STM32U083HCY6TR, STM32U083KCU6, STM32U083MCI6, STM32U083MCT6, STM32U083RCI6, STM32U083RCT6, STM32U375CET6, STM32U375CET6Q, STM32U375CEU6, STM32U375CEU6Q, STM32U375CEY6QTR, STM32U375CGT6, STM32U375CGT6Q, STM32U375CGU6, STM32U375CGU6Q, STM32U375CGY6QTR, STM32U375KEU6, STM32U375KGU6, STM32U375REI6, STM32U375REI6Q, STM32U375RET6, STM32U375RET6Q, STM32U375REY6GTR, STM32U375REY6QTR, STM32U375RGI6, STM32U375RGI6Q, STM32U375RGT6, STM32U375RGT6Q, STM32U375RGY6GTR, STM32U375RGY6QTR, STM32U375VEI6, STM32U375VEI6Q, STM32U375VET6, STM32U375VET6Q, STM32U375VGI6, STM32U375VGI6Q, STM32U375VGT6, STM32U375VGT6Q, STM32U385CGT6, STM32U385CGT6Q, STM32U385CGU6, STM32U385CGU6Q, STM32U385CGY6QTR, STM32U385KGU6, STM32U385RGI6, STM32U385RGI6Q, STM32U385RGT6, STM32U385RGT6Q, STM32U385RGY6GTR, STM32U385RGY6QTR, STM32U385VGI6, STM32U385VGI6Q, STM32U385VGT6, STM32U385VGT6Q, STM32U535CBT6, STM32U535CBT6Q, STM32U535CBU6, STM32U535CBU6Q, STM32U535CCT6, STM32U535CCT6Q, STM32U535CCU6, STM32U535CCU6Q, STM32U535CET6, STM32U535CET6Q, STM32U535CEU6, STM32U535CEU6Q, STM32U535JEY6QTR, STM32U535NCY6QTR, STM32U535NEY6QTR, STM32U535RBI6, STM32U535RBI6Q, STM32U535RBT6, STM32U535RBT6Q, STM32U535RCI6, STM32U535RCI6Q, STM32U535RCT6, STM32U535RCT6Q, STM32U535REI6, STM32U535REI6Q, STM32U535RET6, STM32U535RET6Q, STM32U535VCI6, STM32U535VCI6Q, STM32U535VCT6, STM32U535VCT6Q, STM32U535VEI6, STM32U535VEI6Q, STM32U535VET6, STM32U535VET6Q, STM32U545CET6, STM32U545CET6Q, STM32U545CEU6, STM32U545CEU6Q, STM32U545JEY6QTR, STM32U545NEY6QTR, STM32U545REI6, STM32U545REI6Q, STM32U545RET6, STM32U545RET6Q, STM32U545VEI6, STM32U545VEI6Q, STM32U545VET6, STM32U545VET6Q, STM32U595AIH6, STM32U595AIH6Q, STM32U595AJH6, STM32U595AJH6Q, STM32U595QII6, STM32U595QII6Q, STM32U595QJI6, STM32U595QJI6Q, STM32U595RIT6, STM32U595RIT6Q, STM32U595RJT6, STM32U595RJT6Q, STM32U595VIT6, STM32U595VIT6Q, STM32U595VJT6, STM32U595VJT6Q, STM32U595ZIT6, STM32U595ZIT6Q, STM32U595ZIY6QTR, STM32U595ZJT6, STM32U595ZJT6Q, STM32U595ZJY6QTR, STM32U599BJY6QTR, STM32U599NIH6Q, STM32U599NJH6Q, STM32U599VIT6Q, STM32U599VJT6, STM32U599VJT6Q, STM32U599ZIT6Q, STM32U599ZIY6QTR, STM32U599ZJT6Q, STM32U599ZJY6QTR, STM32U5A5AJH6, STM32U5A5AJH6Q, STM32U5A5QII3Q , STM32U5A5QJI6, STM32U5A5QJI6Q, STM32U5A5RJT6, STM32U5A5RJT6Q, STM32U5A5VJT6, STM32U5A5VJT6Q, STM32U5A5ZJT6, STM32U5A5ZJT6Q, STM32U5A5ZJY6QTR, STM32U5A9BJY6QTR, STM32U5A9J-DK, STM32U5A9NJH6Q, STM32U5A9VJT6Q, STM32U5A9ZJT6Q, STM32U5A9ZJY6QTR, STM32U5F7VIT6, STM32U5F7VIT6Q, STM32U5F7VJT6, STM32U5F7VJT6Q, STM32U5F9BJY6QTR, STM32U5F9NJH6Q, STM32U5F9VIT6Q, STM32U5F9VJT6Q, STM32U5F9ZIJ6QTR, STM32U5F9ZIT6Q, STM32U5F9ZJJ6QTR, STM32U5F9ZJT6Q, STM32U5G7VJT6, STM32U5G7VJT6Q, STM32U5G9BJY6QTR, STM32U5G9J-DK1, STM32U5G9J-DK2, STM32U5G9NJH6Q, STM32U5G9VJT6Q, STM32U5G9ZJJ6QTR, STM32U5G9ZJT6Q, STM32WB05KZV6TR, STM32WB05KZV7TR, STM32WB05TZF6TR, STM32WB05TZF7TR, STM32WB06CCF6TR, STM32WB06CCF7TR, STM32WB06CCV6TR, STM32WB06CCV7TR, STM32WB06KCV6TR, STM32WB06KCV7TR, STM32WB07CCF6TR, STM32WB07CCF7TR, STM32WB07CCV6TR, STM32WB07CCV7TR, STM32WB07KCV6TR, STM32WB07KCV7TR, STM32WB09KEV6TR, STM32WB09KEV7TR, STM32WB09TEF6TR, STM32WB09TEF7TR, STM32WB1MMCH6, STM32WBA50KGU6, STM32WBA50KGU6TR, STM32WBA52CEU6, STM32WBA52CEU6TR, STM32WBA52CEU7, STM32WBA52CEU7TR, STM32WBA52CGU6, STM32WBA52CGU6TR, STM32WBA52CGU6U, STM32WBA52CGU7, STM32WBA52CGU7TR, STM32WBA52KEU6, STM32WBA52KEU6TR, STM32WBA52KGU6, STM32WBA52KGU6TR, STM32WBA54CEU6, STM32WBA54CEU6TR, STM32WBA54CEU7, STM32WBA54CEU7TR, STM32WBA54CGU6, STM32WBA54CGU6TR, STM32WBA54CGU7, STM32WBA54CGU7TR, STM32WBA54KEU6, STM32WBA54KEU6TR, STM32WBA54KEU7, STM32WBA54KEU7TR, STM32WBA54KGU6, STM32WBA54KGU6TR, STM32WBA54KGU7, STM32WBA54KGU7TR, STM32WBA55CEU6, STM32WBA55CEU6TR, STM32WBA55CEU7, STM32WBA55CEU7TR, STM32WBA55CGU6, STM32WBA55CGU6TR, STM32WBA55CGU6U, STM32WBA55CGU7, STM32WBA55CGU7TR, STM32WBA55G-DK1, STM32WBA55HEF6, STM32WBA55HEF7, STM32WBA55HGF6, STM32WBA55HGF7, STM32WBA55UEI6, STM32WBA55UEI6TR, STM32WBA55UEI7, STM32WBA55UEI7TR, STM32WBA55UGI6, STM32WBA55UGI6TR, STM32WBA55UGI7, STM32WBA55UGI7TR, STM32WBA5MMGH6TR, STM32WBA62MGF6, STM32WBA62MIF6, STM32WBA65MGF7, STM32WBA65MIF6, STM32WBA65MIF7, STM32WL30K8V6, STM32WL30KBV6, STM32WL31C8V6, STM32WL31CBV6, STM32WL31K8V6, STM32WL31KBV6, STM32WL33C8V6, STM32WL33C8V6X, STM32WL33CBV6, STM32WL33CBV6X, STM32WL33CCV6, STM32WL33CCV6A, STM32WL33CCV6X, STM32WL33K8V7, STM32WL33K8V7X, STM32WL33KBV7 , STM32WL33KBV7X, STM32WL33KCV7, STM32WL33KCV7X, STM32WL5MOCH6, STM32WL5MOCH6TR]
2026-07-30 15:37:16,043 [INFO] BoardInfo:889 - No configuration file found for board NUCLEO-H5E5ZJ
2026-07-30 15:37:16,046 [INFO] DbBoards:161 - Board is not supported: NUCLEO-H5E5ZJ
2026-07-30 15:37:16,167 [INFO] BoardInfo:889 - No configuration file found for board NUCLEO-U3C5ZI-Q
2026-07-30 15:37:16,169 [INFO] DbBoards:161 - Board is not supported: NUCLEO-U3C5ZI-Q
2026-07-30 15:37:16,202 [INFO] BoardInfo:889 - No configuration file found for board NUCLEO-WBA25CE1
2026-07-30 15:37:16,204 [INFO] DbBoards:161 - Board is not supported: NUCLEO-WBA25CE1
2026-07-30 15:37:16,226 [INFO] BoardInfo:889 - No configuration file found for board NUCLEO-WL3RKB1
2026-07-30 15:37:16,228 [INFO] DbBoards:161 - Board is not supported: NUCLEO-WL3RKB1
2026-07-30 15:37:16,230 [INFO] BoardInfo:889 - No configuration file found for board NUCLEO-WL3RKB2
2026-07-30 15:37:16,232 [INFO] DbBoards:161 - Board is not supported: NUCLEO-WL3RKB2
2026-07-30 15:37:16,250 [INFO] BoardInfo:889 - No configuration file found for board P-NUCLEO-WB55
2026-07-30 15:37:16,252 [INFO] DbBoards:161 - Kit is not supported: P-NUCLEO-WB55
2026-07-30 15:37:16,266 [INFO] BoardInfo:889 - No configuration file found for board STEVAL-BFA001V1B
2026-07-30 15:37:16,268 [INFO] DbBoards:161 - Kit is not supported: STEVAL-BFA001V1B
2026-07-30 15:37:16,269 [INFO] BoardInfo:889 - No configuration file found for board STEVAL-BFA001V2B
2026-07-30 15:37:16,272 [INFO] DbBoards:161 - Kit is not supported: STEVAL-BFA001V2B
2026-07-30 15:37:16,509 [INFO] BoardInfo:889 - No configuration file found for board STM32H5F5J-DK
2026-07-30 15:37:16,511 [INFO] DbBoards:161 - Board is not supported: STM32H5F5J-DK
2026-07-30 15:37:16,673 [INFO] DbBoards:168 - Found 218 boards, 209 are supported
2026-07-30 15:37:16,673 [INFO] DbBoards:169 - Found 218 boards, 43 of them is supported for  Bsp
2026-07-30 15:37:16,675 [INFO] ApiDb:423 - Load user favorites file C:\Users\ADMIN/.stm32cubeide/favorites.boards.txt: 0 item(s)
2026-07-30 15:37:16,675 [INFO] ApiDb:427 - User favorites Boards=[]
2026-07-30 15:37:16,675 [INFO] DbBoards:198 - Set 0 / 0 favorites Boards
2026-07-30 15:37:16,676 [ERROR] TargetSelectorAdapter:267 - Unable to refresh data
2026-07-30 15:37:16,748 [INFO] McuFinderGlobals:76 - Set McuFinderConnectedMode to true
2026-07-30 15:37:16,751 [INFO] MultiScanPanel:200 - Auto-refresh data requested => check proxy status ongoing
2026-07-30 15:37:16,752 [INFO] FinderPluginLoader:96 - Searching for filters in installed packs
2026-07-30 15:37:16,753 [INFO] FinderPluginLoader:109 - Found C:\Users\ADMIN\STM32Cube\Repository\Packs\STMicroelectronics\X-CUBE-AI\10.2.1\CubeMX\plugins\ip\ai.10.2.1.jar
2026-07-30 15:37:16,755 [INFO] FinderPluginLoader:119 - Loading ai.10.2.1
2026-07-30 15:37:16,820 [INFO] McuExtendedFiltersManager:95 - Add MCU extended filter: Artificial Intelligence
2026-07-30 15:37:18,668 [INFO] AInterface:116 - AInterface using toolDir: C:/Users/ADMIN/STM32Cube/Repository//Packs/STMicroelectronics/X-CUBE-AI/10.2.1/Utilities/windows
2026-07-30 15:37:19,489 [INFO] LoadUrlFilesThread:185 - End of LoadServerUrlFiles without Thread
2026-07-30 15:37:19,490 [INFO] DetailPanel:341 - Set advertising image to C:/Users/ADMIN/STM32Cube/Repository/\en.stm32h5cubemxbanner.png
2026-07-30 15:37:23,277 [INFO] MultiScanPanel:200 - Auto-refresh data requested => check proxy status ongoing
2026-07-30 15:37:23,363 [INFO] LoadUrlFilesThread:185 - End of LoadServerUrlFiles without Thread
2026-07-30 15:37:23,363 [INFO] DetailPanel:341 - Set advertising image to C:/Users/ADMIN/STM32Cube/Repository/\en.stm32h5cubemxbanner.png
2026-07-30 15:37:23,373 [INFO] DbBoards:642 - Loading board mini-images...
2026-07-30 15:37:26,671 [INFO] DbBoards:665 - Loaded 218 board mini-images
2026-07-30 15:37:49,494 [INFO] UtilMem:75 - End SaveConfig() Used Memory: 668531960 Bytes (1073741824)
2026-07-30 15:37:50,990 [INFO] UtilMem:75 - End SaveConfig() Used Memory: 709948664 Bytes (1073741824)
2026-07-30 15:37:51,166 [INFO] UtilMem:75 - End SaveConfig() Used Memory: 749794552 Bytes (1073741824)
2026-07-30 15:37:51,348 [INFO] BlockDiagram:2775 - set Specific Code input for plugin: SYS
2026-07-30 15:37:51,348 [INFO] BlockDiagram:2775 - set Specific Code input for plugin: RCC
2026-07-30 15:37:51,348 [INFO] BlockDiagram:2775 - set Specific Code input for plugin: I2C
2026-07-30 15:37:51,348 [INFO] BlockDiagram:2775 - set Specific Code input for plugin: NVIC
2026-07-30 15:37:51,348 [INFO] BlockDiagram:2775 - set Specific Code input for plugin: USART
2026-07-30 15:37:51,348 [INFO] BlockDiagram:2775 - set Specific Code input for plugin: STMicroelectronics.X-CUBE-AI.10.2.1
2026-07-30 15:37:51,348 [INFO] BlockDiagram:2775 - set Specific Code input for plugin: GPIO
2026-07-30 15:37:51,350 [INFO] CodeGenerator:892 - code generatio: config db path: C:\ST\STM32CubeIDE_1.19.0\STM32CubeIDE\plugins\com.st.stm32cube.common.mx_6.15.0.202507011659\\db\
2026-07-30 15:37:51,428 [INFO] IP:3329 - RTE Config file name : RTE_Component
2026-07-30 15:37:51,428 [INFO] IP:3347 - RTE template : RTE_Components.ftl
2026-07-30 15:37:51,438 [INFO] CodeEngine:265 - oldGeneratedFile, D:\TinyML_Workshop-main\TinyML_Workshop_PGR\TinyML_PGR\STM32\Inf_OnBoard\MXTmpFiles\license.tmp_save
2026-07-30 15:37:51,534 [INFO] CodeEngine:289 - Generated code: D:\TinyML_Workshop-main\TinyML_Workshop_PGR\TinyML_PGR\STM32\Inf_OnBoard\MXTmpFiles\license.tmp
2026-07-30 15:37:51,556 [INFO] CodeEngine:265 - oldGeneratedFile, D:\TinyML_Workshop-main\TinyML_Workshop_PGR\TinyML_PGR\STM32\Inf_OnBoard\MXTmpFiles\gpio.tmp_save
2026-07-30 15:37:51,631 [INFO] CodeEngine:289 - Generated code: D:\TinyML_Workshop-main\TinyML_Workshop_PGR\TinyML_PGR\STM32\Inf_OnBoard\MXTmpFiles\gpio.tmp
2026-07-30 15:37:51,701 [INFO] Middleware:1452 - No code input for Bsp Dependency
2026-07-30 15:37:51,703 [INFO] Middleware:1452 - No code input for Bsp Dependency
2026-07-30 15:37:51,714 [INFO] CodeEngine:265 - oldGeneratedFile, D:\TinyML_Workshop-main\TinyML_Workshop_PGR\TinyML_PGR\STM32\Inf_OnBoard\Core\Src\stm32l4xx_it.c_save
2026-07-30 15:37:51,908 [INFO] CodeEngine:289 - Generated code: D:\TinyML_Workshop-main\TinyML_Workshop_PGR\TinyML_PGR\STM32\Inf_OnBoard\Core\Src\stm32l4xx_it.c
2026-07-30 15:37:51,913 [INFO] CodeEngine:265 - oldGeneratedFile, D:\TinyML_Workshop-main\TinyML_Workshop_PGR\TinyML_PGR\STM32\Inf_OnBoard\Core\Inc\stm32l4xx_it.h_save
2026-07-30 15:37:51,979 [INFO] CodeEngine:289 - Generated code: D:\TinyML_Workshop-main\TinyML_Workshop_PGR\TinyML_PGR\STM32\Inf_OnBoard\Core\Inc\stm32l4xx_it.h
2026-07-30 15:37:51,993 [INFO] CodeEngine:265 - oldGeneratedFile, D:\TinyML_Workshop-main\TinyML_Workshop_PGR\TinyML_PGR\STM32\Inf_OnBoard\Core\Src\stm32l4xx_hal_msp.c_save
2026-07-30 15:37:52,126 [INFO] CodeEngine:289 - Generated code: D:\TinyML_Workshop-main\TinyML_Workshop_PGR\TinyML_PGR\STM32\Inf_OnBoard\Core\Src\stm32l4xx_hal_msp.c
2026-07-30 15:37:52,130 [INFO] CodeEngine:265 - oldGeneratedFile, D:\TinyML_Workshop-main\TinyML_Workshop_PGR\TinyML_PGR\STM32\Inf_OnBoard\MXTmpFiles\system.tmp_save
2026-07-30 15:37:52,193 [INFO] CodeEngine:289 - Generated code: D:\TinyML_Workshop-main\TinyML_Workshop_PGR\TinyML_PGR\STM32\Inf_OnBoard\MXTmpFiles\system.tmp
2026-07-30 15:37:52,204 [INFO] CodeEngine:321 - oldGeneratedFile, D:\TinyML_Workshop-main\TinyML_Workshop_PGR\TinyML_PGR\STM32\Inf_OnBoard\Core\Inc\stm32l4xx_hal_conf.h_save
2026-07-30 15:37:52,272 [INFO] CodeEngine:345 - Generated code: D:\TinyML_Workshop-main\TinyML_Workshop_PGR\TinyML_PGR\STM32\Inf_OnBoard\Core\Inc\stm32l4xx_hal_conf.h
2026-07-30 15:37:52,291 [INFO] CodeEngine:265 - oldGeneratedFile, D:\TinyML_Workshop-main\TinyML_Workshop_PGR\TinyML_PGR\STM32\Inf_OnBoard\Core\Inc\main.h_save
2026-07-30 15:37:52,386 [INFO] CodeEngine:289 - Generated code: D:\TinyML_Workshop-main\TinyML_Workshop_PGR\TinyML_PGR\STM32\Inf_OnBoard\Core\Inc\main.h
2026-07-30 15:37:52,392 [INFO] CodeEngine:265 - oldGeneratedFile, D:\TinyML_Workshop-main\TinyML_Workshop_PGR\TinyML_PGR\STM32\Inf_OnBoard\Core\Src\main.c_save
2026-07-30 15:37:52,505 [INFO] CodeEngine:289 - Generated code: D:\TinyML_Workshop-main\TinyML_Workshop_PGR\TinyML_PGR\STM32\Inf_OnBoard\Core\Src\main.c
2026-07-30 15:37:52,893 [INFO] AInterface:322 - ModelName:network; files:[D:\TinyML_Workshop-main\TinyML_Workshop_PGR\TinyML_PGR\ONNX\random_forest_model.onnx]; type:ONNX; compression:High
2026-07-30 15:37:52,894 [INFO] AInterface:526 - workspaceTempDir: C:/Users/ADMIN/AppData/Local/Temp/mxAI_workspace10486461923251006977502877858554110
2026-07-30 15:37:52,894 [INFO] AInterface:1179 - Setting Env: C:/Users/ADMIN/STM32Cube/Repository//Packs/STMicroelectronics/X-CUBE-AI/10.2.1/Utilities/windows
2026-07-30 15:37:52,898 [INFO] STM32CubeIDEBuilder:265 - Looking for gnu-tools-for-stm32 tools/bin/arm-none-eabi-gcc.exe in C:\ST\STM32CubeIDE_1.19.0\STM32CubeIDE
2026-07-30 15:37:52,901 [INFO] STM32CubeIDEBuilder:294 - checking C:\ST\STM32CubeIDE_1.19.0\STM32CubeIDE\plugins\com.st.stm32cube.ide.mcu.externaltools.gnu-tools-for-stm32.13.3.rel1.win32_1.0.0.202411081344\tools\bin\arm-none-eabi-gcc.exe
2026-07-30 15:37:52,901 [INFO] STM32CubeIDEBuilder:297 - ret=C:\ST\STM32CubeIDE_1.19.0\STM32CubeIDE\plugins\com.st.stm32cube.ide.mcu.externaltools.gnu-tools-for-stm32.13.3.rel1.win32_1.0.0.202411081344\tools\bin\arm-none-eabi-gcc.exe
2026-07-30 15:37:52,901 [INFO] STM32CubeIDEBuilder:311 - returning C:\ST\STM32CubeIDE_1.19.0\STM32CubeIDE\plugins\com.st.stm32cube.ide.mcu.externaltools.gnu-tools-for-stm32.13.3.rel1.win32_1.0.0.202411081344\tools\bin\arm-none-eabi-gcc.exe
2026-07-30 15:37:52,902 [INFO] AInterface:1236 - Custom PATH variable: C:/Users/ADMIN/STM32Cube/Repository//Packs/STMicroelectronics/X-CUBE-AI/10.2.1/Utilities/windows;C:/Users/ADMIN/STM32Cube/Repository//Packs/STMicroelectronics/X-CUBE-AI/10.2.1/Utilities/windows/mingw64/bin;C:/Users/ADMIN/STM32Cube/Repository//Packs/STMicroelectronics/X-CUBE-AI/10.2.1/Utilities/windows/mingw64/libexec/gcc/x86_64-w64-mingw32/7.3.0;;C:\ST\STM32CubeIDE_1.19.0\STM32CubeIDE\plugins\com.st.stm32cube.ide.mcu.externaltools.gnu-tools-for-stm32.13.3.rel1.win32_1.0.0.202411081344\tools\bin
2026-07-30 15:37:52,904 [INFO] CmdLine:115 - Command: C:/Users/ADMIN/STM32Cube/Repository//Packs/STMicroelectronics/X-CUBE-AI/10.2.1/Utilities/windows/stedgeai.exe generate --target stm32l4 --name network -m D:/TinyML_Workshop-main/TinyML_Workshop_PGR/TinyML_PGR/ONNX/random_forest_model.onnx --compression high --verbosity 1 --workspace C:/Users/ADMIN/AppData/Local/Temp/mxAI_workspace10486461923251006977502877858554110 --output C:/Users/ADMIN/.stm32cubemx/network_output
2026-07-30 15:37:52,906 [INFO] AIModelDetailledView:2264 - Analysis status: pending
2026-07-30 15:37:53,708 [INFO] CmdLine:76 - ST Edge AI Core v2.2.0-20266 2adc00962
2026-07-30 15:38:17,393 [INFO] CmdLine:76 - Creating c (debug) info json file C:\Users\ADMIN\.stm32cubemx\network_output\network_c_info.json
2026-07-30 15:38:17,704 [INFO] CmdLine:76 -  
2026-07-30 15:38:17,705 [INFO] CmdLine:76 -  Exec/report summary (generate)
2026-07-30 15:38:17,705 [INFO] CmdLine:76 -  --------------------------------------------------------------------------------------------------------------
2026-07-30 15:38:17,705 [INFO] CmdLine:76 -  model file         :   D:\TinyML_Workshop-main\TinyML_Workshop_PGR\TinyML_PGR\ONNX\random_forest_model.onnx   
2026-07-30 15:38:17,705 [INFO] CmdLine:76 -  type               :   onnx                                                                                   
2026-07-30 15:38:17,705 [INFO] CmdLine:76 -  c_name             :   network                                                                                
2026-07-30 15:38:17,705 [INFO] CmdLine:76 -  compression        :   high                                                                                   
2026-07-30 15:38:17,705 [INFO] CmdLine:76 -  options            :   allocate-inputs, allocate-outputs                                                      
2026-07-30 15:38:17,705 [INFO] CmdLine:76 -  optimization       :   balanced                                                                               
2026-07-30 15:38:17,705 [INFO] CmdLine:76 -  target/series      :   stm32l4                                                                                
2026-07-30 15:38:17,705 [INFO] CmdLine:76 -  workspace dir      :   C:\Users\ADMIN\AppData\Local\Temp\mxAI_workspace10486461923251006977502877858554110    
2026-07-30 15:38:17,705 [INFO] CmdLine:76 -  output dir         :   C:\Users\ADMIN\.stm32cubemx\network_output                                             
2026-07-30 15:38:17,705 [INFO] CmdLine:76 -  model_fmt          :   undefined                                                                              
2026-07-30 15:38:17,705 [INFO] CmdLine:76 -  model_name         :   random_forest_model                                                                    
2026-07-30 15:38:17,706 [INFO] CmdLine:76 -  model_hash         :   0x00177bf66787f228ea6e8f5ba719480d                                                     
2026-07-30 15:38:17,706 [INFO] CmdLine:76 -  params #           :   1,043,793 items (2.51 MiB)                                                             
2026-07-30 15:38:17,706 [INFO] CmdLine:76 -  --------------------------------------------------------------------------------------------------------------
2026-07-30 15:38:17,706 [INFO] CmdLine:76 -  input 1/1          :   'float_input', f32(1x1x6), 24 Bytes, activations                                       
2026-07-30 15:38:17,706 [INFO] CmdLine:76 -  output 1/2         :   'label0', int32(1x1), 4 Bytes, activations                                             
2026-07-30 15:38:17,706 [INFO] CmdLine:76 -  output 2/2         :   'output_probability', f32(1x1x5x2), 40 Bytes, activations                              
2026-07-30 15:38:17,706 [INFO] CmdLine:76 -  outputs (total)    :   44 Bytes                                                                               
2026-07-30 15:38:17,706 [INFO] CmdLine:76 -  macc               :   1,411                                                                                  
2026-07-30 15:38:17,706 [INFO] CmdLine:76 -  weights (ro)       :   1,951,248 B (1.86 MiB) (1 segment) / -2,223,924(-53.3%) vs float model                 
2026-07-30 15:38:17,706 [INFO] CmdLine:76 -  activations (rw)   :   64 B (64 B) (1 segment) *                                                              
2026-07-30 15:38:17,706 [INFO] CmdLine:76 -  ram (total)        :   64 B (64 B) = 64 + 0 + 0                                                               
2026-07-30 15:38:17,706 [INFO] CmdLine:76 -  --------------------------------------------------------------------------------------------------------------
2026-07-30 15:38:17,706 [INFO] CmdLine:76 -  (*) 'input'/'output' buffers are allocated in the activations buffer
2026-07-30 15:38:17,816 [INFO] CmdLine:76 - Computing AI RT data/code size (target=stm32l4)..
2026-07-30 15:38:21,356 [INFO] CmdLine:76 -  Requested memory size by section - "stm32l4" target
2026-07-30 15:38:21,356 [INFO] CmdLine:76 -  ------------------------------ ------- ----------- ------- -----
2026-07-30 15:38:21,356 [INFO] CmdLine:76 -  module                            text      rodata    data   bss
2026-07-30 15:38:21,357 [INFO] CmdLine:76 -  ------------------------------ ------- ----------- ------- -----
2026-07-30 15:38:21,357 [INFO] CmdLine:76 -  NetworkRuntime1020_CM4_GCC.a     5,508           0       0     0
2026-07-30 15:38:21,357 [INFO] CmdLine:76 -  network.o                          704          16   1,768   172
2026-07-30 15:38:21,357 [INFO] CmdLine:76 -  network_data.o                      48          16      88     0
2026-07-30 15:38:21,357 [INFO] CmdLine:76 -  lib (toolchain)*                     0           0       0     0
2026-07-30 15:38:21,357 [INFO] CmdLine:76 -  ------------------------------ ------- ----------- ------- -----
2026-07-30 15:38:21,357 [INFO] CmdLine:76 -  RT total**                       6,260          32   1,856   172
2026-07-30 15:38:21,357 [INFO] CmdLine:76 -  ------------------------------ ------- ----------- ------- -----
2026-07-30 15:38:21,357 [INFO] CmdLine:76 -  weights                              0   1,951,248       0     0
2026-07-30 15:38:21,357 [INFO] CmdLine:76 -  activations                          0           0       0    64
2026-07-30 15:38:21,358 [INFO] CmdLine:76 -  io                                   0           0       0     0
2026-07-30 15:38:21,358 [INFO] CmdLine:76 -  ------------------------------ ------- ----------- ------- -----
2026-07-30 15:38:21,358 [INFO] CmdLine:76 -  TOTAL                            6,260   1,951,280   1,856   236
2026-07-30 15:38:21,358 [INFO] CmdLine:76 -  ------------------------------ ------- ----------- ------- -----
2026-07-30 15:38:21,358 [INFO] CmdLine:76 -  *  toolchain objects (libm/libgcc*)
2026-07-30 15:38:21,358 [INFO] CmdLine:76 -  ** RT AI runtime objects (kernels+infrastructure)
2026-07-30 15:38:21,358 [INFO] CmdLine:76 -   Summary - "stm32l4" target
2026-07-30 15:38:21,358 [INFO] CmdLine:76 -   --------------------------------------------------
2026-07-30 15:38:21,358 [INFO] CmdLine:76 -                FLASH (ro)     %*   RAM (rw)       %
2026-07-30 15:38:21,359 [INFO] CmdLine:76 -   --------------------------------------------------
2026-07-30 15:38:21,359 [INFO] CmdLine:76 -   RT total          8,148   0.4%      2,028   96.9%
2026-07-30 15:38:21,359 [INFO] CmdLine:76 -   --------------------------------------------------
2026-07-30 15:38:21,359 [INFO] CmdLine:76 -   TOTAL         1,959,396             2,092
2026-07-30 15:38:21,359 [INFO] CmdLine:76 -   --------------------------------------------------
2026-07-30 15:38:21,359 [INFO] CmdLine:76 -   *  rt/total
2026-07-30 15:38:21,359 [INFO] CmdLine:76 -  Generated files (7)
2026-07-30 15:38:21,360 [INFO] CmdLine:76 -  ------------------------------------------------------------------
2026-07-30 15:38:21,360 [INFO] CmdLine:76 -  C:\Users\ADMIN\.stm32cubemx\network_output\network_data_params.h
2026-07-30 15:38:21,360 [INFO] CmdLine:76 -  C:\Users\ADMIN\.stm32cubemx\network_output\network_data_params.c
2026-07-30 15:38:21,360 [INFO] CmdLine:76 -  C:\Users\ADMIN\.stm32cubemx\network_output\network_data.h
2026-07-30 15:38:21,360 [INFO] CmdLine:76 -  C:\Users\ADMIN\.stm32cubemx\network_output\network_data.c
2026-07-30 15:38:21,360 [INFO] CmdLine:76 -  C:\Users\ADMIN\.stm32cubemx\network_output\network_config.h
2026-07-30 15:38:21,360 [INFO] CmdLine:76 -  C:\Users\ADMIN\.stm32cubemx\network_output\network.h
2026-07-30 15:38:21,360 [INFO] CmdLine:76 -  C:\Users\ADMIN\.stm32cubemx\network_output\network.c
2026-07-30 15:38:21,361 [INFO] CmdLine:76 - Creating txt report file C:\Users\ADMIN\.stm32cubemx\network_output\network_generate_report.txt
2026-07-30 15:38:27,267 [INFO] CmdLine:76 - elapsed time (generate): 33.559s
2026-07-30 15:38:27,870 [INFO] CmdLine:148 - stedgeai exit with status: 0
2026-07-30 15:38:28,172 [INFO] AIModelDetailledView:2264 - Analysis status: done
2026-07-30 15:38:28,562 [INFO] ProjectBuilder:3606 - Time for Copy HAL[1] : 148mS.
2026-07-30 15:38:28,563 [ERROR] Middleware:2950 - Invalid RefComponent list
2026-07-30 15:38:28,563 [ERROR] Middleware:2950 - Invalid RefComponent list
2026-07-30 15:38:28,563 [ERROR] Middleware:2950 - Invalid RefComponent list
2026-07-30 15:38:28,563 [ERROR] Middleware:2950 - Invalid RefComponent list
2026-07-30 15:38:28,563 [ERROR] Middleware:2950 - Invalid RefComponent list
2026-07-30 15:38:28,563 [ERROR] Middleware:2950 - Invalid RefComponent list
2026-07-30 15:38:28,563 [ERROR] Middleware:2950 - Invalid RefComponent list
2026-07-30 15:38:28,563 [ERROR] Middleware:2950 - Invalid RefComponent list
2026-07-30 15:38:28,563 [ERROR] Middleware:2950 - Invalid RefComponent list
2026-07-30 15:38:28,563 [ERROR] Middleware:2950 - Invalid RefComponent list
2026-07-30 15:38:28,563 [ERROR] Middleware:2950 - Invalid RefComponent list
2026-07-30 15:38:28,563 [ERROR] Middleware:2950 - Invalid RefComponent list
2026-07-30 15:38:28,563 [ERROR] Middleware:2950 - Invalid RefComponent list
2026-07-30 15:38:28,563 [ERROR] Middleware:2950 - Invalid RefComponent list
2026-07-30 15:38:28,563 [ERROR] Middleware:2950 - Invalid RefComponent list
2026-07-30 15:38:28,563 [ERROR] Middleware:2950 - Invalid RefComponent list
2026-07-30 15:38:28,563 [ERROR] Middleware:2950 - Invalid RefComponent list
2026-07-30 15:38:28,563 [ERROR] Middleware:2950 - Invalid RefComponent list
2026-07-30 15:38:28,563 [ERROR] Middleware:2950 - Invalid RefComponent list
2026-07-30 15:38:28,563 [ERROR] Middleware:2950 - Invalid RefComponent list
2026-07-30 15:38:28,563 [ERROR] Middleware:2950 - Invalid RefComponent list
2026-07-30 15:38:28,563 [ERROR] Middleware:2950 - Invalid RefComponent list
2026-07-30 15:38:28,564 [ERROR] Middleware:2950 - Invalid RefComponent list
2026-07-30 15:38:28,564 [ERROR] Middleware:2950 - Invalid RefComponent list
2026-07-30 15:38:28,564 [ERROR] Middleware:2950 - Invalid RefComponent list
2026-07-30 15:38:28,564 [ERROR] Middleware:2950 - Invalid RefComponent list
2026-07-30 15:38:28,564 [ERROR] Middleware:2950 - Invalid RefComponent list
2026-07-30 15:38:28,564 [ERROR] Middleware:2950 - Invalid RefComponent list
2026-07-30 15:38:28,564 [ERROR] Middleware:2950 - Invalid RefComponent list
2026-07-30 15:38:28,564 [ERROR] Middleware:2950 - Invalid RefComponent list
2026-07-30 15:38:28,564 [ERROR] Middleware:2950 - Invalid RefComponent list
2026-07-30 15:38:28,564 [ERROR] Middleware:2950 - Invalid RefComponent list
2026-07-30 15:38:28,564 [ERROR] Middleware:2950 - Invalid RefComponent list
2026-07-30 15:38:28,564 [ERROR] Middleware:2950 - Invalid RefComponent list
2026-07-30 15:38:28,564 [ERROR] Middleware:2950 - Invalid RefComponent list
2026-07-30 15:38:28,564 [ERROR] Middleware:2950 - Invalid RefComponent list
2026-07-30 15:38:28,564 [ERROR] Middleware:2950 - Invalid RefComponent list
2026-07-30 15:38:28,564 [ERROR] Middleware:2950 - Invalid RefComponent list
2026-07-30 15:38:28,564 [ERROR] Middleware:2950 - Invalid RefComponent list
2026-07-30 15:38:28,564 [ERROR] Middleware:2950 - Invalid RefComponent list
2026-07-30 15:38:28,564 [ERROR] Middleware:2950 - Invalid RefComponent list
2026-07-30 15:38:28,564 [ERROR] Middleware:2950 - Invalid RefComponent list
2026-07-30 15:38:28,564 [ERROR] Middleware:2950 - Invalid RefComponent list
2026-07-30 15:38:28,564 [ERROR] Middleware:2950 - Invalid RefComponent list
2026-07-30 15:38:28,564 [ERROR] Middleware:2950 - Invalid RefComponent list
2026-07-30 15:38:28,564 [ERROR] Middleware:2950 - Invalid RefComponent list
2026-07-30 15:38:28,564 [ERROR] Middleware:2950 - Invalid RefComponent list
2026-07-30 15:38:28,564 [ERROR] Middleware:2950 - Invalid RefComponent list
2026-07-30 15:38:28,564 [ERROR] Middleware:2950 - Invalid RefComponent list
2026-07-30 15:38:28,564 [ERROR] Middleware:2950 - Invalid RefComponent list
2026-07-30 15:38:28,567 [INFO] ProjectBuilder:5216 - Project Generator version: 4.7.0-B52
2026-07-30 15:38:28,657 [INFO] ConfigFileManager:1595 - The Die is : DIE470
2026-07-30 15:38:29,390 [INFO] ProjectBuilder:5496 - Time for Generating toolchain IDE Files: 823mS.
2026-07-30 15:38:29,391 [INFO] ProjectBuilder:3463 - Time for Copy CMSIS : 1mS.
2026-07-30 15:38:29,392 [INFO] ProjectBuilder:3463 - Time for Copy CMSIS : 0mS.
2026-07-30 15:38:29,974 [INFO] MainUpdater:2872 - connection check result : 10
2026-07-30 15:38:29,974 [INFO] MainUpdater:2872 - connection check result : 10
2026-07-30 15:38:30,187 [INFO] I2cTimingTraitement:330 - 0x30A175AB
2026-07-30 15:38:30,197 [INFO] MicroXplorer:468 - Change Database Path : 
2026-07-30 15:38:30,198 [INFO] MicroXplorer:498 - Change Database Version : DB.6.0.150
2026-07-30 15:38:30,228 [ERROR] ProjectManagerView:395 - 
java.lang.NullPointerException: Cannot invoke "javax.swing.JTextField.getText()" because the return value of "java.util.List.get(int)" is null
	at com.st.microxplorer.plugins.projectmanager.gui.ProjectChoiceTab$9.caretUpdate(ProjectChoiceTab.java:2706) ~[filemanager.jar:?]
	at javax.swing.text.JTextComponent.fireCaretUpdate(JTextComponent.java:408) ~[?:?]
	at javax.swing.text.JTextComponent$MutableCaretEvent.fire(JTextComponent.java:4484) ~[?:?]
	at javax.swing.text.JTextComponent$MutableCaretEvent.stateChanged(JTextComponent.java:4506) ~[?:?]
	at javax.swing.text.DefaultCaret.fireStateChanged(DefaultCaret.java:857) ~[?:?]
	at javax.swing.text.DefaultCaret.changeCaretPosition(DefaultCaret.java:1343) ~[?:?]
	at javax.swing.text.DefaultCaret.handleSetDot(DefaultCaret.java:1242) ~[?:?]
	at javax.swing.text.DefaultCaret.setDot(DefaultCaret.java:1223) ~[?:?]
	at javax.swing.text.DefaultCaret$Handler.insertUpdate(DefaultCaret.java:1819) ~[?:?]
	at javax.swing.text.AbstractDocument.fireInsertUpdate(AbstractDocument.java:227) ~[?:?]
	at javax.swing.text.AbstractDocument.handleInsertString(AbstractDocument.java:781) ~[?:?]
	at javax.swing.text.AbstractDocument.insertString(AbstractDocument.java:740) ~[?:?]
	at javax.swing.text.PlainDocument.insertString(PlainDocument.java:131) ~[?:?]
	at javax.swing.text.AbstractDocument.replace(AbstractDocument.java:699) ~[?:?]
	at javax.swing.text.JTextComponent.setText(JTextComponent.java:1725) ~[?:?]
	at com.st.microxplorer.plugins.projectmanager.gui.ProjectChoiceTab.createHeapStackFields(ProjectChoiceTab.java:993) ~[filemanager.jar:?]
	at com.st.microxplorer.plugins.projectmanager.gui.ProjectChoiceTab.buildLinkSettingsPanel(ProjectChoiceTab.java:3813) ~[filemanager.jar:?]
	at com.st.microxplorer.plugins.projectmanager.gui.ProjectChoiceTab.defineWindowsFields(ProjectChoiceTab.java:1987) ~[filemanager.jar:?]
	at com.st.microxplorer.plugins.projectmanager.gui.ProjectChoiceTab.updateSettings(ProjectChoiceTab.java:558) ~[filemanager.jar:?]
	at com.st.microxplorer.plugins.projectmanager.gui.ProjectSettingsPanel.UpdateDialog(ProjectSettingsPanel.java:247) ~[filemanager.jar:?]
	at com.st.microxplorer.plugins.projectmanager.ProjectManagerView.propertyChange(ProjectManagerView.java:392) ~[filemanager.jar:?]
	at java.beans.PropertyChangeSupport.fire(PropertyChangeSupport.java:343) ~[?:?]
	at java.beans.PropertyChangeSupport.firePropertyChange(PropertyChangeSupport.java:335) ~[?:?]
	at java.beans.PropertyChangeSupport.firePropertyChange(PropertyChangeSupport.java:268) ~[?:?]
	at com.st.microxplorer.util.MXPropertyChangeSupport.firePropertyChange(MXPropertyChangeSupport.java:54) ~[STM32CubeMX.jar:?]
	at com.st.microxplorer.mxsystem.MxSystem.closeConfig(MxSystem.java:899) ~[STM32CubeMX.jar:?]
	at com.st.microxplorer.maingui.MainPanel.closeConfig(MainPanel.java:792) ~[STM32CubeMX.jar:?]
	at com.st.microxplorer.plugins.filemanager.engine.OpenFileManager.loadConfigurationFile(OpenFileManager.java:288) ~[filemanager.jar:?]
	at com.st.microxplorer.plugins.filemanager.engine.MainFileManager.userLoadConfig(MainFileManager.java:364) ~[filemanager.jar:?]
	at com.st.microxplorer.plugins.filemanager.FileManagerView.getSpecificTask(FileManagerView.java:268) ~[filemanager.jar:?]
	at com.st.stm32cube.common.mx.editor.CubeMxEditor.getMxTabbedPaneInstance(CubeMxEditor.java:1191) ~[com.st.stm32cube.common.mx_6.15.0.202507011659/:?]
	at com.st.stm32cube.common.mx.editor.CubeMxEditor$12$1.createSwingComponent(CubeMxEditor.java:1068) ~[com.st.stm32cube.common.mx_6.15.0.202507011659/:?]
	at com.st.stm32cube.common.mx.oss.core.awtswtbridge.EmbeddedSwingComposite.doComponentCreation(EmbeddedSwingComposite.java:492) ~[com.st.stm32cube.common.mx.oss_6.15.0.202507011659/:?]
	at com.st.stm32cube.common.mx.oss.core.awtswtbridge.EmbeddedSwingComposite$4.run(EmbeddedSwingComposite.java:291) ~[com.st.stm32cube.common.mx.oss_6.15.0.202507011659/:?]
	at com.st.stm32cube.common.mx.oss.core.awtswtbridge.AwtEnvironment$2.run(AwtEnvironment.java:166) ~[com.st.stm32cube.common.mx.oss_6.15.0.202507011659/:?]
	at java.awt.event.InvocationEvent.dispatch(InvocationEvent.java:318) ~[?:?]
	at java.awt.EventQueue.dispatchEventImpl(EventQueue.java:773) ~[?:?]
	at java.awt.EventQueue$4.run(EventQueue.java:720) ~[?:?]
	at java.awt.EventQueue$4.run(EventQueue.java:714) ~[?:?]
	at java.security.AccessController.doPrivileged(AccessController.java:400) ~[?:?]
	at java.security.ProtectionDomain$JavaSecurityAccessImpl.doIntersectionPrivilege(ProtectionDomain.java:87) ~[?:?]
	at java.awt.EventQueue.dispatchEvent(EventQueue.java:742) ~[?:?]
	at java.awt.EventDispatchThread.pumpOneEventForFilters(EventDispatchThread.java:203) ~[?:?]
	at java.awt.EventDispatchThread.pumpEventsForFilter(EventDispatchThread.java:124) ~[?:?]
	at java.awt.EventDispatchThread.pumpEventsForHierarchy(EventDispatchThread.java:113) ~[?:?]
	at java.awt.EventDispatchThread.pumpEvents(EventDispatchThread.java:109) ~[?:?]
	at java.awt.EventDispatchThread.pumpEvents(EventDispatchThread.java:101) ~[?:?]
	at java.awt.EventDispatchThread.run(EventDispatchThread.java:90) ~[?:?]
2026-07-30 15:38:30,231 [WARN] ThirdParty:871 - waiting for thirdparty lock release [close project]
2026-07-30 15:38:30,231 [INFO] ThirdParty:873 - entering critical section [close project]
2026-07-30 15:38:30,236 [INFO] ThirdParty:883 - exiting critical section [close project]
2026-07-30 15:38:30,241 [INFO] PinOutPanel:1589 - setPackage(No Configuration,No Configuration)
2026-07-30 15:38:30,252 [INFO] AI:982 - onDisable adding AI com.st.microxplorer.plugins.ip.ai.AI@71f5e271 on STMicroelectronics.X-CUBE-AI.10.2.1
2026-07-30 15:38:30,262 [INFO] UtilMem:75 - Begin LoadConfig() Used Memory: 924720152 Bytes (1073741824)
2026-07-30 15:38:30,264 [INFO] OpenFileManager:355 - Change cursor
2026-07-30 15:38:30,285 [INFO] RulesReader:64 - Compatibility file has been processed (317 Rules)
2026-07-30 15:38:30,291 [INFO] ProjectFactory:514 - No CPN specified for board B-L4S5I-IOT01A => set CPN to STM32L4S5VIT6
2026-07-30 15:38:30,291 [INFO] Mcu:2029 - Initializing MCU STM32L4S5VITx STM32L4S5VITx STM32L4S5VIT6
2026-07-30 15:38:33,093 [INFO] Context:786 - Trying to add GPIOservice into a context  which must be forbidden
2026-07-30 15:38:33,850 [INFO] Rule:233 - rule 117617 - U5Cobra4M][GTZC] default value MPCBB3 and MPCBB5 - Not Secured memory - MPCBB1 is applicable
2026-07-30 15:38:33,850 [INFO] Rule:233 - rule 117617 - U5Cobra4M][GTZC] default value MPCBB3 and MPCBB5 - Not Secured memory - MPCBB1 is applicable
2026-07-30 15:38:33,850 [INFO] Rule:233 - rule 117617 - U5Cobra4M][GTZC] default value MPCBB3 and MPCBB5 - Not Secured memory - MPCBB2 is applicable
2026-07-30 15:38:33,850 [INFO] Rule:233 - rule 117617 - U5Cobra4M][GTZC] default value MPCBB3 and MPCBB5 - Not Secured memory - MPCBB2 is applicable
2026-07-30 15:38:33,850 [INFO] Rule:233 - rule 117617 - U5Cobra4M][GTZC] default value MPCBB3 and MPCBB5 - Not Secured memory - MPCBB3 is applicable
2026-07-30 15:38:33,850 [INFO] Rule:233 - rule 117617 - U5Cobra4M][GTZC] default value MPCBB3 and MPCBB5 - Not Secured memory - MPCBB3 is applicable
2026-07-30 15:38:33,850 [INFO] Rule:233 - rule 117617 - U5Cobra4M][GTZC] default value MPCBB3 and MPCBB5 - Not Secured memory - MPCBB4 is applicable
2026-07-30 15:38:33,850 [INFO] Rule:233 - rule 117617 - U5Cobra4M][GTZC] default value MPCBB3 and MPCBB5 - Not Secured memory - MPCBB4 is applicable
2026-07-30 15:38:33,850 [INFO] Rule:233 - rule 117617 - U5Cobra4M][GTZC] default value MPCBB3 and MPCBB5 - Secured memory - MPCBB1 is applicable
2026-07-30 15:38:33,850 [INFO] Rule:233 - rule 117617 - U5Cobra4M][GTZC] default value MPCBB3 and MPCBB5 - Secured memory - MPCBB2 is applicable
2026-07-30 15:38:33,850 [INFO] Rule:233 - rule 117617 - U5Cobra4M][GTZC] default value MPCBB3 and MPCBB5 - Secured memory - MPCBB3 is applicable
2026-07-30 15:38:33,850 [INFO] Rule:233 - rule 117617 - U5Cobra4M][GTZC] default value MPCBB3 and MPCBB5 - Secured memory - MPCBB4 is applicable
2026-07-30 15:38:33,850 [INFO] Rule:233 - rule 117617 - U5Cobra4M][GTZC] default value MPCBB3 and MPCBB5 - Privileged memory - MPCBB1 is applicable
2026-07-30 15:38:33,850 [INFO] Rule:233 - rule 117617 - U5Cobra4M][GTZC] default value MPCBB3 and MPCBB5 - Privileged memory - MPCBB2 is applicable
2026-07-30 15:38:33,850 [INFO] Rule:233 - rule 117617 - U5Cobra4M][GTZC] default value MPCBB3 and MPCBB5 - Privileged memory - MPCBB3 is applicable
2026-07-30 15:38:33,850 [INFO] Rule:233 - rule 117617 - U5Cobra4M][GTZC] default value MPCBB3 and MPCBB5 - Privileged memory - MPCBB4 is applicable
2026-07-30 15:38:33,850 [INFO] Rule:233 - rule 117617 - U5Cobra4M][GTZC] default value MPCBB3 and MPCBB5 - Not Privileged memory - MPCBB1 is applicable
2026-07-30 15:38:33,850 [INFO] Rule:233 - rule 117617 - U5Cobra4M][GTZC] default value MPCBB3 and MPCBB5 - Not Privileged memory - MPCBB2 is applicable
2026-07-30 15:38:33,850 [INFO] Rule:233 - rule 117617 - U5Cobra4M][GTZC] default value MPCBB3 and MPCBB5 - Not Privileged memory - MPCBB3 is applicable
2026-07-30 15:38:33,850 [INFO] Rule:233 - rule 117617 - U5Cobra4M][GTZC] default value MPCBB3 and MPCBB5 - Not Privileged memory - MPCBB4 is applicable
2026-07-30 15:38:33,850 [INFO] Rule:233 - rule 117617 - U5Cobra4M][GTZC] default value MPCBB3 and MPCBB5 - Privileged memory - MPCBB1 is applicable
2026-07-30 15:38:33,850 [INFO] Rule:233 - rule 117617 - U5Cobra4M][GTZC] default value MPCBB3 and MPCBB5 - Privileged memory - MPCBB2 is applicable
2026-07-30 15:38:33,851 [INFO] Rule:233 - rule 117617 - U5Cobra4M][GTZC] default value MPCBB3 and MPCBB5 - Privileged memory - MPCBB3 is applicable
2026-07-30 15:38:33,851 [INFO] Rule:233 - rule 117617 - U5Cobra4M][GTZC] default value MPCBB3 and MPCBB5 - Privileged memory - MPCBB4 is applicable
2026-07-30 15:38:33,851 [INFO] Rule:233 - rule 117617 - U5Cobra4M][GTZC] default value MPCBB3 and MPCBB5 - Privileged memory - MPCBB1 is applicable
2026-07-30 15:38:33,851 [INFO] Rule:233 - rule 117617 - U5Cobra4M][GTZC] default value MPCBB3 and MPCBB5 - Privileged memory - MPCBB2 is applicable
2026-07-30 15:38:33,851 [INFO] Rule:233 - rule 117617 - U5Cobra4M][GTZC] default value MPCBB3 and MPCBB5 - Privileged memory - MPCBB3 is applicable
2026-07-30 15:38:33,851 [INFO] Rule:233 - rule 117617 - U5Cobra4M][GTZC] default value MPCBB3 and MPCBB5 - Privileged memory - MPCBB4 is applicable
2026-07-30 15:38:33,851 [INFO] Rule:233 - rule 117617 - U5Cobra4M][GTZC] default value MPCBB3 and MPCBB5 - Not Privileged memory - MPCBB1 is applicable
2026-07-30 15:38:33,851 [INFO] Rule:233 - rule 117617 - U5Cobra4M][GTZC] default value MPCBB3 and MPCBB5 - Not Privileged memory - MPCBB2 is applicable
2026-07-30 15:38:33,851 [INFO] Rule:233 - rule 117617 - U5Cobra4M][GTZC] default value MPCBB3 and MPCBB5 - Not Privileged memory - MPCBB3 is applicable
2026-07-30 15:38:33,851 [INFO] Rule:233 - rule 117617 - U5Cobra4M][GTZC] default value MPCBB3 and MPCBB5 - Not Privileged memory - MPCBB4 is applicable
2026-07-30 15:38:33,851 [INFO] Rule:233 - rule 117617 - U5Cobra4M][GTZC] default value MPCBB3 and MPCBB5 - Privileged memory - MPCBB1 is applicable
2026-07-30 15:38:33,851 [INFO] Rule:233 - rule 117617 - U5Cobra4M][GTZC] default value MPCBB3 and MPCBB5 - Privileged memory - MPCBB2 is applicable
2026-07-30 15:38:33,851 [INFO] Rule:233 - rule 117617 - U5Cobra4M][GTZC] default value MPCBB3 and MPCBB5 - Privileged memory - MPCBB3 is applicable
2026-07-30 15:38:33,851 [INFO] Rule:233 - rule 117617 - U5Cobra4M][GTZC] default value MPCBB3 and MPCBB5 - Privileged memory - MPCBB4 is applicable
2026-07-30 15:38:33,851 [INFO] Rule:233 - rule WakeUp0 Mode is applicable
2026-07-30 15:38:33,851 [INFO] Rule:233 - rule WakeUp0 SIGNAL is applicable
2026-07-30 15:38:33,851 [INFO] Rule:233 - rule WakeUp1 Mode is applicable
2026-07-30 15:38:33,851 [INFO] Rule:233 - rule WakeUp1 SIGNAL is applicable
2026-07-30 15:38:33,851 [INFO] Rule:233 - rule WakeUp2 Mode is applicable
2026-07-30 15:38:33,851 [INFO] Rule:233 - rule WakeUp2 SIGNAL is applicable
2026-07-30 15:38:33,851 [INFO] Rule:233 - rule WakeUp4 Mode is applicable
2026-07-30 15:38:33,851 [INFO] Rule:233 - rule WakeUp4 SIGNAL is applicable
2026-07-30 15:38:33,851 [INFO] Rule:233 - rule WakeUp5 Mode is applicable
2026-07-30 15:38:33,851 [INFO] Rule:233 - rule WakeUp5 SIGNAL is applicable
2026-07-30 15:38:33,851 [INFO] Rule:233 - rule Change Default Value for LSE Drive Capability for WB family is applicable
2026-07-30 15:38:33,852 [INFO] Rule:233 - rule change FDCAN default value is applicable
2026-07-30 15:38:33,852 [INFO] Rule:233 - rule Adapt Old IOC before rework replace old CORTEX_M33/CORTEX_M55 attributes by the new one. is applicable
2026-07-30 15:38:33,852 [INFO] Rule:233 - rule Rename parametre of RCC RCC_APBDBG_DIV2 to RCC_TIMPRES_DIV2 is applicable
2026-07-30 15:38:33,852 [INFO] Rule:233 - rule Rename DIE493 pin PA10 [PA12] -> PA10 is applicable
2026-07-30 15:38:33,852 [INFO] Rule:233 - rule Rename DIE493 pin PA9 [PA11] -> PA9 is applicable
2026-07-30 15:38:33,852 [INFO] Rule:233 - rule Rename DIE492 PartNumber CPN STM32WBA5MJGHx -> STM32WBA5MMGHx is applicable
2026-07-30 15:38:33,852 [INFO] Rule:233 - rule Rename DIE492 PartNumber  Name STM32WBA5MJGHx -> STM32WBA5MMGHx is applicable
2026-07-30 15:38:33,852 [INFO] Rule:233 - rule Rename DIE492 PartNumber UserName STM32WBA5MJGHx -> STM32WBA5MMGHx is applicable
2026-07-30 15:38:33,852 [INFO] Rule:233 - rule Rename DIE492 PartNumber DeviceId STM32WBA5MJGHx -> STM32WBA5MMGHx is applicable
2026-07-30 15:38:33,852 [INFO] Rule:233 - rule Adapt Old IOC CSI. is applicable
2026-07-30 15:38:33,852 [INFO] Rule:233 - rule Adapt Old IOC DCMIPP. is applicable
2026-07-30 15:38:33,852 [INFO] Rule:233 - rule Adapt Old IOC DCMIPP Mode Parallel. is applicable
2026-07-30 15:38:33,852 [INFO] Rule:233 - rule Adapt Old IOC LTDC. is applicable
2026-07-30 15:38:33,852 [INFO] Rule:233 - rule Rename STM32MP2 RIF Peripheral LTDC RIF.RISUP.LTDC_L0L1.Privilege -> RIF.RISUP.LTDC_L1L2.Privilege is applicable
2026-07-30 15:38:33,852 [INFO] Rule:233 - rule Rename STM32MP2 RIF Peripheral LTDC RIF.RISUP.LTDC_L0L1.Privilege -> RIF.RISUP.LTDC_L1L2.Privilege is applicable
2026-07-30 15:38:33,852 [INFO] Rule:233 - rule Rename STM32MP2 RIF Peripheral LTDC RIF.RISUP.LTDC_L0L1.Lock -> RIF.RISUP.LTDC_L1L2.Lock is applicable
2026-07-30 15:38:33,852 [INFO] Rule:233 - rule Rename STM32MP2 RIF Peripheral LTDC RIF.RISUP.LTDC_L2.Lock -> RIF.RISUP.LTDC_L3.Lock is applicable
2026-07-30 15:38:33,852 [INFO] Rule:233 - rule Adapt the old IOC example for updating the SYS when it is misconfigured. is applicable
2026-07-30 15:38:33,852 [INFO] Rule:233 - rule Rename STM32C09 Mcu.Package LQFP64 -> LQFP48 is applicable
2026-07-30 15:38:33,852 [INFO] Rule:233 - rule Adapt the old IOC example for updating the SYS when it is misconfigured. is applicable
2026-07-30 15:38:33,852 [INFO] Rule:233 - rule Adapt the old IOC example for updating the SYS when it is misconfigured. is applicable
2026-07-30 15:38:33,860 [INFO] DbConfProperties:307 - Apply Compatibility (5/68 Rules)
2026-07-30 15:38:33,891 [INFO] ImportTextPane:234 - (OptionalMessage_ERROR) Pin84 (VP_RIF_VS_RIF1) cannot be retrieved for this MCU
2026-07-30 15:38:34,015 [INFO] RtosManager:558 - Registered RTOS mode: class=CMSIS, group=RTOS, mode=CMSIS_V1, owner=FREERTOS
2026-07-30 15:38:34,015 [INFO] RtosManager:558 - Registered RTOS mode: class=CMSIS, group=RTOS2, mode=CMSIS_V2, owner=FREERTOS
2026-07-30 15:38:34,015 [INFO] RtosManager:558 - Registered RTOS mode: class=RTOS, group=Core, mode=CMSIS_V1, owner=FREERTOS
2026-07-30 15:38:34,015 [INFO] RtosManager:558 - Registered RTOS mode: class=RTOS, group=Core, mode=CMSIS_V2, owner=FREERTOS
2026-07-30 15:38:34,015 [WARN] ModelIntegratedComponent:184 - Missing modes for component STMicroelectronics:FreeRTOS:0.0.1:STMicroelectronics:RTOS:FreeRTOS:Core:::10.2.0:
2026-07-30 15:38:34,194 [WARN] ModelIntegratedComponent:63 - No mode defined for component null
2026-07-30 15:38:34,195 [WARN] ModelIntegratedComponent:63 - No mode defined for component null
2026-07-30 15:38:34,195 [WARN] ModelIntegratedComponent:63 - No mode defined for component null
2026-07-30 15:38:34,195 [WARN] ModelIntegratedComponent:63 - No mode defined for component null
2026-07-30 15:38:34,195 [WARN] ModelIntegratedComponent:63 - No mode defined for component null
2026-07-30 15:38:34,195 [WARN] ModelIntegratedComponent:63 - No mode defined for component null
2026-07-30 15:38:34,195 [WARN] ModelIntegratedComponent:63 - No mode defined for component null
2026-07-30 15:38:34,195 [WARN] ModelIntegratedComponent:63 - No mode defined for component null
2026-07-30 15:38:34,195 [WARN] ModelIntegratedComponent:63 - No mode defined for component null
2026-07-30 15:38:34,195 [WARN] ModelIntegratedComponent:63 - No mode defined for component null
2026-07-30 15:38:34,195 [WARN] ModelIntegratedComponent:63 - No mode defined for component null
2026-07-30 15:38:34,195 [WARN] ModelIntegratedComponent:63 - No mode defined for component null
2026-07-30 15:38:34,195 [WARN] ModelIntegratedComponent:63 - No mode defined for component null
2026-07-30 15:38:34,195 [WARN] ModelIntegratedComponent:63 - No mode defined for component null
2026-07-30 15:38:34,195 [WARN] ModelIntegratedComponent:63 - No mode defined for component null
2026-07-30 15:38:34,195 [WARN] ModelIntegratedComponent:63 - No mode defined for component null
2026-07-30 15:38:34,195 [WARN] ModelIntegratedComponent:63 - No mode defined for component null
2026-07-30 15:38:34,195 [WARN] ModelIntegratedComponent:63 - No mode defined for component null
2026-07-30 15:38:34,195 [WARN] ModelIntegratedComponent:63 - No mode defined for component null
2026-07-30 15:38:34,195 [WARN] ModelIntegratedComponent:63 - No mode defined for component null
2026-07-30 15:38:34,195 [WARN] ModelIntegratedComponent:63 - No mode defined for component null
2026-07-30 15:38:34,195 [WARN] ModelIntegratedComponent:63 - No mode defined for component null
2026-07-30 15:38:34,195 [WARN] ModelIntegratedComponent:63 - No mode defined for component null
2026-07-30 15:38:34,195 [WARN] ModelIntegratedComponent:63 - No mode defined for component null
2026-07-30 15:38:34,195 [WARN] ModelIntegratedComponent:63 - No mode defined for component null
2026-07-30 15:38:34,195 [WARN] ModelIntegratedComponent:63 - No mode defined for component null
2026-07-30 15:38:34,195 [WARN] ModelIntegratedComponent:63 - No mode defined for component null
2026-07-30 15:38:34,195 [WARN] ModelIntegratedComponent:63 - No mode defined for component null
2026-07-30 15:38:34,195 [WARN] ModelIntegratedComponent:63 - No mode defined for component null
2026-07-30 15:38:34,195 [WARN] ModelIntegratedComponent:63 - No mode defined for component null
2026-07-30 15:38:34,195 [WARN] ModelIntegratedComponent:63 - No mode defined for component null
2026-07-30 15:38:34,195 [WARN] ModelIntegratedComponent:63 - No mode defined for component null
2026-07-30 15:38:34,195 [WARN] ModelIntegratedComponent:63 - No mode defined for component null
2026-07-30 15:38:34,195 [WARN] ModelIntegratedComponent:63 - No mode defined for component null
2026-07-30 15:38:34,195 [WARN] ModelIntegratedComponent:63 - No mode defined for component null
2026-07-30 15:38:34,196 [WARN] ModelPack:524 - Component already loaded: STMicroelectronics:HAL Drivers:0.0.0:STMicroelectronics:Device:STMicro_Driver:XSPI:HAL::0.0.1:HAL_XSPI
2026-07-30 15:38:34,250 [INFO] ThirdPartyModel:298 - Start build external matchings
2026-07-30 15:38:34,735 [INFO] ThirdPartyModel:316 - End build external matchings
2026-07-30 15:38:34,765 [WARN] IP:2250 - MaxTran not found: check if there is a RefParameter without a condition.
2026-07-30 15:38:34,765 [WARN] IP:2250 - Refresh not found: check if there is a RefParameter without a condition.
2026-07-30 15:38:34,765 [INFO] ImportTextPane:234 - (OptionalMessage_ERROR) IP (RCC) : Invalid parameter (FamilyName)
2026-07-30 15:38:35,222 [INFO] UtilMem:75 - End LoadConfig() Used Memory: 993145848 Bytes (1073741824)
2026-07-30 15:38:35,402 [WARN] ThirdParty:833 - waiting for thirdparty lock release [change project]
2026-07-30 15:38:35,402 [INFO] ThirdParty:835 - entering critical section [change project]
2026-07-30 15:38:35,402 [INFO] ThirdParty:1030 - CMSIS Pack Vendor :STMicroelectronics X-CUBE-AZRTOS-H7 3.5.0
2026-07-30 15:38:35,402 [INFO] ThirdParty:1030 - CMSIS Pack Vendor :STMicroelectronics X-CUBE-PM33A1 1.0.0
2026-07-30 15:38:35,402 [INFO] ThirdParty:1030 - CMSIS Pack Vendor :STMicroelectronics USBPD 4.1
2026-07-30 15:38:35,402 [INFO] ThirdParty:1030 - CMSIS Pack Vendor :STMicroelectronics X-CUBE-NFC9 1.0.0
2026-07-30 15:38:35,402 [INFO] ThirdParty:1030 - CMSIS Pack Vendor :STMicroelectronics USB_HOST 2.0.0
2026-07-30 15:38:35,402 [INFO] ThirdParty:1030 - CMSIS Pack Vendor :STMicroelectronics FP-ATR-ASTRA1 2.0.3
2026-07-30 15:38:35,402 [INFO] ThirdParty:1030 - CMSIS Pack Vendor :STMicroelectronics X-CUBE-AZRTOS-F4 1.1.0
2026-07-30 15:38:35,402 [INFO] ThirdParty:1030 - CMSIS Pack Vendor :STMicroelectronics LIBJPEG 8.0.0
2026-07-30 15:38:35,402 [INFO] ThirdParty:1030 - CMSIS Pack Vendor :STMicroelectronics X-CUBE-BLE1 7.1.0
2026-07-30 15:38:35,402 [INFO] ThirdParty:1030 - CMSIS Pack Vendor :wolfSSL I-CUBE-wolfMQTT 1.19.2
2026-07-30 15:38:35,402 [INFO] ThirdParty:1030 - CMSIS Pack Vendor :STMicroelectronics USB_DEVICE 3.0.0
2026-07-30 15:38:35,402 [INFO] ThirdParty:1030 - CMSIS Pack Vendor :STMicroelectronics X-CUBE-ISPU 2.1.0
2026-07-30 15:38:35,402 [INFO] ThirdParty:1030 - CMSIS Pack Vendor :STMicroelectronics X-CUBE-EEPRMA1 5.2.0
2026-07-30 15:38:35,402 [INFO] ThirdParty:1030 - CMSIS Pack Vendor :STMicroelectronics X-CUBE-IPS 3.2.0
2026-07-30 15:38:35,402 [INFO] ThirdParty:1030 - CMSIS Pack Vendor :STMicroelectronics eDS-WB_DPC_TT-BIDIR 2.1.1
2026-07-30 15:38:35,402 [INFO] ThirdParty:1030 - CMSIS Pack Vendor :STMicroelectronics X-CUBE-AZRTOS-WB 2.0.0
2026-07-30 15:38:35,402 [INFO] ThirdParty:1030 - CMSIS Pack Vendor :STMicroelectronics X-CUBE-NFC12 1.0.0
2026-07-30 15:38:35,402 [INFO] ThirdParty:1030 - CMSIS Pack Vendor :STMicroelectronics X-CUBE-AZRTOS-F7 1.1.0
2026-07-30 15:38:35,402 [INFO] ThirdParty:1030 - CMSIS Pack Vendor :STMicroelectronics X-CUBE-AZRTOS-L5 2.0.0
2026-07-30 15:38:35,402 [INFO] ThirdParty:1030 - CMSIS Pack Vendor :STMicroelectronics USB_DEVICE 2.0.0
2026-07-30 15:38:35,402 [INFO] ThirdParty:1030 - CMSIS Pack Vendor :STMicroelectronics X-CUBE-FREERTOS 1.6.0
2026-07-30 15:38:35,402 [INFO] ThirdParty:1030 - CMSIS Pack Vendor :STMicroelectronics FP-SNS-STAIOTCFT 1.1.0
2026-07-30 15:38:35,402 [INFO] ThirdParty:1030 - CMSIS Pack Vendor :quantropi X-CUBE-qispace-sdk-base 2.1.0
2026-07-30 15:38:35,402 [INFO] ThirdParty:1030 - CMSIS Pack Vendor :STMicroelectronics X-CUBE-STSE01 2.0.0
2026-07-30 15:38:35,402 [INFO] ThirdParty:1030 - CMSIS Pack Vendor :STMicroelectronics X-CUBE-ALGOBUILD 1.5.0
2026-07-30 15:38:35,402 [INFO] ThirdParty:1030 - CMSIS Pack Vendor :STMicroelectronics FP-SNS-MOTENV1 5.1.0
2026-07-30 15:38:35,402 [INFO] ThirdParty:1030 - CMSIS Pack Vendor :STMicroelectronics FreeRTOS 0.0.1
2026-07-30 15:38:35,403 [INFO] ThirdParty:1030 - CMSIS Pack Vendor :STMicroelectronics X-CUBE-AZRTOS-H7RS 1.3.0
2026-07-30 15:38:35,403 [INFO] ThirdParty:1030 - CMSIS Pack Vendor :STMicroelectronics X-CUBE-AZRTOS-G0 1.1.0
2026-07-30 15:38:35,403 [INFO] ThirdParty:1030 - CMSIS Pack Vendor :STMicroelectronics X-CUBE-NFC4 3.0.0
2026-07-30 15:38:35,403 [INFO] ThirdParty:1030 - CMSIS Pack Vendor :STMicroelectronics X-CUBE-SUBG2 5.0.0
2026-07-30 15:38:35,403 [INFO] ThirdParty:1030 - CMSIS Pack Vendor :STMicroelectronics STM32_WPAN 1.0.0
2026-07-30 15:38:35,403 [INFO] ThirdParty:1030 - CMSIS Pack Vendor :STMicroelectronics eDS-WB_DPC_VIENNA 1.2.0
2026-07-30 15:38:35,403 [INFO] ThirdParty:1030 - CMSIS Pack Vendor :EmbeddedOffice I-CUBE-FS-RTOS 1.0.1
2026-07-30 15:38:35,403 [INFO] ThirdParty:1030 - CMSIS Pack Vendor :STMicroelectronics lwIP 2.0.3
2026-07-30 15:38:35,403 [INFO] ThirdParty:1030 - CMSIS Pack Vendor :WES I-CUBE-Cesium 1.4.0
2026-07-30 15:38:35,403 [INFO] ThirdParty:1030 - CMSIS Pack Vendor :STMicroelectronics X-CUBE-MEMS1 13.0.0
2026-07-30 15:38:35,403 [INFO] ThirdParty:1030 - CMSIS Pack Vendor :STMicroelectronics eDS-WB_DPC_3PH2L-BIDIR 1.1.1
2026-07-30 15:38:35,403 [INFO] ThirdParty:1030 - CMSIS Pack Vendor :STMicroelectronics USB_HOST 1.0.0
2026-07-30 15:38:35,403 [INFO] ThirdParty:1030 - CMSIS Pack Vendor :STMicroelectronics X-CUBE-AZRTOS-G4 2.0.0
2026-07-30 15:38:35,403 [INFO] ThirdParty:1030 - CMSIS Pack Vendor :STMicroelectronics PDM2PCM 3.1.0
2026-07-30 15:38:35,403 [INFO] ThirdParty:1030 - CMSIS Pack Vendor :STMicroelectronics PDM2PCM 3.3.0
2026-07-30 15:38:35,403 [INFO] ThirdParty:1030 - CMSIS Pack Vendor :wolfSSL I-CUBE-wolfTPM 3.8.0
2026-07-30 15:38:35,403 [INFO] ThirdParty:1030 - CMSIS Pack Vendor :STMicroelectronics X-CUBE-DISPLAY 3.0.0
2026-07-30 15:38:35,403 [INFO] ThirdParty:1030 - CMSIS Pack Vendor :wolfSSL I-CUBE-wolfSSH 1.4.20
2026-07-30 15:38:35,403 [INFO] ThirdParty:1030 - CMSIS Pack Vendor :STMicroelectronics X-CUBE-NFC7 2.0.0
2026-07-30 15:38:35,403 [INFO] ThirdParty:1030 - CMSIS Pack Vendor :STMicroelectronics X-CUBE-GNSS1 7.1.1
2026-07-30 15:38:35,403 [INFO] ThirdParty:1030 - CMSIS Pack Vendor :STMicroelectronics FP-SNS-MOTENVWB1 1.5.0
2026-07-30 15:38:35,403 [INFO] ThirdParty:1030 - CMSIS Pack Vendor :STMicroelectronics X-CUBE-TCPP 4.2.0
2026-07-30 15:38:35,403 [INFO] ThirdParty:1030 - CMSIS Pack Vendor :RealThread X-CUBE-RT-Thread_Nano 4.1.1
2026-07-30 15:38:35,403 [INFO] ThirdParty:1030 - CMSIS Pack Vendor :STMicroelectronics FP-ATR-SIGFOX1 3.2.0
2026-07-30 15:38:35,403 [INFO] ThirdParty:1030 - CMSIS Pack Vendor :STMicroelectronics X-CUBE-NFC10 1.0.0
2026-07-30 15:38:35,403 [INFO] ThirdParty:1030 - CMSIS Pack Vendor :STMicroelectronics HAL Drivers 0.0.0
2026-07-30 15:38:35,403 [INFO] ThirdParty:1030 - CMSIS Pack Vendor :STMicroelectronics MBEDTLS 2.16.2
2026-07-30 15:38:35,403 [INFO] ThirdParty:1030 - CMSIS Pack Vendor :STMicroelectronics X-CUBE-ST60 1.1.0
2026-07-30 15:38:35,403 [INFO] ThirdParty:1030 - CMSIS Pack Vendor :STMicroelectronics X-CUBE-ALS 1.0.2
2026-07-30 15:38:35,403 [INFO] ThirdParty:1030 - CMSIS Pack Vendor :emotas I-CUBE-CANOPEN 1.3.0
2026-07-30 15:38:35,403 [INFO] ThirdParty:1030 - CMSIS Pack Vendor :wolfSSL I-CUBE-wolfSSL 5.9.2
2026-07-30 15:38:35,403 [INFO] ThirdParty:1030 - CMSIS Pack Vendor :STMicroelectronics MBEDTLS 2.14.1
2026-07-30 15:38:35,403 [INFO] ThirdParty:1030 - CMSIS Pack Vendor :ITTIA_DB I-CUBE-ITTIADB 8.9.0
2026-07-30 15:38:35,403 [INFO] ThirdParty:1030 - CMSIS Pack Vendor :Cesanta I-CUBE-Mongoose 7.21.7
2026-07-30 15:38:35,403 [INFO] ThirdParty:1030 - CMSIS Pack Vendor :STMicroelectronics X-CUBE-TOUCHGFX 4.26.1
2026-07-30 15:38:35,403 [INFO] ThirdParty:1030 - CMSIS Pack Vendor :STMicroelectronics X-CUBE-NFC6 3.2.0
2026-07-30 15:38:35,403 [INFO] ThirdParty:1030 - CMSIS Pack Vendor :STMicroelectronics FP-SNS-STBOX1 2.1.0
2026-07-30 15:38:35,403 [INFO] ThirdParty:1030 - CMSIS Pack Vendor :STMicroelectronics X-CUBE-AI 10.2.1
2026-07-30 15:38:35,403 [INFO] ThirdParty:1030 - CMSIS Pack Vendor :STMicroelectronics ThreadX 1.0.0
2026-07-30 15:38:35,403 [INFO] ThirdParty:1030 - CMSIS Pack Vendor :STMicroelectronics FP-SNS-SMARTAG2 1.2.0
2026-07-30 15:38:35,403 [INFO] ThirdParty:1030 - CMSIS Pack Vendor :STMicroelectronics FP-SNS-FLIGHT1 5.1.0
2026-07-30 15:38:35,403 [INFO] ThirdParty:1030 - CMSIS Pack Vendor :STMicroelectronics X-CUBE-AZRTOS-WL 2.0.0
2026-07-30 15:38:35,403 [INFO] ThirdParty:1030 - CMSIS Pack Vendor :SEGGER I-CUBE-embOS 1.3.1
2026-07-30 15:38:35,403 [INFO] ThirdParty:1030 - CMSIS Pack Vendor :STMicroelectronics X-CUBE-DPower 1.3.0
2026-07-30 15:38:35,403 [INFO] ThirdParty:1030 - CMSIS Pack Vendor :STMicroelectronics USB_DEVICE 1.0.0
2026-07-30 15:38:35,403 [INFO] ThirdParty:1030 - CMSIS Pack Vendor :STMicroelectronics X-CUBE-AZRTOS-L4 2.0.0
2026-07-30 15:38:35,403 [INFO] ThirdParty:1030 - CMSIS Pack Vendor :STMicroelectronics ThreadX 0.0.2
2026-07-30 15:38:35,404 [INFO] ThirdParty:1030 - CMSIS Pack Vendor :STMicroelectronics lwIP 2.1.2
2026-07-30 15:38:35,404 [INFO] ThirdParty:1030 - CMSIS Pack Vendor :STMicroelectronics X-CUBE-SFXS2LP1 4.0.0
2026-07-30 15:38:35,404 [INFO] ThirdParty:1030 - CMSIS Pack Vendor :STMicroelectronics X-CUBE-BLE2 3.3.0
2026-07-30 15:38:35,404 [INFO] ThirdParty:1030 - CMSIS Pack Vendor :Avnet-IOTCONNECT X-CUBE-iotc-st67-sdk 1.0.0
2026-07-30 15:38:35,404 [INFO] ThirdParty:1030 - CMSIS Pack Vendor :STMicroelectronics X-CUBE-TOF1 3.4.3
2026-07-30 15:38:35,404 [INFO] ThirdParty:1030 - CMSIS Pack Vendor :Infineon AIROC-Wi-Fi-Bluetooth-STM32 1.8.0
2026-07-30 15:38:35,404 [INFO] ThirdParty:1030 - CMSIS Pack Vendor :STMicroelectronics X-CUBE-NFC13 1.0.0
2026-07-30 15:38:35,404 [INFO] ThirdParty:1030 - CMSIS Pack Vendor :STMicroelectronics PDM2PCM 3.2.0
2026-07-30 15:38:35,404 [INFO] ThirdParty:1030 - CMSIS Pack Vendor :STMicroelectronics X-CUBE-WB05N 2.1.0
2026-07-30 15:38:35,404 [INFO] ThirdParty:841 - exiting critical section [change project]
2026-07-30 15:38:35,673 [INFO] PinOutPanel:1589 - setPackage(No Configuration,No Configuration)
2026-07-30 15:38:35,674 [INFO] PinOutPanel:1589 - setPackage(STM32L4S5VITx,LQFP100)
2026-07-30 15:38:36,176 [INFO] UtilMem:75 - Before build in PCC Used Memory: 830303832 Bytes (1073741824)
2026-07-30 15:38:36,705 [INFO] UtilMem:75 - After build in PCC Used Memory: 938040176 Bytes (1073741824)
2026-07-30 15:38:36,738 [INFO] IPUIPlugin:80 - create IPUIPlugin
2026-07-30 15:38:36,738 [INFO] IPUIPlugin:80 - create IPUIPlugin
2026-07-30 15:38:36,738 [INFO] IPUIPlugin:80 - create IPUIPlugin
2026-07-30 15:38:36,738 [INFO] IPUIPlugin:80 - create IPUIPlugin
2026-07-30 15:38:36,738 [INFO] IPUIPlugin:80 - create IPUIPlugin
2026-07-30 15:38:36,738 [INFO] IPUIPlugin:80 - create IPUIPlugin
2026-07-30 15:38:36,738 [INFO] IPUIPlugin:80 - create IPUIPlugin
2026-07-30 15:38:36,739 [INFO] IPUIPlugin:80 - create IPUIPlugin
2026-07-30 15:38:36,739 [INFO] IPUIPlugin:80 - create IPUIPlugin
2026-07-30 15:38:36,739 [INFO] IPUIPlugin:80 - create IPUIPlugin
2026-07-30 15:38:36,739 [INFO] IPUIPlugin:80 - create IPUIPlugin
2026-07-30 15:38:36,739 [INFO] IPUIPlugin:80 - create IPUIPlugin
2026-07-30 15:38:36,739 [INFO] IPUIPlugin:80 - create IPUIPlugin
2026-07-30 15:38:36,739 [INFO] IPUIPlugin:80 - create IPUIPlugin
2026-07-30 15:38:36,740 [INFO] IPUIPlugin:80 - create IPUIPlugin
2026-07-30 15:38:36,740 [INFO] IPUIPlugin:80 - create IPUIPlugin
2026-07-30 15:38:36,740 [INFO] IPUIPlugin:80 - create IPUIPlugin
2026-07-30 15:38:36,740 [INFO] IPUIPlugin:80 - create IPUIPlugin
2026-07-30 15:38:36,740 [INFO] IPUIPlugin:80 - create IPUIPlugin
2026-07-30 15:38:36,740 [INFO] IPUIPlugin:80 - create IPUIPlugin
2026-07-30 15:38:36,740 [INFO] IPUIPlugin:80 - create IPUIPlugin
2026-07-30 15:38:36,740 [INFO] IPUIPlugin:80 - create IPUIPlugin
2026-07-30 15:38:36,741 [INFO] IPUIPlugin:80 - create IPUIPlugin
2026-07-30 15:38:36,741 [INFO] IPUIPlugin:80 - create IPUIPlugin
2026-07-30 15:38:36,741 [INFO] IPUIPlugin:80 - create IPUIPlugin
2026-07-30 15:38:36,741 [INFO] IPUIPlugin:80 - create IPUIPlugin
2026-07-30 15:38:36,741 [INFO] IPUIPlugin:80 - create IPUIPlugin
2026-07-30 15:38:36,742 [INFO] IPUIPlugin:80 - create IPUIPlugin
2026-07-30 15:38:36,742 [INFO] IPUIPlugin:80 - create IPUIPlugin
2026-07-30 15:38:36,742 [INFO] IPUIPlugin:80 - create IPUIPlugin
2026-07-30 15:38:36,742 [INFO] IPUIPlugin:80 - create IPUIPlugin
2026-07-30 15:38:36,742 [INFO] IPUIPlugin:80 - create IPUIPlugin
2026-07-30 15:38:36,743 [INFO] IPUIPlugin:80 - create IPUIPlugin
2026-07-30 15:38:36,743 [INFO] IPUIPlugin:80 - create IPUIPlugin
2026-07-30 15:38:36,743 [INFO] IPUIPlugin:80 - create IPUIPlugin
2026-07-30 15:38:36,743 [INFO] IPUIPlugin:80 - create IPUIPlugin
2026-07-30 15:38:36,744 [INFO] IPUIPlugin:80 - create IPUIPlugin
2026-07-30 15:38:36,744 [INFO] IPUIPlugin:80 - create IPUIPlugin
2026-07-30 15:38:36,744 [INFO] IPUIPlugin:80 - create IPUIPlugin
2026-07-30 15:38:36,745 [INFO] IPUIPlugin:80 - create IPUIPlugin
2026-07-30 15:38:36,745 [INFO] IPUIPlugin:80 - create IPUIPlugin
2026-07-30 15:38:36,745 [INFO] IPUIPlugin:80 - create IPUIPlugin
2026-07-30 15:38:36,745 [INFO] IPUIPlugin:80 - create IPUIPlugin
2026-07-30 15:38:36,746 [INFO] IPUIPlugin:80 - create IPUIPlugin
2026-07-30 15:38:36,746 [INFO] IPUIPlugin:80 - create IPUIPlugin
2026-07-30 15:38:36,746 [INFO] IPUIPlugin:80 - create IPUIPlugin
2026-07-30 15:38:36,746 [INFO] IPUIPlugin:80 - create IPUIPlugin
2026-07-30 15:38:36,746 [INFO] IPUIPlugin:80 - create IPUIPlugin
2026-07-30 15:38:36,747 [INFO] IPUIPlugin:80 - create IPUIPlugin
2026-07-30 15:38:36,747 [INFO] IPUIPlugin:80 - create IPUIPlugin
2026-07-30 15:38:36,747 [INFO] IPUIPlugin:80 - create IPUIPlugin
2026-07-30 15:38:36,747 [INFO] IPUIPlugin:80 - create IPUIPlugin
2026-07-30 15:38:36,748 [INFO] IPUIPlugin:80 - create IPUIPlugin
2026-07-30 15:38:36,748 [INFO] IPUIPlugin:80 - create IPUIPlugin
2026-07-30 15:38:36,748 [INFO] IPUIPlugin:80 - create IPUIPlugin
2026-07-30 15:38:36,749 [INFO] IPUIPlugin:80 - create IPUIPlugin
2026-07-30 15:38:36,749 [INFO] IPUIPlugin:80 - create IPUIPlugin
2026-07-30 15:38:36,749 [INFO] IPUIPlugin:80 - create IPUIPlugin
2026-07-30 15:38:36,749 [INFO] IPUIPlugin:80 - create IPUIPlugin
2026-07-30 15:38:36,750 [INFO] IPUIPlugin:80 - create IPUIPlugin
2026-07-30 15:38:36,750 [INFO] IPUIPlugin:80 - create IPUIPlugin
2026-07-30 15:38:36,750 [INFO] IPUIPlugin:80 - create IPUIPlugin
2026-07-30 15:38:36,751 [INFO] IPUIPlugin:80 - create IPUIPlugin
2026-07-30 15:38:36,842 [INFO] CADModel:165 - CPN selected for project levelSTM32L4S5VIT6
2026-07-30 15:38:36,842 [INFO] CADModel:114 - Register for checkConnection events
2026-07-30 15:38:36,988 [INFO] OpenFileManager:386 - Restore cursor
2026-07-30 15:38:37,461 [WARN] IP:2250 - MaxTran not found: check if there is a RefParameter without a condition.
2026-07-30 15:38:37,462 [WARN] IP:2250 - Refresh not found: check if there is a RefParameter without a condition.
2026-07-30 15:38:37,462 [WARN] IP:2250 - MaxTran not found: check if there is a RefParameter without a condition.
2026-07-30 15:38:37,462 [WARN] IP:2250 - Refresh not found: check if there is a RefParameter without a condition.
2026-07-30 15:38:37,719 [INFO] UtilMem:75 - End SaveConfig() Used Memory: 794632008 Bytes (1073741824)
2026-07-30 15:38:37,843 [INFO] UtilMem:75 - End SaveConfig() Used Memory: 813506440 Bytes (1073741824)
2026-07-30 15:38:38,037 [INFO] BlockDiagram:2775 - set Specific Code input for plugin: SPI
2026-07-30 15:38:38,038 [INFO] BlockDiagram:2775 - set Specific Code input for plugin: SPI
2026-07-30 15:38:38,038 [INFO] BlockDiagram:2775 - set Specific Code input for plugin: DFSDM
2026-07-30 15:38:38,038 [INFO] BlockDiagram:2775 - set Specific Code input for plugin: SYS
2026-07-30 15:38:38,038 [INFO] BlockDiagram:2775 - set Specific Code input for plugin: ADC
2026-07-30 15:38:38,038 [INFO] BlockDiagram:2775 - set Specific Code input for plugin: RCC
2026-07-30 15:38:38,038 [INFO] BlockDiagram:2775 - set Specific Code input for plugin: I2C
2026-07-30 15:38:38,038 [INFO] BlockDiagram:2775 - set Specific Code input for plugin: I2C
2026-07-30 15:38:38,038 [INFO] BlockDiagram:2775 - set Specific Code input for plugin: USB_OTG_FS
2026-07-30 15:38:38,038 [INFO] BlockDiagram:2775 - set Specific Code input for plugin: NVIC
2026-07-30 15:38:38,038 [INFO] BlockDiagram:2775 - set Specific Code input for plugin: USART
2026-07-30 15:38:38,038 [INFO] BlockDiagram:2775 - set Specific Code input for plugin: USART
2026-07-30 15:38:38,038 [INFO] BlockDiagram:2775 - set Specific Code input for plugin: USART
2026-07-30 15:38:38,038 [INFO] BlockDiagram:2775 - set Specific Code input for plugin: OCTOSPI
2026-07-30 15:38:38,038 [INFO] BlockDiagram:2775 - set Specific Code input for plugin: UART
2026-07-30 15:38:38,039 [INFO] BlockDiagram:2775 - set Specific Code input for plugin: GPIO
2026-07-30 15:38:38,040 [INFO] CodeGenerator:892 - code generatio: config db path: C:\ST\STM32CubeIDE_1.19.0\STM32CubeIDE\plugins\com.st.stm32cube.common.mx_6.15.0.202507011659\\db\
2026-07-30 15:38:38,104 [WARN] IP:2250 - MaxTran not found: check if there is a RefParameter without a condition.
2026-07-30 15:38:38,105 [WARN] IP:2250 - Refresh not found: check if there is a RefParameter without a condition.
2026-07-30 15:38:38,343 [INFO] CodeEngine:265 - oldGeneratedFile, D:\TinyML_Workshop-main\TinyML_Workshop_PGR\TinyML_PGR\STM32\IMU_new_1\MXTmpFiles\license.tmp_save
2026-07-30 15:38:38,679 [INFO] CodeEngine:289 - Generated code: D:\TinyML_Workshop-main\TinyML_Workshop_PGR\TinyML_PGR\STM32\IMU_new_1\MXTmpFiles\license.tmp
2026-07-30 15:38:38,990 [INFO] CodeEngine:265 - oldGeneratedFile, D:\TinyML_Workshop-main\TinyML_Workshop_PGR\TinyML_PGR\STM32\IMU_new_1\MXTmpFiles\gpio.tmp_save
2026-07-30 15:38:39,224 [INFO] CodeEngine:289 - Generated code: D:\TinyML_Workshop-main\TinyML_Workshop_PGR\TinyML_PGR\STM32\IMU_new_1\MXTmpFiles\gpio.tmp
2026-07-30 15:38:42,318 [WARN] IPConfigManager:103 - WARNING: Missing Config File for USB ip!!
2026-07-30 15:38:42,515 [WARN] IPConfigManager:3238 - Warning: the RefConfig PWREx_EnableUSBVoltageDetector is not available in your config.xml file
2026-07-30 15:38:42,542 [INFO] CodeEngine:265 - oldGeneratedFile, D:\TinyML_Workshop-main\TinyML_Workshop_PGR\TinyML_PGR\STM32\IMU_new_1\Core\Src\stm32l4xx_it.c_save
2026-07-30 15:38:42,657 [INFO] CodeEngine:289 - Generated code: D:\TinyML_Workshop-main\TinyML_Workshop_PGR\TinyML_PGR\STM32\IMU_new_1\Core\Src\stm32l4xx_it.c
2026-07-30 15:38:42,662 [INFO] CodeEngine:265 - oldGeneratedFile, D:\TinyML_Workshop-main\TinyML_Workshop_PGR\TinyML_PGR\STM32\IMU_new_1\Core\Inc\stm32l4xx_it.h_save
2026-07-30 15:38:42,731 [INFO] CodeEngine:289 - Generated code: D:\TinyML_Workshop-main\TinyML_Workshop_PGR\TinyML_PGR\STM32\IMU_new_1\Core\Inc\stm32l4xx_it.h
2026-07-30 15:38:42,745 [INFO] CodeEngine:265 - oldGeneratedFile, D:\TinyML_Workshop-main\TinyML_Workshop_PGR\TinyML_PGR\STM32\IMU_new_1\Core\Src\stm32l4xx_hal_msp.c_save
2026-07-30 15:38:42,906 [INFO] CodeEngine:289 - Generated code: D:\TinyML_Workshop-main\TinyML_Workshop_PGR\TinyML_PGR\STM32\IMU_new_1\Core\Src\stm32l4xx_hal_msp.c
2026-07-30 15:38:42,910 [INFO] CodeEngine:265 - oldGeneratedFile, D:\TinyML_Workshop-main\TinyML_Workshop_PGR\TinyML_PGR\STM32\IMU_new_1\MXTmpFiles\system.tmp_save
2026-07-30 15:38:42,976 [INFO] CodeEngine:289 - Generated code: D:\TinyML_Workshop-main\TinyML_Workshop_PGR\TinyML_PGR\STM32\IMU_new_1\MXTmpFiles\system.tmp
2026-07-30 15:38:42,987 [INFO] CodeEngine:321 - oldGeneratedFile, D:\TinyML_Workshop-main\TinyML_Workshop_PGR\TinyML_PGR\STM32\IMU_new_1\Core\Inc\stm32l4xx_hal_conf.h_save
2026-07-30 15:38:43,073 [INFO] CodeEngine:345 - Generated code: D:\TinyML_Workshop-main\TinyML_Workshop_PGR\TinyML_PGR\STM32\IMU_new_1\Core\Inc\stm32l4xx_hal_conf.h
2026-07-30 15:38:43,109 [INFO] ApiDbMcu:532 - Load IP Config File for ADC1
2026-07-30 15:38:43,124 [INFO] ApiDbMcu:532 - Load IP Config File for DFSDM1
2026-07-30 15:38:43,130 [INFO] ApiDbMcu:532 - Load IP Config File for I2C1
2026-07-30 15:38:43,135 [INFO] ApiDbMcu:532 - Load IP Config File for I2C2
2026-07-30 15:38:43,139 [INFO] ApiDbMcu:532 - Load IP Config File for OCTOSPI1
2026-07-30 15:38:43,142 [INFO] ApiDbMcu:532 - Load IP Config File for SPI1
2026-07-30 15:38:43,146 [INFO] ApiDbMcu:532 - Load IP Config File for SPI3
2026-07-30 15:38:43,160 [INFO] ApiDbMcu:532 - Load IP Config File for UART4
2026-07-30 15:38:43,173 [INFO] ApiDbMcu:532 - Load IP Config File for USART1
2026-07-30 15:38:43,186 [INFO] ApiDbMcu:532 - Load IP Config File for USART2
2026-07-30 15:38:43,199 [INFO] ApiDbMcu:532 - Load IP Config File for USART3
2026-07-30 15:38:43,199 [ERROR] ApiDbMcu:560 - Cannot parse USB_OTG_FS_Config file : file do not exist
2026-07-30 15:38:43,200 [ERROR] ApiDbMcu:560 - Cannot parse USB_OTG_FS_Config file : file do not exist
2026-07-30 15:38:43,204 [INFO] ApiDbMcu:532 - Load IP Config File for RCC
2026-07-30 15:38:43,207 [WARN] IPConfigManager:3811 - IP not found : USB_OTG
2026-07-30 15:38:43,208 [WARN] CodeGenerator:4259 - IP not found : null
2026-07-30 15:38:43,215 [INFO] CodeEngine:265 - oldGeneratedFile, D:\TinyML_Workshop-main\TinyML_Workshop_PGR\TinyML_PGR\STM32\IMU_new_1\Core\Inc\main.h_save
2026-07-30 15:38:43,306 [INFO] CodeEngine:289 - Generated code: D:\TinyML_Workshop-main\TinyML_Workshop_PGR\TinyML_PGR\STM32\IMU_new_1\Core\Inc\main.h
2026-07-30 15:38:43,311 [INFO] CodeEngine:265 - oldGeneratedFile, D:\TinyML_Workshop-main\TinyML_Workshop_PGR\TinyML_PGR\STM32\IMU_new_1\Core\Src\main.c_save
2026-07-30 15:38:43,455 [INFO] CodeEngine:289 - Generated code: D:\TinyML_Workshop-main\TinyML_Workshop_PGR\TinyML_PGR\STM32\IMU_new_1\Core\Src\main.c
2026-07-30 15:38:43,786 [INFO] ProjectBuilder:3606 - Time for Copy HAL[1] : 141mS.
2026-07-30 15:38:43,790 [INFO] ProjectBuilder:5216 - Project Generator version: 4.7.0-B52
2026-07-30 15:38:43,872 [INFO] ConfigFileManager:1595 - The Die is : DIE470
2026-07-30 15:38:43,876 [INFO] ApiDbMcu:532 - Load IP Config File for FATFS
2026-07-30 15:38:43,883 [INFO] ApiDbMcu:532 - Load IP Config File for FREERTOS
2026-07-30 15:38:43,894 [INFO] ApiDbMcu:532 - Load IP Config File for TOUCHSENSING
2026-07-30 15:38:43,899 [INFO] ApiDbMcu:532 - Load IP Config File for USB_DEVICE
2026-07-30 15:38:43,903 [INFO] ApiDbMcu:532 - Load IP Config File for USB_HOST
2026-07-30 15:38:45,959 [INFO] ProjectBuilder:5496 - Time for Generating toolchain IDE Files: 2169mS.
2026-07-30 15:38:45,959 [INFO] ProjectBuilder:3463 - Time for Copy CMSIS : 0mS.
2026-07-30 15:38:45,961 [INFO] ProjectBuilder:3463 - Time for Copy CMSIS : 0mS.
2026-07-30 15:38:46,930 [INFO] McuFinderGlobals:76 - Set McuFinderConnectedMode to true
2026-07-30 15:38:46,933 [INFO] ApiDb:448 - Save user favorites file C:\Users\ADMIN/.stm32cubeide/favorites.mcus.txt: 0 item(s)
2026-07-30 15:38:46,934 [INFO] ApiDb:452 - User favorites MCUs=[]
2026-07-30 15:38:46,936 [INFO] ApiDb:448 - Save user favorites file C:\Users\ADMIN/.stm32cubeide/favorites.boards.txt: 0 item(s)
2026-07-30 15:38:46,936 [INFO] ApiDb:452 - User favorites Boards=[]
2026-07-30 15:41:39,942 [INFO] MainUpdater:2872 - connection check result : 10
2026-07-30 15:41:39,943 [INFO] McuFinderGlobals:76 - Set McuFinderConnectedMode to true
2026-07-30 15:41:40,430 [INFO] ServerAccessManage:452 - Complete download http(s) 200
2026-07-30 15:41:40,431 [INFO] ServerAccessManage:509 - Download File mcusAds.json._tmp_
2026-07-30 15:41:40,551 [INFO] LoadUrlFilesThread:156 - End of LoadUrlFiles Thread
2026-07-30 15:41:40,922 [INFO] ServerAccessManage:452 - Complete download http(s) 200
2026-07-30 15:41:40,923 [INFO] ServerAccessManage:509 - Download File cube-finder-db.zip
2026-07-30 15:42:26,839 [INFO] FileExtend:248 - Unzip File : cube-finder-db.zip
2026-07-30 15:42:26,839 [INFO] FileExtend:263 - Standard Zip Deflate
2026-07-30 15:42:27,876 [INFO] LoadUrlFilesThread:156 - End of LoadUrlFiles Thread
2026-07-30 15:42:49,106 [ERROR] ServerAccessManage:1295 - Problem during Server Connection :  IO error Connection timed out: getsockopt
2026-07-30 15:42:49,108 [ERROR] ServerAccessManage:740 - Problem during Server Connection :  : crdb.zip.
2026-07-30 15:42:51,250 [INFO] LoadUrlFilesThread:156 - End of LoadUrlFiles Thread
2026-07-30 15:42:52,134 [INFO] DbMcusAds:53 - JSON generation date=Wed Jul 15 15:16:00 IST 2026 (1784108760991)
2026-07-30 15:42:52,137 [INFO] ApiDb:448 - Save user favorites file C:\Users\ADMIN/.stm32cubeide/favorites.mcus.txt: 0 item(s)
2026-07-30 15:42:52,137 [INFO] ApiDb:452 - User favorites MCUs=[]
2026-07-30 15:42:52,140 [INFO] ApiDb:581 - Connected to CubeFinder SQLite database (C:\Users\ADMIN\.stmcufinder\plugins\mcufinder\mcu\cube-finder-db.db)
2026-07-30 15:42:52,237 [INFO] ApiDb:668 - CubeFinder database Data Model version=2.1
2026-07-30 15:42:52,237 [INFO] ApiDb:669 - CubeFinder database Configuration version=3.0.42
2026-07-30 15:42:52,237 [INFO] ApiDb:670 - CubeFinder database generation date=2026-06-23 (1782213372)
2026-07-30 15:42:52,237 [INFO] ApiDb:671 - CubeFinder database FW Pack versions=[FP-ATR-ASTRA1_V2.0.0, FP-SNS-FLIGHT1_V5.1.0, FP-SNS-MOTENV1_V5.1.0, FP-SNS-MOTENVWB1_V1.5.0, FP-SNS-SMARTAG2_V1.2.0, FP-SNS-STBOX1_V2.1.0, STM32Cube_FW_C0_V1.4.0, STM32Cube_FW_F4_V1.28.3, STM32Cube_FW_F7_V1.17.4, STM32Cube_FW_G0_V1.6.3, STM32Cube_FW_G4_V1.6.2, STM32Cube_FW_H5_V1.7.0, STM32Cube_FW_H7RS_V1.3.0, STM32Cube_FW_H7_V1.13.0, STM32Cube_FW_L0_V1.12.2, STM32Cube_FW_L4_V1.18.2, STM32Cube_FW_L5_V1.6.0, STM32Cube_FW_N6_V1.4.0, STM32Cube_FW_U0_V1.3.0, STM32Cube_FW_U3_V1.4.0, STM32Cube_FW_U5_V1.9.0, STM32Cube_FW_WB0_V1.5.0, STM32Cube_FW_WBA_V1.10.0, STM32Cube_FW_WB_V1.24.0, STM32Cube_FW_WL3_V1.5.0, STM32Cube_FW_WL_V1.6.0, X-CUBE-ALGOBUILD_V1.5.0, X-CUBE-ALS_V1.0.2, X-CUBE-AZRTOS-F4_V1.1.0, X-CUBE-AZRTOS-F7_V1.1.0, X-CUBE-AZRTOS-G0_V1.1.0, X-CUBE-AZRTOS-G4_V2.0.0, X-CUBE-AZRTOS-H7RS_V1.1.0, X-CUBE-AZRTOS-H7_V3.5.0, X-CUBE-AZRTOS-L4_V2.0.0, X-CUBE-AZRTOS-L5_V2.0.0, X-CUBE-AZRTOS-WB_V2.0.0, X-CUBE-AZRTOS-WL_V2.0.0, X-CUBE-BLE1_V7.1.0, X-CUBE-BLE2_V3.3.0, X-CUBE-BLEMGR_V4.1.0, X-CUBE-EEPRMA1_V5.2.0, X-CUBE-FREERTOS_V1.5.0, X-CUBE-GNSS1_V7.1.1, X-CUBE-MEMS1_V12.1.0, X-CUBE-NFC4_V3.0.0, X-CUBE-NFC7_V2.0.0, X-CUBE-SFXS2LP1_V4.0.0, X-CUBE-ST67W61_V1.3.0, X-CUBE-SUBG2_V5.0.0, X-CUBE-TOF1_V3.4.3]
2026-07-30 15:42:55,673 [INFO] ApiDb:240 - Found 880 in-development CPN: [B-G473E-ZEST1S, B-WB1M-WPAN1, B-WBA5M-WPAN, B-WL5M-SUBG1, NUCLEO-C031C6, NUCLEO-C051C8, NUCLEO-C071RB, NUCLEO-C092RC, NUCLEO-H503RB, NUCLEO-H533RE, NUCLEO-H563ZI, NUCLEO-H7S3L8, NUCLEO-N657X0-Q, NUCLEO-U031R8, NUCLEO-U083RC, NUCLEO-U385RG-Q, NUCLEO-U545RE-Q, NUCLEO-U5A5ZJ-Q, NUCLEO-WB05KZ, NUCLEO-WB07CC, NUCLEO-WB09KE, NUCLEO-WBA52CG, NUCLEO-WBA55CG, NUCLEO-WL33CC1, NUCLEO-WL33CC2, STEVAL-PROTEUS1, STEVAL-SMARTAG2, STEVAL-STWINBX1, STM320518-EVAL, STM32C0116-DK, STM32C011D6Y3TR, STM32C011D6Y6TR, STM32C011F4P3, STM32C011F4P6, STM32C011F4U3, STM32C011F4U6TR, STM32C011F6P3, STM32C011F6P6, STM32C011F6U3, STM32C011F6U6TR, STM32C011J4M3, STM32C011J4M6, STM32C011J6M3, STM32C011J6M6, STM32C0316-DK, STM32C031C4T3, STM32C031C4T6, STM32C031C4U3, STM32C031C4U6, STM32C031C6T3, STM32C031C6T6, STM32C031C6U3, STM32C031C6U6, STM32C031F4P3, STM32C031F4P6, STM32C031F6P3, STM32C031F6P6, STM32C031G4U3, STM32C031G4U6, STM32C031G6U3, STM32C031G6U6, STM32C031K4T3, STM32C031K4T6, STM32C031K4U3, STM32C031K4U6, STM32C031K6T3, STM32C031K6T6, STM32C031K6U3, STM32C031K6U6, STM32C051C6T6, STM32C051C6U6, STM32C051C8T6, STM32C051C8U6, STM32C051D8Y6TR, STM32C051F6P6, STM32C051F8P6, STM32C051G6U6, STM32C051G8U6, STM32C051K6T6, STM32C051K6U6, STM32C051K8T6, STM32C071C8T6, STM32C071C8T6N, STM32C071C8U6, STM32C071C8U6N, STM32C071CBT6, STM32C071CBT6N, STM32C071CBU6, STM32C071CBU6N, STM32C071F8P6, STM32C071F8P6N, STM32C071FBP6, STM32C071FBP6N, STM32C071FBY6TR, STM32C071G8U6, STM32C071G8U6N, STM32C071GBU6, STM32C071GBU6N, STM32C071K8T6, STM32C071K8T6N, STM32C071K8U6, STM32C071K8U6N, STM32C071KBT6, STM32C071KBT6N, STM32C071KBU6, STM32C071KBU6N, STM32C071R8T6, STM32C071R8T6N, STM32C071RBI6N, STM32C071RBT6, STM32C071RBT6N, STM32C091CBT6, STM32C091CBU6, STM32C091CCT6, STM32C091CCU6, STM32C091ECY6TR, STM32C091FBP6, STM32C091FCP6, STM32C091GBU6, STM32C091GCU6, STM32C091KBT6, STM32C091KBU6, STM32C091KCT6, STM32C091KCU6, STM32C091RBT6, STM32C091RCI6, STM32C091RCT6, STM32C092CBT6, STM32C092CBU6, STM32C092CCT6, STM32C092CCU6, STM32C092ECY6TR, STM32C092FBP6, STM32C092FCP6, STM32C092GBU6, STM32C092GCU6, STM32C092KBT6, STM32C092KBU6, STM32C092KCT6, STM32C092KCU6, STM32C092RBT6, STM32C092RCI6, STM32C092RCT6, STM32G071K8TXN, STM32G071K8UXN, STM32G081GBU6N, STM32G081KBT6N, STM32G081KBUXN, STM32G0B1CCT6N, STM32G0B1KCT6, STM32G0B1NEY6TR, STM32G0B1RCT6N, STM32G0C1CCT6, STM32G0C1CCT6N, STM32G0C1CCU6N, STM32G0C1CET6N, STM32G0C1CEU6N, STM32G0C1KCT6, STM32G0C1NEY6TR, STM32G0C1RCI6N, STM32G0C1RCT6N, STM32G0C1REI6N, STM32G0C1RET6N, STM32G0C1VCI6, STM32G0C1VEI6, STM32G411C6T3, STM32G411C6T6, STM32G411C6U3, STM32G411C6U6, STM32G411C8T3, STM32G411C8T6, STM32G411C8U3, STM32G411C8U6, STM32G411CBT3, STM32G411CBT6, STM32G411CBU3, STM32G411CBU6, STM32G411K6T3, STM32G411K6T6, STM32G411K6U3, STM32G411K6U6, STM32G411K8T3, STM32G411K8T6, STM32G411K8U3, STM32G411K8U6, STM32G411KBT3, STM32G411KBT6, STM32G411KBU3, STM32G411KBU6, STM32G411M6T3, STM32G411M6T6, STM32G411M8T3, STM32G411M8T6, STM32G411MBT3, STM32G411MBT6, STM32G411R6T3, STM32G411R6T6, STM32G411R8T3, STM32G411R8T6, STM32G411RBT3, STM32G411RBT6, STM32G414CBT3, STM32G414CBT6, STM32G414CBU3, STM32G414CBU6, STM32G414CCT3, STM32G414CCT6, STM32G414CCU3, STM32G414CCU6, STM32G414MBT3, STM32G414MBT6, STM32G414MCT3, STM32G414MCT6, STM32G414RBT3, STM32G414RBT6, STM32G414RCT3, STM32G414RCT6, STM32G414VBT3, STM32G414VBT6, STM32G414VCT3, STM32G414VCT6, STM32G431CBT3Z, STM32G431RBT3Z, STM32G471CCT6, STM32G471CCU6, STM32G471CET3, STM32G471CET6, STM32G471CEU3, STM32G471CEU6, STM32G471MCT6, STM32G471MET3, STM32G471MET6, STM32G471MEY6TR, STM32G471QCT6, STM32G471QET3, STM32G471RCT6, STM32G471RET3, STM32G471RET6, STM32G471VCH6, STM32G471VCI6, STM32G471VCT6, STM32G471VEH3, STM32G471VEH6, STM32G471VEI3, STM32G471VEI6, STM32G471VET3, STM32G471VET6, STM32G473QET3Z, STM32G473RET3Z, STM32G474CCT6, STM32G491RET3Z, STM32H503CBT6, STM32H503CBU6, STM32H503EBY6TR, STM32H503KBU6, STM32H503RBT6, STM32H523CCT6, STM32H523CCU6, STM32H523CET6, STM32H523CEU6, STM32H523HEY6TR, STM32H523RCT6, STM32H523RET6, STM32H523VCI6, STM32H523VCT6, STM32H523VEI6, STM32H523VET6, STM32H523ZCJ6, STM32H523ZCT6, STM32H523ZEJ6, STM32H523ZET6, STM32H533CET6, STM32H533CEU6, STM32H533HEY6TR, STM32H533RET6, STM32H533VEI6, STM32H533VET6, STM32H533ZEJ6, STM32H533ZET6, STM32H562AGI6, STM32H562AII6, STM32H562IGK6, STM32H562IGT6, STM32H562IIK6, STM32H562IIT6, STM32H562RGT6, STM32H562RGV6, STM32H562RIT6, STM32H562RIV6, STM32H562VGT6, STM32H562VIT6, STM32H562ZGT6, STM32H562ZIT6, STM32H563AGI6, STM32H563AII3Q, STM32H563AII6, STM32H563IGK6, STM32H563IGT6, STM32H563IIK3Q, STM32H563IIK6, STM32H563IIT3Q, STM32H563IIT6, STM32H563MIY3QTR, STM32H563RGT6, STM32H563RGV6, STM32H563RIT6, STM32H563RIV6, STM32H563VGT6, STM32H563VIT3Q, STM32H563VIT6, STM32H563ZGT6, STM32H563ZIT3Q, STM32H563ZIT6, STM32H573AII3Q, STM32H573AII6, STM32H573I-DK, STM32H573IIK3Q, STM32H573IIK6, STM32H573IIT3Q, STM32H573IIT6, STM32H573MIY3QTR, STM32H573RIT6, STM32H573RIV6, STM32H573VIT3Q, STM32H573VIT6, STM32H573ZIT3Q, STM32H573ZIT6, STM32H7R3A8I6, STM32H7R3I8K6, STM32H7R3I8T6, STM32H7R3L8H6, STM32H7R3L8H6H, STM32H7R3R8V6, STM32H7R3V8H6, STM32H7R3V8T6, STM32H7R3V8Y6TR, STM32H7R3Z8J6, STM32H7R3Z8T6, STM32H7R7A8I6, STM32H7R7I8K6, STM32H7R7I8T6, STM32H7R7L8H6, STM32H7R7L8H6H, STM32H7R7Z8J6, STM32H7S3A8I6, STM32H7S3I8K6, STM32H7S3I8T6, STM32H7S3L8H6, STM32H7S3L8H6H, STM32H7S3R8V6, STM32H7S3V8H6, STM32H7S3V8T6, STM32H7S3V8Y6TR, STM32H7S3Z8J6, STM32H7S3Z8T6, STM32H7S78-DK, STM32H7S7A8I6, STM32H7S7I8K6, STM32H7S7I8T6, STM32H7S7L8H6, STM32H7S7L8H6H, STM32H7S7Z8J6, STM32L4R5QGI6STR, STM32MP131AAE3, STM32MP131AAF3, STM32MP131AAG3, STM32MP131CAE3, STM32MP131CAF3, STM32MP131CAG3, STM32MP131DAE7, STM32MP131DAF7, STM32MP131DAG7, STM32MP131FAE7, STM32MP131FAF7, STM32MP131FAG7, STM32MP133AAE3, STM32MP133AAF3, STM32MP133AAG3, STM32MP133CAE3, STM32MP133CAF3, STM32MP133CAG3, STM32MP133DAE7, STM32MP133DAF7, STM32MP133DAG7, STM32MP133FAE7, STM32MP133FAF7, STM32MP133FAG7, STM32MP135AAE3, STM32MP135AAF3, STM32MP135AAG3, STM32MP135CAE3, STM32MP135CAF3, STM32MP135CAG3, STM32MP135DAE7, STM32MP135DAF7, STM32MP135DAG7, STM32MP135F-DK, STM32MP135FAE7, STM32MP135FAF7, STM32MP135FAF7T, STM32MP135FAF7U, STM32MP135FAG7, STM32MP211AAL3, STM32MP211AAM3, STM32MP211AAN3, STM32MP211AAO3, STM32MP211CAL3, STM32MP211CAM3, STM32MP211CAN3, STM32MP211CAO3, STM32MP211DAL3, STM32MP211DAM3, STM32MP211DAN3, STM32MP211DAO3, STM32MP211FAL3, STM32MP211FAM3, STM32MP211FAN3, STM32MP211FAO3, STM32MP213AAL3, STM32MP213AAM3, STM32MP213AAN3, STM32MP213AAO3, STM32MP213CAL3, STM32MP213CAM3, STM32MP213CAN3, STM32MP213CAO3, STM32MP213DAL3, STM32MP213DAM3, STM32MP213DAN3, STM32MP213DAO3, STM32MP213FAL3, STM32MP213FAM3, STM32MP213FAN3, STM32MP213FAO3, STM32MP215AAL3, STM32MP215AAM3, STM32MP215AAN3, STM32MP215AAO3, STM32MP215CAL3, STM32MP215CAM3, STM32MP215CAN3, STM32MP215CAO3, STM32MP215DAL3, STM32MP215DAM3, STM32MP215DAN3, STM32MP215DAO3, STM32MP215F-DK, STM32MP215FAL3, STM32MP215FAM3, STM32MP215FAN3, STM32MP215FAO3, STM32MP231AAJ3, STM32MP231AAK3, STM32MP231AAL3, STM32MP231CAJ3, STM32MP231CAK3, STM32MP231CAL3, STM32MP231DAJ3, STM32MP231DAK3, STM32MP231DAL3, STM32MP231FAJ3, STM32MP231FAK3, STM32MP231FAL3, STM32MP233AAJ3, STM32MP233AAK3, STM32MP233AAL3, STM32MP233CAJ3, STM32MP233CAK3, STM32MP233CAL3, STM32MP233DAJ3, STM32MP233DAK3, STM32MP233DAL3, STM32MP233FAJ3, STM32MP233FAK3, STM32MP233FAL3, STM32MP235AAJ3, STM32MP235AAK3, STM32MP235AAL3, STM32MP235CAJ3, STM32MP235CAK3, STM32MP235CAL3, STM32MP235DAJ3, STM32MP235DAK3, STM32MP235DAL3, STM32MP235FAJ3, STM32MP235FAK3, STM32MP235FAL3, STM32MP251AAI3, STM32MP251AAK3, STM32MP251AAL3, STM32MP251CAI3, STM32MP251CAK3, STM32MP251CAL3, STM32MP251DAI3, STM32MP251DAK3, STM32MP251DAL3, STM32MP251FAI3, STM32MP251FAK3, STM32MP251FAL3, STM32MP253AAI3, STM32MP253AAK3, STM32MP253AAL3, STM32MP253CAI3, STM32MP253CAK3, STM32MP253CAL3, STM32MP253DAI3, STM32MP253DAK3, STM32MP253DAL3, STM32MP253FAI3, STM32MP253FAK3, STM32MP253FAL3, STM32MP255AAI3, STM32MP255AAK3, STM32MP255AAL3, STM32MP255CAI3, STM32MP255CAK3, STM32MP255CAL3, STM32MP255DAI3, STM32MP255DAK3, STM32MP255DAL3, STM32MP255FAI3, STM32MP255FAK3, STM32MP255FAL3, STM32MP257AAI3, STM32MP257AAK3, STM32MP257AAL3, STM32MP257CAI3, STM32MP257CAK3, STM32MP257CAL3, STM32MP257DAI3, STM32MP257DAK3, STM32MP257DAL3, STM32MP257F-DK, STM32MP257F-EV1, STM32MP257FAI3, STM32MP257FAK3, STM32MP257FAL3, STM32N645A0H3Q, STM32N645B0H3Q, STM32N645I0H3Q, STM32N645L0H3Q, STM32N645X0H3Q, STM32N645Z0H3Q, STM32N647A0H3Q, STM32N647B0H3Q, STM32N647I0H3Q, STM32N647L0H3Q, STM32N647X0H3Q, STM32N647Z0H3Q, STM32N655A0H3Q, STM32N655B0H3Q, STM32N655I0H3Q, STM32N655L0H3Q, STM32N655X0H3Q, STM32N655Z0H3Q, STM32N6570-DK, STM32N657A0H3Q, STM32N657B0H3Q, STM32N657I0H3Q, STM32N657L0H3Q, STM32N657X0H3Q, STM32N657Z0H3Q, STM32U031C6T6, STM32U031C6U6, STM32U031C8T6, STM32U031C8U6, STM32U031F4P6, STM32U031F6P6, STM32U031F8P6, STM32U031G6Y6TR, STM32U031G8Y6TR, STM32U031K4U6, STM32U031K6U6, STM32U031K8U6, STM32U031R6I6, STM32U031R6T6, STM32U031R8I6, STM32U031R8T6, STM32U073C8T6, STM32U073C8U6, STM32U073CBT6, STM32U073CBU6, STM32U073CCT6, STM32U073CCU6, STM32U073H8Y6TR, STM32U073HBY6TR, STM32U073HCY6TR, STM32U073K8U6, STM32U073KBU6, STM32U073KCU6, STM32U073M8I6, STM32U073M8T6, STM32U073MBI6, STM32U073MBT6, STM32U073MCI6, STM32U073MCT6, STM32U073R8I6, STM32U073R8T6, STM32U073RBI6, STM32U073RBT6, STM32U073RCI6, STM32U073RCT6, STM32U083C-DK, STM32U083CCT6, STM32U083CCU6, STM32U083HCY6TR, STM32U083KCU6, STM32U083MCI6, STM32U083MCT6, STM32U083RCI6, STM32U083RCT6, STM32U375CET6, STM32U375CET6Q, STM32U375CEU6, STM32U375CEU6Q, STM32U375CEY6QTR, STM32U375CGT6, STM32U375CGT6Q, STM32U375CGU6, STM32U375CGU6Q, STM32U375CGY6QTR, STM32U375KEU6, STM32U375KGU6, STM32U375REI6, STM32U375REI6Q, STM32U375RET6, STM32U375RET6Q, STM32U375REY6GTR, STM32U375REY6QTR, STM32U375RGI6, STM32U375RGI6Q, STM32U375RGT6, STM32U375RGT6Q, STM32U375RGY6GTR, STM32U375RGY6QTR, STM32U375VEI6, STM32U375VEI6Q, STM32U375VET6, STM32U375VET6Q, STM32U375VGI6, STM32U375VGI6Q, STM32U375VGT6, STM32U375VGT6Q, STM32U385CGT6, STM32U385CGT6Q, STM32U385CGU6, STM32U385CGU6Q, STM32U385CGY6QTR, STM32U385KGU6, STM32U385RGI6, STM32U385RGI6Q, STM32U385RGT6, STM32U385RGT6Q, STM32U385RGY6GTR, STM32U385RGY6QTR, STM32U385VGI6, STM32U385VGI6Q, STM32U385VGT6, STM32U385VGT6Q, STM32U535CBT6, STM32U535CBT6Q, STM32U535CBU6, STM32U535CBU6Q, STM32U535CCT6, STM32U535CCT6Q, STM32U535CCU6, STM32U535CCU6Q, STM32U535CET6, STM32U535CET6Q, STM32U535CEU6, STM32U535CEU6Q, STM32U535JEY6QTR, STM32U535NCY6QTR, STM32U535NEY6QTR, STM32U535RBI6, STM32U535RBI6Q, STM32U535RBT6, STM32U535RBT6Q, STM32U535RCI6, STM32U535RCI6Q, STM32U535RCT6, STM32U535RCT6Q, STM32U535REI6, STM32U535REI6Q, STM32U535RET6, STM32U535RET6Q, STM32U535VCI6, STM32U535VCI6Q, STM32U535VCT6, STM32U535VCT6Q, STM32U535VEI6, STM32U535VEI6Q, STM32U535VET6, STM32U535VET6Q, STM32U545CET6, STM32U545CET6Q, STM32U545CEU6, STM32U545CEU6Q, STM32U545JEY6QTR, STM32U545NEY6QTR, STM32U545REI6, STM32U545REI6Q, STM32U545RET6, STM32U545RET6Q, STM32U545VEI6, STM32U545VEI6Q, STM32U545VET6, STM32U545VET6Q, STM32U595AIH6, STM32U595AIH6Q, STM32U595AJH6, STM32U595AJH6Q, STM32U595QII6, STM32U595QII6Q, STM32U595QJI6, STM32U595QJI6Q, STM32U595RIT6, STM32U595RIT6Q, STM32U595RJT6, STM32U595RJT6Q, STM32U595VIT6, STM32U595VIT6Q, STM32U595VJT6, STM32U595VJT6Q, STM32U595ZIT6, STM32U595ZIT6Q, STM32U595ZIY6QTR, STM32U595ZJT6, STM32U595ZJT6Q, STM32U595ZJY6QTR, STM32U599BJY6QTR, STM32U599NIH6Q, STM32U599NJH6Q, STM32U599VIT6Q, STM32U599VJT6, STM32U599VJT6Q, STM32U599ZIT6Q, STM32U599ZIY6QTR, STM32U599ZJT6Q, STM32U599ZJY6QTR, STM32U5A5AJH6, STM32U5A5AJH6Q, STM32U5A5QII3Q , STM32U5A5QJI6, STM32U5A5QJI6Q, STM32U5A5RJT6, STM32U5A5RJT6Q, STM32U5A5VJT6, STM32U5A5VJT6Q, STM32U5A5ZJT6, STM32U5A5ZJT6Q, STM32U5A5ZJY6QTR, STM32U5A9BJY6QTR, STM32U5A9J-DK, STM32U5A9NJH6Q, STM32U5A9VJT6Q, STM32U5A9ZJT6Q, STM32U5A9ZJY6QTR, STM32U5F7VIT6, STM32U5F7VIT6Q, STM32U5F7VJT6, STM32U5F7VJT6Q, STM32U5F9BJY6QTR, STM32U5F9NJH6Q, STM32U5F9VIT6Q, STM32U5F9VJT6Q, STM32U5F9ZIJ6QTR, STM32U5F9ZIT6Q, STM32U5F9ZJJ6QTR, STM32U5F9ZJT6Q, STM32U5G7VJT6, STM32U5G7VJT6Q, STM32U5G9BJY6QTR, STM32U5G9J-DK1, STM32U5G9J-DK2, STM32U5G9NJH6Q, STM32U5G9VJT6Q, STM32U5G9ZJJ6QTR, STM32U5G9ZJT6Q, STM32WB05KZV6TR, STM32WB05KZV7TR, STM32WB05TZF6TR, STM32WB05TZF7TR, STM32WB06CCF6TR, STM32WB06CCF7TR, STM32WB06CCV6TR, STM32WB06CCV7TR, STM32WB06KCV6TR, STM32WB06KCV7TR, STM32WB07CCF6TR, STM32WB07CCF7TR, STM32WB07CCV6TR, STM32WB07CCV7TR, STM32WB07KCV6TR, STM32WB07KCV7TR, STM32WB09KEV6TR, STM32WB09KEV7TR, STM32WB09TEF6TR, STM32WB09TEF7TR, STM32WB1MMCH6, STM32WBA50KGU6, STM32WBA50KGU6TR, STM32WBA52CEU6, STM32WBA52CEU6TR, STM32WBA52CEU7, STM32WBA52CEU7TR, STM32WBA52CGU6, STM32WBA52CGU6TR, STM32WBA52CGU6U, STM32WBA52CGU7, STM32WBA52CGU7TR, STM32WBA52KEU6, STM32WBA52KEU6TR, STM32WBA52KGU6, STM32WBA52KGU6TR, STM32WBA54CEU6, STM32WBA54CEU6TR, STM32WBA54CEU7, STM32WBA54CEU7TR, STM32WBA54CGU6, STM32WBA54CGU6TR, STM32WBA54CGU7, STM32WBA54CGU7TR, STM32WBA54KEU6, STM32WBA54KEU6TR, STM32WBA54KEU7, STM32WBA54KEU7TR, STM32WBA54KGU6, STM32WBA54KGU6TR, STM32WBA54KGU7, STM32WBA54KGU7TR, STM32WBA55CEU6, STM32WBA55CEU6TR, STM32WBA55CEU7, STM32WBA55CEU7TR, STM32WBA55CGU6, STM32WBA55CGU6TR, STM32WBA55CGU6U, STM32WBA55CGU7, STM32WBA55CGU7TR, STM32WBA55G-DK1, STM32WBA55HEF6, STM32WBA55HEF7, STM32WBA55HGF6, STM32WBA55HGF7, STM32WBA55UEI6, STM32WBA55UEI6TR, STM32WBA55UEI7, STM32WBA55UEI7TR, STM32WBA55UGI6, STM32WBA55UGI6TR, STM32WBA55UGI7, STM32WBA55UGI7TR, STM32WBA5MMGH6TR, STM32WBA62MGF6, STM32WBA62MIF6, STM32WBA65MGF7, STM32WBA65MIF6, STM32WBA65MIF7, STM32WL30K8V6, STM32WL30KBV6, STM32WL31C8V6, STM32WL31CBV6, STM32WL31K8V6, STM32WL31KBV6, STM32WL33C8V6, STM32WL33C8V6X, STM32WL33CBV6, STM32WL33CBV6X, STM32WL33CCV6, STM32WL33CCV6A, STM32WL33CCV6X, STM32WL33K8V7, STM32WL33K8V7X, STM32WL33KBV7 , STM32WL33KBV7X, STM32WL33KCV7, STM32WL33KCV7X, STM32WL5MOCH6, STM32WL5MOCH6TR]
2026-07-30 15:42:55,679 [INFO] DbMcus:218 - Found 5250 MCUs, 5097 are supported
2026-07-30 15:42:55,679 [INFO] ApiDb:423 - Load user favorites file C:\Users\ADMIN/.stm32cubeide/favorites.mcus.txt: 0 item(s)
2026-07-30 15:42:55,679 [INFO] ApiDb:427 - User favorites MCUs=[]
2026-07-30 15:42:55,679 [INFO] DbMcus:224 - Set 0 / 0 favorites MCUs
2026-07-30 15:42:56,921 [INFO] ApiDb:448 - Save user favorites file C:\Users\ADMIN/.stm32cubeide/favorites.boards.txt: 0 item(s)
2026-07-30 15:42:56,921 [INFO] ApiDb:452 - User favorites Boards=[]
2026-07-30 15:42:56,923 [INFO] ApiDb:581 - Connected to CubeFinder SQLite database (C:\Users\ADMIN\.stmcufinder\plugins\mcufinder\mcu\cube-finder-db.db)
2026-07-30 15:42:57,018 [INFO] ApiDb:668 - CubeFinder database Data Model version=2.1
2026-07-30 15:42:57,018 [INFO] ApiDb:669 - CubeFinder database Configuration version=3.0.42
2026-07-30 15:42:57,018 [INFO] ApiDb:670 - CubeFinder database generation date=2026-06-23 (1782213372)
2026-07-30 15:42:57,018 [INFO] ApiDb:671 - CubeFinder database FW Pack versions=[FP-ATR-ASTRA1_V2.0.0, FP-SNS-FLIGHT1_V5.1.0, FP-SNS-MOTENV1_V5.1.0, FP-SNS-MOTENVWB1_V1.5.0, FP-SNS-SMARTAG2_V1.2.0, FP-SNS-STBOX1_V2.1.0, STM32Cube_FW_C0_V1.4.0, STM32Cube_FW_F4_V1.28.3, STM32Cube_FW_F7_V1.17.4, STM32Cube_FW_G0_V1.6.3, STM32Cube_FW_G4_V1.6.2, STM32Cube_FW_H5_V1.7.0, STM32Cube_FW_H7RS_V1.3.0, STM32Cube_FW_H7_V1.13.0, STM32Cube_FW_L0_V1.12.2, STM32Cube_FW_L4_V1.18.2, STM32Cube_FW_L5_V1.6.0, STM32Cube_FW_N6_V1.4.0, STM32Cube_FW_U0_V1.3.0, STM32Cube_FW_U3_V1.4.0, STM32Cube_FW_U5_V1.9.0, STM32Cube_FW_WB0_V1.5.0, STM32Cube_FW_WBA_V1.10.0, STM32Cube_FW_WB_V1.24.0, STM32Cube_FW_WL3_V1.5.0, STM32Cube_FW_WL_V1.6.0, X-CUBE-ALGOBUILD_V1.5.0, X-CUBE-ALS_V1.0.2, X-CUBE-AZRTOS-F4_V1.1.0, X-CUBE-AZRTOS-F7_V1.1.0, X-CUBE-AZRTOS-G0_V1.1.0, X-CUBE-AZRTOS-G4_V2.0.0, X-CUBE-AZRTOS-H7RS_V1.1.0, X-CUBE-AZRTOS-H7_V3.5.0, X-CUBE-AZRTOS-L4_V2.0.0, X-CUBE-AZRTOS-L5_V2.0.0, X-CUBE-AZRTOS-WB_V2.0.0, X-CUBE-AZRTOS-WL_V2.0.0, X-CUBE-BLE1_V7.1.0, X-CUBE-BLE2_V3.3.0, X-CUBE-BLEMGR_V4.1.0, X-CUBE-EEPRMA1_V5.2.0, X-CUBE-FREERTOS_V1.5.0, X-CUBE-GNSS1_V7.1.1, X-CUBE-MEMS1_V12.1.0, X-CUBE-NFC4_V3.0.0, X-CUBE-NFC7_V2.0.0, X-CUBE-SFXS2LP1_V4.0.0, X-CUBE-ST67W61_V1.3.0, X-CUBE-SUBG2_V5.0.0, X-CUBE-TOF1_V3.4.3]
2026-07-30 15:42:57,086 [INFO] DbBoardsSqlite:226 - include board P-NUCLEO-WB55-NUCLEO as a kit item of type 'Nucleo-64'
2026-07-30 15:42:57,086 [INFO] DbBoardsSqlite:226 - include board P-NUCLEO-WB55-USBDONGLE as a kit item of type 'Nucleo USB Dongle'
2026-07-30 15:42:57,087 [INFO] DbBoardsSqlite:226 - include board STEVAL-IDP005V1 as a kit item of type 'Evaluation Board'
2026-07-30 15:42:57,087 [INFO] DbBoardsSqlite:226 - include board STEVAL-IDP005V2 as a kit item of type 'Evaluation Board'
2026-07-30 15:42:57,181 [INFO] ApiDb:240 - Found 880 in-development CPN: [B-G473E-ZEST1S, B-WB1M-WPAN1, B-WBA5M-WPAN, B-WL5M-SUBG1, NUCLEO-C031C6, NUCLEO-C051C8, NUCLEO-C071RB, NUCLEO-C092RC, NUCLEO-H503RB, NUCLEO-H533RE, NUCLEO-H563ZI, NUCLEO-H7S3L8, NUCLEO-N657X0-Q, NUCLEO-U031R8, NUCLEO-U083RC, NUCLEO-U385RG-Q, NUCLEO-U545RE-Q, NUCLEO-U5A5ZJ-Q, NUCLEO-WB05KZ, NUCLEO-WB07CC, NUCLEO-WB09KE, NUCLEO-WBA52CG, NUCLEO-WBA55CG, NUCLEO-WL33CC1, NUCLEO-WL33CC2, STEVAL-PROTEUS1, STEVAL-SMARTAG2, STEVAL-STWINBX1, STM320518-EVAL, STM32C0116-DK, STM32C011D6Y3TR, STM32C011D6Y6TR, STM32C011F4P3, STM32C011F4P6, STM32C011F4U3, STM32C011F4U6TR, STM32C011F6P3, STM32C011F6P6, STM32C011F6U3, STM32C011F6U6TR, STM32C011J4M3, STM32C011J4M6, STM32C011J6M3, STM32C011J6M6, STM32C0316-DK, STM32C031C4T3, STM32C031C4T6, STM32C031C4U3, STM32C031C4U6, STM32C031C6T3, STM32C031C6T6, STM32C031C6U3, STM32C031C6U6, STM32C031F4P3, STM32C031F4P6, STM32C031F6P3, STM32C031F6P6, STM32C031G4U3, STM32C031G4U6, STM32C031G6U3, STM32C031G6U6, STM32C031K4T3, STM32C031K4T6, STM32C031K4U3, STM32C031K4U6, STM32C031K6T3, STM32C031K6T6, STM32C031K6U3, STM32C031K6U6, STM32C051C6T6, STM32C051C6U6, STM32C051C8T6, STM32C051C8U6, STM32C051D8Y6TR, STM32C051F6P6, STM32C051F8P6, STM32C051G6U6, STM32C051G8U6, STM32C051K6T6, STM32C051K6U6, STM32C051K8T6, STM32C071C8T6, STM32C071C8T6N, STM32C071C8U6, STM32C071C8U6N, STM32C071CBT6, STM32C071CBT6N, STM32C071CBU6, STM32C071CBU6N, STM32C071F8P6, STM32C071F8P6N, STM32C071FBP6, STM32C071FBP6N, STM32C071FBY6TR, STM32C071G8U6, STM32C071G8U6N, STM32C071GBU6, STM32C071GBU6N, STM32C071K8T6, STM32C071K8T6N, STM32C071K8U6, STM32C071K8U6N, STM32C071KBT6, STM32C071KBT6N, STM32C071KBU6, STM32C071KBU6N, STM32C071R8T6, STM32C071R8T6N, STM32C071RBI6N, STM32C071RBT6, STM32C071RBT6N, STM32C091CBT6, STM32C091CBU6, STM32C091CCT6, STM32C091CCU6, STM32C091ECY6TR, STM32C091FBP6, STM32C091FCP6, STM32C091GBU6, STM32C091GCU6, STM32C091KBT6, STM32C091KBU6, STM32C091KCT6, STM32C091KCU6, STM32C091RBT6, STM32C091RCI6, STM32C091RCT6, STM32C092CBT6, STM32C092CBU6, STM32C092CCT6, STM32C092CCU6, STM32C092ECY6TR, STM32C092FBP6, STM32C092FCP6, STM32C092GBU6, STM32C092GCU6, STM32C092KBT6, STM32C092KBU6, STM32C092KCT6, STM32C092KCU6, STM32C092RBT6, STM32C092RCI6, STM32C092RCT6, STM32G071K8TXN, STM32G071K8UXN, STM32G081GBU6N, STM32G081KBT6N, STM32G081KBUXN, STM32G0B1CCT6N, STM32G0B1KCT6, STM32G0B1NEY6TR, STM32G0B1RCT6N, STM32G0C1CCT6, STM32G0C1CCT6N, STM32G0C1CCU6N, STM32G0C1CET6N, STM32G0C1CEU6N, STM32G0C1KCT6, STM32G0C1NEY6TR, STM32G0C1RCI6N, STM32G0C1RCT6N, STM32G0C1REI6N, STM32G0C1RET6N, STM32G0C1VCI6, STM32G0C1VEI6, STM32G411C6T3, STM32G411C6T6, STM32G411C6U3, STM32G411C6U6, STM32G411C8T3, STM32G411C8T6, STM32G411C8U3, STM32G411C8U6, STM32G411CBT3, STM32G411CBT6, STM32G411CBU3, STM32G411CBU6, STM32G411K6T3, STM32G411K6T6, STM32G411K6U3, STM32G411K6U6, STM32G411K8T3, STM32G411K8T6, STM32G411K8U3, STM32G411K8U6, STM32G411KBT3, STM32G411KBT6, STM32G411KBU3, STM32G411KBU6, STM32G411M6T3, STM32G411M6T6, STM32G411M8T3, STM32G411M8T6, STM32G411MBT3, STM32G411MBT6, STM32G411R6T3, STM32G411R6T6, STM32G411R8T3, STM32G411R8T6, STM32G411RBT3, STM32G411RBT6, STM32G414CBT3, STM32G414CBT6, STM32G414CBU3, STM32G414CBU6, STM32G414CCT3, STM32G414CCT6, STM32G414CCU3, STM32G414CCU6, STM32G414MBT3, STM32G414MBT6, STM32G414MCT3, STM32G414MCT6, STM32G414RBT3, STM32G414RBT6, STM32G414RCT3, STM32G414RCT6, STM32G414VBT3, STM32G414VBT6, STM32G414VCT3, STM32G414VCT6, STM32G431CBT3Z, STM32G431RBT3Z, STM32G471CCT6, STM32G471CCU6, STM32G471CET3, STM32G471CET6, STM32G471CEU3, STM32G471CEU6, STM32G471MCT6, STM32G471MET3, STM32G471MET6, STM32G471MEY6TR, STM32G471QCT6, STM32G471QET3, STM32G471RCT6, STM32G471RET3, STM32G471RET6, STM32G471VCH6, STM32G471VCI6, STM32G471VCT6, STM32G471VEH3, STM32G471VEH6, STM32G471VEI3, STM32G471VEI6, STM32G471VET3, STM32G471VET6, STM32G473QET3Z, STM32G473RET3Z, STM32G474CCT6, STM32G491RET3Z, STM32H503CBT6, STM32H503CBU6, STM32H503EBY6TR, STM32H503KBU6, STM32H503RBT6, STM32H523CCT6, STM32H523CCU6, STM32H523CET6, STM32H523CEU6, STM32H523HEY6TR, STM32H523RCT6, STM32H523RET6, STM32H523VCI6, STM32H523VCT6, STM32H523VEI6, STM32H523VET6, STM32H523ZCJ6, STM32H523ZCT6, STM32H523ZEJ6, STM32H523ZET6, STM32H533CET6, STM32H533CEU6, STM32H533HEY6TR, STM32H533RET6, STM32H533VEI6, STM32H533VET6, STM32H533ZEJ6, STM32H533ZET6, STM32H562AGI6, STM32H562AII6, STM32H562IGK6, STM32H562IGT6, STM32H562IIK6, STM32H562IIT6, STM32H562RGT6, STM32H562RGV6, STM32H562RIT6, STM32H562RIV6, STM32H562VGT6, STM32H562VIT6, STM32H562ZGT6, STM32H562ZIT6, STM32H563AGI6, STM32H563AII3Q, STM32H563AII6, STM32H563IGK6, STM32H563IGT6, STM32H563IIK3Q, STM32H563IIK6, STM32H563IIT3Q, STM32H563IIT6, STM32H563MIY3QTR, STM32H563RGT6, STM32H563RGV6, STM32H563RIT6, STM32H563RIV6, STM32H563VGT6, STM32H563VIT3Q, STM32H563VIT6, STM32H563ZGT6, STM32H563ZIT3Q, STM32H563ZIT6, STM32H573AII3Q, STM32H573AII6, STM32H573I-DK, STM32H573IIK3Q, STM32H573IIK6, STM32H573IIT3Q, STM32H573IIT6, STM32H573MIY3QTR, STM32H573RIT6, STM32H573RIV6, STM32H573VIT3Q, STM32H573VIT6, STM32H573ZIT3Q, STM32H573ZIT6, STM32H7R3A8I6, STM32H7R3I8K6, STM32H7R3I8T6, STM32H7R3L8H6, STM32H7R3L8H6H, STM32H7R3R8V6, STM32H7R3V8H6, STM32H7R3V8T6, STM32H7R3V8Y6TR, STM32H7R3Z8J6, STM32H7R3Z8T6, STM32H7R7A8I6, STM32H7R7I8K6, STM32H7R7I8T6, STM32H7R7L8H6, STM32H7R7L8H6H, STM32H7R7Z8J6, STM32H7S3A8I6, STM32H7S3I8K6, STM32H7S3I8T6, STM32H7S3L8H6, STM32H7S3L8H6H, STM32H7S3R8V6, STM32H7S3V8H6, STM32H7S3V8T6, STM32H7S3V8Y6TR, STM32H7S3Z8J6, STM32H7S3Z8T6, STM32H7S78-DK, STM32H7S7A8I6, STM32H7S7I8K6, STM32H7S7I8T6, STM32H7S7L8H6, STM32H7S7L8H6H, STM32H7S7Z8J6, STM32L4R5QGI6STR, STM32MP131AAE3, STM32MP131AAF3, STM32MP131AAG3, STM32MP131CAE3, STM32MP131CAF3, STM32MP131CAG3, STM32MP131DAE7, STM32MP131DAF7, STM32MP131DAG7, STM32MP131FAE7, STM32MP131FAF7, STM32MP131FAG7, STM32MP133AAE3, STM32MP133AAF3, STM32MP133AAG3, STM32MP133CAE3, STM32MP133CAF3, STM32MP133CAG3, STM32MP133DAE7, STM32MP133DAF7, STM32MP133DAG7, STM32MP133FAE7, STM32MP133FAF7, STM32MP133FAG7, STM32MP135AAE3, STM32MP135AAF3, STM32MP135AAG3, STM32MP135CAE3, STM32MP135CAF3, STM32MP135CAG3, STM32MP135DAE7, STM32MP135DAF7, STM32MP135DAG7, STM32MP135F-DK, STM32MP135FAE7, STM32MP135FAF7, STM32MP135FAF7T, STM32MP135FAF7U, STM32MP135FAG7, STM32MP211AAL3, STM32MP211AAM3, STM32MP211AAN3, STM32MP211AAO3, STM32MP211CAL3, STM32MP211CAM3, STM32MP211CAN3, STM32MP211CAO3, STM32MP211DAL3, STM32MP211DAM3, STM32MP211DAN3, STM32MP211DAO3, STM32MP211FAL3, STM32MP211FAM3, STM32MP211FAN3, STM32MP211FAO3, STM32MP213AAL3, STM32MP213AAM3, STM32MP213AAN3, STM32MP213AAO3, STM32MP213CAL3, STM32MP213CAM3, STM32MP213CAN3, STM32MP213CAO3, STM32MP213DAL3, STM32MP213DAM3, STM32MP213DAN3, STM32MP213DAO3, STM32MP213FAL3, STM32MP213FAM3, STM32MP213FAN3, STM32MP213FAO3, STM32MP215AAL3, STM32MP215AAM3, STM32MP215AAN3, STM32MP215AAO3, STM32MP215CAL3, STM32MP215CAM3, STM32MP215CAN3, STM32MP215CAO3, STM32MP215DAL3, STM32MP215DAM3, STM32MP215DAN3, STM32MP215DAO3, STM32MP215F-DK, STM32MP215FAL3, STM32MP215FAM3, STM32MP215FAN3, STM32MP215FAO3, STM32MP231AAJ3, STM32MP231AAK3, STM32MP231AAL3, STM32MP231CAJ3, STM32MP231CAK3, STM32MP231CAL3, STM32MP231DAJ3, STM32MP231DAK3, STM32MP231DAL3, STM32MP231FAJ3, STM32MP231FAK3, STM32MP231FAL3, STM32MP233AAJ3, STM32MP233AAK3, STM32MP233AAL3, STM32MP233CAJ3, STM32MP233CAK3, STM32MP233CAL3, STM32MP233DAJ3, STM32MP233DAK3, STM32MP233DAL3, STM32MP233FAJ3, STM32MP233FAK3, STM32MP233FAL3, STM32MP235AAJ3, STM32MP235AAK3, STM32MP235AAL3, STM32MP235CAJ3, STM32MP235CAK3, STM32MP235CAL3, STM32MP235DAJ3, STM32MP235DAK3, STM32MP235DAL3, STM32MP235FAJ3, STM32MP235FAK3, STM32MP235FAL3, STM32MP251AAI3, STM32MP251AAK3, STM32MP251AAL3, STM32MP251CAI3, STM32MP251CAK3, STM32MP251CAL3, STM32MP251DAI3, STM32MP251DAK3, STM32MP251DAL3, STM32MP251FAI3, STM32MP251FAK3, STM32MP251FAL3, STM32MP253AAI3, STM32MP253AAK3, STM32MP253AAL3, STM32MP253CAI3, STM32MP253CAK3, STM32MP253CAL3, STM32MP253DAI3, STM32MP253DAK3, STM32MP253DAL3, STM32MP253FAI3, STM32MP253FAK3, STM32MP253FAL3, STM32MP255AAI3, STM32MP255AAK3, STM32MP255AAL3, STM32MP255CAI3, STM32MP255CAK3, STM32MP255CAL3, STM32MP255DAI3, STM32MP255DAK3, STM32MP255DAL3, STM32MP255FAI3, STM32MP255FAK3, STM32MP255FAL3, STM32MP257AAI3, STM32MP257AAK3, STM32MP257AAL3, STM32MP257CAI3, STM32MP257CAK3, STM32MP257CAL3, STM32MP257DAI3, STM32MP257DAK3, STM32MP257DAL3, STM32MP257F-DK, STM32MP257F-EV1, STM32MP257FAI3, STM32MP257FAK3, STM32MP257FAL3, STM32N645A0H3Q, STM32N645B0H3Q, STM32N645I0H3Q, STM32N645L0H3Q, STM32N645X0H3Q, STM32N645Z0H3Q, STM32N647A0H3Q, STM32N647B0H3Q, STM32N647I0H3Q, STM32N647L0H3Q, STM32N647X0H3Q, STM32N647Z0H3Q, STM32N655A0H3Q, STM32N655B0H3Q, STM32N655I0H3Q, STM32N655L0H3Q, STM32N655X0H3Q, STM32N655Z0H3Q, STM32N6570-DK, STM32N657A0H3Q, STM32N657B0H3Q, STM32N657I0H3Q, STM32N657L0H3Q, STM32N657X0H3Q, STM32N657Z0H3Q, STM32U031C6T6, STM32U031C6U6, STM32U031C8T6, STM32U031C8U6, STM32U031F4P6, STM32U031F6P6, STM32U031F8P6, STM32U031G6Y6TR, STM32U031G8Y6TR, STM32U031K4U6, STM32U031K6U6, STM32U031K8U6, STM32U031R6I6, STM32U031R6T6, STM32U031R8I6, STM32U031R8T6, STM32U073C8T6, STM32U073C8U6, STM32U073CBT6, STM32U073CBU6, STM32U073CCT6, STM32U073CCU6, STM32U073H8Y6TR, STM32U073HBY6TR, STM32U073HCY6TR, STM32U073K8U6, STM32U073KBU6, STM32U073KCU6, STM32U073M8I6, STM32U073M8T6, STM32U073MBI6, STM32U073MBT6, STM32U073MCI6, STM32U073MCT6, STM32U073R8I6, STM32U073R8T6, STM32U073RBI6, STM32U073RBT6, STM32U073RCI6, STM32U073RCT6, STM32U083C-DK, STM32U083CCT6, STM32U083CCU6, STM32U083HCY6TR, STM32U083KCU6, STM32U083MCI6, STM32U083MCT6, STM32U083RCI6, STM32U083RCT6, STM32U375CET6, STM32U375CET6Q, STM32U375CEU6, STM32U375CEU6Q, STM32U375CEY6QTR, STM32U375CGT6, STM32U375CGT6Q, STM32U375CGU6, STM32U375CGU6Q, STM32U375CGY6QTR, STM32U375KEU6, STM32U375KGU6, STM32U375REI6, STM32U375REI6Q, STM32U375RET6, STM32U375RET6Q, STM32U375REY6GTR, STM32U375REY6QTR, STM32U375RGI6, STM32U375RGI6Q, STM32U375RGT6, STM32U375RGT6Q, STM32U375RGY6GTR, STM32U375RGY6QTR, STM32U375VEI6, STM32U375VEI6Q, STM32U375VET6, STM32U375VET6Q, STM32U375VGI6, STM32U375VGI6Q, STM32U375VGT6, STM32U375VGT6Q, STM32U385CGT6, STM32U385CGT6Q, STM32U385CGU6, STM32U385CGU6Q, STM32U385CGY6QTR, STM32U385KGU6, STM32U385RGI6, STM32U385RGI6Q, STM32U385RGT6, STM32U385RGT6Q, STM32U385RGY6GTR, STM32U385RGY6QTR, STM32U385VGI6, STM32U385VGI6Q, STM32U385VGT6, STM32U385VGT6Q, STM32U535CBT6, STM32U535CBT6Q, STM32U535CBU6, STM32U535CBU6Q, STM32U535CCT6, STM32U535CCT6Q, STM32U535CCU6, STM32U535CCU6Q, STM32U535CET6, STM32U535CET6Q, STM32U535CEU6, STM32U535CEU6Q, STM32U535JEY6QTR, STM32U535NCY6QTR, STM32U535NEY6QTR, STM32U535RBI6, STM32U535RBI6Q, STM32U535RBT6, STM32U535RBT6Q, STM32U535RCI6, STM32U535RCI6Q, STM32U535RCT6, STM32U535RCT6Q, STM32U535REI6, STM32U535REI6Q, STM32U535RET6, STM32U535RET6Q, STM32U535VCI6, STM32U535VCI6Q, STM32U535VCT6, STM32U535VCT6Q, STM32U535VEI6, STM32U535VEI6Q, STM32U535VET6, STM32U535VET6Q, STM32U545CET6, STM32U545CET6Q, STM32U545CEU6, STM32U545CEU6Q, STM32U545JEY6QTR, STM32U545NEY6QTR, STM32U545REI6, STM32U545REI6Q, STM32U545RET6, STM32U545RET6Q, STM32U545VEI6, STM32U545VEI6Q, STM32U545VET6, STM32U545VET6Q, STM32U595AIH6, STM32U595AIH6Q, STM32U595AJH6, STM32U595AJH6Q, STM32U595QII6, STM32U595QII6Q, STM32U595QJI6, STM32U595QJI6Q, STM32U595RIT6, STM32U595RIT6Q, STM32U595RJT6, STM32U595RJT6Q, STM32U595VIT6, STM32U595VIT6Q, STM32U595VJT6, STM32U595VJT6Q, STM32U595ZIT6, STM32U595ZIT6Q, STM32U595ZIY6QTR, STM32U595ZJT6, STM32U595ZJT6Q, STM32U595ZJY6QTR, STM32U599BJY6QTR, STM32U599NIH6Q, STM32U599NJH6Q, STM32U599VIT6Q, STM32U599VJT6, STM32U599VJT6Q, STM32U599ZIT6Q, STM32U599ZIY6QTR, STM32U599ZJT6Q, STM32U599ZJY6QTR, STM32U5A5AJH6, STM32U5A5AJH6Q, STM32U5A5QII3Q , STM32U5A5QJI6, STM32U5A5QJI6Q, STM32U5A5RJT6, STM32U5A5RJT6Q, STM32U5A5VJT6, STM32U5A5VJT6Q, STM32U5A5ZJT6, STM32U5A5ZJT6Q, STM32U5A5ZJY6QTR, STM32U5A9BJY6QTR, STM32U5A9J-DK, STM32U5A9NJH6Q, STM32U5A9VJT6Q, STM32U5A9ZJT6Q, STM32U5A9ZJY6QTR, STM32U5F7VIT6, STM32U5F7VIT6Q, STM32U5F7VJT6, STM32U5F7VJT6Q, STM32U5F9BJY6QTR, STM32U5F9NJH6Q, STM32U5F9VIT6Q, STM32U5F9VJT6Q, STM32U5F9ZIJ6QTR, STM32U5F9ZIT6Q, STM32U5F9ZJJ6QTR, STM32U5F9ZJT6Q, STM32U5G7VJT6, STM32U5G7VJT6Q, STM32U5G9BJY6QTR, STM32U5G9J-DK1, STM32U5G9J-DK2, STM32U5G9NJH6Q, STM32U5G9VJT6Q, STM32U5G9ZJJ6QTR, STM32U5G9ZJT6Q, STM32WB05KZV6TR, STM32WB05KZV7TR, STM32WB05TZF6TR, STM32WB05TZF7TR, STM32WB06CCF6TR, STM32WB06CCF7TR, STM32WB06CCV6TR, STM32WB06CCV7TR, STM32WB06KCV6TR, STM32WB06KCV7TR, STM32WB07CCF6TR, STM32WB07CCF7TR, STM32WB07CCV6TR, STM32WB07CCV7TR, STM32WB07KCV6TR, STM32WB07KCV7TR, STM32WB09KEV6TR, STM32WB09KEV7TR, STM32WB09TEF6TR, STM32WB09TEF7TR, STM32WB1MMCH6, STM32WBA50KGU6, STM32WBA50KGU6TR, STM32WBA52CEU6, STM32WBA52CEU6TR, STM32WBA52CEU7, STM32WBA52CEU7TR, STM32WBA52CGU6, STM32WBA52CGU6TR, STM32WBA52CGU6U, STM32WBA52CGU7, STM32WBA52CGU7TR, STM32WBA52KEU6, STM32WBA52KEU6TR, STM32WBA52KGU6, STM32WBA52KGU6TR, STM32WBA54CEU6, STM32WBA54CEU6TR, STM32WBA54CEU7, STM32WBA54CEU7TR, STM32WBA54CGU6, STM32WBA54CGU6TR, STM32WBA54CGU7, STM32WBA54CGU7TR, STM32WBA54KEU6, STM32WBA54KEU6TR, STM32WBA54KEU7, STM32WBA54KEU7TR, STM32WBA54KGU6, STM32WBA54KGU6TR, STM32WBA54KGU7, STM32WBA54KGU7TR, STM32WBA55CEU6, STM32WBA55CEU6TR, STM32WBA55CEU7, STM32WBA55CEU7TR, STM32WBA55CGU6, STM32WBA55CGU6TR, STM32WBA55CGU6U, STM32WBA55CGU7, STM32WBA55CGU7TR, STM32WBA55G-DK1, STM32WBA55HEF6, STM32WBA55HEF7, STM32WBA55HGF6, STM32WBA55HGF7, STM32WBA55UEI6, STM32WBA55UEI6TR, STM32WBA55UEI7, STM32WBA55UEI7TR, STM32WBA55UGI6, STM32WBA55UGI6TR, STM32WBA55UGI7, STM32WBA55UGI7TR, STM32WBA5MMGH6TR, STM32WBA62MGF6, STM32WBA62MIF6, STM32WBA65MGF7, STM32WBA65MIF6, STM32WBA65MIF7, STM32WL30K8V6, STM32WL30KBV6, STM32WL31C8V6, STM32WL31CBV6, STM32WL31K8V6, STM32WL31KBV6, STM32WL33C8V6, STM32WL33C8V6X, STM32WL33CBV6, STM32WL33CBV6X, STM32WL33CCV6, STM32WL33CCV6A, STM32WL33CCV6X, STM32WL33K8V7, STM32WL33K8V7X, STM32WL33KBV7 , STM32WL33KBV7X, STM32WL33KCV7, STM32WL33KCV7X, STM32WL5MOCH6, STM32WL5MOCH6TR]
2026-07-30 15:42:57,375 [INFO] BoardInfo:889 - No configuration file found for board NUCLEO-H5E5ZJ
2026-07-30 15:42:57,377 [INFO] DbBoards:161 - Board is not supported: NUCLEO-H5E5ZJ
2026-07-30 15:42:57,492 [INFO] BoardInfo:889 - No configuration file found for board NUCLEO-U3C5ZI-Q
2026-07-30 15:42:57,494 [INFO] DbBoards:161 - Board is not supported: NUCLEO-U3C5ZI-Q
2026-07-30 15:42:57,524 [INFO] BoardInfo:889 - No configuration file found for board NUCLEO-WBA25CE1
2026-07-30 15:42:57,526 [INFO] DbBoards:161 - Board is not supported: NUCLEO-WBA25CE1
2026-07-30 15:42:57,546 [INFO] BoardInfo:889 - No configuration file found for board NUCLEO-WL3RKB1
2026-07-30 15:42:57,548 [INFO] DbBoards:161 - Board is not supported: NUCLEO-WL3RKB1
2026-07-30 15:42:57,549 [INFO] BoardInfo:889 - No configuration file found for board NUCLEO-WL3RKB2
2026-07-30 15:42:57,552 [INFO] DbBoards:161 - Board is not supported: NUCLEO-WL3RKB2
2026-07-30 15:42:57,568 [INFO] BoardInfo:889 - No configuration file found for board P-NUCLEO-WB55
2026-07-30 15:42:57,570 [INFO] DbBoards:161 - Kit is not supported: P-NUCLEO-WB55
2026-07-30 15:42:57,582 [INFO] BoardInfo:889 - No configuration file found for board STEVAL-BFA001V1B
2026-07-30 15:42:57,585 [INFO] DbBoards:161 - Kit is not supported: STEVAL-BFA001V1B
2026-07-30 15:42:57,586 [INFO] BoardInfo:889 - No configuration file found for board STEVAL-BFA001V2B
2026-07-30 15:42:57,588 [INFO] DbBoards:161 - Kit is not supported: STEVAL-BFA001V2B
2026-07-30 15:42:57,801 [INFO] BoardInfo:889 - No configuration file found for board STM32H5F5J-DK
2026-07-30 15:42:57,803 [INFO] DbBoards:161 - Board is not supported: STM32H5F5J-DK
2026-07-30 15:42:57,967 [INFO] DbBoards:168 - Found 218 boards, 209 are supported
2026-07-30 15:42:57,967 [INFO] DbBoards:169 - Found 218 boards, 43 of them is supported for  Bsp
2026-07-30 15:42:57,970 [INFO] ApiDb:423 - Load user favorites file C:\Users\ADMIN/.stm32cubeide/favorites.boards.txt: 0 item(s)
2026-07-30 15:42:57,970 [INFO] ApiDb:427 - User favorites Boards=[]
2026-07-30 15:42:57,970 [INFO] DbBoards:198 - Set 0 / 0 favorites Boards
2026-07-30 15:42:57,971 [ERROR] TargetSelectorAdapter:267 - Unable to refresh data
2026-07-30 15:43:02,691 [INFO] McuFinderGlobals:76 - Set McuFinderConnectedMode to true
2026-07-30 15:43:02,692 [INFO] MultiScanPanel:200 - Auto-refresh data requested => check proxy status ongoing
2026-07-30 15:43:02,692 [INFO] FinderPluginLoader:96 - Searching for filters in installed packs
2026-07-30 15:43:02,693 [INFO] FinderPluginLoader:109 - Found C:\Users\ADMIN\STM32Cube\Repository\Packs\STMicroelectronics\X-CUBE-AI\10.2.1\CubeMX\plugins\ip\ai.10.2.1.jar
2026-07-30 15:43:02,693 [INFO] FinderPluginLoader:119 - Loading ai.10.2.1
2026-07-30 15:43:02,717 [INFO] McuExtendedFiltersManager:95 - Add MCU extended filter: Artificial Intelligence
2026-07-30 15:43:04,041 [INFO] AInterface:116 - AInterface using toolDir: C:/Users/ADMIN/STM32Cube/Repository//Packs/STMicroelectronics/X-CUBE-AI/10.2.1/Utilities/windows
2026-07-30 15:43:04,855 [INFO] LoadUrlFilesThread:185 - End of LoadServerUrlFiles without Thread
2026-07-30 15:43:04,856 [INFO] DetailPanel:341 - Set advertising image to C:/Users/ADMIN/STM32Cube/Repository/\en.stm32h5cubemxbanner.png
2026-07-30 15:43:08,582 [INFO] MultiScanPanel:200 - Auto-refresh data requested => check proxy status ongoing
2026-07-30 15:43:08,679 [INFO] LoadUrlFilesThread:185 - End of LoadServerUrlFiles without Thread
2026-07-30 15:43:08,680 [INFO] DetailPanel:341 - Set advertising image to C:/Users/ADMIN/STM32Cube/Repository/\en.stm32h5cubemxbanner.png
2026-07-30 15:43:08,697 [INFO] DbBoards:642 - Loading board mini-images...
2026-07-30 15:43:11,660 [INFO] DbBoards:665 - Loaded 218 board mini-images
2026-07-30 15:43:46,716 [INFO] UtilMem:75 - End SaveConfig() Used Memory: 1013478128 Bytes (1073741824)
2026-07-30 15:43:48,518 [INFO] UtilMem:75 - End SaveConfig() Used Memory: 1065403288 Bytes (1073741824)
2026-07-30 15:43:51,306 [INFO] UtilMem:75 - End SaveConfig() Used Memory: 411554640 Bytes (1073741824)
2026-07-30 15:43:51,515 [INFO] BlockDiagram:2775 - set Specific Code input for plugin: SYS
2026-07-30 15:43:51,516 [INFO] BlockDiagram:2775 - set Specific Code input for plugin: RCC
2026-07-30 15:43:51,516 [INFO] BlockDiagram:2775 - set Specific Code input for plugin: NVIC
2026-07-30 15:43:51,517 [INFO] CodeGenerator:892 - code generatio: config db path: C:\ST\STM32CubeIDE_1.19.0\STM32CubeIDE\plugins\com.st.stm32cube.common.mx_6.15.0.202507011659\\db\
2026-07-30 15:43:51,611 [INFO] CodeEngine:265 - oldGeneratedFile, D:\TinyML_Workshop-main\TinyML_Workshop_PGR\TinyML_PGR\STM32\IMU_new_1\MXTmpFiles\license.tmp_save
2026-07-30 15:43:52,049 [INFO] CodeEngine:289 - Generated code: D:\TinyML_Workshop-main\TinyML_Workshop_PGR\TinyML_PGR\STM32\IMU_new_1\MXTmpFiles\license.tmp
2026-07-30 15:43:52,065 [INFO] CodeEngine:265 - oldGeneratedFile, D:\TinyML_Workshop-main\TinyML_Workshop_PGR\TinyML_PGR\STM32\IMU_new_1\Core\Src\stm32l4xx_it.c_save
2026-07-30 15:43:52,573 [INFO] CodeEngine:289 - Generated code: D:\TinyML_Workshop-main\TinyML_Workshop_PGR\TinyML_PGR\STM32\IMU_new_1\Core\Src\stm32l4xx_it.c
2026-07-30 15:43:52,579 [INFO] CodeEngine:265 - oldGeneratedFile, D:\TinyML_Workshop-main\TinyML_Workshop_PGR\TinyML_PGR\STM32\IMU_new_1\Core\Inc\stm32l4xx_it.h_save
2026-07-30 15:43:52,752 [INFO] CodeEngine:289 - Generated code: D:\TinyML_Workshop-main\TinyML_Workshop_PGR\TinyML_PGR\STM32\IMU_new_1\Core\Inc\stm32l4xx_it.h
2026-07-30 15:43:52,767 [INFO] CodeEngine:265 - oldGeneratedFile, D:\TinyML_Workshop-main\TinyML_Workshop_PGR\TinyML_PGR\STM32\IMU_new_1\Core\Src\stm32l4xx_hal_msp.c_save
2026-07-30 15:43:53,036 [INFO] CodeEngine:289 - Generated code: D:\TinyML_Workshop-main\TinyML_Workshop_PGR\TinyML_PGR\STM32\IMU_new_1\Core\Src\stm32l4xx_hal_msp.c
2026-07-30 15:43:53,043 [INFO] CodeEngine:265 - oldGeneratedFile, D:\TinyML_Workshop-main\TinyML_Workshop_PGR\TinyML_PGR\STM32\IMU_new_1\MXTmpFiles\system.tmp_save
2026-07-30 15:43:53,205 [INFO] CodeEngine:289 - Generated code: D:\TinyML_Workshop-main\TinyML_Workshop_PGR\TinyML_PGR\STM32\IMU_new_1\MXTmpFiles\system.tmp
2026-07-30 15:43:53,217 [INFO] CodeEngine:321 - oldGeneratedFile, D:\TinyML_Workshop-main\TinyML_Workshop_PGR\TinyML_PGR\STM32\IMU_new_1\Core\Inc\stm32l4xx_hal_conf.h_save
2026-07-30 15:43:53,382 [INFO] CodeEngine:345 - Generated code: D:\TinyML_Workshop-main\TinyML_Workshop_PGR\TinyML_PGR\STM32\IMU_new_1\Core\Inc\stm32l4xx_hal_conf.h
2026-07-30 15:43:53,410 [INFO] CodeEngine:265 - oldGeneratedFile, D:\TinyML_Workshop-main\TinyML_Workshop_PGR\TinyML_PGR\STM32\IMU_new_1\Core\Inc\main.h_save
2026-07-30 15:43:53,623 [INFO] CodeEngine:289 - Generated code: D:\TinyML_Workshop-main\TinyML_Workshop_PGR\TinyML_PGR\STM32\IMU_new_1\Core\Inc\main.h
2026-07-30 15:43:53,630 [INFO] CodeEngine:265 - oldGeneratedFile, D:\TinyML_Workshop-main\TinyML_Workshop_PGR\TinyML_PGR\STM32\IMU_new_1\Core\Src\main.c_save
2026-07-30 15:43:53,862 [INFO] CodeEngine:289 - Generated code: D:\TinyML_Workshop-main\TinyML_Workshop_PGR\TinyML_PGR\STM32\IMU_new_1\Core\Src\main.c
2026-07-30 15:43:54,171 [INFO] ProjectBuilder:3606 - Time for Copy HAL[1] : 143mS.
2026-07-30 15:43:54,174 [INFO] ProjectBuilder:5216 - Project Generator version: 4.7.0-B52
2026-07-30 15:43:54,271 [INFO] ConfigFileManager:1595 - The Die is : DIE470
2026-07-30 15:43:55,456 [INFO] ProjectBuilder:5496 - Time for Generating toolchain IDE Files: 1282mS.
2026-07-30 15:43:55,457 [INFO] ProjectBuilder:3463 - Time for Copy CMSIS : 0mS.
2026-07-30 15:43:55,458 [INFO] ProjectBuilder:3463 - Time for Copy CMSIS : 0mS.
2026-07-30 15:43:56,174 [INFO] MainUpdater:2872 - connection check result : 10
2026-07-30 15:43:56,174 [INFO] MainUpdater:2872 - connection check result : 10
2026-07-30 15:43:56,246 [INFO] MicroXplorer:468 - Change Database Path : 
2026-07-30 15:43:56,246 [INFO] MicroXplorer:498 - Change Database Version : DB.6.0.150
2026-07-30 15:43:56,331 [ERROR] ProjectManagerView:395 - 
java.lang.NullPointerException: Cannot invoke "javax.swing.JTextField.getText()" because the return value of "java.util.List.get(int)" is null
	at com.st.microxplorer.plugins.projectmanager.gui.ProjectChoiceTab$9.caretUpdate(ProjectChoiceTab.java:2706) ~[filemanager.jar:?]
	at javax.swing.text.JTextComponent.fireCaretUpdate(JTextComponent.java:408) ~[?:?]
	at javax.swing.text.JTextComponent$MutableCaretEvent.fire(JTextComponent.java:4484) ~[?:?]
	at javax.swing.text.JTextComponent$MutableCaretEvent.stateChanged(JTextComponent.java:4506) ~[?:?]
	at javax.swing.text.DefaultCaret.fireStateChanged(DefaultCaret.java:857) ~[?:?]
	at javax.swing.text.DefaultCaret.changeCaretPosition(DefaultCaret.java:1343) ~[?:?]
	at javax.swing.text.DefaultCaret.handleSetDot(DefaultCaret.java:1242) ~[?:?]
	at javax.swing.text.DefaultCaret.setDot(DefaultCaret.java:1223) ~[?:?]
	at javax.swing.text.DefaultCaret$Handler.insertUpdate(DefaultCaret.java:1819) ~[?:?]
	at javax.swing.text.AbstractDocument.fireInsertUpdate(AbstractDocument.java:227) ~[?:?]
	at javax.swing.text.AbstractDocument.handleInsertString(AbstractDocument.java:781) ~[?:?]
	at javax.swing.text.AbstractDocument.insertString(AbstractDocument.java:740) ~[?:?]
	at javax.swing.text.PlainDocument.insertString(PlainDocument.java:131) ~[?:?]
	at javax.swing.text.AbstractDocument.replace(AbstractDocument.java:699) ~[?:?]
	at javax.swing.text.JTextComponent.setText(JTextComponent.java:1725) ~[?:?]
	at com.st.microxplorer.plugins.projectmanager.gui.ProjectChoiceTab.createHeapStackFields(ProjectChoiceTab.java:993) ~[filemanager.jar:?]
	at com.st.microxplorer.plugins.projectmanager.gui.ProjectChoiceTab.buildLinkSettingsPanel(ProjectChoiceTab.java:3813) ~[filemanager.jar:?]
	at com.st.microxplorer.plugins.projectmanager.gui.ProjectChoiceTab.defineWindowsFields(ProjectChoiceTab.java:1987) ~[filemanager.jar:?]
	at com.st.microxplorer.plugins.projectmanager.gui.ProjectChoiceTab.updateSettings(ProjectChoiceTab.java:558) ~[filemanager.jar:?]
	at com.st.microxplorer.plugins.projectmanager.gui.ProjectSettingsPanel.UpdateDialog(ProjectSettingsPanel.java:247) ~[filemanager.jar:?]
	at com.st.microxplorer.plugins.projectmanager.ProjectManagerView.propertyChange(ProjectManagerView.java:392) ~[filemanager.jar:?]
	at java.beans.PropertyChangeSupport.fire(PropertyChangeSupport.java:343) ~[?:?]
	at java.beans.PropertyChangeSupport.firePropertyChange(PropertyChangeSupport.java:335) ~[?:?]
	at java.beans.PropertyChangeSupport.firePropertyChange(PropertyChangeSupport.java:268) ~[?:?]
	at com.st.microxplorer.util.MXPropertyChangeSupport.firePropertyChange(MXPropertyChangeSupport.java:54) ~[STM32CubeMX.jar:?]
	at com.st.microxplorer.mxsystem.MxSystem.closeConfig(MxSystem.java:899) ~[STM32CubeMX.jar:?]
	at com.st.microxplorer.maingui.MainPanel.closeConfig(MainPanel.java:792) ~[STM32CubeMX.jar:?]
	at com.st.microxplorer.plugins.filemanager.engine.OpenFileManager.loadConfigurationFile(OpenFileManager.java:288) ~[filemanager.jar:?]
	at com.st.microxplorer.plugins.filemanager.engine.MainFileManager.userLoadConfig(MainFileManager.java:364) ~[filemanager.jar:?]
	at com.st.microxplorer.plugins.filemanager.FileManagerView.getSpecificTask(FileManagerView.java:268) ~[filemanager.jar:?]
	at com.st.stm32cube.common.mx.editor.CubeMxEditor.getMxTabbedPaneInstance(CubeMxEditor.java:1191) ~[com.st.stm32cube.common.mx_6.15.0.202507011659/:?]
	at com.st.stm32cube.common.mx.editor.CubeMxEditor$12$1.createSwingComponent(CubeMxEditor.java:1068) ~[com.st.stm32cube.common.mx_6.15.0.202507011659/:?]
	at com.st.stm32cube.common.mx.oss.core.awtswtbridge.EmbeddedSwingComposite.doComponentCreation(EmbeddedSwingComposite.java:492) ~[com.st.stm32cube.common.mx.oss_6.15.0.202507011659/:?]
	at com.st.stm32cube.common.mx.oss.core.awtswtbridge.EmbeddedSwingComposite$4.run(EmbeddedSwingComposite.java:291) ~[com.st.stm32cube.common.mx.oss_6.15.0.202507011659/:?]
	at com.st.stm32cube.common.mx.oss.core.awtswtbridge.AwtEnvironment$2.run(AwtEnvironment.java:166) ~[com.st.stm32cube.common.mx.oss_6.15.0.202507011659/:?]
	at java.awt.event.InvocationEvent.dispatch(InvocationEvent.java:318) ~[?:?]
	at java.awt.EventQueue.dispatchEventImpl(EventQueue.java:773) ~[?:?]
	at java.awt.EventQueue$4.run(EventQueue.java:720) ~[?:?]
	at java.awt.EventQueue$4.run(EventQueue.java:714) ~[?:?]
	at java.security.AccessController.doPrivileged(AccessController.java:400) ~[?:?]
	at java.security.ProtectionDomain$JavaSecurityAccessImpl.doIntersectionPrivilege(ProtectionDomain.java:87) ~[?:?]
	at java.awt.EventQueue.dispatchEvent(EventQueue.java:742) ~[?:?]
	at java.awt.EventDispatchThread.pumpOneEventForFilters(EventDispatchThread.java:203) ~[?:?]
	at java.awt.EventDispatchThread.pumpEventsForFilter(EventDispatchThread.java:124) ~[?:?]
	at java.awt.EventDispatchThread.pumpEventsForHierarchy(EventDispatchThread.java:113) ~[?:?]
	at java.awt.EventDispatchThread.pumpEvents(EventDispatchThread.java:109) ~[?:?]
	at java.awt.EventDispatchThread.pumpEvents(EventDispatchThread.java:101) ~[?:?]
	at java.awt.EventDispatchThread.run(EventDispatchThread.java:90) ~[?:?]
2026-07-30 15:43:56,337 [WARN] ThirdParty:871 - waiting for thirdparty lock release [close project]
2026-07-30 15:43:56,337 [INFO] ThirdParty:873 - entering critical section [close project]
2026-07-30 15:43:56,337 [INFO] ThirdParty:883 - exiting critical section [close project]
2026-07-30 15:43:56,342 [INFO] PinOutPanel:1589 - setPackage(No Configuration,No Configuration)
2026-07-30 15:43:56,367 [INFO] UtilMem:75 - Begin LoadConfig() Used Memory: 720358800 Bytes (1073741824)
2026-07-30 15:43:56,369 [INFO] OpenFileManager:355 - Change cursor
2026-07-30 15:43:56,424 [INFO] RulesReader:64 - Compatibility file has been processed (317 Rules)
2026-07-30 15:43:56,436 [INFO] ProjectFactory:514 - No CPN specified for board B-L4S5I-IOT01A => set CPN to STM32L4S5VIT6
2026-07-30 15:43:56,436 [INFO] Mcu:2029 - Initializing MCU STM32L4S5VITx STM32L4S5VITx STM32L4S5VIT6
2026-07-30 15:44:00,049 [INFO] Context:786 - Trying to add GPIOservice into a context  which must be forbidden
2026-07-30 15:44:01,521 [INFO] Rule:233 - rule 117617 - U5Cobra4M][GTZC] default value MPCBB3 and MPCBB5 - Not Secured memory - MPCBB1 is applicable
2026-07-30 15:44:01,521 [INFO] Rule:233 - rule 117617 - U5Cobra4M][GTZC] default value MPCBB3 and MPCBB5 - Not Secured memory - MPCBB1 is applicable
2026-07-30 15:44:01,521 [INFO] Rule:233 - rule 117617 - U5Cobra4M][GTZC] default value MPCBB3 and MPCBB5 - Not Secured memory - MPCBB2 is applicable
2026-07-30 15:44:01,521 [INFO] Rule:233 - rule 117617 - U5Cobra4M][GTZC] default value MPCBB3 and MPCBB5 - Not Secured memory - MPCBB2 is applicable
2026-07-30 15:44:01,521 [INFO] Rule:233 - rule 117617 - U5Cobra4M][GTZC] default value MPCBB3 and MPCBB5 - Not Secured memory - MPCBB3 is applicable
2026-07-30 15:44:01,521 [INFO] Rule:233 - rule 117617 - U5Cobra4M][GTZC] default value MPCBB3 and MPCBB5 - Not Secured memory - MPCBB3 is applicable
2026-07-30 15:44:01,521 [INFO] Rule:233 - rule 117617 - U5Cobra4M][GTZC] default value MPCBB3 and MPCBB5 - Not Secured memory - MPCBB4 is applicable
2026-07-30 15:44:01,521 [INFO] Rule:233 - rule 117617 - U5Cobra4M][GTZC] default value MPCBB3 and MPCBB5 - Not Secured memory - MPCBB4 is applicable
2026-07-30 15:44:01,521 [INFO] Rule:233 - rule 117617 - U5Cobra4M][GTZC] default value MPCBB3 and MPCBB5 - Secured memory - MPCBB1 is applicable
2026-07-30 15:44:01,521 [INFO] Rule:233 - rule 117617 - U5Cobra4M][GTZC] default value MPCBB3 and MPCBB5 - Secured memory - MPCBB2 is applicable
2026-07-30 15:44:01,521 [INFO] Rule:233 - rule 117617 - U5Cobra4M][GTZC] default value MPCBB3 and MPCBB5 - Secured memory - MPCBB3 is applicable
2026-07-30 15:44:01,521 [INFO] Rule:233 - rule 117617 - U5Cobra4M][GTZC] default value MPCBB3 and MPCBB5 - Secured memory - MPCBB4 is applicable
2026-07-30 15:44:01,521 [INFO] Rule:233 - rule 117617 - U5Cobra4M][GTZC] default value MPCBB3 and MPCBB5 - Privileged memory - MPCBB1 is applicable
2026-07-30 15:44:01,521 [INFO] Rule:233 - rule 117617 - U5Cobra4M][GTZC] default value MPCBB3 and MPCBB5 - Privileged memory - MPCBB2 is applicable
2026-07-30 15:44:01,521 [INFO] Rule:233 - rule 117617 - U5Cobra4M][GTZC] default value MPCBB3 and MPCBB5 - Privileged memory - MPCBB3 is applicable
2026-07-30 15:44:01,522 [INFO] Rule:233 - rule 117617 - U5Cobra4M][GTZC] default value MPCBB3 and MPCBB5 - Privileged memory - MPCBB4 is applicable
2026-07-30 15:44:01,522 [INFO] Rule:233 - rule 117617 - U5Cobra4M][GTZC] default value MPCBB3 and MPCBB5 - Not Privileged memory - MPCBB1 is applicable
2026-07-30 15:44:01,522 [INFO] Rule:233 - rule 117617 - U5Cobra4M][GTZC] default value MPCBB3 and MPCBB5 - Not Privileged memory - MPCBB2 is applicable
2026-07-30 15:44:01,522 [INFO] Rule:233 - rule 117617 - U5Cobra4M][GTZC] default value MPCBB3 and MPCBB5 - Not Privileged memory - MPCBB3 is applicable
2026-07-30 15:44:01,522 [INFO] Rule:233 - rule 117617 - U5Cobra4M][GTZC] default value MPCBB3 and MPCBB5 - Not Privileged memory - MPCBB4 is applicable
2026-07-30 15:44:01,522 [INFO] Rule:233 - rule 117617 - U5Cobra4M][GTZC] default value MPCBB3 and MPCBB5 - Privileged memory - MPCBB1 is applicable
2026-07-30 15:44:01,522 [INFO] Rule:233 - rule 117617 - U5Cobra4M][GTZC] default value MPCBB3 and MPCBB5 - Privileged memory - MPCBB2 is applicable
2026-07-30 15:44:01,522 [INFO] Rule:233 - rule 117617 - U5Cobra4M][GTZC] default value MPCBB3 and MPCBB5 - Privileged memory - MPCBB3 is applicable
2026-07-30 15:44:01,522 [INFO] Rule:233 - rule 117617 - U5Cobra4M][GTZC] default value MPCBB3 and MPCBB5 - Privileged memory - MPCBB4 is applicable
2026-07-30 15:44:01,522 [INFO] Rule:233 - rule 117617 - U5Cobra4M][GTZC] default value MPCBB3 and MPCBB5 - Privileged memory - MPCBB1 is applicable
2026-07-30 15:44:01,522 [INFO] Rule:233 - rule 117617 - U5Cobra4M][GTZC] default value MPCBB3 and MPCBB5 - Privileged memory - MPCBB2 is applicable
2026-07-30 15:44:01,522 [INFO] Rule:233 - rule 117617 - U5Cobra4M][GTZC] default value MPCBB3 and MPCBB5 - Privileged memory - MPCBB3 is applicable
2026-07-30 15:44:01,522 [INFO] Rule:233 - rule 117617 - U5Cobra4M][GTZC] default value MPCBB3 and MPCBB5 - Privileged memory - MPCBB4 is applicable
2026-07-30 15:44:01,522 [INFO] Rule:233 - rule 117617 - U5Cobra4M][GTZC] default value MPCBB3 and MPCBB5 - Not Privileged memory - MPCBB1 is applicable
2026-07-30 15:44:01,522 [INFO] Rule:233 - rule 117617 - U5Cobra4M][GTZC] default value MPCBB3 and MPCBB5 - Not Privileged memory - MPCBB2 is applicable
2026-07-30 15:44:01,522 [INFO] Rule:233 - rule 117617 - U5Cobra4M][GTZC] default value MPCBB3 and MPCBB5 - Not Privileged memory - MPCBB3 is applicable
2026-07-30 15:44:01,522 [INFO] Rule:233 - rule 117617 - U5Cobra4M][GTZC] default value MPCBB3 and MPCBB5 - Not Privileged memory - MPCBB4 is applicable
2026-07-30 15:44:01,522 [INFO] Rule:233 - rule 117617 - U5Cobra4M][GTZC] default value MPCBB3 and MPCBB5 - Privileged memory - MPCBB1 is applicable
2026-07-30 15:44:01,522 [INFO] Rule:233 - rule 117617 - U5Cobra4M][GTZC] default value MPCBB3 and MPCBB5 - Privileged memory - MPCBB2 is applicable
2026-07-30 15:44:01,522 [INFO] Rule:233 - rule 117617 - U5Cobra4M][GTZC] default value MPCBB3 and MPCBB5 - Privileged memory - MPCBB3 is applicable
2026-07-30 15:44:01,522 [INFO] Rule:233 - rule 117617 - U5Cobra4M][GTZC] default value MPCBB3 and MPCBB5 - Privileged memory - MPCBB4 is applicable
2026-07-30 15:44:01,522 [INFO] Rule:233 - rule WakeUp0 Mode is applicable
2026-07-30 15:44:01,522 [INFO] Rule:233 - rule WakeUp0 SIGNAL is applicable
2026-07-30 15:44:01,522 [INFO] Rule:233 - rule WakeUp1 Mode is applicable
2026-07-30 15:44:01,522 [INFO] Rule:233 - rule WakeUp1 SIGNAL is applicable
2026-07-30 15:44:01,522 [INFO] Rule:233 - rule WakeUp2 Mode is applicable
2026-07-30 15:44:01,522 [INFO] Rule:233 - rule WakeUp2 SIGNAL is applicable
2026-07-30 15:44:01,522 [INFO] Rule:233 - rule WakeUp4 Mode is applicable
2026-07-30 15:44:01,522 [INFO] Rule:233 - rule WakeUp4 SIGNAL is applicable
2026-07-30 15:44:01,523 [INFO] Rule:233 - rule WakeUp5 Mode is applicable
2026-07-30 15:44:01,523 [INFO] Rule:233 - rule WakeUp5 SIGNAL is applicable
2026-07-30 15:44:01,523 [INFO] Rule:233 - rule Change Default Value for LSE Drive Capability for WB family is applicable
2026-07-30 15:44:01,523 [INFO] Rule:233 - rule change FDCAN default value is applicable
2026-07-30 15:44:01,523 [INFO] Rule:233 - rule Adapt Old IOC before rework replace old CORTEX_M33/CORTEX_M55 attributes by the new one. is applicable
2026-07-30 15:44:01,523 [INFO] Rule:233 - rule Rename parametre of RCC RCC_APBDBG_DIV2 to RCC_TIMPRES_DIV2 is applicable
2026-07-30 15:44:01,523 [INFO] Rule:233 - rule Rename DIE493 pin PA10 [PA12] -> PA10 is applicable
2026-07-30 15:44:01,523 [INFO] Rule:233 - rule Rename DIE493 pin PA9 [PA11] -> PA9 is applicable
2026-07-30 15:44:01,523 [INFO] Rule:233 - rule Rename DIE492 PartNumber CPN STM32WBA5MJGHx -> STM32WBA5MMGHx is applicable
2026-07-30 15:44:01,523 [INFO] Rule:233 - rule Rename DIE492 PartNumber  Name STM32WBA5MJGHx -> STM32WBA5MMGHx is applicable
2026-07-30 15:44:01,523 [INFO] Rule:233 - rule Rename DIE492 PartNumber UserName STM32WBA5MJGHx -> STM32WBA5MMGHx is applicable
2026-07-30 15:44:01,523 [INFO] Rule:233 - rule Rename DIE492 PartNumber DeviceId STM32WBA5MJGHx -> STM32WBA5MMGHx is applicable
2026-07-30 15:44:01,523 [INFO] Rule:233 - rule Adapt Old IOC CSI. is applicable
2026-07-30 15:44:01,523 [INFO] Rule:233 - rule Adapt Old IOC DCMIPP. is applicable
2026-07-30 15:44:01,524 [INFO] Rule:233 - rule Adapt Old IOC DCMIPP Mode Parallel. is applicable
2026-07-30 15:44:01,524 [INFO] Rule:233 - rule Adapt Old IOC LTDC. is applicable
2026-07-30 15:44:01,524 [INFO] Rule:233 - rule Rename STM32MP2 RIF Peripheral LTDC RIF.RISUP.LTDC_L0L1.Privilege -> RIF.RISUP.LTDC_L1L2.Privilege is applicable
2026-07-30 15:44:01,524 [INFO] Rule:233 - rule Rename STM32MP2 RIF Peripheral LTDC RIF.RISUP.LTDC_L0L1.Privilege -> RIF.RISUP.LTDC_L1L2.Privilege is applicable
2026-07-30 15:44:01,524 [INFO] Rule:233 - rule Rename STM32MP2 RIF Peripheral LTDC RIF.RISUP.LTDC_L0L1.Lock -> RIF.RISUP.LTDC_L1L2.Lock is applicable
2026-07-30 15:44:01,524 [INFO] Rule:233 - rule Rename STM32MP2 RIF Peripheral LTDC RIF.RISUP.LTDC_L2.Lock -> RIF.RISUP.LTDC_L3.Lock is applicable
2026-07-30 15:44:01,524 [INFO] Rule:233 - rule Adapt the old IOC example for updating the SYS when it is misconfigured. is applicable
2026-07-30 15:44:01,524 [INFO] Rule:233 - rule Rename STM32C09 Mcu.Package LQFP64 -> LQFP48 is applicable
2026-07-30 15:44:01,524 [INFO] Rule:233 - rule Adapt the old IOC example for updating the SYS when it is misconfigured. is applicable
2026-07-30 15:44:01,524 [INFO] Rule:233 - rule Adapt the old IOC example for updating the SYS when it is misconfigured. is applicable
2026-07-30 15:44:01,532 [INFO] DbConfProperties:307 - Apply Compatibility (5/68 Rules)
2026-07-30 15:44:01,562 [INFO] ImportTextPane:234 - (OptionalMessage_ERROR) Pin84 (VP_RIF_VS_RIF1) cannot be retrieved for this MCU
2026-07-30 15:44:01,681 [INFO] RtosManager:558 - Registered RTOS mode: class=CMSIS, group=RTOS, mode=CMSIS_V1, owner=FREERTOS
2026-07-30 15:44:01,681 [INFO] RtosManager:558 - Registered RTOS mode: class=CMSIS, group=RTOS2, mode=CMSIS_V2, owner=FREERTOS
2026-07-30 15:44:01,681 [INFO] RtosManager:558 - Registered RTOS mode: class=RTOS, group=Core, mode=CMSIS_V1, owner=FREERTOS
2026-07-30 15:44:01,681 [INFO] RtosManager:558 - Registered RTOS mode: class=RTOS, group=Core, mode=CMSIS_V2, owner=FREERTOS
2026-07-30 15:44:01,681 [WARN] ModelIntegratedComponent:184 - Missing modes for component STMicroelectronics:FreeRTOS:0.0.1:STMicroelectronics:RTOS:FreeRTOS:Core:::10.2.0:
2026-07-30 15:44:01,926 [WARN] ModelIntegratedComponent:63 - No mode defined for component null
2026-07-30 15:44:01,926 [WARN] ModelIntegratedComponent:63 - No mode defined for component null
2026-07-30 15:44:01,926 [WARN] ModelIntegratedComponent:63 - No mode defined for component null
2026-07-30 15:44:01,926 [WARN] ModelIntegratedComponent:63 - No mode defined for component null
2026-07-30 15:44:01,926 [WARN] ModelIntegratedComponent:63 - No mode defined for component null
2026-07-30 15:44:01,926 [WARN] ModelIntegratedComponent:63 - No mode defined for component null
2026-07-30 15:44:01,926 [WARN] ModelIntegratedComponent:63 - No mode defined for component null
2026-07-30 15:44:01,926 [WARN] ModelIntegratedComponent:63 - No mode defined for component null
2026-07-30 15:44:01,926 [WARN] ModelIntegratedComponent:63 - No mode defined for component null
2026-07-30 15:44:01,926 [WARN] ModelIntegratedComponent:63 - No mode defined for component null
2026-07-30 15:44:01,926 [WARN] ModelIntegratedComponent:63 - No mode defined for component null
2026-07-30 15:44:01,927 [WARN] ModelIntegratedComponent:63 - No mode defined for component null
2026-07-30 15:44:01,927 [WARN] ModelIntegratedComponent:63 - No mode defined for component null
2026-07-30 15:44:01,927 [WARN] ModelIntegratedComponent:63 - No mode defined for component null
2026-07-30 15:44:01,927 [WARN] ModelIntegratedComponent:63 - No mode defined for component null
2026-07-30 15:44:01,927 [WARN] ModelIntegratedComponent:63 - No mode defined for component null
2026-07-30 15:44:01,927 [WARN] ModelIntegratedComponent:63 - No mode defined for component null
2026-07-30 15:44:01,927 [WARN] ModelIntegratedComponent:63 - No mode defined for component null
2026-07-30 15:44:01,927 [WARN] ModelIntegratedComponent:63 - No mode defined for component null
2026-07-30 15:44:01,927 [WARN] ModelIntegratedComponent:63 - No mode defined for component null
2026-07-30 15:44:01,927 [WARN] ModelIntegratedComponent:63 - No mode defined for component null
2026-07-30 15:44:01,927 [WARN] ModelIntegratedComponent:63 - No mode defined for component null
2026-07-30 15:44:01,927 [WARN] ModelIntegratedComponent:63 - No mode defined for component null
2026-07-30 15:44:01,927 [WARN] ModelIntegratedComponent:63 - No mode defined for component null
2026-07-30 15:44:01,927 [WARN] ModelIntegratedComponent:63 - No mode defined for component null
2026-07-30 15:44:01,927 [WARN] ModelIntegratedComponent:63 - No mode defined for component null
2026-07-30 15:44:01,927 [WARN] ModelIntegratedComponent:63 - No mode defined for component null
2026-07-30 15:44:01,927 [WARN] ModelIntegratedComponent:63 - No mode defined for component null
2026-07-30 15:44:01,927 [WARN] ModelIntegratedComponent:63 - No mode defined for component null
2026-07-30 15:44:01,927 [WARN] ModelIntegratedComponent:63 - No mode defined for component null
2026-07-30 15:44:01,927 [WARN] ModelIntegratedComponent:63 - No mode defined for component null
2026-07-30 15:44:01,927 [WARN] ModelIntegratedComponent:63 - No mode defined for component null
2026-07-30 15:44:01,927 [WARN] ModelIntegratedComponent:63 - No mode defined for component null
2026-07-30 15:44:01,927 [WARN] ModelIntegratedComponent:63 - No mode defined for component null
2026-07-30 15:44:01,927 [WARN] ModelIntegratedComponent:63 - No mode defined for component null
2026-07-30 15:44:01,927 [WARN] ModelPack:524 - Component already loaded: STMicroelectronics:HAL Drivers:0.0.0:STMicroelectronics:Device:STMicro_Driver:XSPI:HAL::0.0.1:HAL_XSPI
2026-07-30 15:44:01,964 [INFO] ThirdPartyModel:298 - Start build external matchings
2026-07-30 15:44:02,349 [INFO] ThirdPartyModel:316 - End build external matchings
2026-07-30 15:44:02,371 [WARN] IP:2250 - MaxTran not found: check if there is a RefParameter without a condition.
2026-07-30 15:44:02,371 [WARN] IP:2250 - Refresh not found: check if there is a RefParameter without a condition.
2026-07-30 15:44:02,371 [INFO] ImportTextPane:234 - (OptionalMessage_ERROR) IP (RCC) : Invalid parameter (FamilyName)
2026-07-30 15:44:02,827 [INFO] UtilMem:75 - End LoadConfig() Used Memory: 598898336 Bytes (1073741824)
2026-07-30 15:44:02,994 [WARN] ThirdParty:833 - waiting for thirdparty lock release [change project]
2026-07-30 15:44:02,995 [INFO] ThirdParty:835 - entering critical section [change project]
2026-07-30 15:44:02,995 [INFO] ThirdParty:1030 - CMSIS Pack Vendor :STMicroelectronics X-CUBE-AZRTOS-H7 3.5.0
2026-07-30 15:44:02,995 [INFO] ThirdParty:1030 - CMSIS Pack Vendor :STMicroelectronics X-CUBE-PM33A1 1.0.0
2026-07-30 15:44:02,995 [INFO] ThirdParty:1030 - CMSIS Pack Vendor :STMicroelectronics USBPD 4.1
2026-07-30 15:44:02,995 [INFO] ThirdParty:1030 - CMSIS Pack Vendor :STMicroelectronics X-CUBE-NFC9 1.0.0
2026-07-30 15:44:02,995 [INFO] ThirdParty:1030 - CMSIS Pack Vendor :STMicroelectronics USB_HOST 2.0.0
2026-07-30 15:44:02,995 [INFO] ThirdParty:1030 - CMSIS Pack Vendor :STMicroelectronics FP-ATR-ASTRA1 2.0.3
2026-07-30 15:44:02,995 [INFO] ThirdParty:1030 - CMSIS Pack Vendor :STMicroelectronics X-CUBE-AZRTOS-F4 1.1.0
2026-07-30 15:44:02,995 [INFO] ThirdParty:1030 - CMSIS Pack Vendor :STMicroelectronics LIBJPEG 8.0.0
2026-07-30 15:44:02,995 [INFO] ThirdParty:1030 - CMSIS Pack Vendor :STMicroelectronics X-CUBE-BLE1 7.1.0
2026-07-30 15:44:02,995 [INFO] ThirdParty:1030 - CMSIS Pack Vendor :wolfSSL I-CUBE-wolfMQTT 1.19.2
2026-07-30 15:44:02,995 [INFO] ThirdParty:1030 - CMSIS Pack Vendor :STMicroelectronics USB_DEVICE 3.0.0
2026-07-30 15:44:02,995 [INFO] ThirdParty:1030 - CMSIS Pack Vendor :STMicroelectronics X-CUBE-ISPU 2.1.0
2026-07-30 15:44:02,995 [INFO] ThirdParty:1030 - CMSIS Pack Vendor :STMicroelectronics X-CUBE-EEPRMA1 5.2.0
2026-07-30 15:44:02,995 [INFO] ThirdParty:1030 - CMSIS Pack Vendor :STMicroelectronics X-CUBE-IPS 3.2.0
2026-07-30 15:44:02,995 [INFO] ThirdParty:1030 - CMSIS Pack Vendor :STMicroelectronics eDS-WB_DPC_TT-BIDIR 2.1.1
2026-07-30 15:44:02,995 [INFO] ThirdParty:1030 - CMSIS Pack Vendor :STMicroelectronics X-CUBE-AZRTOS-WB 2.0.0
2026-07-30 15:44:02,995 [INFO] ThirdParty:1030 - CMSIS Pack Vendor :STMicroelectronics X-CUBE-NFC12 1.0.0
2026-07-30 15:44:02,995 [INFO] ThirdParty:1030 - CMSIS Pack Vendor :STMicroelectronics X-CUBE-AZRTOS-F7 1.1.0
2026-07-30 15:44:02,995 [INFO] ThirdParty:1030 - CMSIS Pack Vendor :STMicroelectronics X-CUBE-AZRTOS-L5 2.0.0
2026-07-30 15:44:02,995 [INFO] ThirdParty:1030 - CMSIS Pack Vendor :STMicroelectronics USB_DEVICE 2.0.0
2026-07-30 15:44:02,995 [INFO] ThirdParty:1030 - CMSIS Pack Vendor :STMicroelectronics X-CUBE-FREERTOS 1.6.0
2026-07-30 15:44:02,995 [INFO] ThirdParty:1030 - CMSIS Pack Vendor :STMicroelectronics FP-SNS-STAIOTCFT 1.1.0
2026-07-30 15:44:02,995 [INFO] ThirdParty:1030 - CMSIS Pack Vendor :quantropi X-CUBE-qispace-sdk-base 2.1.0
2026-07-30 15:44:02,995 [INFO] ThirdParty:1030 - CMSIS Pack Vendor :STMicroelectronics X-CUBE-STSE01 2.0.0
2026-07-30 15:44:02,995 [INFO] ThirdParty:1030 - CMSIS Pack Vendor :STMicroelectronics X-CUBE-ALGOBUILD 1.5.0
2026-07-30 15:44:02,995 [INFO] ThirdParty:1030 - CMSIS Pack Vendor :STMicroelectronics FP-SNS-MOTENV1 5.1.0
2026-07-30 15:44:02,995 [INFO] ThirdParty:1030 - CMSIS Pack Vendor :STMicroelectronics FreeRTOS 0.0.1
2026-07-30 15:44:02,995 [INFO] ThirdParty:1030 - CMSIS Pack Vendor :STMicroelectronics X-CUBE-AZRTOS-H7RS 1.3.0
2026-07-30 15:44:02,995 [INFO] ThirdParty:1030 - CMSIS Pack Vendor :STMicroelectronics X-CUBE-AZRTOS-G0 1.1.0
2026-07-30 15:44:02,995 [INFO] ThirdParty:1030 - CMSIS Pack Vendor :STMicroelectronics X-CUBE-NFC4 3.0.0
2026-07-30 15:44:02,995 [INFO] ThirdParty:1030 - CMSIS Pack Vendor :STMicroelectronics X-CUBE-SUBG2 5.0.0
2026-07-30 15:44:02,995 [INFO] ThirdParty:1030 - CMSIS Pack Vendor :STMicroelectronics STM32_WPAN 1.0.0
2026-07-30 15:44:02,995 [INFO] ThirdParty:1030 - CMSIS Pack Vendor :STMicroelectronics eDS-WB_DPC_VIENNA 1.2.0
2026-07-30 15:44:02,995 [INFO] ThirdParty:1030 - CMSIS Pack Vendor :EmbeddedOffice I-CUBE-FS-RTOS 1.0.1
2026-07-30 15:44:02,995 [INFO] ThirdParty:1030 - CMSIS Pack Vendor :STMicroelectronics lwIP 2.0.3
2026-07-30 15:44:02,995 [INFO] ThirdParty:1030 - CMSIS Pack Vendor :WES I-CUBE-Cesium 1.4.0
2026-07-30 15:44:02,996 [INFO] ThirdParty:1030 - CMSIS Pack Vendor :STMicroelectronics X-CUBE-MEMS1 13.0.0
2026-07-30 15:44:02,996 [INFO] ThirdParty:1030 - CMSIS Pack Vendor :STMicroelectronics eDS-WB_DPC_3PH2L-BIDIR 1.1.1
2026-07-30 15:44:02,996 [INFO] ThirdParty:1030 - CMSIS Pack Vendor :STMicroelectronics USB_HOST 1.0.0
2026-07-30 15:44:02,996 [INFO] ThirdParty:1030 - CMSIS Pack Vendor :STMicroelectronics X-CUBE-AZRTOS-G4 2.0.0
2026-07-30 15:44:02,996 [INFO] ThirdParty:1030 - CMSIS Pack Vendor :STMicroelectronics PDM2PCM 3.1.0
2026-07-30 15:44:02,996 [INFO] ThirdParty:1030 - CMSIS Pack Vendor :STMicroelectronics PDM2PCM 3.3.0
2026-07-30 15:44:02,996 [INFO] ThirdParty:1030 - CMSIS Pack Vendor :wolfSSL I-CUBE-wolfTPM 3.8.0
2026-07-30 15:44:02,996 [INFO] ThirdParty:1030 - CMSIS Pack Vendor :STMicroelectronics X-CUBE-DISPLAY 3.0.0
2026-07-30 15:44:02,996 [INFO] ThirdParty:1030 - CMSIS Pack Vendor :wolfSSL I-CUBE-wolfSSH 1.4.20
2026-07-30 15:44:02,996 [INFO] ThirdParty:1030 - CMSIS Pack Vendor :STMicroelectronics X-CUBE-NFC7 2.0.0
2026-07-30 15:44:02,996 [INFO] ThirdParty:1030 - CMSIS Pack Vendor :STMicroelectronics X-CUBE-GNSS1 7.1.1
2026-07-30 15:44:02,996 [INFO] ThirdParty:1030 - CMSIS Pack Vendor :STMicroelectronics FP-SNS-MOTENVWB1 1.5.0
2026-07-30 15:44:02,996 [INFO] ThirdParty:1030 - CMSIS Pack Vendor :STMicroelectronics X-CUBE-TCPP 4.2.0
2026-07-30 15:44:02,996 [INFO] ThirdParty:1030 - CMSIS Pack Vendor :RealThread X-CUBE-RT-Thread_Nano 4.1.1
2026-07-30 15:44:02,996 [INFO] ThirdParty:1030 - CMSIS Pack Vendor :STMicroelectronics FP-ATR-SIGFOX1 3.2.0
2026-07-30 15:44:02,996 [INFO] ThirdParty:1030 - CMSIS Pack Vendor :STMicroelectronics X-CUBE-NFC10 1.0.0
2026-07-30 15:44:02,996 [INFO] ThirdParty:1030 - CMSIS Pack Vendor :STMicroelectronics HAL Drivers 0.0.0
2026-07-30 15:44:02,996 [INFO] ThirdParty:1030 - CMSIS Pack Vendor :STMicroelectronics MBEDTLS 2.16.2
2026-07-30 15:44:02,996 [INFO] ThirdParty:1030 - CMSIS Pack Vendor :STMicroelectronics X-CUBE-ST60 1.1.0
2026-07-30 15:44:02,996 [INFO] ThirdParty:1030 - CMSIS Pack Vendor :STMicroelectronics X-CUBE-ALS 1.0.2
2026-07-30 15:44:02,996 [INFO] ThirdParty:1030 - CMSIS Pack Vendor :emotas I-CUBE-CANOPEN 1.3.0
2026-07-30 15:44:02,996 [INFO] ThirdParty:1030 - CMSIS Pack Vendor :wolfSSL I-CUBE-wolfSSL 5.9.2
2026-07-30 15:44:02,996 [INFO] ThirdParty:1030 - CMSIS Pack Vendor :STMicroelectronics MBEDTLS 2.14.1
2026-07-30 15:44:02,996 [INFO] ThirdParty:1030 - CMSIS Pack Vendor :ITTIA_DB I-CUBE-ITTIADB 8.9.0
2026-07-30 15:44:02,996 [INFO] ThirdParty:1030 - CMSIS Pack Vendor :Cesanta I-CUBE-Mongoose 7.21.7
2026-07-30 15:44:02,996 [INFO] ThirdParty:1030 - CMSIS Pack Vendor :STMicroelectronics X-CUBE-TOUCHGFX 4.26.1
2026-07-30 15:44:02,996 [INFO] ThirdParty:1030 - CMSIS Pack Vendor :STMicroelectronics X-CUBE-NFC6 3.2.0
2026-07-30 15:44:02,996 [INFO] ThirdParty:1030 - CMSIS Pack Vendor :STMicroelectronics FP-SNS-STBOX1 2.1.0
2026-07-30 15:44:02,996 [INFO] ThirdParty:1030 - CMSIS Pack Vendor :STMicroelectronics X-CUBE-AI 10.2.1
2026-07-30 15:44:02,996 [INFO] ThirdParty:1030 - CMSIS Pack Vendor :STMicroelectronics ThreadX 1.0.0
2026-07-30 15:44:02,996 [INFO] ThirdParty:1030 - CMSIS Pack Vendor :STMicroelectronics FP-SNS-SMARTAG2 1.2.0
2026-07-30 15:44:02,996 [INFO] ThirdParty:1030 - CMSIS Pack Vendor :STMicroelectronics FP-SNS-FLIGHT1 5.1.0
2026-07-30 15:44:02,996 [INFO] ThirdParty:1030 - CMSIS Pack Vendor :STMicroelectronics X-CUBE-AZRTOS-WL 2.0.0
2026-07-30 15:44:02,996 [INFO] ThirdParty:1030 - CMSIS Pack Vendor :SEGGER I-CUBE-embOS 1.3.1
2026-07-30 15:44:02,996 [INFO] ThirdParty:1030 - CMSIS Pack Vendor :STMicroelectronics X-CUBE-DPower 1.3.0
2026-07-30 15:44:02,996 [INFO] ThirdParty:1030 - CMSIS Pack Vendor :STMicroelectronics USB_DEVICE 1.0.0
2026-07-30 15:44:02,996 [INFO] ThirdParty:1030 - CMSIS Pack Vendor :STMicroelectronics X-CUBE-AZRTOS-L4 2.0.0
2026-07-30 15:44:02,996 [INFO] ThirdParty:1030 - CMSIS Pack Vendor :STMicroelectronics ThreadX 0.0.2
2026-07-30 15:44:02,996 [INFO] ThirdParty:1030 - CMSIS Pack Vendor :STMicroelectronics lwIP 2.1.2
2026-07-30 15:44:02,996 [INFO] ThirdParty:1030 - CMSIS Pack Vendor :STMicroelectronics X-CUBE-SFXS2LP1 4.0.0
2026-07-30 15:44:02,996 [INFO] ThirdParty:1030 - CMSIS Pack Vendor :STMicroelectronics X-CUBE-BLE2 3.3.0
2026-07-30 15:44:02,996 [INFO] ThirdParty:1030 - CMSIS Pack Vendor :Avnet-IOTCONNECT X-CUBE-iotc-st67-sdk 1.0.0
2026-07-30 15:44:02,996 [INFO] ThirdParty:1030 - CMSIS Pack Vendor :STMicroelectronics X-CUBE-TOF1 3.4.3
2026-07-30 15:44:02,996 [INFO] ThirdParty:1030 - CMSIS Pack Vendor :Infineon AIROC-Wi-Fi-Bluetooth-STM32 1.8.0
2026-07-30 15:44:02,996 [INFO] ThirdParty:1030 - CMSIS Pack Vendor :STMicroelectronics X-CUBE-NFC13 1.0.0
2026-07-30 15:44:02,996 [INFO] ThirdParty:1030 - CMSIS Pack Vendor :STMicroelectronics PDM2PCM 3.2.0
2026-07-30 15:44:02,996 [INFO] ThirdParty:1030 - CMSIS Pack Vendor :STMicroelectronics X-CUBE-WB05N 2.1.0
2026-07-30 15:44:02,997 [INFO] ThirdParty:841 - exiting critical section [change project]
2026-07-30 15:44:03,273 [INFO] PinOutPanel:1589 - setPackage(No Configuration,No Configuration)
2026-07-30 15:44:03,274 [INFO] PinOutPanel:1589 - setPackage(STM32L4S5VITx,LQFP100)
2026-07-30 15:44:03,928 [INFO] UtilMem:75 - Before build in PCC Used Memory: 531782688 Bytes (1073741824)
2026-07-30 15:44:04,497 [INFO] UtilMem:75 - After build in PCC Used Memory: 641883168 Bytes (1073741824)
2026-07-30 15:44:04,530 [INFO] IPUIPlugin:80 - create IPUIPlugin
2026-07-30 15:44:04,530 [INFO] IPUIPlugin:80 - create IPUIPlugin
2026-07-30 15:44:04,530 [INFO] IPUIPlugin:80 - create IPUIPlugin
2026-07-30 15:44:04,530 [INFO] IPUIPlugin:80 - create IPUIPlugin
2026-07-30 15:44:04,530 [INFO] IPUIPlugin:80 - create IPUIPlugin
2026-07-30 15:44:04,530 [INFO] IPUIPlugin:80 - create IPUIPlugin
2026-07-30 15:44:04,530 [INFO] IPUIPlugin:80 - create IPUIPlugin
2026-07-30 15:44:04,531 [INFO] IPUIPlugin:80 - create IPUIPlugin
2026-07-30 15:44:04,531 [INFO] IPUIPlugin:80 - create IPUIPlugin
2026-07-30 15:44:04,531 [INFO] IPUIPlugin:80 - create IPUIPlugin
2026-07-30 15:44:04,531 [INFO] IPUIPlugin:80 - create IPUIPlugin
2026-07-30 15:44:04,531 [INFO] IPUIPlugin:80 - create IPUIPlugin
2026-07-30 15:44:04,531 [INFO] IPUIPlugin:80 - create IPUIPlugin
2026-07-30 15:44:04,531 [INFO] IPUIPlugin:80 - create IPUIPlugin
2026-07-30 15:44:04,531 [INFO] IPUIPlugin:80 - create IPUIPlugin
2026-07-30 15:44:04,532 [INFO] IPUIPlugin:80 - create IPUIPlugin
2026-07-30 15:44:04,532 [INFO] IPUIPlugin:80 - create IPUIPlugin
2026-07-30 15:44:04,532 [INFO] IPUIPlugin:80 - create IPUIPlugin
2026-07-30 15:44:04,532 [INFO] IPUIPlugin:80 - create IPUIPlugin
2026-07-30 15:44:04,532 [INFO] IPUIPlugin:80 - create IPUIPlugin
2026-07-30 15:44:04,532 [INFO] IPUIPlugin:80 - create IPUIPlugin
2026-07-30 15:44:04,533 [INFO] IPUIPlugin:80 - create IPUIPlugin
2026-07-30 15:44:04,533 [INFO] IPUIPlugin:80 - create IPUIPlugin
2026-07-30 15:44:04,533 [INFO] IPUIPlugin:80 - create IPUIPlugin
2026-07-30 15:44:04,533 [INFO] IPUIPlugin:80 - create IPUIPlugin
2026-07-30 15:44:04,533 [INFO] IPUIPlugin:80 - create IPUIPlugin
2026-07-30 15:44:04,534 [INFO] IPUIPlugin:80 - create IPUIPlugin
2026-07-30 15:44:04,534 [INFO] IPUIPlugin:80 - create IPUIPlugin
2026-07-30 15:44:04,534 [INFO] IPUIPlugin:80 - create IPUIPlugin
2026-07-30 15:44:04,534 [INFO] IPUIPlugin:80 - create IPUIPlugin
2026-07-30 15:44:04,534 [INFO] IPUIPlugin:80 - create IPUIPlugin
2026-07-30 15:44:04,535 [INFO] IPUIPlugin:80 - create IPUIPlugin
2026-07-30 15:44:04,535 [INFO] IPUIPlugin:80 - create IPUIPlugin
2026-07-30 15:44:04,535 [INFO] IPUIPlugin:80 - create IPUIPlugin
2026-07-30 15:44:04,535 [INFO] IPUIPlugin:80 - create IPUIPlugin
2026-07-30 15:44:04,535 [INFO] IPUIPlugin:80 - create IPUIPlugin
2026-07-30 15:44:04,536 [INFO] IPUIPlugin:80 - create IPUIPlugin
2026-07-30 15:44:04,536 [INFO] IPUIPlugin:80 - create IPUIPlugin
2026-07-30 15:44:04,536 [INFO] IPUIPlugin:80 - create IPUIPlugin
2026-07-30 15:44:04,536 [INFO] IPUIPlugin:80 - create IPUIPlugin
2026-07-30 15:44:04,536 [INFO] IPUIPlugin:80 - create IPUIPlugin
2026-07-30 15:44:04,537 [INFO] IPUIPlugin:80 - create IPUIPlugin
2026-07-30 15:44:04,537 [INFO] IPUIPlugin:80 - create IPUIPlugin
2026-07-30 15:44:04,537 [INFO] IPUIPlugin:80 - create IPUIPlugin
2026-07-30 15:44:04,537 [INFO] IPUIPlugin:80 - create IPUIPlugin
2026-07-30 15:44:04,538 [INFO] IPUIPlugin:80 - create IPUIPlugin
2026-07-30 15:44:04,538 [INFO] IPUIPlugin:80 - create IPUIPlugin
2026-07-30 15:44:04,538 [INFO] IPUIPlugin:80 - create IPUIPlugin
2026-07-30 15:44:04,538 [INFO] IPUIPlugin:80 - create IPUIPlugin
2026-07-30 15:44:04,539 [INFO] IPUIPlugin:80 - create IPUIPlugin
2026-07-30 15:44:04,539 [INFO] IPUIPlugin:80 - create IPUIPlugin
2026-07-30 15:44:04,539 [INFO] IPUIPlugin:80 - create IPUIPlugin
2026-07-30 15:44:04,539 [INFO] IPUIPlugin:80 - create IPUIPlugin
2026-07-30 15:44:04,540 [INFO] IPUIPlugin:80 - create IPUIPlugin
2026-07-30 15:44:04,540 [INFO] IPUIPlugin:80 - create IPUIPlugin
2026-07-30 15:44:04,540 [INFO] IPUIPlugin:80 - create IPUIPlugin
2026-07-30 15:44:04,541 [INFO] IPUIPlugin:80 - create IPUIPlugin
2026-07-30 15:44:04,541 [INFO] IPUIPlugin:80 - create IPUIPlugin
2026-07-30 15:44:04,541 [INFO] IPUIPlugin:80 - create IPUIPlugin
2026-07-30 15:44:04,541 [INFO] IPUIPlugin:80 - create IPUIPlugin
2026-07-30 15:44:04,542 [INFO] IPUIPlugin:80 - create IPUIPlugin
2026-07-30 15:44:04,542 [INFO] IPUIPlugin:80 - create IPUIPlugin
2026-07-30 15:44:04,543 [INFO] IPUIPlugin:80 - create IPUIPlugin
2026-07-30 15:44:04,633 [INFO] CADModel:165 - CPN selected for project levelSTM32L4S5VIT6
2026-07-30 15:44:04,633 [INFO] CADModel:114 - Register for checkConnection events
2026-07-30 15:44:04,783 [INFO] OpenFileManager:386 - Restore cursor
2026-07-30 15:44:05,285 [WARN] IP:2250 - MaxTran not found: check if there is a RefParameter without a condition.
2026-07-30 15:44:05,285 [WARN] IP:2250 - Refresh not found: check if there is a RefParameter without a condition.
2026-07-30 15:44:05,286 [WARN] IP:2250 - MaxTran not found: check if there is a RefParameter without a condition.
2026-07-30 15:44:05,286 [WARN] IP:2250 - Refresh not found: check if there is a RefParameter without a condition.
2026-07-30 15:44:06,729 [INFO] UtilMem:75 - End SaveConfig() Used Memory: 902439616 Bytes (1073741824)
2026-07-30 15:44:06,908 [INFO] UtilMem:75 - End SaveConfig() Used Memory: 920797088 Bytes (1073741824)
2026-07-30 15:44:07,129 [INFO] BlockDiagram:2775 - set Specific Code input for plugin: SPI
2026-07-30 15:44:07,130 [INFO] BlockDiagram:2775 - set Specific Code input for plugin: SPI
2026-07-30 15:44:07,130 [INFO] BlockDiagram:2775 - set Specific Code input for plugin: DFSDM
2026-07-30 15:44:07,130 [INFO] BlockDiagram:2775 - set Specific Code input for plugin: SYS
2026-07-30 15:44:07,130 [INFO] BlockDiagram:2775 - set Specific Code input for plugin: ADC
2026-07-30 15:44:07,130 [INFO] BlockDiagram:2775 - set Specific Code input for plugin: RCC
2026-07-30 15:44:07,130 [INFO] BlockDiagram:2775 - set Specific Code input for plugin: I2C
2026-07-30 15:44:07,130 [INFO] BlockDiagram:2775 - set Specific Code input for plugin: I2C
2026-07-30 15:44:07,130 [INFO] BlockDiagram:2775 - set Specific Code input for plugin: USB_OTG_FS
2026-07-30 15:44:07,130 [INFO] BlockDiagram:2775 - set Specific Code input for plugin: NVIC
2026-07-30 15:44:07,130 [INFO] BlockDiagram:2775 - set Specific Code input for plugin: USART
2026-07-30 15:44:07,130 [INFO] BlockDiagram:2775 - set Specific Code input for plugin: USART
2026-07-30 15:44:07,130 [INFO] BlockDiagram:2775 - set Specific Code input for plugin: USART
2026-07-30 15:44:07,130 [INFO] BlockDiagram:2775 - set Specific Code input for plugin: OCTOSPI
2026-07-30 15:44:07,130 [INFO] BlockDiagram:2775 - set Specific Code input for plugin: UART
2026-07-30 15:44:07,131 [INFO] BlockDiagram:2775 - set Specific Code input for plugin: GPIO
2026-07-30 15:44:07,131 [INFO] CodeGenerator:892 - code generatio: config db path: C:\ST\STM32CubeIDE_1.19.0\STM32CubeIDE\plugins\com.st.stm32cube.common.mx_6.15.0.202507011659\\db\
2026-07-30 15:44:07,193 [WARN] IP:2250 - MaxTran not found: check if there is a RefParameter without a condition.
2026-07-30 15:44:07,193 [WARN] IP:2250 - Refresh not found: check if there is a RefParameter without a condition.
2026-07-30 15:44:07,359 [INFO] CodeEngine:265 - oldGeneratedFile, D:\TinyML_Workshop-main\TinyML_Workshop_PGR\TinyML_PGR\STM32\BackupIMU\MXTmpFiles\license.tmp_save
2026-07-30 15:44:07,445 [INFO] CodeEngine:289 - Generated code: D:\TinyML_Workshop-main\TinyML_Workshop_PGR\TinyML_PGR\STM32\BackupIMU\MXTmpFiles\license.tmp
2026-07-30 15:44:07,751 [INFO] CodeEngine:265 - oldGeneratedFile, D:\TinyML_Workshop-main\TinyML_Workshop_PGR\TinyML_PGR\STM32\BackupIMU\MXTmpFiles\gpio.tmp_save
2026-07-30 15:44:07,836 [INFO] CodeEngine:289 - Generated code: D:\TinyML_Workshop-main\TinyML_Workshop_PGR\TinyML_PGR\STM32\BackupIMU\MXTmpFiles\gpio.tmp
2026-07-30 15:44:11,048 [WARN] IPConfigManager:103 - WARNING: Missing Config File for USB ip!!
2026-07-30 15:44:11,257 [WARN] IPConfigManager:3238 - Warning: the RefConfig PWREx_EnableUSBVoltageDetector is not available in your config.xml file
2026-07-30 15:44:11,284 [INFO] CodeEngine:265 - oldGeneratedFile, D:\TinyML_Workshop-main\TinyML_Workshop_PGR\TinyML_PGR\STM32\BackupIMU\Core\Src\stm32l4xx_it.c_save
2026-07-30 15:44:11,397 [INFO] CodeEngine:289 - Generated code: D:\TinyML_Workshop-main\TinyML_Workshop_PGR\TinyML_PGR\STM32\BackupIMU\Core\Src\stm32l4xx_it.c
2026-07-30 15:44:11,401 [INFO] CodeEngine:265 - oldGeneratedFile, D:\TinyML_Workshop-main\TinyML_Workshop_PGR\TinyML_PGR\STM32\BackupIMU\Core\Inc\stm32l4xx_it.h_save
2026-07-30 15:44:11,477 [INFO] CodeEngine:289 - Generated code: D:\TinyML_Workshop-main\TinyML_Workshop_PGR\TinyML_PGR\STM32\BackupIMU\Core\Inc\stm32l4xx_it.h
2026-07-30 15:44:11,492 [INFO] CodeEngine:265 - oldGeneratedFile, D:\TinyML_Workshop-main\TinyML_Workshop_PGR\TinyML_PGR\STM32\BackupIMU\Core\Src\stm32l4xx_hal_msp.c_save
2026-07-30 15:44:11,625 [INFO] CodeEngine:289 - Generated code: D:\TinyML_Workshop-main\TinyML_Workshop_PGR\TinyML_PGR\STM32\BackupIMU\Core\Src\stm32l4xx_hal_msp.c
2026-07-30 15:44:11,630 [INFO] CodeEngine:265 - oldGeneratedFile, D:\TinyML_Workshop-main\TinyML_Workshop_PGR\TinyML_PGR\STM32\BackupIMU\MXTmpFiles\system.tmp_save
2026-07-30 15:44:11,706 [INFO] CodeEngine:289 - Generated code: D:\TinyML_Workshop-main\TinyML_Workshop_PGR\TinyML_PGR\STM32\BackupIMU\MXTmpFiles\system.tmp
2026-07-30 15:44:11,717 [INFO] CodeEngine:321 - oldGeneratedFile, D:\TinyML_Workshop-main\TinyML_Workshop_PGR\TinyML_PGR\STM32\BackupIMU\Core\Inc\stm32l4xx_hal_conf.h_save
2026-07-30 15:44:11,801 [INFO] CodeEngine:345 - Generated code: D:\TinyML_Workshop-main\TinyML_Workshop_PGR\TinyML_PGR\STM32\BackupIMU\Core\Inc\stm32l4xx_hal_conf.h
2026-07-30 15:44:11,867 [INFO] ApiDbMcu:532 - Load IP Config File for ADC1
2026-07-30 15:44:11,884 [INFO] ApiDbMcu:532 - Load IP Config File for DFSDM1
2026-07-30 15:44:11,890 [INFO] ApiDbMcu:532 - Load IP Config File for I2C1
2026-07-30 15:44:11,894 [INFO] ApiDbMcu:532 - Load IP Config File for I2C2
2026-07-30 15:44:11,898 [INFO] ApiDbMcu:532 - Load IP Config File for OCTOSPI1
2026-07-30 15:44:11,902 [INFO] ApiDbMcu:532 - Load IP Config File for SPI1
2026-07-30 15:44:11,906 [INFO] ApiDbMcu:532 - Load IP Config File for SPI3
2026-07-30 15:44:11,918 [INFO] ApiDbMcu:532 - Load IP Config File for UART4
2026-07-30 15:44:11,931 [INFO] ApiDbMcu:532 - Load IP Config File for USART1
2026-07-30 15:44:11,944 [INFO] ApiDbMcu:532 - Load IP Config File for USART2
2026-07-30 15:44:11,957 [INFO] ApiDbMcu:532 - Load IP Config File for USART3
2026-07-30 15:44:11,957 [ERROR] ApiDbMcu:560 - Cannot parse USB_OTG_FS_Config file : file do not exist
2026-07-30 15:44:11,958 [ERROR] ApiDbMcu:560 - Cannot parse USB_OTG_FS_Config file : file do not exist
2026-07-30 15:44:11,962 [INFO] ApiDbMcu:532 - Load IP Config File for RCC
2026-07-30 15:44:11,966 [WARN] IPConfigManager:3811 - IP not found : USB_OTG
2026-07-30 15:44:11,967 [WARN] CodeGenerator:4259 - IP not found : null
2026-07-30 15:44:11,974 [INFO] CodeEngine:265 - oldGeneratedFile, D:\TinyML_Workshop-main\TinyML_Workshop_PGR\TinyML_PGR\STM32\BackupIMU\Core\Inc\main.h_save
2026-07-30 15:44:12,060 [INFO] CodeEngine:289 - Generated code: D:\TinyML_Workshop-main\TinyML_Workshop_PGR\TinyML_PGR\STM32\BackupIMU\Core\Inc\main.h
2026-07-30 15:44:12,065 [INFO] CodeEngine:265 - oldGeneratedFile, D:\TinyML_Workshop-main\TinyML_Workshop_PGR\TinyML_PGR\STM32\BackupIMU\Core\Src\main.c_save
2026-07-30 15:44:12,186 [INFO] CodeEngine:289 - Generated code: D:\TinyML_Workshop-main\TinyML_Workshop_PGR\TinyML_PGR\STM32\BackupIMU\Core\Src\main.c
2026-07-30 15:44:12,485 [INFO] ProjectBuilder:3606 - Time for Copy HAL[1] : 138mS.
2026-07-30 15:44:12,488 [INFO] ProjectBuilder:5216 - Project Generator version: 4.7.0-B52
2026-07-30 15:44:12,570 [INFO] ConfigFileManager:1595 - The Die is : DIE470
2026-07-30 15:44:12,573 [INFO] ApiDbMcu:532 - Load IP Config File for FATFS
2026-07-30 15:44:12,581 [INFO] ApiDbMcu:532 - Load IP Config File for FREERTOS
2026-07-30 15:44:12,591 [INFO] ApiDbMcu:532 - Load IP Config File for TOUCHSENSING
2026-07-30 15:44:12,596 [INFO] ApiDbMcu:532 - Load IP Config File for USB_DEVICE
2026-07-30 15:44:12,599 [INFO] ApiDbMcu:532 - Load IP Config File for USB_HOST
2026-07-30 15:44:14,584 [INFO] ProjectBuilder:5496 - Time for Generating toolchain IDE Files: 2096mS.
2026-07-30 15:44:14,585 [INFO] ProjectBuilder:3463 - Time for Copy CMSIS : 0mS.
2026-07-30 15:44:14,586 [INFO] ProjectBuilder:3463 - Time for Copy CMSIS : 0mS.
2026-07-30 15:44:15,448 [INFO] McuFinderGlobals:76 - Set McuFinderConnectedMode to true
2026-07-30 15:44:15,452 [INFO] ApiDb:448 - Save user favorites file C:\Users\ADMIN/.stm32cubeide/favorites.mcus.txt: 0 item(s)
2026-07-30 15:44:15,452 [INFO] ApiDb:452 - User favorites MCUs=[]
2026-07-30 15:44:15,454 [INFO] ApiDb:448 - Save user favorites file C:\Users\ADMIN/.stm32cubeide/favorites.boards.txt: 0 item(s)
2026-07-30 15:44:15,454 [INFO] ApiDb:452 - User favorites Boards=[]
2026-07-30 15:44:50,710 [ERROR] LogOutputStream:75 - [STDERR_REDIRECT] 
2026-07-30 15:44:50,713 [ERROR] LogOutputStream:75 - [STDERR_REDIRECT] 
2026-07-30 15:46:40,062 [INFO] Activator:176 - 


2026-07-30 15:46:40,065 [INFO] Activator:177 - !SESSION log4j initialized
2026-07-30 15:46:48,141 [INFO] LogOutputStream:77 - [STDOUT_REDIRECT] 
2026-07-30 15:46:54,372 [INFO] ApplicationProperties:184 - Using Application install path: C:\ST\STM32CubeIDE_1.19.0\STM32CubeIDE\plugins\com.st.stm32cube.common.mx_6.15.0.202507011659
2026-07-30 15:46:54,401 [INFO] DbMcusXml:78 - Set database path to: C:\ST\STM32CubeIDE_1.19.0\STM32CubeIDE\plugins\com.st.stm32cube.common.mx_6.15.0.202507011659\\db\/mcu/
2026-07-30 15:46:54,402 [INFO] ApiDb:274 - Set plugin database path to: C:\ST\STM32CubeIDE_1.19.0\STM32CubeIDE\plugins\com.st.stm32cube.common.mx_6.15.0.202507011659\\db\/plugins/boardmanager/
2026-07-30 15:46:54,402 [WARN] ApiDb:259 - Overriding images path with different value:  => C:\ST\STM32CubeIDE_1.19.0\STM32CubeIDE\plugins\com.st.stm32cube.common.mx_6.15.0.202507011659\\db\/plugins/mcufinder/images/
2026-07-30 15:46:54,414 [INFO] ApiDb:250 - Set database path to: C:\Users\ADMIN\.stmcufinder\plugins\mcufinder//mcu/
2026-07-30 15:46:54,416 [INFO] DbMcusAds:125 - Set database path to: C:\Users\ADMIN\.stmcufinder\plugins\mcufinder//mcu/
2026-07-30 15:46:54,419 [INFO] CrossReferenceDbSqlite:203 - Set database path to: C:\Users\ADMIN\.stmcufinder\plugins\mcufinder//mcu/cs/
2026-07-30 15:46:54,591 [INFO] RulesReader:64 - Compatibility file has been processed (317 Rules)
2026-07-30 15:46:54,730 [INFO] DbMcusXml:78 - Set database path to: C:\ST\STM32CubeIDE_1.19.0\STM32CubeIDE\plugins\com.st.stm32cube.common.mx_6.15.0.202507011659\\db\/mcu/
2026-07-30 15:46:54,730 [INFO] ApiDb:274 - Set plugin database path to: C:\ST\STM32CubeIDE_1.19.0\STM32CubeIDE\plugins\com.st.stm32cube.common.mx_6.15.0.202507011659\\db\/plugins/boardmanager/
2026-07-30 15:46:54,730 [INFO] ApiDb:261 - Set plugin images path to: C:\ST\STM32CubeIDE_1.19.0\STM32CubeIDE\plugins\com.st.stm32cube.common.mx_6.15.0.202507011659\\db\/plugins/mcufinder/images/
2026-07-30 15:46:54,730 [WARN] DbFile:41 - Overriding database path with different value: C:\Users\ADMIN\.stmcufinder\plugins\mcufinder/ => C:\Users\ADMIN\.stmcufinder\plugins\mcufinder
2026-07-30 15:46:54,730 [INFO] ApiDb:250 - Set database path to: C:\Users\ADMIN\.stmcufinder\plugins\mcufinder//mcu/
2026-07-30 15:46:54,731 [WARN] DbFile:41 - Overriding database path with different value: C:\Users\ADMIN\.stmcufinder\plugins\mcufinder/ => C:\Users\ADMIN\.stmcufinder\plugins\mcufinder
2026-07-30 15:46:54,731 [INFO] DbMcusAds:125 - Set database path to: C:\Users\ADMIN\.stmcufinder\plugins\mcufinder//mcu/
2026-07-30 15:46:54,731 [WARN] DbFile:41 - Overriding database path with different value: C:\Users\ADMIN\.stmcufinder\plugins\mcufinder/ => C:\Users\ADMIN\.stmcufinder\plugins\mcufinder
2026-07-30 15:46:54,731 [WARN] DbFile:41 - Overriding database path with different value: C:\Users\ADMIN\.stmcufinder\plugins\mcufinder/ => C:\Users\ADMIN\.stmcufinder\plugins\mcufinder
2026-07-30 15:46:54,731 [INFO] CrossReferenceDbSqlite:203 - Set database path to: C:\Users\ADMIN\.stmcufinder\plugins\mcufinder//mcu/cs/
2026-07-30 15:46:54,830 [INFO] MainPanel:274 - HeapMemory: 268435456
2026-07-30 15:46:54,970 [INFO] DbMcusXml:78 - Set database path to: C:\ST\STM32CubeIDE_1.19.0\STM32CubeIDE\plugins\com.st.stm32cube.common.mx_6.15.0.202507011659\\db\/mcu/
2026-07-30 15:46:54,971 [INFO] ApiDb:274 - Set plugin database path to: C:\ST\STM32CubeIDE_1.19.0\STM32CubeIDE\plugins\com.st.stm32cube.common.mx_6.15.0.202507011659\\db\/plugins/boardmanager/
2026-07-30 15:46:54,971 [INFO] ApiDb:261 - Set plugin images path to: C:\ST\STM32CubeIDE_1.19.0\STM32CubeIDE\plugins\com.st.stm32cube.common.mx_6.15.0.202507011659\\db\/plugins/mcufinder/images/
2026-07-30 15:46:54,971 [WARN] DbFile:41 - Overriding database path with different value: C:\Users\ADMIN\.stmcufinder\plugins\mcufinder/ => C:\Users\ADMIN\.stmcufinder\plugins\mcufinder
2026-07-30 15:46:54,971 [INFO] ApiDb:250 - Set database path to: C:\Users\ADMIN\.stmcufinder\plugins\mcufinder//mcu/
2026-07-30 15:46:54,972 [WARN] DbFile:41 - Overriding database path with different value: C:\Users\ADMIN\.stmcufinder\plugins\mcufinder/ => C:\Users\ADMIN\.stmcufinder\plugins\mcufinder
2026-07-30 15:46:54,972 [INFO] DbMcusAds:125 - Set database path to: C:\Users\ADMIN\.stmcufinder\plugins\mcufinder//mcu/
2026-07-30 15:46:54,972 [WARN] DbFile:41 - Overriding database path with different value: C:\Users\ADMIN\.stmcufinder\plugins\mcufinder/ => C:\Users\ADMIN\.stmcufinder\plugins\mcufinder
2026-07-30 15:46:54,972 [WARN] DbFile:41 - Overriding database path with different value: C:\Users\ADMIN\.stmcufinder\plugins\mcufinder/ => C:\Users\ADMIN\.stmcufinder\plugins\mcufinder
2026-07-30 15:46:54,972 [INFO] CrossReferenceDbSqlite:203 - Set database path to: C:\Users\ADMIN\.stmcufinder\plugins\mcufinder//mcu/cs/
2026-07-30 15:46:54,995 [INFO] ApplicationProperties:184 - Using Application install path: C:\ST\STM32CubeIDE_1.19.0\STM32CubeIDE\plugins\com.st.stm32cube.common.mx_6.15.0.202507011659
2026-07-30 15:46:54,996 [INFO] PluginManage:196 - Search for loadable plugins [exclusion list=, ]
2026-07-30 15:46:54,998 [INFO] PluginManage:310 - Check plugin analytics
2026-07-30 15:47:00,236 [INFO] AnalyticsPlugin:253 - Accepted Software Licenses: 
2026-07-30 15:47:00,236 [INFO] AnalyticsPlugin:255 - Accepted CMSIS Pack Licenses: STMicroelectronics.X-CUBE-AI.10.2.1
2026-07-30 15:47:00,236 [INFO] AnalyticsPlugin:257 - Accepted Firmware Licenses: FW.L4.1.18.0
2026-07-30 15:47:00,242 [INFO] PluginManage:359 - Loaded plugin analytics (category:tool,tabindex:-1)
2026-07-30 15:47:00,243 [INFO] PluginManage:310 - Check plugin cadmodel
2026-07-30 15:47:00,250 [INFO] CADModel:105 - Init CAD model plugin
2026-07-30 15:47:00,251 [INFO] PluginManage:359 - Loaded plugin cadmodel (category:power,tabindex:5)
2026-07-30 15:47:00,251 [INFO] PluginManage:310 - Check plugin clock
2026-07-30 15:47:00,265 [INFO] PluginManage:359 - Loaded plugin clock (category:base,tabindex:2)
2026-07-30 15:47:00,266 [INFO] PluginManage:310 - Check plugin ddr
2026-07-30 15:47:00,269 [INFO] PluginManage:359 - Loaded plugin ddr (category:tool,tabindex:6)
2026-07-30 15:47:00,269 [INFO] PluginManage:310 - Check plugin filemanager
2026-07-30 15:47:00,490 [INFO] PluginManage:359 - Loaded plugin filemanager (category:base,tabindex:10)
2026-07-30 15:47:00,490 [INFO] PluginManage:310 - Check plugin ipmanager
2026-07-30 15:47:00,498 [INFO] PluginManage:359 - Loaded plugin ipmanager (category:base,tabindex:5)
2026-07-30 15:47:00,498 [INFO] PluginManage:310 - Check plugin lpbam
2026-07-30 15:47:00,510 [INFO] PluginManage:359 - Loaded plugin lpbam (category:base,tabindex:0)
2026-07-30 15:47:00,511 [INFO] PluginManage:310 - Check plugin memorymap
2026-07-30 15:47:00,532 [INFO] PluginManage:359 - Loaded plugin memorymap (category:base,tabindex:4)
2026-07-30 15:47:00,532 [INFO] PluginManage:310 - Check plugin pinoutandconfiguration
2026-07-30 15:47:00,544 [INFO] PluginManage:359 - Loaded plugin pinoutandconfiguration (category:base,tabindex:1)
2026-07-30 15:47:00,544 [INFO] PluginManage:310 - Check plugin pinoutconfig
2026-07-30 15:47:00,668 [WARN] SupportedApi:132 - Cannot load RTOS API schema: s4s-elt-must-match.1: The content of 'definitions' must match (annotation?, (simpleType | complexType)?, (unique | key | keyref)*)). A problem was found starting at: attribute.
2026-07-30 15:47:00,880 [INFO] PluginManage:359 - Loaded plugin pinoutconfig (category:base,tabindex:0)
2026-07-30 15:47:00,880 [INFO] PluginManage:310 - Check plugin power
2026-07-30 15:47:00,894 [INFO] PluginManage:359 - Loaded plugin power (category:power,tabindex:4)
2026-07-30 15:47:00,894 [INFO] PluginManage:310 - Check plugin projectmanager
2026-07-30 15:47:00,917 [INFO] PluginManage:359 - Loaded plugin projectmanager (category:projectmanager,tabindex:4)
2026-07-30 15:47:00,917 [INFO] PluginManage:310 - Check plugin rif
2026-07-30 15:47:00,933 [INFO] PluginManage:359 - Loaded plugin rif (category:base,tabindex:3)
2026-07-30 15:47:00,933 [INFO] PluginManage:310 - Check plugin thirdparty
2026-07-30 15:47:01,129 [INFO] PluginManage:359 - Loaded plugin thirdparty (category:base,tabindex:-1)
2026-07-30 15:47:01,129 [WARN] IntegrityCheckThread:84 - waiting for thirdparty lock release [integrity check]
2026-07-30 15:47:01,129 [INFO] PluginManage:310 - Check plugin tools
2026-07-30 15:47:01,129 [INFO] IntegrityCheckThread:86 - entering critical section [integrity check]
2026-07-30 15:47:01,130 [INFO] ThirdPartyUpdaterWithRetryManager:70 - Updater plugin not ready yet. [1/15]
2026-07-30 15:47:01,133 [INFO] PluginManage:359 - Loaded plugin tools (category:base,tabindex:7)
2026-07-30 15:47:01,133 [INFO] PluginManage:310 - Check plugin tutovideos
2026-07-30 15:47:01,430 [INFO] PluginManage:359 - Loaded plugin tutovideos (category:base,tabindex:-1)
2026-07-30 15:47:01,430 [INFO] PluginManage:310 - Check plugin updater
2026-07-30 15:47:01,460 [INFO] PluginManage:359 - Loaded plugin updater (category:base,tabindex:12)
2026-07-30 15:47:01,461 [INFO] PluginManage:310 - Check plugin userauth
2026-07-30 15:47:01,466 [INFO] UserAuth:118 - Init User Auth plugin
2026-07-30 15:47:01,467 [INFO] PluginManage:359 - Loaded plugin userauth (category:base,tabindex:14)
2026-07-30 15:47:01,468 [INFO] PluginManage:283 - PluginManage : Loaded plugins [18]
2026-07-30 15:47:01,764 [INFO] PinOutPanel:1589 - setPackage(No Configuration,No Configuration)
2026-07-30 15:47:01,873 [INFO] CADModel:165 - CPN selected for project level
2026-07-30 15:47:01,873 [INFO] CADModel:114 - Register for checkConnection events
2026-07-30 15:47:01,900 [INFO] IPUIPlugin:80 - create IPUIPlugin
2026-07-30 15:47:01,900 [INFO] PluginManager:220 - loadIPPluginJar : add adc
2026-07-30 15:47:01,904 [INFO] IPUIPlugin:80 - create IPUIPlugin
2026-07-30 15:47:01,905 [INFO] PluginManager:220 - loadIPPluginJar : add aes
2026-07-30 15:47:01,908 [INFO] IPUIPlugin:80 - create IPUIPlugin
2026-07-30 15:47:01,908 [INFO] PluginManager:220 - loadIPPluginJar : add can
2026-07-30 15:47:01,911 [INFO] IPUIPlugin:80 - create IPUIPlugin
2026-07-30 15:47:01,912 [INFO] PluginManager:220 - loadIPPluginJar : add comp
2026-07-30 15:47:01,915 [INFO] IPUIPlugin:80 - create IPUIPlugin
2026-07-30 15:47:01,915 [INFO] PluginManager:220 - loadIPPluginJar : add cryp
2026-07-30 15:47:01,919 [INFO] IPUIPlugin:80 - create IPUIPlugin
2026-07-30 15:47:01,919 [INFO] PluginManager:220 - loadIPPluginJar : add ddr_ctrl_phy
2026-07-30 15:47:01,921 [INFO] IPUIPlugin:80 - create IPUIPlugin
2026-07-30 15:47:01,922 [INFO] PluginManager:220 - loadIPPluginJar : add dfsdm
2026-07-30 15:47:01,929 [INFO] IPUIPlugin:80 - create IPUIPlugin
2026-07-30 15:47:01,930 [INFO] PluginManager:220 - loadIPPluginJar : add dma
2026-07-30 15:47:01,933 [INFO] IPUIPlugin:80 - create IPUIPlugin
2026-07-30 15:47:01,933 [INFO] PluginManager:220 - loadIPPluginJar : add dma3
2026-07-30 15:47:01,936 [INFO] IPUIPlugin:80 - create IPUIPlugin
2026-07-30 15:47:01,937 [INFO] PluginManager:220 - loadIPPluginJar : add extmemmanager
2026-07-30 15:47:01,938 [INFO] IPUIPlugin:80 - create IPUIPlugin
2026-07-30 15:47:01,939 [INFO] PluginManager:220 - loadIPPluginJar : add fatfs
2026-07-30 15:47:01,944 [INFO] IPUIPlugin:80 - create IPUIPlugin
2026-07-30 15:47:01,945 [INFO] PluginManager:220 - loadIPPluginJar : add fmc
2026-07-30 15:47:01,952 [INFO] IPUIPlugin:80 - create IPUIPlugin
2026-07-30 15:47:01,953 [INFO] PluginManager:220 - loadIPPluginJar : add freertos
2026-07-30 15:47:01,954 [INFO] IPUIPlugin:80 - create IPUIPlugin
2026-07-30 15:47:01,954 [INFO] PluginManager:220 - loadIPPluginJar : add genericplugin
2026-07-30 15:47:01,957 [INFO] IPUIPlugin:80 - create IPUIPlugin
2026-07-30 15:47:01,957 [INFO] PluginManager:220 - loadIPPluginJar : add gfxmmu
2026-07-30 15:47:01,963 [INFO] IPUIPlugin:80 - create IPUIPlugin
2026-07-30 15:47:01,963 [INFO] PluginManager:220 - loadIPPluginJar : add gic
2026-07-30 15:47:01,968 [INFO] IPUIPlugin:80 - create IPUIPlugin
2026-07-30 15:47:01,968 [INFO] PluginManager:220 - loadIPPluginJar : add gpio
2026-07-30 15:47:01,971 [INFO] IPUIPlugin:80 - create IPUIPlugin
2026-07-30 15:47:01,971 [INFO] PluginManager:220 - loadIPPluginJar : add gtzc
2026-07-30 15:47:01,975 [INFO] IPUIPlugin:80 - create IPUIPlugin
2026-07-30 15:47:01,976 [INFO] PluginManager:220 - loadIPPluginJar : add hash
2026-07-30 15:47:01,979 [INFO] IPUIPlugin:80 - create IPUIPlugin
2026-07-30 15:47:01,979 [INFO] PluginManager:220 - loadIPPluginJar : add i2c
2026-07-30 15:47:01,982 [INFO] IPUIPlugin:80 - create IPUIPlugin
2026-07-30 15:47:01,982 [INFO] PluginManager:220 - loadIPPluginJar : add i2s
2026-07-30 15:47:01,986 [INFO] IPUIPlugin:80 - create IPUIPlugin
2026-07-30 15:47:01,986 [INFO] PluginManager:220 - loadIPPluginJar : add i3c
2026-07-30 15:47:01,990 [INFO] IPUIPlugin:80 - create IPUIPlugin
2026-07-30 15:47:01,990 [INFO] PluginManager:220 - loadIPPluginJar : add ipddr
2026-07-30 15:47:01,999 [INFO] IPUIPlugin:80 - create IPUIPlugin
2026-07-30 15:47:01,999 [INFO] PluginManager:220 - loadIPPluginJar : add linkedlist
2026-07-30 15:47:02,004 [INFO] IPUIPlugin:80 - create IPUIPlugin
2026-07-30 15:47:02,004 [INFO] PluginManager:220 - loadIPPluginJar : add lorawan
2026-07-30 15:47:02,006 [INFO] IPUIPlugin:80 - create IPUIPlugin
2026-07-30 15:47:02,006 [INFO] PluginManager:220 - loadIPPluginJar : add ltdc
2026-07-30 15:47:02,013 [INFO] IPUIPlugin:80 - create IPUIPlugin
2026-07-30 15:47:02,013 [INFO] PluginManager:220 - loadIPPluginJar : add mdma
2026-07-30 15:47:02,017 [INFO] IPUIPlugin:80 - create IPUIPlugin
2026-07-30 15:47:02,017 [INFO] PluginManager:220 - loadIPPluginJar : add nvic
2026-07-30 15:47:02,021 [INFO] IPUIPlugin:80 - create IPUIPlugin
2026-07-30 15:47:02,021 [INFO] PluginManager:220 - loadIPPluginJar : add opamp
2026-07-30 15:47:02,024 [INFO] IPUIPlugin:80 - create IPUIPlugin
2026-07-30 15:47:02,025 [INFO] PluginManager:220 - loadIPPluginJar : add openamp
2026-07-30 15:47:02,028 [INFO] IPUIPlugin:80 - create IPUIPlugin
2026-07-30 15:47:02,028 [INFO] PluginManager:220 - loadIPPluginJar : add pdm2pcm
2026-07-30 15:47:02,036 [INFO] IPUIPlugin:80 - create IPUIPlugin
2026-07-30 15:47:02,040 [INFO] PluginManager:220 - loadIPPluginJar : add plateformsettings
2026-07-30 15:47:02,042 [INFO] IPUIPlugin:80 - create IPUIPlugin
2026-07-30 15:47:02,042 [INFO] PluginManager:220 - loadIPPluginJar : add quadspi
2026-07-30 15:47:02,045 [INFO] IPUIPlugin:80 - create IPUIPlugin
2026-07-30 15:47:02,046 [INFO] PluginManager:220 - loadIPPluginJar : add radio
2026-07-30 15:47:02,052 [INFO] IPUIPlugin:80 - create IPUIPlugin
2026-07-30 15:47:02,052 [INFO] PluginManager:220 - loadIPPluginJar : add resmgrutility
2026-07-30 15:47:02,056 [INFO] IPUIPlugin:80 - create IPUIPlugin
2026-07-30 15:47:02,056 [INFO] PluginManager:220 - loadIPPluginJar : add sai
2026-07-30 15:47:02,060 [INFO] IPUIPlugin:80 - create IPUIPlugin
2026-07-30 15:47:02,061 [INFO] PluginManager:220 - loadIPPluginJar : add spi
2026-07-30 15:47:02,069 [INFO] IPUIPlugin:80 - create IPUIPlugin
2026-07-30 15:47:02,069 [INFO] PluginManager:220 - loadIPPluginJar : add stm32_wpan
2026-07-30 15:47:02,071 [INFO] IPUIPlugin:80 - create IPUIPlugin
2026-07-30 15:47:02,072 [INFO] PluginManager:220 - loadIPPluginJar : add tim
2026-07-30 15:47:02,076 [INFO] IPUIPlugin:80 - create IPUIPlugin
2026-07-30 15:47:02,076 [INFO] PluginManager:220 - loadIPPluginJar : add touchsensing
2026-07-30 15:47:02,079 [INFO] IPUIPlugin:80 - create IPUIPlugin
2026-07-30 15:47:02,080 [INFO] PluginManager:220 - loadIPPluginJar : add tracer_emb
2026-07-30 15:47:02,083 [INFO] IPUIPlugin:80 - create IPUIPlugin
2026-07-30 15:47:02,083 [INFO] PluginManager:220 - loadIPPluginJar : add ts
2026-07-30 15:47:02,086 [INFO] IPUIPlugin:80 - create IPUIPlugin
2026-07-30 15:47:02,086 [INFO] PluginManager:220 - loadIPPluginJar : add tsc
2026-07-30 15:47:02,089 [INFO] IPUIPlugin:80 - create IPUIPlugin
2026-07-30 15:47:02,089 [INFO] PluginManager:220 - loadIPPluginJar : add ucpd
2026-07-30 15:47:02,093 [INFO] IPUIPlugin:80 - create IPUIPlugin
2026-07-30 15:47:02,093 [INFO] PluginManager:220 - loadIPPluginJar : add usart
2026-07-30 15:47:02,099 [INFO] IPUIPlugin:80 - create IPUIPlugin
2026-07-30 15:47:02,099 [INFO] PluginManager:220 - loadIPPluginJar : add usbx
2026-07-30 15:47:02,249 [FATAL] Updater:351 - Updater called before beeing initialized
2026-07-30 15:47:02,285 [INFO] RulesReader:64 - Compatibility file has been processed (317 Rules)
2026-07-30 15:47:02,298 [INFO] RulesReader:64 - Compatibility file has been processed (317 Rules)
2026-07-30 15:47:02,318 [INFO] CADModel:165 - CPN selected for project level
2026-07-30 15:47:02,318 [INFO] CADModel:114 - Register for checkConnection events
2026-07-30 15:47:02,318 [FATAL] Updater:351 - Updater called before beeing initialized
2026-07-30 15:47:02,319 [ERROR] CADModel:125 - Updater not yet initialized, retry later 
2026-07-30 15:47:02,548 [FATAL] Updater:351 - Updater called before beeing initialized
2026-07-30 15:47:02,551 [INFO] CADModel:165 - CPN selected for project level
2026-07-30 15:47:02,551 [INFO] CADModel:114 - Register for checkConnection events
2026-07-30 15:47:02,551 [FATAL] Updater:351 - Updater called before beeing initialized
2026-07-30 15:47:02,551 [ERROR] CADModel:125 - Updater not yet initialized, retry later 
2026-07-30 15:47:02,556 [FATAL] Updater:351 - Updater called before beeing initialized
2026-07-30 15:47:02,740 [FATAL] Updater:351 - Updater called before beeing initialized
2026-07-30 15:47:02,763 [INFO] DbMcusAds:53 - JSON generation date=Wed Jul 15 15:16:00 IST 2026 (1784108760991)
2026-07-30 15:47:02,763 [FATAL] Updater:351 - Updater called before beeing initialized
2026-07-30 15:47:02,832 [WARN] DetailPanel:346 - Failed to get advertising image, set to default
2026-07-30 15:47:02,954 [FATAL] Updater:351 - Updater called before beeing initialized
2026-07-30 15:47:02,956 [FATAL] Updater:351 - Updater called before beeing initialized
2026-07-30 15:47:02,956 [FATAL] Updater:351 - Updater called before beeing initialized
2026-07-30 15:47:02,956 [WARN] DetailPanel:346 - Failed to get advertising image, set to default
2026-07-30 15:47:02,957 [FATAL] Updater:351 - Updater called before beeing initialized
2026-07-30 15:47:03,022 [ERROR] Updater:1198 - MainUpdater not yet initialized. External WinMGr cannot be set.
2026-07-30 15:47:03,026 [INFO] Updater:1134 - Updater Version found : 6.15.0
2026-07-30 15:47:03,054 [INFO] ApplicationProperties:184 - Using Application install path: C:\ST\STM32CubeIDE_1.19.0\STM32CubeIDE\plugins\com.st.stm32cube.common.mx_6.15.0.202507011659
2026-07-30 15:47:04,131 [INFO] ThirdPartyUpdaterWithRetryManager:70 - Updater plugin not ready yet. [2/15]
2026-07-30 15:47:04,642 [ERROR] LogOutputStream:75 - [STDERR_REDIRECT] Jul 30, 2026 3:47:04 PM java.util.prefs.WindowsPreferences <init>
2026-07-30 15:47:04,644 [ERROR] LogOutputStream:75 - [STDERR_REDIRECT] WARNING: Could not open/create prefs root node Software\JavaSoft\Prefs at root 0xffffffff80000002. Windows RegCreateKeyEx(...) returned error code 5.
2026-07-30 15:47:04,644 [ERROR] LogOutputStream:75 - [STDERR_REDIRECT] 
2026-07-30 15:47:05,186 [INFO] MainUpdater:2872 - connection check result : 10
2026-07-30 15:47:05,187 [INFO] MainUpdater:289 - Updater Check For Update Now.
2026-07-30 15:47:05,187 [INFO] MicroXplorer:498 - Change Database Version : DB.6.0.150
2026-07-30 15:47:05,206 [INFO] McuFinderGlobals:63 - Set McuFinder mode to 2 (CubeIDE integrated)
2026-07-30 15:47:05,206 [INFO] UserAuth:171 - activating auth plugin
2026-07-30 15:47:05,211 [INFO] UserAuth:487 - Internet connection configuration mode: 1
2026-07-30 15:47:05,284 [INFO] JxBrowserEngine:152 - Initiate JxBrowser Engine with user profile folder
2026-07-30 15:47:05,430 [INFO] CheckServerUpdateThread:120 - End of CheckServer Thread
2026-07-30 15:47:07,113 [INFO] WebApp:169 - Instantiating new browser for Auth
2026-07-30 15:47:07,609 [WARN] PackLoader:240 - Cannot read IP mode file for STMicroelectronics.X-CUBE-AZRTOS-H7.3.5.0
2026-07-30 15:47:07,624 [WARN] PackLoader:240 - Cannot read IP mode file for STMicroelectronics.FP-ATR-ASTRA1.2.0.3
2026-07-30 15:47:07,639 [ERROR] Engine:466 - C:\Users\ADMIN\.stm32cubemx\thirdparties\pdsc\STMicroelectronics.X-CUBE-SMBUS.2.1.1.pdsc: PDSC version is not supported
2026-07-30 15:47:07,662 [WARN] PackLoader:240 - Cannot read IP mode file for STMicroelectronics.X-CUBE-AZRTOS-F7.1.1.0
2026-07-30 15:47:07,676 [WARN] PackLoader:240 - Cannot read IP mode file for STMicroelectronics.X-CUBE-FREERTOS.1.6.0
2026-07-30 15:47:07,683 [WARN] PackLoader:240 - Cannot read IP mode file for STMicroelectronics.FP-SNS-MOTENV1.5.1.0
2026-07-30 15:47:07,718 [WARN] PackLoader:240 - Cannot read IP mode file for STMicroelectronics.X-CUBE-AZRTOS-H7RS.1.3.0
2026-07-30 15:47:07,741 [WARN] PackLoader:240 - Cannot read IP mode file for WES.I-CUBE-Cesium.1.4.0
2026-07-30 15:47:07,751 [WARN] PackLoader:240 - Cannot read IP mode file for STMicroelectronics.X-CUBE-DISPLAY.3.0.0
2026-07-30 15:47:07,772 [WARN] PackLoader:240 - Cannot read IP mode file for STMicroelectronics.X-CUBE-GNSS1.7.1.1
2026-07-30 15:47:07,779 [WARN] PackLoader:240 - Cannot read IP mode file for STMicroelectronics.FP-SNS-MOTENVWB1.1.5.0
2026-07-30 15:47:07,786 [WARN] PackLoader:240 - Cannot read IP mode file for STMicroelectronics.X-CUBE-NFC10.1.0.0
2026-07-30 15:47:07,793 [WARN] PackLoader:240 - Cannot read IP mode file for STMicroelectronics.X-CUBE-ST60.1.1.0
2026-07-30 15:47:07,800 [WARN] PackLoader:240 - Cannot read IP mode file for emotas.I-CUBE-CANOPEN.1.3.0
2026-07-30 15:47:07,805 [WARN] PackLoader:240 - Cannot read IP mode file for wolfSSL.I-CUBE-wolfSSL.5.9.2
2026-07-30 15:47:07,809 [ERROR] Engine:466 - C:\Users\ADMIN\.stm32cubemx\thirdparties\pdsc\STMicroelectronics.X-CUBE-WBA.1.1.0.pdsc: PDSC version is not supported
2026-07-30 15:47:07,828 [WARN] PackLoader:240 - Cannot read IP mode file for STMicroelectronics.FP-SNS-STBOX1.2.1.0
2026-07-30 15:47:07,841 [WARN] PackLoader:240 - Cannot read IP mode file for STMicroelectronics.FP-SNS-SMARTAG2.1.2.0
2026-07-30 15:47:07,847 [WARN] PackLoader:240 - Cannot read IP mode file for STMicroelectronics.FP-SNS-FLIGHT1.5.1.0
2026-07-30 15:47:07,860 [INFO] LogOutputStream:77 - [STDOUT_REDIRECT] 1 : Invalid condition id : UX_CORESTACK_Condition cause : null
2026-07-30 15:47:07,862 [INFO] LogOutputStream:77 - [STDOUT_REDIRECT] 1 : Invalid condition id : UX_CORESTACK_Condition cause : null
2026-07-30 15:47:07,865 [INFO] LogOutputStream:77 - [STDOUT_REDIRECT] 1 : Invalid condition id : UX_CORESTACK_Condition cause : null
2026-07-30 15:47:07,867 [INFO] LogOutputStream:77 - [STDOUT_REDIRECT] 1 : Invalid condition id : UX_CORESTACK_Condition cause : null
2026-07-30 15:47:07,869 [INFO] LogOutputStream:77 - [STDOUT_REDIRECT] 1 : Invalid condition id : UX_CORESTACK_Condition cause : null
2026-07-30 15:47:07,874 [WARN] PackLoader:240 - Cannot read IP mode file for STMicroelectronics.X-CUBE-AZRTOS-WL.2.0.0
2026-07-30 15:47:07,882 [WARN] PackLoader:240 - Cannot read IP mode file for STMicroelectronics.X-CUBE-BLE2.3.3.0
2026-07-30 15:47:07,982 [WARN] PackLoader:240 - Cannot read IP mode file for Infineon.AIROC-Wi-Fi-Bluetooth-STM32.1.8.0
2026-07-30 15:47:08,002 [WARN] PackLoader:240 - Cannot read IP mode file for STMicroelectronics.X-CUBE-NFC9.1.0.0
2026-07-30 15:47:08,009 [WARN] PackLoader:240 - Cannot read IP mode file for STMicroelectronics.X-CUBE-BLE1.7.1.0
2026-07-30 15:47:08,014 [WARN] PackLoader:240 - Cannot read IP mode file for wolfSSL.I-CUBE-wolfMQTT.1.19.2
2026-07-30 15:47:08,022 [WARN] PackLoader:240 - Cannot read IP mode file for STMicroelectronics.X-CUBE-EEPRMA1.5.2.0
2026-07-30 15:47:08,032 [WARN] PackLoader:240 - Cannot read IP mode file for STMicroelectronics.FP-SNS-STAIOTCFT.1.1.0
2026-07-30 15:47:08,058 [WARN] PackLoader:240 - Cannot read IP mode file for STMicroelectronics.X-CUBE-AZRTOS-G0.1.1.0
2026-07-30 15:47:08,067 [WARN] PackLoader:240 - Cannot read IP mode file for STMicroelectronics.X-CUBE-NFC4.3.0.0
2026-07-30 15:47:08,077 [WARN] PackLoader:240 - Cannot read IP mode file for EmbeddedOffice.I-CUBE-FS-RTOS.1.0.1
2026-07-30 15:47:08,082 [WARN] PackLoader:240 - Cannot read IP mode file for wolfSSL.I-CUBE-wolfTPM.3.8.0
2026-07-30 15:47:08,091 [WARN] PackLoader:240 - Cannot read IP mode file for STMicroelectronics.X-CUBE-TCPP.4.2.0
2026-07-30 15:47:08,099 [WARN] PackLoader:240 - Cannot read IP mode file for RealThread.X-CUBE-RT-Thread_Nano.4.1.1
2026-07-30 15:47:08,104 [WARN] PackLoader:240 - Cannot read IP mode file for STMicroelectronics.FP-ATR-SIGFOX1.3.2.0
2026-07-30 15:47:08,110 [WARN] PackLoader:240 - Cannot read IP mode file for ITTIA_DB.I-CUBE-ITTIADB.8.9.0
2026-07-30 15:47:08,114 [WARN] PackLoader:240 - Cannot read IP mode file for Cesanta.I-CUBE-Mongoose.7.21.7
2026-07-30 15:47:08,122 [WARN] PackLoader:240 - Cannot read IP mode file for STMicroelectronics.X-CUBE-NFC6.3.2.0
2026-07-30 15:47:08,133 [WARN] PackLoader:240 - Cannot read IP mode file for STMicroelectronics.X-CUBE-AI.10.2.1
2026-07-30 15:47:08,307 [WARN] PackLoader:240 - Cannot read IP mode file for SEGGER.I-CUBE-embOS.1.3.1
2026-07-30 15:47:08,361 [WARN] PackLoader:240 - Cannot read IP mode file for STMicroelectronics.X-CUBE-NFC13.1.0.0
2026-07-30 15:47:08,368 [WARN] PackLoader:240 - Cannot read IP mode file for STMicroelectronics.X-CUBE-PM33A1.1.0.0
2026-07-30 15:47:08,387 [WARN] PackLoader:240 - Cannot read IP mode file for STMicroelectronics.X-CUBE-AZRTOS-F4.1.1.0
2026-07-30 15:47:08,395 [WARN] PackLoader:240 - Cannot read IP mode file for STMicroelectronics.X-CUBE-ISPU.2.1.0
2026-07-30 15:47:08,410 [WARN] PackLoader:240 - Cannot read IP mode file for STMicroelectronics.X-CUBE-IPS.3.2.0
2026-07-30 15:47:08,423 [WARN] PackLoader:240 - Cannot read IP mode file for STMicroelectronics.eDS-WB_DPC_TT-BIDIR.2.1.1
2026-07-30 15:47:08,430 [WARN] PackLoader:240 - Cannot read IP mode file for STMicroelectronics.X-CUBE-NFC12.1.0.0
2026-07-30 15:47:08,449 [WARN] PackLoader:240 - Cannot read IP mode file for STMicroelectronics.X-CUBE-AZRTOS-L5.2.0.0
2026-07-30 15:47:08,460 [WARN] PackLoader:240 - Cannot read IP mode file for STMicroelectronics.X-CUBE-ALGOBUILD.1.5.0
2026-07-30 15:47:08,465 [WARN] PackLoader:240 - Cannot read IP mode file for STMicroelectronics.eDS-WB_DPC_VIENNA.1.2.0
2026-07-30 15:47:08,504 [WARN] PackLoader:240 - Cannot read IP mode file for STMicroelectronics.X-CUBE-MEMS1.13.0.0
2026-07-30 15:47:08,597 [WARN] PackLoader:240 - Cannot read IP mode file for STMicroelectronics.eDS-WB_DPC_3PH2L-BIDIR.1.1.1
2026-07-30 15:47:08,600 [ERROR] Engine:466 - C:\Users\ADMIN\.stm32cubemx\thirdparties\pdsc\STMicroelectronics.X-CUBE-ST67W61.1.3.0.pdsc: PDSC version is not supported
2026-07-30 15:47:08,611 [WARN] PackLoader:240 - Cannot read IP mode file for STMicroelectronics.X-CUBE-TOUCHGFX.4.26.1
2026-07-30 15:47:08,617 [WARN] PackLoader:240 - Cannot read IP mode file for STMicroelectronics.X-CUBE-DPower.1.3.0
2026-07-30 15:47:08,633 [WARN] ConditionMgr:438 - getConditionDescription Invalid condition id : LAN8742 Phy interface Condition cause : null
2026-07-30 15:47:08,634 [WARN] PackLoader:240 - Cannot read IP mode file for STMicroelectronics.X-CUBE-AZRTOS-L4.2.0.0
2026-07-30 15:47:08,635 [WARN] ConditionMgr:1044 - genDependencies : Invalid condition id : LAN8742 Phy interface Condition cause : null
2026-07-30 15:47:08,635 [WARN] ConditionMgr:1044 - genDependencies : Invalid condition id : LAN8742 Phy interface Condition cause : null
2026-07-30 15:47:08,636 [WARN] ConditionMgr:1044 - genDependencies : Invalid condition id : LAN8742 Phy interface Condition cause : null
2026-07-30 15:47:08,644 [WARN] PackLoader:240 - Cannot read IP mode file for STMicroelectronics.X-CUBE-SFXS2LP1.4.0.0
2026-07-30 15:47:08,651 [WARN] PackLoader:240 - Cannot read IP mode file for STMicroelectronics.X-CUBE-WB05N.2.1.0
2026-07-30 15:47:08,663 [WARN] ConditionMgr:438 - getConditionDescription Invalid condition id : UX DEVICE CLASS RTOS Condition cause : null
2026-07-30 15:47:08,664 [WARN] ConditionMgr:438 - getConditionDescription Invalid condition id : UX DEVICE CLASS RTOS Condition cause : null
2026-07-30 15:47:08,665 [WARN] PackLoader:240 - Cannot read IP mode file for STMicroelectronics.X-CUBE-AZRTOS-WB.2.0.0
2026-07-30 15:47:08,666 [WARN] ConditionMgr:1044 - genDependencies : Invalid condition id : UX DEVICE CLASS RTOS Condition cause : null
2026-07-30 15:47:08,666 [WARN] ConditionMgr:1044 - genDependencies : Invalid condition id : UX DEVICE CLASS RTOS Condition cause : null
2026-07-30 15:47:08,666 [WARN] ConditionMgr:1044 - genDependencies : Invalid condition id : UX DEVICE CLASS RTOS Condition cause : null
2026-07-30 15:47:08,667 [WARN] ConditionMgr:1044 - genDependencies : Invalid condition id : UX DEVICE CLASS RTOS Condition cause : null
2026-07-30 15:47:08,667 [WARN] ConditionMgr:1044 - genDependencies : Invalid condition id : UX DEVICE CLASS RTOS Condition cause : null
2026-07-30 15:47:08,672 [WARN] ConditionMgr:438 - getConditionDescription Invalid condition id : Cortex-A Device cause : null
2026-07-30 15:47:08,682 [WARN] ConditionMgr:1044 - genDependencies : Invalid condition id : Cortex-A Device cause : null
2026-07-30 15:47:08,682 [WARN] ConditionMgr:1044 - genDependencies : Invalid condition id : Cortex-A Device cause : null
2026-07-30 15:47:08,682 [WARN] ConditionMgr:1044 - genDependencies : Invalid condition id : Cortex-A Device cause : null
2026-07-30 15:47:08,690 [WARN] PackLoader:240 - Cannot read IP mode file for STMicroelectronics.X-CUBE-STSE01.2.0.0
2026-07-30 15:47:08,701 [WARN] PackLoader:240 - Cannot read IP mode file for STMicroelectronics.X-CUBE-SUBG2.5.0.0
2026-07-30 15:47:08,719 [WARN] PackLoader:240 - Cannot read IP mode file for STMicroelectronics.X-CUBE-AZRTOS-G4.2.0.0
2026-07-30 15:47:08,725 [WARN] PackLoader:240 - Cannot read IP mode file for wolfSSL.I-CUBE-wolfSSH.1.4.20
2026-07-30 15:47:08,730 [WARN] PackLoader:240 - Cannot read IP mode file for STMicroelectronics.X-CUBE-NFC7.2.0.0
2026-07-30 15:47:08,735 [ERROR] Engine:466 - C:\Users\ADMIN\.stm32cubemx\thirdparties\pdsc\STMicroelectronics.X-CUBE-BLEMGR.4.2.0.pdsc: PDSC version is not supported
2026-07-30 15:47:08,740 [WARN] PackLoader:240 - Cannot read IP mode file for STMicroelectronics.X-CUBE-ALS.1.0.2
2026-07-30 15:47:08,750 [WARN] PackLoader:240 - Cannot read IP mode file for STMicroelectronics.X-CUBE-TOF1.3.4.3
2026-07-30 15:47:08,777 [INFO] ThirdParty:978 - Integrity check success = true
2026-07-30 15:47:08,777 [INFO] IntegrityCheckThread:100 - exiting critical section [integrity check]
2026-07-30 15:47:08,777 [INFO] IntegrityCheckThread:103 - End integrity checks thread
2026-07-30 15:47:09,669 [INFO] WebApp:463 - Apply proxy settings
2026-07-30 15:47:09,670 [INFO] WebApp:548 - Chromium requires no authentication
2026-07-30 15:47:09,691 [INFO] WebApp:491 - Direct internet connection detected
2026-07-30 15:47:09,744 [INFO] WebApp:900 - Register for checkConnection events
2026-07-30 15:47:09,744 [INFO] WebApp:463 - Apply proxy settings
2026-07-30 15:47:09,744 [INFO] WebApp:548 - Chromium requires no authentication
2026-07-30 15:47:09,745 [INFO] WebApp:491 - Direct internet connection detected
2026-07-30 15:47:10,014 [INFO] WebApp:191 - Connection restablished
2026-07-30 15:47:10,054 [INFO] WebApp:225 - Starting web application
2026-07-30 15:47:10,055 [INFO] WebApp:593 - Web application path used C:\ST\STM32CubeIDE_1.19.0\STM32CubeIDE\plugins\com.st.stm32cube.common.mx_6.15.0.202507011659\db\plugins\mcufinder\reactClient1\index.html
2026-07-30 15:47:22,623 [INFO] McuFinderGlobals:63 - Set McuFinder mode to 2 (CubeIDE integrated)
2026-07-30 15:47:22,629 [INFO] MainUpdater:2872 - connection check result : 10
2026-07-30 15:47:22,630 [INFO] MainUpdater:2872 - connection check result : 10
2026-07-30 15:47:22,674 [INFO] MicroXplorer:468 - Change Database Path : 
2026-07-30 15:47:22,675 [INFO] MicroXplorer:498 - Change Database Version : DB.6.0.150
2026-07-30 15:47:22,689 [WARN] ThirdParty:871 - waiting for thirdparty lock release [close project]
2026-07-30 15:47:22,689 [INFO] ThirdParty:873 - entering critical section [close project]
2026-07-30 15:47:22,691 [INFO] ThirdParty:883 - exiting critical section [close project]
2026-07-30 15:47:22,695 [INFO] PinOutPanel:1589 - setPackage(No Configuration,No Configuration)
2026-07-30 15:47:22,697 [INFO] UtilMem:75 - Begin LoadConfig() Used Memory: 209483944 Bytes (275775488)
2026-07-30 15:47:22,700 [INFO] MicroXplorer:468 - Change Database Path : 
2026-07-30 15:47:22,701 [INFO] MicroXplorer:498 - Change Database Version : DB.6.0.150
2026-07-30 15:47:22,701 [INFO] OpenFileManager:355 - Change cursor
2026-07-30 15:47:22,733 [INFO] Mcu:2029 - Initializing MCU STM32L4S5VITx STM32L4S5VITx STM32L4S5VIT6
2026-07-30 15:47:25,648 [INFO] Context:786 - Trying to add GPIOservice into a context  which must be forbidden
2026-07-30 15:47:26,486 [INFO] ImportTextPane:234 - (OptionalMessage_ERROR) Pin84 (VP_RIF_VS_RIF1) cannot be retrieved for this MCU
2026-07-30 15:47:26,695 [INFO] RtosManager:558 - Registered RTOS mode: class=CMSIS, group=RTOS, mode=CMSIS_V1, owner=FREERTOS
2026-07-30 15:47:26,695 [INFO] RtosManager:558 - Registered RTOS mode: class=CMSIS, group=RTOS2, mode=CMSIS_V2, owner=FREERTOS
2026-07-30 15:47:26,695 [INFO] RtosManager:558 - Registered RTOS mode: class=RTOS, group=Core, mode=CMSIS_V1, owner=FREERTOS
2026-07-30 15:47:26,695 [INFO] RtosManager:558 - Registered RTOS mode: class=RTOS, group=Core, mode=CMSIS_V2, owner=FREERTOS
2026-07-30 15:47:26,695 [WARN] ModelIntegratedComponent:184 - Missing modes for component STMicroelectronics:FreeRTOS:0.0.1:STMicroelectronics:RTOS:FreeRTOS:Core:::10.2.0:
2026-07-30 15:47:26,824 [WARN] ModelIntegratedComponent:63 - No mode defined for component null
2026-07-30 15:47:26,824 [WARN] ModelIntegratedComponent:63 - No mode defined for component null
2026-07-30 15:47:26,824 [WARN] ModelIntegratedComponent:63 - No mode defined for component null
2026-07-30 15:47:26,824 [WARN] ModelIntegratedComponent:63 - No mode defined for component null
2026-07-30 15:47:26,824 [WARN] ModelIntegratedComponent:63 - No mode defined for component null
2026-07-30 15:47:26,824 [WARN] ModelIntegratedComponent:63 - No mode defined for component null
2026-07-30 15:47:26,824 [WARN] ModelIntegratedComponent:63 - No mode defined for component null
2026-07-30 15:47:26,824 [WARN] ModelIntegratedComponent:63 - No mode defined for component null
2026-07-30 15:47:26,824 [WARN] ModelIntegratedComponent:63 - No mode defined for component null
2026-07-30 15:47:26,824 [WARN] ModelIntegratedComponent:63 - No mode defined for component null
2026-07-30 15:47:26,825 [WARN] ModelIntegratedComponent:63 - No mode defined for component null
2026-07-30 15:47:26,825 [WARN] ModelIntegratedComponent:63 - No mode defined for component null
2026-07-30 15:47:26,825 [WARN] ModelIntegratedComponent:63 - No mode defined for component null
2026-07-30 15:47:26,825 [WARN] ModelIntegratedComponent:63 - No mode defined for component null
2026-07-30 15:47:26,825 [WARN] ModelIntegratedComponent:63 - No mode defined for component null
2026-07-30 15:47:26,825 [WARN] ModelIntegratedComponent:63 - No mode defined for component null
2026-07-30 15:47:26,825 [WARN] ModelIntegratedComponent:63 - No mode defined for component null
2026-07-30 15:47:26,825 [WARN] ModelIntegratedComponent:63 - No mode defined for component null
2026-07-30 15:47:26,825 [WARN] ModelIntegratedComponent:63 - No mode defined for component null
2026-07-30 15:47:26,825 [WARN] ModelIntegratedComponent:63 - No mode defined for component null
2026-07-30 15:47:26,825 [WARN] ModelIntegratedComponent:63 - No mode defined for component null
2026-07-30 15:47:26,825 [WARN] ModelIntegratedComponent:63 - No mode defined for component null
2026-07-30 15:47:26,825 [WARN] ModelIntegratedComponent:63 - No mode defined for component null
2026-07-30 15:47:26,825 [WARN] ModelIntegratedComponent:63 - No mode defined for component null
2026-07-30 15:47:26,825 [WARN] ModelIntegratedComponent:63 - No mode defined for component null
2026-07-30 15:47:26,825 [WARN] ModelIntegratedComponent:63 - No mode defined for component null
2026-07-30 15:47:26,825 [WARN] ModelIntegratedComponent:63 - No mode defined for component null
2026-07-30 15:47:26,825 [WARN] ModelIntegratedComponent:63 - No mode defined for component null
2026-07-30 15:47:26,825 [WARN] ModelIntegratedComponent:63 - No mode defined for component null
2026-07-30 15:47:26,826 [WARN] ModelIntegratedComponent:63 - No mode defined for component null
2026-07-30 15:47:26,826 [WARN] ModelIntegratedComponent:63 - No mode defined for component null
2026-07-30 15:47:26,826 [WARN] ModelIntegratedComponent:63 - No mode defined for component null
2026-07-30 15:47:26,826 [WARN] ModelIntegratedComponent:63 - No mode defined for component null
2026-07-30 15:47:26,826 [WARN] ModelIntegratedComponent:63 - No mode defined for component null
2026-07-30 15:47:26,826 [WARN] ModelIntegratedComponent:63 - No mode defined for component null
2026-07-30 15:47:26,826 [WARN] ModelPack:524 - Component already loaded: STMicroelectronics:HAL Drivers:0.0.0:STMicroelectronics:Device:STMicro_Driver:XSPI:HAL::0.0.1:HAL_XSPI
2026-07-30 15:47:26,869 [INFO] ThirdPartyModel:298 - Start build external matchings
2026-07-30 15:47:27,280 [INFO] ThirdPartyModel:316 - End build external matchings
2026-07-30 15:47:27,315 [INFO] ImportTextPane:234 - (OptionalMessage_ERROR) IP (ADC1) : Parameter (CommonPathInternal) has invalid value (null|null|null|null)
2026-07-30 15:47:27,321 [WARN] IP:2250 - MaxTran not found: check if there is a RefParameter without a condition.
2026-07-30 15:47:27,321 [WARN] IP:2250 - Refresh not found: check if there is a RefParameter without a condition.
2026-07-30 15:47:27,322 [INFO] ImportTextPane:234 - (OptionalMessage_ERROR) IP (RCC) : Invalid parameter (FamilyName)
2026-07-30 15:47:27,929 [INFO] ApiDb:581 - Connected to CubeFinder SQLite database (C:\Users\ADMIN\.stmcufinder\plugins\mcufinder\mcu\cube-finder-db.db)
2026-07-30 15:47:28,068 [INFO] ApiDb:668 - CubeFinder database Data Model version=2.1
2026-07-30 15:47:28,068 [INFO] ApiDb:669 - CubeFinder database Configuration version=3.0.42
2026-07-30 15:47:28,069 [INFO] ApiDb:670 - CubeFinder database generation date=2026-06-23 (1782213372)
2026-07-30 15:47:28,069 [INFO] ApiDb:671 - CubeFinder database FW Pack versions=[FP-ATR-ASTRA1_V2.0.0, FP-SNS-FLIGHT1_V5.1.0, FP-SNS-MOTENV1_V5.1.0, FP-SNS-MOTENVWB1_V1.5.0, FP-SNS-SMARTAG2_V1.2.0, FP-SNS-STBOX1_V2.1.0, STM32Cube_FW_C0_V1.4.0, STM32Cube_FW_F4_V1.28.3, STM32Cube_FW_F7_V1.17.4, STM32Cube_FW_G0_V1.6.3, STM32Cube_FW_G4_V1.6.2, STM32Cube_FW_H5_V1.7.0, STM32Cube_FW_H7RS_V1.3.0, STM32Cube_FW_H7_V1.13.0, STM32Cube_FW_L0_V1.12.2, STM32Cube_FW_L4_V1.18.2, STM32Cube_FW_L5_V1.6.0, STM32Cube_FW_N6_V1.4.0, STM32Cube_FW_U0_V1.3.0, STM32Cube_FW_U3_V1.4.0, STM32Cube_FW_U5_V1.9.0, STM32Cube_FW_WB0_V1.5.0, STM32Cube_FW_WBA_V1.10.0, STM32Cube_FW_WB_V1.24.0, STM32Cube_FW_WL3_V1.5.0, STM32Cube_FW_WL_V1.6.0, X-CUBE-ALGOBUILD_V1.5.0, X-CUBE-ALS_V1.0.2, X-CUBE-AZRTOS-F4_V1.1.0, X-CUBE-AZRTOS-F7_V1.1.0, X-CUBE-AZRTOS-G0_V1.1.0, X-CUBE-AZRTOS-G4_V2.0.0, X-CUBE-AZRTOS-H7RS_V1.1.0, X-CUBE-AZRTOS-H7_V3.5.0, X-CUBE-AZRTOS-L4_V2.0.0, X-CUBE-AZRTOS-L5_V2.0.0, X-CUBE-AZRTOS-WB_V2.0.0, X-CUBE-AZRTOS-WL_V2.0.0, X-CUBE-BLE1_V7.1.0, X-CUBE-BLE2_V3.3.0, X-CUBE-BLEMGR_V4.1.0, X-CUBE-EEPRMA1_V5.2.0, X-CUBE-FREERTOS_V1.5.0, X-CUBE-GNSS1_V7.1.1, X-CUBE-MEMS1_V12.1.0, X-CUBE-NFC4_V3.0.0, X-CUBE-NFC7_V2.0.0, X-CUBE-SFXS2LP1_V4.0.0, X-CUBE-ST67W61_V1.3.0, X-CUBE-SUBG2_V5.0.0, X-CUBE-TOF1_V3.4.3]
2026-07-30 15:47:28,209 [INFO] DbBoardsSqlite:226 - include board P-NUCLEO-WB55-NUCLEO as a kit item of type 'Nucleo-64'
2026-07-30 15:47:28,210 [INFO] DbBoardsSqlite:226 - include board P-NUCLEO-WB55-USBDONGLE as a kit item of type 'Nucleo USB Dongle'
2026-07-30 15:47:28,211 [INFO] DbBoardsSqlite:226 - include board STEVAL-IDP005V1 as a kit item of type 'Evaluation Board'
2026-07-30 15:47:28,211 [INFO] DbBoardsSqlite:226 - include board STEVAL-IDP005V2 as a kit item of type 'Evaluation Board'
2026-07-30 15:47:28,772 [INFO] ApiDb:240 - Found 880 in-development CPN: [B-G473E-ZEST1S, B-WB1M-WPAN1, B-WBA5M-WPAN, B-WL5M-SUBG1, NUCLEO-C031C6, NUCLEO-C051C8, NUCLEO-C071RB, NUCLEO-C092RC, NUCLEO-H503RB, NUCLEO-H533RE, NUCLEO-H563ZI, NUCLEO-H7S3L8, NUCLEO-N657X0-Q, NUCLEO-U031R8, NUCLEO-U083RC, NUCLEO-U385RG-Q, NUCLEO-U545RE-Q, NUCLEO-U5A5ZJ-Q, NUCLEO-WB05KZ, NUCLEO-WB07CC, NUCLEO-WB09KE, NUCLEO-WBA52CG, NUCLEO-WBA55CG, NUCLEO-WL33CC1, NUCLEO-WL33CC2, STEVAL-PROTEUS1, STEVAL-SMARTAG2, STEVAL-STWINBX1, STM320518-EVAL, STM32C0116-DK, STM32C011D6Y3TR, STM32C011D6Y6TR, STM32C011F4P3, STM32C011F4P6, STM32C011F4U3, STM32C011F4U6TR, STM32C011F6P3, STM32C011F6P6, STM32C011F6U3, STM32C011F6U6TR, STM32C011J4M3, STM32C011J4M6, STM32C011J6M3, STM32C011J6M6, STM32C0316-DK, STM32C031C4T3, STM32C031C4T6, STM32C031C4U3, STM32C031C4U6, STM32C031C6T3, STM32C031C6T6, STM32C031C6U3, STM32C031C6U6, STM32C031F4P3, STM32C031F4P6, STM32C031F6P3, STM32C031F6P6, STM32C031G4U3, STM32C031G4U6, STM32C031G6U3, STM32C031G6U6, STM32C031K4T3, STM32C031K4T6, STM32C031K4U3, STM32C031K4U6, STM32C031K6T3, STM32C031K6T6, STM32C031K6U3, STM32C031K6U6, STM32C051C6T6, STM32C051C6U6, STM32C051C8T6, STM32C051C8U6, STM32C051D8Y6TR, STM32C051F6P6, STM32C051F8P6, STM32C051G6U6, STM32C051G8U6, STM32C051K6T6, STM32C051K6U6, STM32C051K8T6, STM32C071C8T6, STM32C071C8T6N, STM32C071C8U6, STM32C071C8U6N, STM32C071CBT6, STM32C071CBT6N, STM32C071CBU6, STM32C071CBU6N, STM32C071F8P6, STM32C071F8P6N, STM32C071FBP6, STM32C071FBP6N, STM32C071FBY6TR, STM32C071G8U6, STM32C071G8U6N, STM32C071GBU6, STM32C071GBU6N, STM32C071K8T6, STM32C071K8T6N, STM32C071K8U6, STM32C071K8U6N, STM32C071KBT6, STM32C071KBT6N, STM32C071KBU6, STM32C071KBU6N, STM32C071R8T6, STM32C071R8T6N, STM32C071RBI6N, STM32C071RBT6, STM32C071RBT6N, STM32C091CBT6, STM32C091CBU6, STM32C091CCT6, STM32C091CCU6, STM32C091ECY6TR, STM32C091FBP6, STM32C091FCP6, STM32C091GBU6, STM32C091GCU6, STM32C091KBT6, STM32C091KBU6, STM32C091KCT6, STM32C091KCU6, STM32C091RBT6, STM32C091RCI6, STM32C091RCT6, STM32C092CBT6, STM32C092CBU6, STM32C092CCT6, STM32C092CCU6, STM32C092ECY6TR, STM32C092FBP6, STM32C092FCP6, STM32C092GBU6, STM32C092GCU6, STM32C092KBT6, STM32C092KBU6, STM32C092KCT6, STM32C092KCU6, STM32C092RBT6, STM32C092RCI6, STM32C092RCT6, STM32G071K8TXN, STM32G071K8UXN, STM32G081GBU6N, STM32G081KBT6N, STM32G081KBUXN, STM32G0B1CCT6N, STM32G0B1KCT6, STM32G0B1NEY6TR, STM32G0B1RCT6N, STM32G0C1CCT6, STM32G0C1CCT6N, STM32G0C1CCU6N, STM32G0C1CET6N, STM32G0C1CEU6N, STM32G0C1KCT6, STM32G0C1NEY6TR, STM32G0C1RCI6N, STM32G0C1RCT6N, STM32G0C1REI6N, STM32G0C1RET6N, STM32G0C1VCI6, STM32G0C1VEI6, STM32G411C6T3, STM32G411C6T6, STM32G411C6U3, STM32G411C6U6, STM32G411C8T3, STM32G411C8T6, STM32G411C8U3, STM32G411C8U6, STM32G411CBT3, STM32G411CBT6, STM32G411CBU3, STM32G411CBU6, STM32G411K6T3, STM32G411K6T6, STM32G411K6U3, STM32G411K6U6, STM32G411K8T3, STM32G411K8T6, STM32G411K8U3, STM32G411K8U6, STM32G411KBT3, STM32G411KBT6, STM32G411KBU3, STM32G411KBU6, STM32G411M6T3, STM32G411M6T6, STM32G411M8T3, STM32G411M8T6, STM32G411MBT3, STM32G411MBT6, STM32G411R6T3, STM32G411R6T6, STM32G411R8T3, STM32G411R8T6, STM32G411RBT3, STM32G411RBT6, STM32G414CBT3, STM32G414CBT6, STM32G414CBU3, STM32G414CBU6, STM32G414CCT3, STM32G414CCT6, STM32G414CCU3, STM32G414CCU6, STM32G414MBT3, STM32G414MBT6, STM32G414MCT3, STM32G414MCT6, STM32G414RBT3, STM32G414RBT6, STM32G414RCT3, STM32G414RCT6, STM32G414VBT3, STM32G414VBT6, STM32G414VCT3, STM32G414VCT6, STM32G431CBT3Z, STM32G431RBT3Z, STM32G471CCT6, STM32G471CCU6, STM32G471CET3, STM32G471CET6, STM32G471CEU3, STM32G471CEU6, STM32G471MCT6, STM32G471MET3, STM32G471MET6, STM32G471MEY6TR, STM32G471QCT6, STM32G471QET3, STM32G471RCT6, STM32G471RET3, STM32G471RET6, STM32G471VCH6, STM32G471VCI6, STM32G471VCT6, STM32G471VEH3, STM32G471VEH6, STM32G471VEI3, STM32G471VEI6, STM32G471VET3, STM32G471VET6, STM32G473QET3Z, STM32G473RET3Z, STM32G474CCT6, STM32G491RET3Z, STM32H503CBT6, STM32H503CBU6, STM32H503EBY6TR, STM32H503KBU6, STM32H503RBT6, STM32H523CCT6, STM32H523CCU6, STM32H523CET6, STM32H523CEU6, STM32H523HEY6TR, STM32H523RCT6, STM32H523RET6, STM32H523VCI6, STM32H523VCT6, STM32H523VEI6, STM32H523VET6, STM32H523ZCJ6, STM32H523ZCT6, STM32H523ZEJ6, STM32H523ZET6, STM32H533CET6, STM32H533CEU6, STM32H533HEY6TR, STM32H533RET6, STM32H533VEI6, STM32H533VET6, STM32H533ZEJ6, STM32H533ZET6, STM32H562AGI6, STM32H562AII6, STM32H562IGK6, STM32H562IGT6, STM32H562IIK6, STM32H562IIT6, STM32H562RGT6, STM32H562RGV6, STM32H562RIT6, STM32H562RIV6, STM32H562VGT6, STM32H562VIT6, STM32H562ZGT6, STM32H562ZIT6, STM32H563AGI6, STM32H563AII3Q, STM32H563AII6, STM32H563IGK6, STM32H563IGT6, STM32H563IIK3Q, STM32H563IIK6, STM32H563IIT3Q, STM32H563IIT6, STM32H563MIY3QTR, STM32H563RGT6, STM32H563RGV6, STM32H563RIT6, STM32H563RIV6, STM32H563VGT6, STM32H563VIT3Q, STM32H563VIT6, STM32H563ZGT6, STM32H563ZIT3Q, STM32H563ZIT6, STM32H573AII3Q, STM32H573AII6, STM32H573I-DK, STM32H573IIK3Q, STM32H573IIK6, STM32H573IIT3Q, STM32H573IIT6, STM32H573MIY3QTR, STM32H573RIT6, STM32H573RIV6, STM32H573VIT3Q, STM32H573VIT6, STM32H573ZIT3Q, STM32H573ZIT6, STM32H7R3A8I6, STM32H7R3I8K6, STM32H7R3I8T6, STM32H7R3L8H6, STM32H7R3L8H6H, STM32H7R3R8V6, STM32H7R3V8H6, STM32H7R3V8T6, STM32H7R3V8Y6TR, STM32H7R3Z8J6, STM32H7R3Z8T6, STM32H7R7A8I6, STM32H7R7I8K6, STM32H7R7I8T6, STM32H7R7L8H6, STM32H7R7L8H6H, STM32H7R7Z8J6, STM32H7S3A8I6, STM32H7S3I8K6, STM32H7S3I8T6, STM32H7S3L8H6, STM32H7S3L8H6H, STM32H7S3R8V6, STM32H7S3V8H6, STM32H7S3V8T6, STM32H7S3V8Y6TR, STM32H7S3Z8J6, STM32H7S3Z8T6, STM32H7S78-DK, STM32H7S7A8I6, STM32H7S7I8K6, STM32H7S7I8T6, STM32H7S7L8H6, STM32H7S7L8H6H, STM32H7S7Z8J6, STM32L4R5QGI6STR, STM32MP131AAE3, STM32MP131AAF3, STM32MP131AAG3, STM32MP131CAE3, STM32MP131CAF3, STM32MP131CAG3, STM32MP131DAE7, STM32MP131DAF7, STM32MP131DAG7, STM32MP131FAE7, STM32MP131FAF7, STM32MP131FAG7, STM32MP133AAE3, STM32MP133AAF3, STM32MP133AAG3, STM32MP133CAE3, STM32MP133CAF3, STM32MP133CAG3, STM32MP133DAE7, STM32MP133DAF7, STM32MP133DAG7, STM32MP133FAE7, STM32MP133FAF7, STM32MP133FAG7, STM32MP135AAE3, STM32MP135AAF3, STM32MP135AAG3, STM32MP135CAE3, STM32MP135CAF3, STM32MP135CAG3, STM32MP135DAE7, STM32MP135DAF7, STM32MP135DAG7, STM32MP135F-DK, STM32MP135FAE7, STM32MP135FAF7, STM32MP135FAF7T, STM32MP135FAF7U, STM32MP135FAG7, STM32MP211AAL3, STM32MP211AAM3, STM32MP211AAN3, STM32MP211AAO3, STM32MP211CAL3, STM32MP211CAM3, STM32MP211CAN3, STM32MP211CAO3, STM32MP211DAL3, STM32MP211DAM3, STM32MP211DAN3, STM32MP211DAO3, STM32MP211FAL3, STM32MP211FAM3, STM32MP211FAN3, STM32MP211FAO3, STM32MP213AAL3, STM32MP213AAM3, STM32MP213AAN3, STM32MP213AAO3, STM32MP213CAL3, STM32MP213CAM3, STM32MP213CAN3, STM32MP213CAO3, STM32MP213DAL3, STM32MP213DAM3, STM32MP213DAN3, STM32MP213DAO3, STM32MP213FAL3, STM32MP213FAM3, STM32MP213FAN3, STM32MP213FAO3, STM32MP215AAL3, STM32MP215AAM3, STM32MP215AAN3, STM32MP215AAO3, STM32MP215CAL3, STM32MP215CAM3, STM32MP215CAN3, STM32MP215CAO3, STM32MP215DAL3, STM32MP215DAM3, STM32MP215DAN3, STM32MP215DAO3, STM32MP215F-DK, STM32MP215FAL3, STM32MP215FAM3, STM32MP215FAN3, STM32MP215FAO3, STM32MP231AAJ3, STM32MP231AAK3, STM32MP231AAL3, STM32MP231CAJ3, STM32MP231CAK3, STM32MP231CAL3, STM32MP231DAJ3, STM32MP231DAK3, STM32MP231DAL3, STM32MP231FAJ3, STM32MP231FAK3, STM32MP231FAL3, STM32MP233AAJ3, STM32MP233AAK3, STM32MP233AAL3, STM32MP233CAJ3, STM32MP233CAK3, STM32MP233CAL3, STM32MP233DAJ3, STM32MP233DAK3, STM32MP233DAL3, STM32MP233FAJ3, STM32MP233FAK3, STM32MP233FAL3, STM32MP235AAJ3, STM32MP235AAK3, STM32MP235AAL3, STM32MP235CAJ3, STM32MP235CAK3, STM32MP235CAL3, STM32MP235DAJ3, STM32MP235DAK3, STM32MP235DAL3, STM32MP235FAJ3, STM32MP235FAK3, STM32MP235FAL3, STM32MP251AAI3, STM32MP251AAK3, STM32MP251AAL3, STM32MP251CAI3, STM32MP251CAK3, STM32MP251CAL3, STM32MP251DAI3, STM32MP251DAK3, STM32MP251DAL3, STM32MP251FAI3, STM32MP251FAK3, STM32MP251FAL3, STM32MP253AAI3, STM32MP253AAK3, STM32MP253AAL3, STM32MP253CAI3, STM32MP253CAK3, STM32MP253CAL3, STM32MP253DAI3, STM32MP253DAK3, STM32MP253DAL3, STM32MP253FAI3, STM32MP253FAK3, STM32MP253FAL3, STM32MP255AAI3, STM32MP255AAK3, STM32MP255AAL3, STM32MP255CAI3, STM32MP255CAK3, STM32MP255CAL3, STM32MP255DAI3, STM32MP255DAK3, STM32MP255DAL3, STM32MP255FAI3, STM32MP255FAK3, STM32MP255FAL3, STM32MP257AAI3, STM32MP257AAK3, STM32MP257AAL3, STM32MP257CAI3, STM32MP257CAK3, STM32MP257CAL3, STM32MP257DAI3, STM32MP257DAK3, STM32MP257DAL3, STM32MP257F-DK, STM32MP257F-EV1, STM32MP257FAI3, STM32MP257FAK3, STM32MP257FAL3, STM32N645A0H3Q, STM32N645B0H3Q, STM32N645I0H3Q, STM32N645L0H3Q, STM32N645X0H3Q, STM32N645Z0H3Q, STM32N647A0H3Q, STM32N647B0H3Q, STM32N647I0H3Q, STM32N647L0H3Q, STM32N647X0H3Q, STM32N647Z0H3Q, STM32N655A0H3Q, STM32N655B0H3Q, STM32N655I0H3Q, STM32N655L0H3Q, STM32N655X0H3Q, STM32N655Z0H3Q, STM32N6570-DK, STM32N657A0H3Q, STM32N657B0H3Q, STM32N657I0H3Q, STM32N657L0H3Q, STM32N657X0H3Q, STM32N657Z0H3Q, STM32U031C6T6, STM32U031C6U6, STM32U031C8T6, STM32U031C8U6, STM32U031F4P6, STM32U031F6P6, STM32U031F8P6, STM32U031G6Y6TR, STM32U031G8Y6TR, STM32U031K4U6, STM32U031K6U6, STM32U031K8U6, STM32U031R6I6, STM32U031R6T6, STM32U031R8I6, STM32U031R8T6, STM32U073C8T6, STM32U073C8U6, STM32U073CBT6, STM32U073CBU6, STM32U073CCT6, STM32U073CCU6, STM32U073H8Y6TR, STM32U073HBY6TR, STM32U073HCY6TR, STM32U073K8U6, STM32U073KBU6, STM32U073KCU6, STM32U073M8I6, STM32U073M8T6, STM32U073MBI6, STM32U073MBT6, STM32U073MCI6, STM32U073MCT6, STM32U073R8I6, STM32U073R8T6, STM32U073RBI6, STM32U073RBT6, STM32U073RCI6, STM32U073RCT6, STM32U083C-DK, STM32U083CCT6, STM32U083CCU6, STM32U083HCY6TR, STM32U083KCU6, STM32U083MCI6, STM32U083MCT6, STM32U083RCI6, STM32U083RCT6, STM32U375CET6, STM32U375CET6Q, STM32U375CEU6, STM32U375CEU6Q, STM32U375CEY6QTR, STM32U375CGT6, STM32U375CGT6Q, STM32U375CGU6, STM32U375CGU6Q, STM32U375CGY6QTR, STM32U375KEU6, STM32U375KGU6, STM32U375REI6, STM32U375REI6Q, STM32U375RET6, STM32U375RET6Q, STM32U375REY6GTR, STM32U375REY6QTR, STM32U375RGI6, STM32U375RGI6Q, STM32U375RGT6, STM32U375RGT6Q, STM32U375RGY6GTR, STM32U375RGY6QTR, STM32U375VEI6, STM32U375VEI6Q, STM32U375VET6, STM32U375VET6Q, STM32U375VGI6, STM32U375VGI6Q, STM32U375VGT6, STM32U375VGT6Q, STM32U385CGT6, STM32U385CGT6Q, STM32U385CGU6, STM32U385CGU6Q, STM32U385CGY6QTR, STM32U385KGU6, STM32U385RGI6, STM32U385RGI6Q, STM32U385RGT6, STM32U385RGT6Q, STM32U385RGY6GTR, STM32U385RGY6QTR, STM32U385VGI6, STM32U385VGI6Q, STM32U385VGT6, STM32U385VGT6Q, STM32U535CBT6, STM32U535CBT6Q, STM32U535CBU6, STM32U535CBU6Q, STM32U535CCT6, STM32U535CCT6Q, STM32U535CCU6, STM32U535CCU6Q, STM32U535CET6, STM32U535CET6Q, STM32U535CEU6, STM32U535CEU6Q, STM32U535JEY6QTR, STM32U535NCY6QTR, STM32U535NEY6QTR, STM32U535RBI6, STM32U535RBI6Q, STM32U535RBT6, STM32U535RBT6Q, STM32U535RCI6, STM32U535RCI6Q, STM32U535RCT6, STM32U535RCT6Q, STM32U535REI6, STM32U535REI6Q, STM32U535RET6, STM32U535RET6Q, STM32U535VCI6, STM32U535VCI6Q, STM32U535VCT6, STM32U535VCT6Q, STM32U535VEI6, STM32U535VEI6Q, STM32U535VET6, STM32U535VET6Q, STM32U545CET6, STM32U545CET6Q, STM32U545CEU6, STM32U545CEU6Q, STM32U545JEY6QTR, STM32U545NEY6QTR, STM32U545REI6, STM32U545REI6Q, STM32U545RET6, STM32U545RET6Q, STM32U545VEI6, STM32U545VEI6Q, STM32U545VET6, STM32U545VET6Q, STM32U595AIH6, STM32U595AIH6Q, STM32U595AJH6, STM32U595AJH6Q, STM32U595QII6, STM32U595QII6Q, STM32U595QJI6, STM32U595QJI6Q, STM32U595RIT6, STM32U595RIT6Q, STM32U595RJT6, STM32U595RJT6Q, STM32U595VIT6, STM32U595VIT6Q, STM32U595VJT6, STM32U595VJT6Q, STM32U595ZIT6, STM32U595ZIT6Q, STM32U595ZIY6QTR, STM32U595ZJT6, STM32U595ZJT6Q, STM32U595ZJY6QTR, STM32U599BJY6QTR, STM32U599NIH6Q, STM32U599NJH6Q, STM32U599VIT6Q, STM32U599VJT6, STM32U599VJT6Q, STM32U599ZIT6Q, STM32U599ZIY6QTR, STM32U599ZJT6Q, STM32U599ZJY6QTR, STM32U5A5AJH6, STM32U5A5AJH6Q, STM32U5A5QII3Q , STM32U5A5QJI6, STM32U5A5QJI6Q, STM32U5A5RJT6, STM32U5A5RJT6Q, STM32U5A5VJT6, STM32U5A5VJT6Q, STM32U5A5ZJT6, STM32U5A5ZJT6Q, STM32U5A5ZJY6QTR, STM32U5A9BJY6QTR, STM32U5A9J-DK, STM32U5A9NJH6Q, STM32U5A9VJT6Q, STM32U5A9ZJT6Q, STM32U5A9ZJY6QTR, STM32U5F7VIT6, STM32U5F7VIT6Q, STM32U5F7VJT6, STM32U5F7VJT6Q, STM32U5F9BJY6QTR, STM32U5F9NJH6Q, STM32U5F9VIT6Q, STM32U5F9VJT6Q, STM32U5F9ZIJ6QTR, STM32U5F9ZIT6Q, STM32U5F9ZJJ6QTR, STM32U5F9ZJT6Q, STM32U5G7VJT6, STM32U5G7VJT6Q, STM32U5G9BJY6QTR, STM32U5G9J-DK1, STM32U5G9J-DK2, STM32U5G9NJH6Q, STM32U5G9VJT6Q, STM32U5G9ZJJ6QTR, STM32U5G9ZJT6Q, STM32WB05KZV6TR, STM32WB05KZV7TR, STM32WB05TZF6TR, STM32WB05TZF7TR, STM32WB06CCF6TR, STM32WB06CCF7TR, STM32WB06CCV6TR, STM32WB06CCV7TR, STM32WB06KCV6TR, STM32WB06KCV7TR, STM32WB07CCF6TR, STM32WB07CCF7TR, STM32WB07CCV6TR, STM32WB07CCV7TR, STM32WB07KCV6TR, STM32WB07KCV7TR, STM32WB09KEV6TR, STM32WB09KEV7TR, STM32WB09TEF6TR, STM32WB09TEF7TR, STM32WB1MMCH6, STM32WBA50KGU6, STM32WBA50KGU6TR, STM32WBA52CEU6, STM32WBA52CEU6TR, STM32WBA52CEU7, STM32WBA52CEU7TR, STM32WBA52CGU6, STM32WBA52CGU6TR, STM32WBA52CGU6U, STM32WBA52CGU7, STM32WBA52CGU7TR, STM32WBA52KEU6, STM32WBA52KEU6TR, STM32WBA52KGU6, STM32WBA52KGU6TR, STM32WBA54CEU6, STM32WBA54CEU6TR, STM32WBA54CEU7, STM32WBA54CEU7TR, STM32WBA54CGU6, STM32WBA54CGU6TR, STM32WBA54CGU7, STM32WBA54CGU7TR, STM32WBA54KEU6, STM32WBA54KEU6TR, STM32WBA54KEU7, STM32WBA54KEU7TR, STM32WBA54KGU6, STM32WBA54KGU6TR, STM32WBA54KGU7, STM32WBA54KGU7TR, STM32WBA55CEU6, STM32WBA55CEU6TR, STM32WBA55CEU7, STM32WBA55CEU7TR, STM32WBA55CGU6, STM32WBA55CGU6TR, STM32WBA55CGU6U, STM32WBA55CGU7, STM32WBA55CGU7TR, STM32WBA55G-DK1, STM32WBA55HEF6, STM32WBA55HEF7, STM32WBA55HGF6, STM32WBA55HGF7, STM32WBA55UEI6, STM32WBA55UEI6TR, STM32WBA55UEI7, STM32WBA55UEI7TR, STM32WBA55UGI6, STM32WBA55UGI6TR, STM32WBA55UGI7, STM32WBA55UGI7TR, STM32WBA5MMGH6TR, STM32WBA62MGF6, STM32WBA62MIF6, STM32WBA65MGF7, STM32WBA65MIF6, STM32WBA65MIF7, STM32WL30K8V6, STM32WL30KBV6, STM32WL31C8V6, STM32WL31CBV6, STM32WL31K8V6, STM32WL31KBV6, STM32WL33C8V6, STM32WL33C8V6X, STM32WL33CBV6, STM32WL33CBV6X, STM32WL33CCV6, STM32WL33CCV6A, STM32WL33CCV6X, STM32WL33K8V7, STM32WL33K8V7X, STM32WL33KBV7 , STM32WL33KBV7X, STM32WL33KCV7, STM32WL33KCV7X, STM32WL5MOCH6, STM32WL5MOCH6TR]
2026-07-30 15:47:28,778 [INFO] ApiDb:668 - CubeFinder database Data Model version=2.1
2026-07-30 15:47:28,778 [INFO] ApiDb:669 - CubeFinder database Configuration version=3.0.42
2026-07-30 15:47:28,778 [INFO] ApiDb:670 - CubeFinder database generation date=2026-06-23 (1782213372)
2026-07-30 15:47:28,778 [INFO] ApiDb:671 - CubeFinder database FW Pack versions=[FP-ATR-ASTRA1_V2.0.0, FP-SNS-FLIGHT1_V5.1.0, FP-SNS-MOTENV1_V5.1.0, FP-SNS-MOTENVWB1_V1.5.0, FP-SNS-SMARTAG2_V1.2.0, FP-SNS-STBOX1_V2.1.0, STM32Cube_FW_C0_V1.4.0, STM32Cube_FW_F4_V1.28.3, STM32Cube_FW_F7_V1.17.4, STM32Cube_FW_G0_V1.6.3, STM32Cube_FW_G4_V1.6.2, STM32Cube_FW_H5_V1.7.0, STM32Cube_FW_H7RS_V1.3.0, STM32Cube_FW_H7_V1.13.0, STM32Cube_FW_L0_V1.12.2, STM32Cube_FW_L4_V1.18.2, STM32Cube_FW_L5_V1.6.0, STM32Cube_FW_N6_V1.4.0, STM32Cube_FW_U0_V1.3.0, STM32Cube_FW_U3_V1.4.0, STM32Cube_FW_U5_V1.9.0, STM32Cube_FW_WB0_V1.5.0, STM32Cube_FW_WBA_V1.10.0, STM32Cube_FW_WB_V1.24.0, STM32Cube_FW_WL3_V1.5.0, STM32Cube_FW_WL_V1.6.0, X-CUBE-ALGOBUILD_V1.5.0, X-CUBE-ALS_V1.0.2, X-CUBE-AZRTOS-F4_V1.1.0, X-CUBE-AZRTOS-F7_V1.1.0, X-CUBE-AZRTOS-G0_V1.1.0, X-CUBE-AZRTOS-G4_V2.0.0, X-CUBE-AZRTOS-H7RS_V1.1.0, X-CUBE-AZRTOS-H7_V3.5.0, X-CUBE-AZRTOS-L4_V2.0.0, X-CUBE-AZRTOS-L5_V2.0.0, X-CUBE-AZRTOS-WB_V2.0.0, X-CUBE-AZRTOS-WL_V2.0.0, X-CUBE-BLE1_V7.1.0, X-CUBE-BLE2_V3.3.0, X-CUBE-BLEMGR_V4.1.0, X-CUBE-EEPRMA1_V5.2.0, X-CUBE-FREERTOS_V1.5.0, X-CUBE-GNSS1_V7.1.1, X-CUBE-MEMS1_V12.1.0, X-CUBE-NFC4_V3.0.0, X-CUBE-NFC7_V2.0.0, X-CUBE-SFXS2LP1_V4.0.0, X-CUBE-ST67W61_V1.3.0, X-CUBE-SUBG2_V5.0.0, X-CUBE-TOF1_V3.4.3]
2026-07-30 15:47:32,596 [INFO] ApiDb:240 - Found 880 in-development CPN: [B-G473E-ZEST1S, B-WB1M-WPAN1, B-WBA5M-WPAN, B-WL5M-SUBG1, NUCLEO-C031C6, NUCLEO-C051C8, NUCLEO-C071RB, NUCLEO-C092RC, NUCLEO-H503RB, NUCLEO-H533RE, NUCLEO-H563ZI, NUCLEO-H7S3L8, NUCLEO-N657X0-Q, NUCLEO-U031R8, NUCLEO-U083RC, NUCLEO-U385RG-Q, NUCLEO-U545RE-Q, NUCLEO-U5A5ZJ-Q, NUCLEO-WB05KZ, NUCLEO-WB07CC, NUCLEO-WB09KE, NUCLEO-WBA52CG, NUCLEO-WBA55CG, NUCLEO-WL33CC1, NUCLEO-WL33CC2, STEVAL-PROTEUS1, STEVAL-SMARTAG2, STEVAL-STWINBX1, STM320518-EVAL, STM32C0116-DK, STM32C011D6Y3TR, STM32C011D6Y6TR, STM32C011F4P3, STM32C011F4P6, STM32C011F4U3, STM32C011F4U6TR, STM32C011F6P3, STM32C011F6P6, STM32C011F6U3, STM32C011F6U6TR, STM32C011J4M3, STM32C011J4M6, STM32C011J6M3, STM32C011J6M6, STM32C0316-DK, STM32C031C4T3, STM32C031C4T6, STM32C031C4U3, STM32C031C4U6, STM32C031C6T3, STM32C031C6T6, STM32C031C6U3, STM32C031C6U6, STM32C031F4P3, STM32C031F4P6, STM32C031F6P3, STM32C031F6P6, STM32C031G4U3, STM32C031G4U6, STM32C031G6U3, STM32C031G6U6, STM32C031K4T3, STM32C031K4T6, STM32C031K4U3, STM32C031K4U6, STM32C031K6T3, STM32C031K6T6, STM32C031K6U3, STM32C031K6U6, STM32C051C6T6, STM32C051C6U6, STM32C051C8T6, STM32C051C8U6, STM32C051D8Y6TR, STM32C051F6P6, STM32C051F8P6, STM32C051G6U6, STM32C051G8U6, STM32C051K6T6, STM32C051K6U6, STM32C051K8T6, STM32C071C8T6, STM32C071C8T6N, STM32C071C8U6, STM32C071C8U6N, STM32C071CBT6, STM32C071CBT6N, STM32C071CBU6, STM32C071CBU6N, STM32C071F8P6, STM32C071F8P6N, STM32C071FBP6, STM32C071FBP6N, STM32C071FBY6TR, STM32C071G8U6, STM32C071G8U6N, STM32C071GBU6, STM32C071GBU6N, STM32C071K8T6, STM32C071K8T6N, STM32C071K8U6, STM32C071K8U6N, STM32C071KBT6, STM32C071KBT6N, STM32C071KBU6, STM32C071KBU6N, STM32C071R8T6, STM32C071R8T6N, STM32C071RBI6N, STM32C071RBT6, STM32C071RBT6N, STM32C091CBT6, STM32C091CBU6, STM32C091CCT6, STM32C091CCU6, STM32C091ECY6TR, STM32C091FBP6, STM32C091FCP6, STM32C091GBU6, STM32C091GCU6, STM32C091KBT6, STM32C091KBU6, STM32C091KCT6, STM32C091KCU6, STM32C091RBT6, STM32C091RCI6, STM32C091RCT6, STM32C092CBT6, STM32C092CBU6, STM32C092CCT6, STM32C092CCU6, STM32C092ECY6TR, STM32C092FBP6, STM32C092FCP6, STM32C092GBU6, STM32C092GCU6, STM32C092KBT6, STM32C092KBU6, STM32C092KCT6, STM32C092KCU6, STM32C092RBT6, STM32C092RCI6, STM32C092RCT6, STM32G071K8TXN, STM32G071K8UXN, STM32G081GBU6N, STM32G081KBT6N, STM32G081KBUXN, STM32G0B1CCT6N, STM32G0B1KCT6, STM32G0B1NEY6TR, STM32G0B1RCT6N, STM32G0C1CCT6, STM32G0C1CCT6N, STM32G0C1CCU6N, STM32G0C1CET6N, STM32G0C1CEU6N, STM32G0C1KCT6, STM32G0C1NEY6TR, STM32G0C1RCI6N, STM32G0C1RCT6N, STM32G0C1REI6N, STM32G0C1RET6N, STM32G0C1VCI6, STM32G0C1VEI6, STM32G411C6T3, STM32G411C6T6, STM32G411C6U3, STM32G411C6U6, STM32G411C8T3, STM32G411C8T6, STM32G411C8U3, STM32G411C8U6, STM32G411CBT3, STM32G411CBT6, STM32G411CBU3, STM32G411CBU6, STM32G411K6T3, STM32G411K6T6, STM32G411K6U3, STM32G411K6U6, STM32G411K8T3, STM32G411K8T6, STM32G411K8U3, STM32G411K8U6, STM32G411KBT3, STM32G411KBT6, STM32G411KBU3, STM32G411KBU6, STM32G411M6T3, STM32G411M6T6, STM32G411M8T3, STM32G411M8T6, STM32G411MBT3, STM32G411MBT6, STM32G411R6T3, STM32G411R6T6, STM32G411R8T3, STM32G411R8T6, STM32G411RBT3, STM32G411RBT6, STM32G414CBT3, STM32G414CBT6, STM32G414CBU3, STM32G414CBU6, STM32G414CCT3, STM32G414CCT6, STM32G414CCU3, STM32G414CCU6, STM32G414MBT3, STM32G414MBT6, STM32G414MCT3, STM32G414MCT6, STM32G414RBT3, STM32G414RBT6, STM32G414RCT3, STM32G414RCT6, STM32G414VBT3, STM32G414VBT6, STM32G414VCT3, STM32G414VCT6, STM32G431CBT3Z, STM32G431RBT3Z, STM32G471CCT6, STM32G471CCU6, STM32G471CET3, STM32G471CET6, STM32G471CEU3, STM32G471CEU6, STM32G471MCT6, STM32G471MET3, STM32G471MET6, STM32G471MEY6TR, STM32G471QCT6, STM32G471QET3, STM32G471RCT6, STM32G471RET3, STM32G471RET6, STM32G471VCH6, STM32G471VCI6, STM32G471VCT6, STM32G471VEH3, STM32G471VEH6, STM32G471VEI3, STM32G471VEI6, STM32G471VET3, STM32G471VET6, STM32G473QET3Z, STM32G473RET3Z, STM32G474CCT6, STM32G491RET3Z, STM32H503CBT6, STM32H503CBU6, STM32H503EBY6TR, STM32H503KBU6, STM32H503RBT6, STM32H523CCT6, STM32H523CCU6, STM32H523CET6, STM32H523CEU6, STM32H523HEY6TR, STM32H523RCT6, STM32H523RET6, STM32H523VCI6, STM32H523VCT6, STM32H523VEI6, STM32H523VET6, STM32H523ZCJ6, STM32H523ZCT6, STM32H523ZEJ6, STM32H523ZET6, STM32H533CET6, STM32H533CEU6, STM32H533HEY6TR, STM32H533RET6, STM32H533VEI6, STM32H533VET6, STM32H533ZEJ6, STM32H533ZET6, STM32H562AGI6, STM32H562AII6, STM32H562IGK6, STM32H562IGT6, STM32H562IIK6, STM32H562IIT6, STM32H562RGT6, STM32H562RGV6, STM32H562RIT6, STM32H562RIV6, STM32H562VGT6, STM32H562VIT6, STM32H562ZGT6, STM32H562ZIT6, STM32H563AGI6, STM32H563AII3Q, STM32H563AII6, STM32H563IGK6, STM32H563IGT6, STM32H563IIK3Q, STM32H563IIK6, STM32H563IIT3Q, STM32H563IIT6, STM32H563MIY3QTR, STM32H563RGT6, STM32H563RGV6, STM32H563RIT6, STM32H563RIV6, STM32H563VGT6, STM32H563VIT3Q, STM32H563VIT6, STM32H563ZGT6, STM32H563ZIT3Q, STM32H563ZIT6, STM32H573AII3Q, STM32H573AII6, STM32H573I-DK, STM32H573IIK3Q, STM32H573IIK6, STM32H573IIT3Q, STM32H573IIT6, STM32H573MIY3QTR, STM32H573RIT6, STM32H573RIV6, STM32H573VIT3Q, STM32H573VIT6, STM32H573ZIT3Q, STM32H573ZIT6, STM32H7R3A8I6, STM32H7R3I8K6, STM32H7R3I8T6, STM32H7R3L8H6, STM32H7R3L8H6H, STM32H7R3R8V6, STM32H7R3V8H6, STM32H7R3V8T6, STM32H7R3V8Y6TR, STM32H7R3Z8J6, STM32H7R3Z8T6, STM32H7R7A8I6, STM32H7R7I8K6, STM32H7R7I8T6, STM32H7R7L8H6, STM32H7R7L8H6H, STM32H7R7Z8J6, STM32H7S3A8I6, STM32H7S3I8K6, STM32H7S3I8T6, STM32H7S3L8H6, STM32H7S3L8H6H, STM32H7S3R8V6, STM32H7S3V8H6, STM32H7S3V8T6, STM32H7S3V8Y6TR, STM32H7S3Z8J6, STM32H7S3Z8T6, STM32H7S78-DK, STM32H7S7A8I6, STM32H7S7I8K6, STM32H7S7I8T6, STM32H7S7L8H6, STM32H7S7L8H6H, STM32H7S7Z8J6, STM32L4R5QGI6STR, STM32MP131AAE3, STM32MP131AAF3, STM32MP131AAG3, STM32MP131CAE3, STM32MP131CAF3, STM32MP131CAG3, STM32MP131DAE7, STM32MP131DAF7, STM32MP131DAG7, STM32MP131FAE7, STM32MP131FAF7, STM32MP131FAG7, STM32MP133AAE3, STM32MP133AAF3, STM32MP133AAG3, STM32MP133CAE3, STM32MP133CAF3, STM32MP133CAG3, STM32MP133DAE7, STM32MP133DAF7, STM32MP133DAG7, STM32MP133FAE7, STM32MP133FAF7, STM32MP133FAG7, STM32MP135AAE3, STM32MP135AAF3, STM32MP135AAG3, STM32MP135CAE3, STM32MP135CAF3, STM32MP135CAG3, STM32MP135DAE7, STM32MP135DAF7, STM32MP135DAG7, STM32MP135F-DK, STM32MP135FAE7, STM32MP135FAF7, STM32MP135FAF7T, STM32MP135FAF7U, STM32MP135FAG7, STM32MP211AAL3, STM32MP211AAM3, STM32MP211AAN3, STM32MP211AAO3, STM32MP211CAL3, STM32MP211CAM3, STM32MP211CAN3, STM32MP211CAO3, STM32MP211DAL3, STM32MP211DAM3, STM32MP211DAN3, STM32MP211DAO3, STM32MP211FAL3, STM32MP211FAM3, STM32MP211FAN3, STM32MP211FAO3, STM32MP213AAL3, STM32MP213AAM3, STM32MP213AAN3, STM32MP213AAO3, STM32MP213CAL3, STM32MP213CAM3, STM32MP213CAN3, STM32MP213CAO3, STM32MP213DAL3, STM32MP213DAM3, STM32MP213DAN3, STM32MP213DAO3, STM32MP213FAL3, STM32MP213FAM3, STM32MP213FAN3, STM32MP213FAO3, STM32MP215AAL3, STM32MP215AAM3, STM32MP215AAN3, STM32MP215AAO3, STM32MP215CAL3, STM32MP215CAM3, STM32MP215CAN3, STM32MP215CAO3, STM32MP215DAL3, STM32MP215DAM3, STM32MP215DAN3, STM32MP215DAO3, STM32MP215F-DK, STM32MP215FAL3, STM32MP215FAM3, STM32MP215FAN3, STM32MP215FAO3, STM32MP231AAJ3, STM32MP231AAK3, STM32MP231AAL3, STM32MP231CAJ3, STM32MP231CAK3, STM32MP231CAL3, STM32MP231DAJ3, STM32MP231DAK3, STM32MP231DAL3, STM32MP231FAJ3, STM32MP231FAK3, STM32MP231FAL3, STM32MP233AAJ3, STM32MP233AAK3, STM32MP233AAL3, STM32MP233CAJ3, STM32MP233CAK3, STM32MP233CAL3, STM32MP233DAJ3, STM32MP233DAK3, STM32MP233DAL3, STM32MP233FAJ3, STM32MP233FAK3, STM32MP233FAL3, STM32MP235AAJ3, STM32MP235AAK3, STM32MP235AAL3, STM32MP235CAJ3, STM32MP235CAK3, STM32MP235CAL3, STM32MP235DAJ3, STM32MP235DAK3, STM32MP235DAL3, STM32MP235FAJ3, STM32MP235FAK3, STM32MP235FAL3, STM32MP251AAI3, STM32MP251AAK3, STM32MP251AAL3, STM32MP251CAI3, STM32MP251CAK3, STM32MP251CAL3, STM32MP251DAI3, STM32MP251DAK3, STM32MP251DAL3, STM32MP251FAI3, STM32MP251FAK3, STM32MP251FAL3, STM32MP253AAI3, STM32MP253AAK3, STM32MP253AAL3, STM32MP253CAI3, STM32MP253CAK3, STM32MP253CAL3, STM32MP253DAI3, STM32MP253DAK3, STM32MP253DAL3, STM32MP253FAI3, STM32MP253FAK3, STM32MP253FAL3, STM32MP255AAI3, STM32MP255AAK3, STM32MP255AAL3, STM32MP255CAI3, STM32MP255CAK3, STM32MP255CAL3, STM32MP255DAI3, STM32MP255DAK3, STM32MP255DAL3, STM32MP255FAI3, STM32MP255FAK3, STM32MP255FAL3, STM32MP257AAI3, STM32MP257AAK3, STM32MP257AAL3, STM32MP257CAI3, STM32MP257CAK3, STM32MP257CAL3, STM32MP257DAI3, STM32MP257DAK3, STM32MP257DAL3, STM32MP257F-DK, STM32MP257F-EV1, STM32MP257FAI3, STM32MP257FAK3, STM32MP257FAL3, STM32N645A0H3Q, STM32N645B0H3Q, STM32N645I0H3Q, STM32N645L0H3Q, STM32N645X0H3Q, STM32N645Z0H3Q, STM32N647A0H3Q, STM32N647B0H3Q, STM32N647I0H3Q, STM32N647L0H3Q, STM32N647X0H3Q, STM32N647Z0H3Q, STM32N655A0H3Q, STM32N655B0H3Q, STM32N655I0H3Q, STM32N655L0H3Q, STM32N655X0H3Q, STM32N655Z0H3Q, STM32N6570-DK, STM32N657A0H3Q, STM32N657B0H3Q, STM32N657I0H3Q, STM32N657L0H3Q, STM32N657X0H3Q, STM32N657Z0H3Q, STM32U031C6T6, STM32U031C6U6, STM32U031C8T6, STM32U031C8U6, STM32U031F4P6, STM32U031F6P6, STM32U031F8P6, STM32U031G6Y6TR, STM32U031G8Y6TR, STM32U031K4U6, STM32U031K6U6, STM32U031K8U6, STM32U031R6I6, STM32U031R6T6, STM32U031R8I6, STM32U031R8T6, STM32U073C8T6, STM32U073C8U6, STM32U073CBT6, STM32U073CBU6, STM32U073CCT6, STM32U073CCU6, STM32U073H8Y6TR, STM32U073HBY6TR, STM32U073HCY6TR, STM32U073K8U6, STM32U073KBU6, STM32U073KCU6, STM32U073M8I6, STM32U073M8T6, STM32U073MBI6, STM32U073MBT6, STM32U073MCI6, STM32U073MCT6, STM32U073R8I6, STM32U073R8T6, STM32U073RBI6, STM32U073RBT6, STM32U073RCI6, STM32U073RCT6, STM32U083C-DK, STM32U083CCT6, STM32U083CCU6, STM32U083HCY6TR, STM32U083KCU6, STM32U083MCI6, STM32U083MCT6, STM32U083RCI6, STM32U083RCT6, STM32U375CET6, STM32U375CET6Q, STM32U375CEU6, STM32U375CEU6Q, STM32U375CEY6QTR, STM32U375CGT6, STM32U375CGT6Q, STM32U375CGU6, STM32U375CGU6Q, STM32U375CGY6QTR, STM32U375KEU6, STM32U375KGU6, STM32U375REI6, STM32U375REI6Q, STM32U375RET6, STM32U375RET6Q, STM32U375REY6GTR, STM32U375REY6QTR, STM32U375RGI6, STM32U375RGI6Q, STM32U375RGT6, STM32U375RGT6Q, STM32U375RGY6GTR, STM32U375RGY6QTR, STM32U375VEI6, STM32U375VEI6Q, STM32U375VET6, STM32U375VET6Q, STM32U375VGI6, STM32U375VGI6Q, STM32U375VGT6, STM32U375VGT6Q, STM32U385CGT6, STM32U385CGT6Q, STM32U385CGU6, STM32U385CGU6Q, STM32U385CGY6QTR, STM32U385KGU6, STM32U385RGI6, STM32U385RGI6Q, STM32U385RGT6, STM32U385RGT6Q, STM32U385RGY6GTR, STM32U385RGY6QTR, STM32U385VGI6, STM32U385VGI6Q, STM32U385VGT6, STM32U385VGT6Q, STM32U535CBT6, STM32U535CBT6Q, STM32U535CBU6, STM32U535CBU6Q, STM32U535CCT6, STM32U535CCT6Q, STM32U535CCU6, STM32U535CCU6Q, STM32U535CET6, STM32U535CET6Q, STM32U535CEU6, STM32U535CEU6Q, STM32U535JEY6QTR, STM32U535NCY6QTR, STM32U535NEY6QTR, STM32U535RBI6, STM32U535RBI6Q, STM32U535RBT6, STM32U535RBT6Q, STM32U535RCI6, STM32U535RCI6Q, STM32U535RCT6, STM32U535RCT6Q, STM32U535REI6, STM32U535REI6Q, STM32U535RET6, STM32U535RET6Q, STM32U535VCI6, STM32U535VCI6Q, STM32U535VCT6, STM32U535VCT6Q, STM32U535VEI6, STM32U535VEI6Q, STM32U535VET6, STM32U535VET6Q, STM32U545CET6, STM32U545CET6Q, STM32U545CEU6, STM32U545CEU6Q, STM32U545JEY6QTR, STM32U545NEY6QTR, STM32U545REI6, STM32U545REI6Q, STM32U545RET6, STM32U545RET6Q, STM32U545VEI6, STM32U545VEI6Q, STM32U545VET6, STM32U545VET6Q, STM32U595AIH6, STM32U595AIH6Q, STM32U595AJH6, STM32U595AJH6Q, STM32U595QII6, STM32U595QII6Q, STM32U595QJI6, STM32U595QJI6Q, STM32U595RIT6, STM32U595RIT6Q, STM32U595RJT6, STM32U595RJT6Q, STM32U595VIT6, STM32U595VIT6Q, STM32U595VJT6, STM32U595VJT6Q, STM32U595ZIT6, STM32U595ZIT6Q, STM32U595ZIY6QTR, STM32U595ZJT6, STM32U595ZJT6Q, STM32U595ZJY6QTR, STM32U599BJY6QTR, STM32U599NIH6Q, STM32U599NJH6Q, STM32U599VIT6Q, STM32U599VJT6, STM32U599VJT6Q, STM32U599ZIT6Q, STM32U599ZIY6QTR, STM32U599ZJT6Q, STM32U599ZJY6QTR, STM32U5A5AJH6, STM32U5A5AJH6Q, STM32U5A5QII3Q , STM32U5A5QJI6, STM32U5A5QJI6Q, STM32U5A5RJT6, STM32U5A5RJT6Q, STM32U5A5VJT6, STM32U5A5VJT6Q, STM32U5A5ZJT6, STM32U5A5ZJT6Q, STM32U5A5ZJY6QTR, STM32U5A9BJY6QTR, STM32U5A9J-DK, STM32U5A9NJH6Q, STM32U5A9VJT6Q, STM32U5A9ZJT6Q, STM32U5A9ZJY6QTR, STM32U5F7VIT6, STM32U5F7VIT6Q, STM32U5F7VJT6, STM32U5F7VJT6Q, STM32U5F9BJY6QTR, STM32U5F9NJH6Q, STM32U5F9VIT6Q, STM32U5F9VJT6Q, STM32U5F9ZIJ6QTR, STM32U5F9ZIT6Q, STM32U5F9ZJJ6QTR, STM32U5F9ZJT6Q, STM32U5G7VJT6, STM32U5G7VJT6Q, STM32U5G9BJY6QTR, STM32U5G9J-DK1, STM32U5G9J-DK2, STM32U5G9NJH6Q, STM32U5G9VJT6Q, STM32U5G9ZJJ6QTR, STM32U5G9ZJT6Q, STM32WB05KZV6TR, STM32WB05KZV7TR, STM32WB05TZF6TR, STM32WB05TZF7TR, STM32WB06CCF6TR, STM32WB06CCF7TR, STM32WB06CCV6TR, STM32WB06CCV7TR, STM32WB06KCV6TR, STM32WB06KCV7TR, STM32WB07CCF6TR, STM32WB07CCF7TR, STM32WB07CCV6TR, STM32WB07CCV7TR, STM32WB07KCV6TR, STM32WB07KCV7TR, STM32WB09KEV6TR, STM32WB09KEV7TR, STM32WB09TEF6TR, STM32WB09TEF7TR, STM32WB1MMCH6, STM32WBA50KGU6, STM32WBA50KGU6TR, STM32WBA52CEU6, STM32WBA52CEU6TR, STM32WBA52CEU7, STM32WBA52CEU7TR, STM32WBA52CGU6, STM32WBA52CGU6TR, STM32WBA52CGU6U, STM32WBA52CGU7, STM32WBA52CGU7TR, STM32WBA52KEU6, STM32WBA52KEU6TR, STM32WBA52KGU6, STM32WBA52KGU6TR, STM32WBA54CEU6, STM32WBA54CEU6TR, STM32WBA54CEU7, STM32WBA54CEU7TR, STM32WBA54CGU6, STM32WBA54CGU6TR, STM32WBA54CGU7, STM32WBA54CGU7TR, STM32WBA54KEU6, STM32WBA54KEU6TR, STM32WBA54KEU7, STM32WBA54KEU7TR, STM32WBA54KGU6, STM32WBA54KGU6TR, STM32WBA54KGU7, STM32WBA54KGU7TR, STM32WBA55CEU6, STM32WBA55CEU6TR, STM32WBA55CEU7, STM32WBA55CEU7TR, STM32WBA55CGU6, STM32WBA55CGU6TR, STM32WBA55CGU6U, STM32WBA55CGU7, STM32WBA55CGU7TR, STM32WBA55G-DK1, STM32WBA55HEF6, STM32WBA55HEF7, STM32WBA55HGF6, STM32WBA55HGF7, STM32WBA55UEI6, STM32WBA55UEI6TR, STM32WBA55UEI7, STM32WBA55UEI7TR, STM32WBA55UGI6, STM32WBA55UGI6TR, STM32WBA55UGI7, STM32WBA55UGI7TR, STM32WBA5MMGH6TR, STM32WBA62MGF6, STM32WBA62MIF6, STM32WBA65MGF7, STM32WBA65MIF6, STM32WBA65MIF7, STM32WL30K8V6, STM32WL30KBV6, STM32WL31C8V6, STM32WL31CBV6, STM32WL31K8V6, STM32WL31KBV6, STM32WL33C8V6, STM32WL33C8V6X, STM32WL33CBV6, STM32WL33CBV6X, STM32WL33CCV6, STM32WL33CCV6A, STM32WL33CCV6X, STM32WL33K8V7, STM32WL33K8V7X, STM32WL33KBV7 , STM32WL33KBV7X, STM32WL33KCV7, STM32WL33KCV7X, STM32WL5MOCH6, STM32WL5MOCH6TR]
2026-07-30 15:47:32,606 [INFO] DbMcus:218 - Found 5250 MCUs, 5097 are supported
2026-07-30 15:47:32,607 [INFO] ApiDb:423 - Load user favorites file C:\Users\ADMIN/.stm32cubeide/favorites.mcus.txt: 0 item(s)
2026-07-30 15:47:32,608 [INFO] ApiDb:427 - User favorites MCUs=[]
2026-07-30 15:47:32,608 [INFO] DbMcus:224 - Set 0 / 0 favorites MCUs
2026-07-30 15:47:33,442 [INFO] BoardInfo:889 - No configuration file found for board NUCLEO-H5E5ZJ
2026-07-30 15:47:33,445 [INFO] DbBoards:161 - Board is not supported: NUCLEO-H5E5ZJ
2026-07-30 15:47:33,558 [INFO] BoardInfo:889 - No configuration file found for board NUCLEO-U3C5ZI-Q
2026-07-30 15:47:33,560 [INFO] DbBoards:161 - Board is not supported: NUCLEO-U3C5ZI-Q
2026-07-30 15:47:33,590 [INFO] BoardInfo:889 - No configuration file found for board NUCLEO-WBA25CE1
2026-07-30 15:47:33,593 [INFO] DbBoards:161 - Board is not supported: NUCLEO-WBA25CE1
2026-07-30 15:47:33,612 [INFO] BoardInfo:889 - No configuration file found for board NUCLEO-WL3RKB1
2026-07-30 15:47:33,614 [INFO] DbBoards:161 - Board is not supported: NUCLEO-WL3RKB1
2026-07-30 15:47:33,615 [INFO] BoardInfo:889 - No configuration file found for board NUCLEO-WL3RKB2
2026-07-30 15:47:33,618 [INFO] DbBoards:161 - Board is not supported: NUCLEO-WL3RKB2
2026-07-30 15:47:33,633 [INFO] BoardInfo:889 - No configuration file found for board P-NUCLEO-WB55
2026-07-30 15:47:33,635 [INFO] DbBoards:161 - Kit is not supported: P-NUCLEO-WB55
2026-07-30 15:47:33,648 [INFO] BoardInfo:889 - No configuration file found for board STEVAL-BFA001V1B
2026-07-30 15:47:33,650 [INFO] DbBoards:161 - Kit is not supported: STEVAL-BFA001V1B
2026-07-30 15:47:33,651 [INFO] BoardInfo:889 - No configuration file found for board STEVAL-BFA001V2B
2026-07-30 15:47:33,653 [INFO] DbBoards:161 - Kit is not supported: STEVAL-BFA001V2B
2026-07-30 15:47:33,864 [INFO] BoardInfo:889 - No configuration file found for board STM32H5F5J-DK
2026-07-30 15:47:33,867 [INFO] DbBoards:161 - Board is not supported: STM32H5F5J-DK
2026-07-30 15:47:34,057 [INFO] DbBoards:168 - Found 218 boards, 209 are supported
2026-07-30 15:47:34,057 [INFO] DbBoards:169 - Found 218 boards, 43 of them is supported for  Bsp
2026-07-30 15:47:34,060 [INFO] ApiDb:423 - Load user favorites file C:\Users\ADMIN/.stm32cubeide/favorites.boards.txt: 0 item(s)
2026-07-30 15:47:34,060 [INFO] ApiDb:427 - User favorites Boards=[]
2026-07-30 15:47:34,060 [INFO] DbBoards:198 - Set 0 / 0 favorites Boards
2026-07-30 15:47:34,130 [INFO] UtilMem:75 - End LoadConfig() Used Memory: 250596072 Bytes (448790528)
2026-07-30 15:47:34,320 [WARN] ThirdParty:833 - waiting for thirdparty lock release [change project]
2026-07-30 15:47:34,320 [INFO] ThirdParty:835 - entering critical section [change project]
2026-07-30 15:47:34,321 [INFO] ThirdParty:1030 - CMSIS Pack Vendor :STMicroelectronics X-CUBE-AZRTOS-H7 3.5.0
2026-07-30 15:47:34,321 [INFO] ThirdParty:1030 - CMSIS Pack Vendor :STMicroelectronics X-CUBE-PM33A1 1.0.0
2026-07-30 15:47:34,321 [INFO] ThirdParty:1030 - CMSIS Pack Vendor :STMicroelectronics USBPD 4.1
2026-07-30 15:47:34,321 [INFO] ThirdParty:1030 - CMSIS Pack Vendor :STMicroelectronics X-CUBE-NFC9 1.0.0
2026-07-30 15:47:34,321 [INFO] ThirdParty:1030 - CMSIS Pack Vendor :STMicroelectronics USB_HOST 2.0.0
2026-07-30 15:47:34,321 [INFO] ThirdParty:1030 - CMSIS Pack Vendor :STMicroelectronics FP-ATR-ASTRA1 2.0.3
2026-07-30 15:47:34,321 [INFO] ThirdParty:1030 - CMSIS Pack Vendor :STMicroelectronics X-CUBE-AZRTOS-F4 1.1.0
2026-07-30 15:47:34,321 [INFO] ThirdParty:1030 - CMSIS Pack Vendor :STMicroelectronics LIBJPEG 8.0.0
2026-07-30 15:47:34,321 [INFO] ThirdParty:1030 - CMSIS Pack Vendor :STMicroelectronics X-CUBE-BLE1 7.1.0
2026-07-30 15:47:34,321 [INFO] ThirdParty:1030 - CMSIS Pack Vendor :wolfSSL I-CUBE-wolfMQTT 1.19.2
2026-07-30 15:47:34,321 [INFO] ThirdParty:1030 - CMSIS Pack Vendor :STMicroelectronics USB_DEVICE 3.0.0
2026-07-30 15:47:34,321 [INFO] ThirdParty:1030 - CMSIS Pack Vendor :STMicroelectronics X-CUBE-ISPU 2.1.0
2026-07-30 15:47:34,321 [INFO] ThirdParty:1030 - CMSIS Pack Vendor :STMicroelectronics X-CUBE-EEPRMA1 5.2.0
2026-07-30 15:47:34,321 [INFO] ThirdParty:1030 - CMSIS Pack Vendor :STMicroelectronics X-CUBE-IPS 3.2.0
2026-07-30 15:47:34,321 [INFO] ThirdParty:1030 - CMSIS Pack Vendor :STMicroelectronics eDS-WB_DPC_TT-BIDIR 2.1.1
2026-07-30 15:47:34,321 [INFO] ThirdParty:1030 - CMSIS Pack Vendor :STMicroelectronics X-CUBE-AZRTOS-WB 2.0.0
2026-07-30 15:47:34,321 [INFO] ThirdParty:1030 - CMSIS Pack Vendor :STMicroelectronics X-CUBE-NFC12 1.0.0
2026-07-30 15:47:34,321 [INFO] ThirdParty:1030 - CMSIS Pack Vendor :STMicroelectronics X-CUBE-AZRTOS-F7 1.1.0
2026-07-30 15:47:34,321 [INFO] ThirdParty:1030 - CMSIS Pack Vendor :STMicroelectronics X-CUBE-AZRTOS-L5 2.0.0
2026-07-30 15:47:34,321 [INFO] ThirdParty:1030 - CMSIS Pack Vendor :STMicroelectronics USB_DEVICE 2.0.0
2026-07-30 15:47:34,321 [INFO] ThirdParty:1030 - CMSIS Pack Vendor :STMicroelectronics X-CUBE-FREERTOS 1.6.0
2026-07-30 15:47:34,321 [INFO] ThirdParty:1030 - CMSIS Pack Vendor :STMicroelectronics FP-SNS-STAIOTCFT 1.1.0
2026-07-30 15:47:34,321 [INFO] ThirdParty:1030 - CMSIS Pack Vendor :quantropi X-CUBE-qispace-sdk-base 2.1.0
2026-07-30 15:47:34,322 [INFO] ThirdParty:1030 - CMSIS Pack Vendor :STMicroelectronics X-CUBE-STSE01 2.0.0
2026-07-30 15:47:34,322 [INFO] ThirdParty:1030 - CMSIS Pack Vendor :STMicroelectronics X-CUBE-ALGOBUILD 1.5.0
2026-07-30 15:47:34,322 [INFO] ThirdParty:1030 - CMSIS Pack Vendor :STMicroelectronics FP-SNS-MOTENV1 5.1.0
2026-07-30 15:47:34,322 [INFO] ThirdParty:1030 - CMSIS Pack Vendor :STMicroelectronics FreeRTOS 0.0.1
2026-07-30 15:47:34,322 [INFO] ThirdParty:1030 - CMSIS Pack Vendor :STMicroelectronics X-CUBE-AZRTOS-H7RS 1.3.0
2026-07-30 15:47:34,322 [INFO] ThirdParty:1030 - CMSIS Pack Vendor :STMicroelectronics X-CUBE-AZRTOS-G0 1.1.0
2026-07-30 15:47:34,322 [INFO] ThirdParty:1030 - CMSIS Pack Vendor :STMicroelectronics X-CUBE-NFC4 3.0.0
2026-07-30 15:47:34,322 [INFO] ThirdParty:1030 - CMSIS Pack Vendor :STMicroelectronics X-CUBE-SUBG2 5.0.0
2026-07-30 15:47:34,322 [INFO] ThirdParty:1030 - CMSIS Pack Vendor :STMicroelectronics STM32_WPAN 1.0.0
2026-07-30 15:47:34,322 [INFO] ThirdParty:1030 - CMSIS Pack Vendor :STMicroelectronics eDS-WB_DPC_VIENNA 1.2.0
2026-07-30 15:47:34,322 [INFO] ThirdParty:1030 - CMSIS Pack Vendor :EmbeddedOffice I-CUBE-FS-RTOS 1.0.1
2026-07-30 15:47:34,322 [INFO] ThirdParty:1030 - CMSIS Pack Vendor :STMicroelectronics lwIP 2.0.3
2026-07-30 15:47:34,322 [INFO] ThirdParty:1030 - CMSIS Pack Vendor :WES I-CUBE-Cesium 1.4.0
2026-07-30 15:47:34,322 [INFO] ThirdParty:1030 - CMSIS Pack Vendor :STMicroelectronics X-CUBE-MEMS1 13.0.0
2026-07-30 15:47:34,322 [INFO] ThirdParty:1030 - CMSIS Pack Vendor :STMicroelectronics eDS-WB_DPC_3PH2L-BIDIR 1.1.1
2026-07-30 15:47:34,322 [INFO] ThirdParty:1030 - CMSIS Pack Vendor :STMicroelectronics USB_HOST 1.0.0
2026-07-30 15:47:34,322 [INFO] ThirdParty:1030 - CMSIS Pack Vendor :STMicroelectronics X-CUBE-AZRTOS-G4 2.0.0
2026-07-30 15:47:34,322 [INFO] ThirdParty:1030 - CMSIS Pack Vendor :STMicroelectronics PDM2PCM 3.1.0
2026-07-30 15:47:34,322 [INFO] ThirdParty:1030 - CMSIS Pack Vendor :STMicroelectronics PDM2PCM 3.3.0
2026-07-30 15:47:34,322 [INFO] ThirdParty:1030 - CMSIS Pack Vendor :wolfSSL I-CUBE-wolfTPM 3.8.0
2026-07-30 15:47:34,322 [INFO] ThirdParty:1030 - CMSIS Pack Vendor :STMicroelectronics X-CUBE-DISPLAY 3.0.0
2026-07-30 15:47:34,322 [INFO] ThirdParty:1030 - CMSIS Pack Vendor :wolfSSL I-CUBE-wolfSSH 1.4.20
2026-07-30 15:47:34,322 [INFO] ThirdParty:1030 - CMSIS Pack Vendor :STMicroelectronics X-CUBE-NFC7 2.0.0
2026-07-30 15:47:34,322 [INFO] ThirdParty:1030 - CMSIS Pack Vendor :STMicroelectronics X-CUBE-GNSS1 7.1.1
2026-07-30 15:47:34,322 [INFO] ThirdParty:1030 - CMSIS Pack Vendor :STMicroelectronics FP-SNS-MOTENVWB1 1.5.0
2026-07-30 15:47:34,322 [INFO] ThirdParty:1030 - CMSIS Pack Vendor :STMicroelectronics X-CUBE-TCPP 4.2.0
2026-07-30 15:47:34,322 [INFO] ThirdParty:1030 - CMSIS Pack Vendor :RealThread X-CUBE-RT-Thread_Nano 4.1.1
2026-07-30 15:47:34,322 [INFO] ThirdParty:1030 - CMSIS Pack Vendor :STMicroelectronics FP-ATR-SIGFOX1 3.2.0
2026-07-30 15:47:34,322 [INFO] ThirdParty:1030 - CMSIS Pack Vendor :STMicroelectronics X-CUBE-NFC10 1.0.0
2026-07-30 15:47:34,322 [INFO] ThirdParty:1030 - CMSIS Pack Vendor :STMicroelectronics HAL Drivers 0.0.0
2026-07-30 15:47:34,322 [INFO] ThirdParty:1030 - CMSIS Pack Vendor :STMicroelectronics MBEDTLS 2.16.2
2026-07-30 15:47:34,322 [INFO] ThirdParty:1030 - CMSIS Pack Vendor :STMicroelectronics X-CUBE-ST60 1.1.0
2026-07-30 15:47:34,323 [INFO] ThirdParty:1030 - CMSIS Pack Vendor :STMicroelectronics X-CUBE-ALS 1.0.2
2026-07-30 15:47:34,323 [INFO] ThirdParty:1030 - CMSIS Pack Vendor :emotas I-CUBE-CANOPEN 1.3.0
2026-07-30 15:47:34,323 [INFO] ThirdParty:1030 - CMSIS Pack Vendor :wolfSSL I-CUBE-wolfSSL 5.9.2
2026-07-30 15:47:34,323 [INFO] ThirdParty:1030 - CMSIS Pack Vendor :STMicroelectronics MBEDTLS 2.14.1
2026-07-30 15:47:34,323 [INFO] ThirdParty:1030 - CMSIS Pack Vendor :ITTIA_DB I-CUBE-ITTIADB 8.9.0
2026-07-30 15:47:34,323 [INFO] ThirdParty:1030 - CMSIS Pack Vendor :Cesanta I-CUBE-Mongoose 7.21.7
2026-07-30 15:47:34,323 [INFO] ThirdParty:1030 - CMSIS Pack Vendor :STMicroelectronics X-CUBE-TOUCHGFX 4.26.1
2026-07-30 15:47:34,323 [INFO] ThirdParty:1030 - CMSIS Pack Vendor :STMicroelectronics X-CUBE-NFC6 3.2.0
2026-07-30 15:47:34,323 [INFO] ThirdParty:1030 - CMSIS Pack Vendor :STMicroelectronics FP-SNS-STBOX1 2.1.0
2026-07-30 15:47:34,323 [INFO] ThirdParty:1030 - CMSIS Pack Vendor :STMicroelectronics X-CUBE-AI 10.2.1
2026-07-30 15:47:34,323 [INFO] ThirdParty:1030 - CMSIS Pack Vendor :STMicroelectronics ThreadX 1.0.0
2026-07-30 15:47:34,323 [INFO] ThirdParty:1030 - CMSIS Pack Vendor :STMicroelectronics FP-SNS-SMARTAG2 1.2.0
2026-07-30 15:47:34,323 [INFO] ThirdParty:1030 - CMSIS Pack Vendor :STMicroelectronics FP-SNS-FLIGHT1 5.1.0
2026-07-30 15:47:34,323 [INFO] ThirdParty:1030 - CMSIS Pack Vendor :STMicroelectronics X-CUBE-AZRTOS-WL 2.0.0
2026-07-30 15:47:34,323 [INFO] ThirdParty:1030 - CMSIS Pack Vendor :SEGGER I-CUBE-embOS 1.3.1
2026-07-30 15:47:34,323 [INFO] ThirdParty:1030 - CMSIS Pack Vendor :STMicroelectronics X-CUBE-DPower 1.3.0
2026-07-30 15:47:34,323 [INFO] ThirdParty:1030 - CMSIS Pack Vendor :STMicroelectronics USB_DEVICE 1.0.0
2026-07-30 15:47:34,323 [INFO] ThirdParty:1030 - CMSIS Pack Vendor :STMicroelectronics X-CUBE-AZRTOS-L4 2.0.0
2026-07-30 15:47:34,323 [INFO] ThirdParty:1030 - CMSIS Pack Vendor :STMicroelectronics ThreadX 0.0.2
2026-07-30 15:47:34,323 [INFO] ThirdParty:1030 - CMSIS Pack Vendor :STMicroelectronics lwIP 2.1.2
2026-07-30 15:47:34,323 [INFO] ThirdParty:1030 - CMSIS Pack Vendor :STMicroelectronics X-CUBE-SFXS2LP1 4.0.0
2026-07-30 15:47:34,323 [INFO] ThirdParty:1030 - CMSIS Pack Vendor :STMicroelectronics X-CUBE-BLE2 3.3.0
2026-07-30 15:47:34,323 [INFO] ThirdParty:1030 - CMSIS Pack Vendor :Avnet-IOTCONNECT X-CUBE-iotc-st67-sdk 1.0.0
2026-07-30 15:47:34,323 [INFO] ThirdParty:1030 - CMSIS Pack Vendor :STMicroelectronics X-CUBE-TOF1 3.4.3
2026-07-30 15:47:34,323 [INFO] ThirdParty:1030 - CMSIS Pack Vendor :Infineon AIROC-Wi-Fi-Bluetooth-STM32 1.8.0
2026-07-30 15:47:34,323 [INFO] ThirdParty:1030 - CMSIS Pack Vendor :STMicroelectronics X-CUBE-NFC13 1.0.0
2026-07-30 15:47:34,323 [INFO] ThirdParty:1030 - CMSIS Pack Vendor :STMicroelectronics PDM2PCM 3.2.0
2026-07-30 15:47:34,323 [INFO] ThirdParty:1030 - CMSIS Pack Vendor :STMicroelectronics X-CUBE-WB05N 2.1.0
2026-07-30 15:47:34,324 [INFO] ThirdParty:841 - exiting critical section [change project]
2026-07-30 15:47:35,116 [INFO] PinOutPanel:1589 - setPackage(No Configuration,No Configuration)
2026-07-30 15:47:35,119 [INFO] PinOutPanel:1589 - setPackage(STM32L4S5VITx,LQFP100)
2026-07-30 15:47:36,253 [INFO] UtilMem:75 - Before build in PCC Used Memory: 360187904 Bytes (458227712)
2026-07-30 15:47:38,359 [INFO] UtilMem:75 - After build in PCC Used Memory: 282617592 Bytes (480247808)
2026-07-30 15:47:38,423 [INFO] IPUIPlugin:80 - create IPUIPlugin
2026-07-30 15:47:38,423 [INFO] IPUIPlugin:80 - create IPUIPlugin
2026-07-30 15:47:38,423 [INFO] IPUIPlugin:80 - create IPUIPlugin
2026-07-30 15:47:38,423 [INFO] IPUIPlugin:80 - create IPUIPlugin
2026-07-30 15:47:38,424 [INFO] IPUIPlugin:80 - create IPUIPlugin
2026-07-30 15:47:38,424 [INFO] IPUIPlugin:80 - create IPUIPlugin
2026-07-30 15:47:38,424 [INFO] IPUIPlugin:80 - create IPUIPlugin
2026-07-30 15:47:38,424 [INFO] IPUIPlugin:80 - create IPUIPlugin
2026-07-30 15:47:38,424 [INFO] IPUIPlugin:80 - create IPUIPlugin
2026-07-30 15:47:38,424 [INFO] IPUIPlugin:80 - create IPUIPlugin
2026-07-30 15:47:38,424 [INFO] IPUIPlugin:80 - create IPUIPlugin
2026-07-30 15:47:38,424 [INFO] IPUIPlugin:80 - create IPUIPlugin
2026-07-30 15:47:38,424 [INFO] IPUIPlugin:80 - create IPUIPlugin
2026-07-30 15:47:38,425 [INFO] IPUIPlugin:80 - create IPUIPlugin
2026-07-30 15:47:38,425 [INFO] IPUIPlugin:80 - create IPUIPlugin
2026-07-30 15:47:38,425 [INFO] IPUIPlugin:80 - create IPUIPlugin
2026-07-30 15:47:38,425 [INFO] IPUIPlugin:80 - create IPUIPlugin
2026-07-30 15:47:38,425 [INFO] IPUIPlugin:80 - create IPUIPlugin
2026-07-30 15:47:38,425 [INFO] IPUIPlugin:80 - create IPUIPlugin
2026-07-30 15:47:38,426 [INFO] IPUIPlugin:80 - create IPUIPlugin
2026-07-30 15:47:38,426 [INFO] IPUIPlugin:80 - create IPUIPlugin
2026-07-30 15:47:38,426 [INFO] IPUIPlugin:80 - create IPUIPlugin
2026-07-30 15:47:38,426 [INFO] IPUIPlugin:80 - create IPUIPlugin
2026-07-30 15:47:38,427 [INFO] IPUIPlugin:80 - create IPUIPlugin
2026-07-30 15:47:38,427 [INFO] IPUIPlugin:80 - create IPUIPlugin
2026-07-30 15:47:38,427 [INFO] IPUIPlugin:80 - create IPUIPlugin
2026-07-30 15:47:38,427 [INFO] IPUIPlugin:80 - create IPUIPlugin
2026-07-30 15:47:38,427 [INFO] IPUIPlugin:80 - create IPUIPlugin
2026-07-30 15:47:38,428 [INFO] IPUIPlugin:80 - create IPUIPlugin
2026-07-30 15:47:38,428 [INFO] IPUIPlugin:80 - create IPUIPlugin
2026-07-30 15:47:38,428 [INFO] IPUIPlugin:80 - create IPUIPlugin
2026-07-30 15:47:38,428 [INFO] IPUIPlugin:80 - create IPUIPlugin
2026-07-30 15:47:38,429 [INFO] IPUIPlugin:80 - create IPUIPlugin
2026-07-30 15:47:38,429 [INFO] IPUIPlugin:80 - create IPUIPlugin
2026-07-30 15:47:38,429 [INFO] IPUIPlugin:80 - create IPUIPlugin
2026-07-30 15:47:38,429 [INFO] IPUIPlugin:80 - create IPUIPlugin
2026-07-30 15:47:38,430 [INFO] IPUIPlugin:80 - create IPUIPlugin
2026-07-30 15:47:38,430 [INFO] IPUIPlugin:80 - create IPUIPlugin
2026-07-30 15:47:38,430 [INFO] IPUIPlugin:80 - create IPUIPlugin
2026-07-30 15:47:38,430 [INFO] IPUIPlugin:80 - create IPUIPlugin
2026-07-30 15:47:38,431 [INFO] IPUIPlugin:80 - create IPUIPlugin
2026-07-30 15:47:38,431 [INFO] IPUIPlugin:80 - create IPUIPlugin
2026-07-30 15:47:38,431 [INFO] IPUIPlugin:80 - create IPUIPlugin
2026-07-30 15:47:38,431 [INFO] IPUIPlugin:80 - create IPUIPlugin
2026-07-30 15:47:38,432 [INFO] IPUIPlugin:80 - create IPUIPlugin
2026-07-30 15:47:38,432 [INFO] IPUIPlugin:80 - create IPUIPlugin
2026-07-30 15:47:38,432 [INFO] IPUIPlugin:80 - create IPUIPlugin
2026-07-30 15:47:38,432 [INFO] IPUIPlugin:80 - create IPUIPlugin
2026-07-30 15:47:38,433 [INFO] IPUIPlugin:80 - create IPUIPlugin
2026-07-30 15:47:38,433 [INFO] IPUIPlugin:80 - create IPUIPlugin
2026-07-30 15:47:38,433 [INFO] IPUIPlugin:80 - create IPUIPlugin
2026-07-30 15:47:38,434 [INFO] IPUIPlugin:80 - create IPUIPlugin
2026-07-30 15:47:38,434 [INFO] IPUIPlugin:80 - create IPUIPlugin
2026-07-30 15:47:38,434 [INFO] IPUIPlugin:80 - create IPUIPlugin
2026-07-30 15:47:38,434 [INFO] IPUIPlugin:80 - create IPUIPlugin
2026-07-30 15:47:38,435 [INFO] IPUIPlugin:80 - create IPUIPlugin
2026-07-30 15:47:38,435 [INFO] IPUIPlugin:80 - create IPUIPlugin
2026-07-30 15:47:38,436 [INFO] IPUIPlugin:80 - create IPUIPlugin
2026-07-30 15:47:38,436 [INFO] IPUIPlugin:80 - create IPUIPlugin
2026-07-30 15:47:38,436 [INFO] IPUIPlugin:80 - create IPUIPlugin
2026-07-30 15:47:38,437 [INFO] IPUIPlugin:80 - create IPUIPlugin
2026-07-30 15:47:38,437 [INFO] IPUIPlugin:80 - create IPUIPlugin
2026-07-30 15:47:38,438 [INFO] IPUIPlugin:80 - create IPUIPlugin
2026-07-30 15:47:38,956 [INFO] CADModel:165 - CPN selected for project levelSTM32L4S5VIT6
2026-07-30 15:47:38,956 [INFO] CADModel:114 - Register for checkConnection events
2026-07-30 15:47:39,016 [INFO] OpenFileManager:386 - Restore cursor
2026-07-30 15:47:39,601 [WARN] IP:2250 - MaxTran not found: check if there is a RefParameter without a condition.
2026-07-30 15:47:39,601 [WARN] IP:2250 - Refresh not found: check if there is a RefParameter without a condition.
2026-07-30 15:47:39,602 [WARN] IP:2250 - MaxTran not found: check if there is a RefParameter without a condition.
2026-07-30 15:47:39,602 [WARN] IP:2250 - Refresh not found: check if there is a RefParameter without a condition.
2026-07-30 15:47:59,052 [INFO] ApiDbMcu:532 - Load IP Config File for STMicroelectronics.X-CUBE-AI.10.2.1
2026-07-30 15:47:59,198 [WARN] SupportedApi:132 - Cannot load RTOS API schema: s4s-elt-must-match.1: The content of 'definitions' must match (annotation?, (simpleType | complexType)?, (unique | key | keyref)*)). A problem was found starting at: attribute.
2026-07-30 15:47:59,235 [INFO] IPUIPlugin:80 - create IPUIPlugin
2026-07-30 15:47:59,259 [INFO] PluginManager:220 - loadIPPluginJar : add ai.10.2.1
2026-07-30 15:47:59,733 [INFO] IPUIPlugin:80 - create IPUIPlugin
2026-07-30 15:48:00,619 [INFO] ServerAccessManage:452 - Complete download http(s) 200
2026-07-30 15:48:00,619 [INFO] ServerAccessManage:509 - Download File 
2026-07-30 15:48:00,621 [INFO] LoadUrlFilesThread:185 - End of LoadServerUrlFiles without Thread
2026-07-30 15:48:00,757 [WARN] IP:2250 - MaxTran not found: check if there is a RefParameter without a condition.
2026-07-30 15:48:00,757 [WARN] IP:2250 - Refresh not found: check if there is a RefParameter without a condition.
2026-07-30 15:48:00,758 [WARN] IP:2250 - MaxTran not found: check if there is a RefParameter without a condition.
2026-07-30 15:48:00,758 [WARN] IP:2250 - Refresh not found: check if there is a RefParameter without a condition.
2026-07-30 15:48:01,553 [WARN] IP:2250 - MaxTran not found: check if there is a RefParameter without a condition.
2026-07-30 15:48:01,553 [WARN] IP:2250 - Refresh not found: check if there is a RefParameter without a condition.
2026-07-30 15:48:01,554 [WARN] IP:2250 - MaxTran not found: check if there is a RefParameter without a condition.
2026-07-30 15:48:01,554 [WARN] IP:2250 - Refresh not found: check if there is a RefParameter without a condition.
2026-07-30 15:48:43,684 [INFO] I2cTimingTraitement:330 - 0x30A175AB
2026-07-30 15:48:51,221 [INFO] UtilMem:75 - End SaveConfig() Used Memory: 898406936 Bytes (1073741824)
2026-07-30 15:48:51,485 [ERROR] AI:1656 - Unable to save AI parameter because instance is null
2026-07-30 15:48:51,773 [INFO] AIMainUI:1269 - Restoring parameters from IP...
2026-07-30 15:48:51,773 [INFO] AIMainUI:1392 - No old model detected
2026-07-30 15:48:53,224 [INFO] UtilMem:75 - End SaveConfig() Used Memory: 861877408 Bytes (1073741824)
2026-07-30 15:48:55,680 [INFO] UtilMem:75 - End SaveConfig() Used Memory: 964519456 Bytes (1073741824)
2026-07-30 15:48:56,620 [INFO] BlockDiagram:2775 - set Specific Code input for plugin: SYS
2026-07-30 15:48:56,620 [INFO] BlockDiagram:2775 - set Specific Code input for plugin: RCC
2026-07-30 15:48:56,620 [INFO] BlockDiagram:2775 - set Specific Code input for plugin: I2C
2026-07-30 15:48:56,620 [INFO] BlockDiagram:2775 - set Specific Code input for plugin: NVIC
2026-07-30 15:48:56,620 [INFO] BlockDiagram:2775 - set Specific Code input for plugin: USART
2026-07-30 15:48:56,621 [INFO] BlockDiagram:2775 - set Specific Code input for plugin: GPIO
2026-07-30 15:48:56,623 [INFO] CodeGenerator:892 - code generatio: config db path: C:\ST\STM32CubeIDE_1.19.0\STM32CubeIDE\plugins\com.st.stm32cube.common.mx_6.15.0.202507011659\\db\
2026-07-30 15:48:56,836 [INFO] IP:3329 - RTE Config file name : RTE_Component
2026-07-30 15:48:56,836 [INFO] IP:3347 - RTE template : RTE_Components.ftl
2026-07-30 15:48:56,898 [INFO] CodeEngine:265 - oldGeneratedFile, D:\TinyML_Workshop-main\TinyML_Workshop_PGR\TinyML_PGR\STM32\BackupIMU\MXTmpFiles\license.tmp_save
2026-07-30 15:48:57,601 [INFO] CodeEngine:289 - Generated code: D:\TinyML_Workshop-main\TinyML_Workshop_PGR\TinyML_PGR\STM32\BackupIMU\MXTmpFiles\license.tmp
2026-07-30 15:48:57,778 [INFO] CodeEngine:265 - oldGeneratedFile, D:\TinyML_Workshop-main\TinyML_Workshop_PGR\TinyML_PGR\STM32\BackupIMU\MXTmpFiles\gpio.tmp_save
2026-07-30 15:48:57,977 [INFO] CodeEngine:289 - Generated code: D:\TinyML_Workshop-main\TinyML_Workshop_PGR\TinyML_PGR\STM32\BackupIMU\MXTmpFiles\gpio.tmp
2026-07-30 15:48:58,210 [INFO] CodeEngine:265 - oldGeneratedFile, D:\TinyML_Workshop-main\TinyML_Workshop_PGR\TinyML_PGR\STM32\BackupIMU\Core\Src\stm32l4xx_it.c_save
2026-07-30 15:48:58,394 [INFO] CodeEngine:289 - Generated code: D:\TinyML_Workshop-main\TinyML_Workshop_PGR\TinyML_PGR\STM32\BackupIMU\Core\Src\stm32l4xx_it.c
2026-07-30 15:48:58,400 [INFO] CodeEngine:265 - oldGeneratedFile, D:\TinyML_Workshop-main\TinyML_Workshop_PGR\TinyML_PGR\STM32\BackupIMU\Core\Inc\stm32l4xx_it.h_save
2026-07-30 15:48:58,496 [INFO] CodeEngine:289 - Generated code: D:\TinyML_Workshop-main\TinyML_Workshop_PGR\TinyML_PGR\STM32\BackupIMU\Core\Inc\stm32l4xx_it.h
2026-07-30 15:48:58,517 [INFO] CodeEngine:265 - oldGeneratedFile, D:\TinyML_Workshop-main\TinyML_Workshop_PGR\TinyML_PGR\STM32\BackupIMU\Core\Src\stm32l4xx_hal_msp.c_save
2026-07-30 15:48:58,790 [INFO] CodeEngine:289 - Generated code: D:\TinyML_Workshop-main\TinyML_Workshop_PGR\TinyML_PGR\STM32\BackupIMU\Core\Src\stm32l4xx_hal_msp.c
2026-07-30 15:48:58,795 [INFO] CodeEngine:265 - oldGeneratedFile, D:\TinyML_Workshop-main\TinyML_Workshop_PGR\TinyML_PGR\STM32\BackupIMU\MXTmpFiles\system.tmp_save
2026-07-30 15:48:58,893 [INFO] CodeEngine:289 - Generated code: D:\TinyML_Workshop-main\TinyML_Workshop_PGR\TinyML_PGR\STM32\BackupIMU\MXTmpFiles\system.tmp
2026-07-30 15:48:58,907 [INFO] CodeEngine:321 - oldGeneratedFile, D:\TinyML_Workshop-main\TinyML_Workshop_PGR\TinyML_PGR\STM32\BackupIMU\Core\Inc\stm32l4xx_hal_conf.h_save
2026-07-30 15:48:59,003 [INFO] CodeEngine:345 - Generated code: D:\TinyML_Workshop-main\TinyML_Workshop_PGR\TinyML_PGR\STM32\BackupIMU\Core\Inc\stm32l4xx_hal_conf.h
2026-07-30 15:48:59,058 [INFO] ApiDbMcu:532 - Load IP Config File for I2C2
2026-07-30 15:48:59,075 [INFO] ApiDbMcu:532 - Load IP Config File for USART1
2026-07-30 15:48:59,081 [INFO] ApiDbMcu:532 - Load IP Config File for RCC
2026-07-30 15:48:59,098 [INFO] CodeEngine:265 - oldGeneratedFile, D:\TinyML_Workshop-main\TinyML_Workshop_PGR\TinyML_PGR\STM32\BackupIMU\Core\Inc\main.h_save
2026-07-30 15:48:59,260 [INFO] CodeEngine:289 - Generated code: D:\TinyML_Workshop-main\TinyML_Workshop_PGR\TinyML_PGR\STM32\BackupIMU\Core\Inc\main.h
2026-07-30 15:48:59,267 [INFO] CodeEngine:265 - oldGeneratedFile, D:\TinyML_Workshop-main\TinyML_Workshop_PGR\TinyML_PGR\STM32\BackupIMU\Core\Src\main.c_save
2026-07-30 15:48:59,517 [INFO] CodeEngine:289 - Generated code: D:\TinyML_Workshop-main\TinyML_Workshop_PGR\TinyML_PGR\STM32\BackupIMU\Core\Src\main.c
2026-07-30 15:49:00,258 [INFO] ProjectBuilder:3606 - Time for Copy HAL[1] : 220mS.
2026-07-30 15:49:00,277 [INFO] ProjectBuilder:5216 - Project Generator version: 4.7.0-B52
2026-07-30 15:49:00,382 [INFO] ConfigFileManager:1595 - The Die is : DIE470
2026-07-30 15:49:00,389 [INFO] ApiDbMcu:532 - Load IP Config File for FATFS
2026-07-30 15:49:00,396 [INFO] ApiDbMcu:532 - Load IP Config File for FREERTOS
2026-07-30 15:49:00,409 [INFO] ApiDbMcu:532 - Load IP Config File for TOUCHSENSING
2026-07-30 15:49:00,416 [INFO] ApiDbMcu:532 - Load IP Config File for USB_DEVICE
2026-07-30 15:49:00,423 [INFO] ApiDbMcu:532 - Load IP Config File for USB_HOST
2026-07-30 15:49:01,140 [INFO] LogOutputStream:77 - [STDOUT_REDIRECT] 
2026-07-30 15:49:02,853 [INFO] ProjectBuilder:5496 - Time for Generating toolchain IDE Files: 2576mS.
2026-07-30 15:49:02,855 [INFO] ProjectBuilder:3463 - Time for Copy CMSIS : 0mS.
2026-07-30 15:49:02,857 [INFO] ProjectBuilder:3463 - Time for Copy CMSIS : 0mS.
2026-07-30 15:55:28,604 [INFO] I2cTimingTraitement:330 - 0x30A175AB
2026-07-30 15:56:22,228 [INFO] AI:955 - getUI adding AI com.st.microxplorer.plugins.ip.ai.AI@24028b0b on STMicroelectronics.X-CUBE-AI.10.2.1
2026-07-30 15:56:24,600 [INFO] AInterface:116 - AInterface using toolDir: C:/Users/ADMIN/STM32Cube/Repository//Packs/STMicroelectronics/X-CUBE-AI/10.2.1/Utilities/windows
2026-07-30 15:56:24,644 [INFO] AIModelDetailledView:2264 - Analysis status: -
2026-07-30 15:56:24,645 [INFO] AIModelDetailledView:898 - Selected model: Keras
2026-07-30 15:56:28,147 [INFO] AIModelDetailledView:898 - Selected model: ONNX
2026-07-30 15:56:46,180 [INFO] AInterface:259 - ModelName:network; files:[D:\TinyML_Workshop-main\TinyML_Workshop_PGR\addon\OnBoard_IMU_Inference_COdes\random_forest_model.onnx]; type:ONNX; compression:None
2026-07-30 15:56:46,182 [INFO] AInterface:526 - workspaceTempDir: C:/Users/ADMIN/AppData/Local/Temp/mxAI_workspace6871267954007324588893207787776
2026-07-30 15:56:46,183 [INFO] AInterface:1179 - Setting Env: C:/Users/ADMIN/STM32Cube/Repository//Packs/STMicroelectronics/X-CUBE-AI/10.2.1/Utilities/windows
2026-07-30 15:56:46,373 [INFO] STM32CubeIDEBuilder:265 - Looking for gnu-tools-for-stm32 tools/bin/arm-none-eabi-gcc.exe in C:\ST\STM32CubeIDE_1.19.0\STM32CubeIDE
2026-07-30 15:56:46,376 [INFO] STM32CubeIDEBuilder:294 - checking C:\ST\STM32CubeIDE_1.19.0\STM32CubeIDE\plugins\com.st.stm32cube.ide.mcu.externaltools.gnu-tools-for-stm32.13.3.rel1.win32_1.0.0.202411081344\tools\bin\arm-none-eabi-gcc.exe
2026-07-30 15:56:46,377 [INFO] STM32CubeIDEBuilder:297 - ret=C:\ST\STM32CubeIDE_1.19.0\STM32CubeIDE\plugins\com.st.stm32cube.ide.mcu.externaltools.gnu-tools-for-stm32.13.3.rel1.win32_1.0.0.202411081344\tools\bin\arm-none-eabi-gcc.exe
2026-07-30 15:56:46,377 [INFO] STM32CubeIDEBuilder:311 - returning C:\ST\STM32CubeIDE_1.19.0\STM32CubeIDE\plugins\com.st.stm32cube.ide.mcu.externaltools.gnu-tools-for-stm32.13.3.rel1.win32_1.0.0.202411081344\tools\bin\arm-none-eabi-gcc.exe
2026-07-30 15:56:46,378 [INFO] AInterface:1236 - Custom PATH variable: C:/Users/ADMIN/STM32Cube/Repository//Packs/STMicroelectronics/X-CUBE-AI/10.2.1/Utilities/windows;C:/Users/ADMIN/STM32Cube/Repository//Packs/STMicroelectronics/X-CUBE-AI/10.2.1/Utilities/windows/mingw64/bin;C:/Users/ADMIN/STM32Cube/Repository//Packs/STMicroelectronics/X-CUBE-AI/10.2.1/Utilities/windows/mingw64/libexec/gcc/x86_64-w64-mingw32/7.3.0;;C:\ST\STM32CubeIDE_1.19.0\STM32CubeIDE\plugins\com.st.stm32cube.ide.mcu.externaltools.gnu-tools-for-stm32.13.3.rel1.win32_1.0.0.202411081344\tools\bin
2026-07-30 15:56:46,389 [INFO] CmdLine:115 - Command: C:/Users/ADMIN/STM32Cube/Repository//Packs/STMicroelectronics/X-CUBE-AI/10.2.1/Utilities/windows/stedgeai.exe analyze --target stm32l4 --name network -m D:/TinyML_Workshop-main/TinyML_Workshop_PGR/addon/OnBoard_IMU_Inference_COdes/random_forest_model.onnx --compression none --verbosity 1 --workspace C:/Users/ADMIN/AppData/Local/Temp/mxAI_workspace6871267954007324588893207787776 --output C:/Users/ADMIN/.stm32cubemx/network_output
2026-07-30 15:56:46,397 [INFO] AIModelDetailledView:2264 - Analysis status: pending
2026-07-30 15:57:01,280 [INFO] CmdLine:76 - ST Edge AI Core v2.2.0-20266 2adc00962
2026-07-30 15:58:52,150 [INFO] CmdLine:76 - Creating c (debug) info json file C:\Users\ADMIN\.stm32cubemx\network_output\network_c_info.json
2026-07-30 15:58:52,310 [INFO] CmdLine:76 -  
2026-07-30 15:58:52,310 [INFO] CmdLine:76 -  Exec/report summary (analyze)
2026-07-30 15:58:52,311 [INFO] CmdLine:76 -  --------------------------------------------------------------------------------------------------------------------------------
2026-07-30 15:58:52,311 [INFO] CmdLine:76 -  model file         :   D:\TinyML_Workshop-main\TinyML_Workshop_PGR\addon\OnBoard_IMU_Inference_COdes\random_forest_model.onnx   
2026-07-30 15:58:52,311 [INFO] CmdLine:76 -  type               :   onnx                                                                                                     
2026-07-30 15:58:52,311 [INFO] CmdLine:76 -  c_name             :   network                                                                                                  
2026-07-30 15:58:52,312 [INFO] CmdLine:76 -  compression        :   none                                                                                                     
2026-07-30 15:58:52,312 [INFO] CmdLine:76 -  options            :   allocate-inputs, allocate-outputs                                                                        
2026-07-30 15:58:52,315 [INFO] CmdLine:76 -  optimization       :   balanced                                                                                                 
2026-07-30 15:58:52,315 [INFO] CmdLine:76 -  target/series      :   stm32l4                                                                                                  
2026-07-30 15:58:52,315 [INFO] CmdLine:76 -  workspace dir      :   C:\Users\ADMIN\AppData\Local\Temp\mxAI_workspace6871267954007324588893207787776                          
2026-07-30 15:58:52,315 [INFO] CmdLine:76 -  output dir         :   C:\Users\ADMIN\.stm32cubemx\network_output                                                               
2026-07-30 15:58:52,316 [INFO] CmdLine:76 -  model_fmt          :   undefined                                                                                                
2026-07-30 15:58:52,316 [INFO] CmdLine:76 -  model_name         :   random_forest_model                                                                                      
2026-07-30 15:58:52,316 [INFO] CmdLine:76 -  model_hash         :   0xee61876666aff892376c0a5906476d28                                                                       
2026-07-30 15:58:52,316 [INFO] CmdLine:76 -  params #           :   490,367 items (1.18 MiB)                                                                                 
2026-07-30 15:58:52,317 [INFO] CmdLine:76 -  --------------------------------------------------------------------------------------------------------------------------------
2026-07-30 15:58:52,317 [INFO] CmdLine:76 -  input 1/1          :   'float_input', f32(1x1x6), 24 Bytes, activations                                                         
2026-07-30 15:58:52,317 [INFO] CmdLine:76 -  output 1/2         :   'label0', int32(1x1), 4 Bytes, activations                                                               
2026-07-30 15:58:52,318 [INFO] CmdLine:76 -  output 2/2         :   'output_probability', f32(1x1x5x2), 40 Bytes, activations                                                
2026-07-30 15:58:52,318 [INFO] CmdLine:76 -  outputs (total)    :   44 Bytes                                                                                                 
2026-07-30 15:58:52,318 [INFO] CmdLine:76 -  macc               :   1,306                                                                                                    
2026-07-30 15:58:52,319 [INFO] CmdLine:76 -  weights (ro)       :   1,236,440 B (1.18 MiB) (1 segment) / -725,028(-37.0%) vs float model                                     
2026-07-30 15:58:52,319 [INFO] CmdLine:76 -  activations (rw)   :   64 B (64 B) (1 segment) *                                                                                
2026-07-30 15:58:52,319 [INFO] CmdLine:76 -  ram (total)        :   64 B (64 B) = 64 + 0 + 0                                                                                 
2026-07-30 15:58:52,320 [INFO] CmdLine:76 -  --------------------------------------------------------------------------------------------------------------------------------
2026-07-30 15:58:52,321 [INFO] CmdLine:76 -  (*) 'input'/'output' buffers are allocated in the activations buffer
2026-07-30 15:58:52,369 [INFO] CmdLine:76 - Computing AI RT data/code size (target=stm32l4)..
2026-07-30 15:58:55,890 [INFO] CmdLine:76 -  Model name - random_forest_model
2026-07-30 15:58:55,891 [INFO] CmdLine:76 -  ------ -------------------------------- ---------------- ------------------- ------- --------------
2026-07-30 15:58:55,891 [INFO] CmdLine:76 -  m_id   layer (original)                 oshape           param/size             macc   connected to
2026-07-30 15:58:55,891 [INFO] CmdLine:76 -  ------ -------------------------------- ---------------- ------------------- ------- --------------
2026-07-30 15:58:55,892 [INFO] CmdLine:76 -  0      float_input ()                   [h:1,c:6]
2026-07-30 15:58:55,892 [INFO] CmdLine:76 -  ------ -------------------------------- ---------------- ------------------- ------- --------------
2026-07-30 15:58:55,894 [INFO] CmdLine:76 -  1      label (TreeEnsembleClassifier)   [c:1][h:1,c:5]   490,362/1,236,432     1,306    float_input
2026-07-30 15:58:55,894 [INFO] CmdLine:76 -  ------ -------------------------------- ---------------- ------------------- ------- --------------
2026-07-30 15:58:55,894 [INFO] CmdLine:76 -  2      output_label (Cast)              [c:1]                                      2          label
2026-07-30 15:58:55,895 [INFO] CmdLine:76 -  ------ -------------------------------- ---------------- ------------------- ------- --------------
2026-07-30 15:58:55,895 [INFO] CmdLine:76 -  3      output_probability (ZipMap)      [h:1,w:5,c:2]    5/5                                  label
2026-07-30 15:58:55,895 [INFO] CmdLine:76 -  ------ -------------------------------- ---------------- ------------------- ------- --------------
2026-07-30 15:58:55,896 [INFO] CmdLine:76 -  model: macc=1,308 weights=1,236,437 activations=-- io=--
2026-07-30 15:58:55,896 [INFO] CmdLine:76 -  Number of operations per c-layer
2026-07-30 15:58:55,897 [INFO] CmdLine:76 -  ------- ------ -------------------------------- ------- -------------
2026-07-30 15:58:55,897 [INFO] CmdLine:76 -  c_id    m_id   name (type)                          #op          type
2026-07-30 15:58:55,897 [INFO] CmdLine:76 -  ------- ------ -------------------------------- ------- -------------
2026-07-30 15:58:55,897 [INFO] CmdLine:76 -  0       1      label (TreeEnsembleClassifier)     1,306   smul_f32_s8
2026-07-30 15:58:55,900 [INFO] CmdLine:76 -  1       3      output_probability (ZipMap)            0   smul_f32_s8
2026-07-30 15:58:55,901 [INFO] CmdLine:76 -  ------- ------ -------------------------------- ------- -------------
2026-07-30 15:58:55,901 [INFO] CmdLine:76 -  total                                             1,306
2026-07-30 15:58:55,901 [INFO] CmdLine:76 -  Number of operation types
2026-07-30 15:58:55,902 [INFO] CmdLine:76 -  ---------------- ------- -----------
2026-07-30 15:58:55,902 [INFO] CmdLine:76 -  operation type         #           %
2026-07-30 15:58:55,902 [INFO] CmdLine:76 -  ---------------- ------- -----------
2026-07-30 15:58:55,903 [INFO] CmdLine:76 -  smul_f32_s8        1,306      100.0%
2026-07-30 15:58:55,903 [INFO] CmdLine:76 -  Complexity report (model)
2026-07-30 15:58:55,904 [INFO] CmdLine:76 -  ------ -------------------- ------------------------- ------------------------- ------
2026-07-30 15:58:55,904 [INFO] CmdLine:76 -  m_id   name                 c_macc                    c_rom                     c_id
2026-07-30 15:58:55,905 [INFO] CmdLine:76 -  ------ -------------------- ------------------------- ------------------------- ------
2026-07-30 15:58:55,905 [INFO] CmdLine:76 -  1      label                |||||||||||||||| 100.0%   |||||||||||||||| 100.0%   [0]
2026-07-30 15:58:55,905 [INFO] CmdLine:76 -  3      output_probability   |                  0.0%   |                  0.0%   [1]
2026-07-30 15:58:55,908 [INFO] CmdLine:76 -  ------ -------------------- ------------------------- ------------------------- ------
2026-07-30 15:58:55,908 [INFO] CmdLine:76 -  macc=1,306 weights=1,236,440 act=64 ram_io=0
2026-07-30 15:58:55,909 [INFO] CmdLine:76 -  Requested memory size by section - "stm32l4" target
2026-07-30 15:58:55,909 [INFO] CmdLine:76 -  ------------------------------ ------- ----------- ------- -----
2026-07-30 15:58:55,909 [INFO] CmdLine:76 -  module                            text      rodata    data   bss
2026-07-30 15:58:55,909 [INFO] CmdLine:76 -  ------------------------------ ------- ----------- ------- -----
2026-07-30 15:58:55,909 [INFO] CmdLine:76 -  NetworkRuntime1020_CM4_GCC.a     5,508           0       0     0
2026-07-30 15:58:55,910 [INFO] CmdLine:76 -  network.o                          692          16   1,768   172
2026-07-30 15:58:55,910 [INFO] CmdLine:76 -  network_data.o                      48          16      88     0
2026-07-30 15:58:55,910 [INFO] CmdLine:76 -  lib (toolchain)*                     0           0       0     0
2026-07-30 15:58:55,910 [INFO] CmdLine:76 -  ------------------------------ ------- ----------- ------- -----
2026-07-30 15:58:55,911 [INFO] CmdLine:76 -  RT total**                       6,248          32   1,856   172
2026-07-30 15:58:55,911 [INFO] CmdLine:76 -  ------------------------------ ------- ----------- ------- -----
2026-07-30 15:58:55,911 [INFO] CmdLine:76 -  weights                              0   1,236,440       0     0
2026-07-30 15:58:55,911 [INFO] CmdLine:76 -  activations                          0           0       0    64
2026-07-30 15:58:55,912 [INFO] CmdLine:76 -  io                                   0           0       0     0
2026-07-30 15:58:55,912 [INFO] CmdLine:76 -  ------------------------------ ------- ----------- ------- -----
2026-07-30 15:58:55,912 [INFO] CmdLine:76 -  TOTAL                            6,248   1,236,472   1,856   236
2026-07-30 15:58:55,913 [INFO] CmdLine:76 -  ------------------------------ ------- ----------- ------- -----
2026-07-30 15:58:55,913 [INFO] CmdLine:76 -  *  toolchain objects (libm/libgcc*)
2026-07-30 15:58:55,913 [INFO] CmdLine:76 -  ** RT AI runtime objects (kernels+infrastructure)
2026-07-30 15:58:55,913 [INFO] CmdLine:76 -   Summary - "stm32l4" target
2026-07-30 15:58:55,914 [INFO] CmdLine:76 -   --------------------------------------------------
2026-07-30 15:58:55,914 [INFO] CmdLine:76 -                FLASH (ro)     %*   RAM (rw)       %
2026-07-30 15:58:55,914 [INFO] CmdLine:76 -   --------------------------------------------------
2026-07-30 15:58:55,914 [INFO] CmdLine:76 -   RT total          8,136   0.7%      2,028   96.9%
2026-07-30 15:58:55,915 [INFO] CmdLine:76 -   --------------------------------------------------
2026-07-30 15:58:55,915 [INFO] CmdLine:76 -   TOTAL         1,244,576             2,092
2026-07-30 15:58:55,915 [INFO] CmdLine:76 -   --------------------------------------------------
2026-07-30 15:58:55,915 [INFO] CmdLine:76 -   *  rt/total
2026-07-30 15:58:55,915 [INFO] CmdLine:76 - Creating txt report file C:\Users\ADMIN\.stm32cubemx\network_output\network_analyze_report.txt
2026-07-30 15:59:02,388 [INFO] CmdLine:76 - elapsed time (analyze): 121.107s
2026-07-30 15:59:03,003 [INFO] CmdLine:148 - stedgeai exit with status: 0
2026-07-30 15:59:03,165 [INFO] AIModelDetailledView:1077 - Model file:      random_forest_model.onnx
2026-07-30 15:59:03,166 [INFO] AIModelDetailledView:1077 - Total Flash:     1244576 B (1.19 MiB)
2026-07-30 15:59:03,166 [INFO] AIModelDetailledView:1077 -     Weights:     1236440 B (1.18 MiB)
2026-07-30 15:59:03,167 [INFO] AIModelDetailledView:1077 -     Library:     8136 B (7.95 KiB)
2026-07-30 15:59:03,167 [INFO] AIModelDetailledView:1077 - Total Ram:       2092 B (2.04 KiB)
2026-07-30 15:59:03,167 [INFO] AIModelDetailledView:1077 -     Activations: 64 B
2026-07-30 15:59:03,167 [INFO] AIModelDetailledView:1077 -     Library:     2028 B (1.98 KiB)
2026-07-30 15:59:03,168 [INFO] AIModelDetailledView:1077 -     Input:       24 B (included in Activations)
2026-07-30 15:59:03,168 [INFO] AIModelDetailledView:1077 -     Output:      44 B (included in Activations)
2026-07-30 15:59:03,168 [INFO] AIModelDetailledView:1077 - Done
2026-07-30 15:59:03,169 [INFO] AIModelDetailledView:2598 - Analyze complete on AI model
2026-07-30 15:59:03,317 [INFO] AIModelDetailledView:2264 - Analysis status: done
2026-07-30 15:59:20,780 [INFO] UtilMem:75 - End SaveConfig() Used Memory: 763146680 Bytes (1073741824)
2026-07-30 15:59:21,045 [INFO] AIModelDetailledView:2264 - Analysis status: -
2026-07-30 15:59:21,048 [INFO] AInterface:259 - ModelName:network; files:[D:\TinyML_Workshop-main\TinyML_Workshop_PGR\addon\OnBoard_IMU_Inference_COdes\random_forest_model.onnx]; type:ONNX; compression:None
2026-07-30 15:59:21,048 [INFO] AInterface:526 - workspaceTempDir: C:/Users/ADMIN/AppData/Local/Temp/mxAI_workspace84199360110013812962900615618663
2026-07-30 15:59:21,049 [INFO] AInterface:1179 - Setting Env: C:/Users/ADMIN/STM32Cube/Repository//Packs/STMicroelectronics/X-CUBE-AI/10.2.1/Utilities/windows
2026-07-30 15:59:21,055 [INFO] STM32CubeIDEBuilder:265 - Looking for gnu-tools-for-stm32 tools/bin/arm-none-eabi-gcc.exe in C:\ST\STM32CubeIDE_1.19.0\STM32CubeIDE
2026-07-30 15:59:21,058 [INFO] STM32CubeIDEBuilder:294 - checking C:\ST\STM32CubeIDE_1.19.0\STM32CubeIDE\plugins\com.st.stm32cube.ide.mcu.externaltools.gnu-tools-for-stm32.13.3.rel1.win32_1.0.0.202411081344\tools\bin\arm-none-eabi-gcc.exe
2026-07-30 15:59:21,058 [INFO] STM32CubeIDEBuilder:297 - ret=C:\ST\STM32CubeIDE_1.19.0\STM32CubeIDE\plugins\com.st.stm32cube.ide.mcu.externaltools.gnu-tools-for-stm32.13.3.rel1.win32_1.0.0.202411081344\tools\bin\arm-none-eabi-gcc.exe
2026-07-30 15:59:21,058 [INFO] STM32CubeIDEBuilder:311 - returning C:\ST\STM32CubeIDE_1.19.0\STM32CubeIDE\plugins\com.st.stm32cube.ide.mcu.externaltools.gnu-tools-for-stm32.13.3.rel1.win32_1.0.0.202411081344\tools\bin\arm-none-eabi-gcc.exe
2026-07-30 15:59:21,059 [INFO] AInterface:1236 - Custom PATH variable: C:/Users/ADMIN/STM32Cube/Repository//Packs/STMicroelectronics/X-CUBE-AI/10.2.1/Utilities/windows;C:/Users/ADMIN/STM32Cube/Repository//Packs/STMicroelectronics/X-CUBE-AI/10.2.1/Utilities/windows/mingw64/bin;C:/Users/ADMIN/STM32Cube/Repository//Packs/STMicroelectronics/X-CUBE-AI/10.2.1/Utilities/windows/mingw64/libexec/gcc/x86_64-w64-mingw32/7.3.0;;C:\ST\STM32CubeIDE_1.19.0\STM32CubeIDE\plugins\com.st.stm32cube.ide.mcu.externaltools.gnu-tools-for-stm32.13.3.rel1.win32_1.0.0.202411081344\tools\bin
2026-07-30 15:59:21,061 [INFO] CmdLine:115 - Command: C:/Users/ADMIN/STM32Cube/Repository//Packs/STMicroelectronics/X-CUBE-AI/10.2.1/Utilities/windows/stedgeai.exe analyze --target stm32l4 --name network -m D:/TinyML_Workshop-main/TinyML_Workshop_PGR/addon/OnBoard_IMU_Inference_COdes/random_forest_model.onnx --compression none --verbosity 1 --workspace C:/Users/ADMIN/AppData/Local/Temp/mxAI_workspace84199360110013812962900615618663 --output C:/Users/ADMIN/.stm32cubemx/network_output
2026-07-30 15:59:21,062 [INFO] AIModelDetailledView:2264 - Analysis status: pending
2026-07-30 15:59:21,804 [INFO] CmdLine:76 - ST Edge AI Core v2.2.0-20266 2adc00962
2026-07-30 15:59:37,466 [INFO] CmdLine:76 - Creating c (debug) info json file C:\Users\ADMIN\.stm32cubemx\network_output\network_c_info.json
2026-07-30 15:59:37,626 [INFO] CmdLine:76 -  
2026-07-30 15:59:37,626 [INFO] CmdLine:76 -  Exec/report summary (analyze)
2026-07-30 15:59:37,626 [INFO] CmdLine:76 -  --------------------------------------------------------------------------------------------------------------------------------
2026-07-30 15:59:37,627 [INFO] CmdLine:76 -  model file         :   D:\TinyML_Workshop-main\TinyML_Workshop_PGR\addon\OnBoard_IMU_Inference_COdes\random_forest_model.onnx   
2026-07-30 15:59:37,627 [INFO] CmdLine:76 -  type               :   onnx                                                                                                     
2026-07-30 15:59:37,627 [INFO] CmdLine:76 -  c_name             :   network                                                                                                  
2026-07-30 15:59:37,627 [INFO] CmdLine:76 -  compression        :   none                                                                                                     
2026-07-30 15:59:37,627 [INFO] CmdLine:76 -  options            :   allocate-inputs, allocate-outputs                                                                        
2026-07-30 15:59:37,627 [INFO] CmdLine:76 -  optimization       :   balanced                                                                                                 
2026-07-30 15:59:37,627 [INFO] CmdLine:76 -  target/series      :   stm32l4                                                                                                  
2026-07-30 15:59:37,627 [INFO] CmdLine:76 -  workspace dir      :   C:\Users\ADMIN\AppData\Local\Temp\mxAI_workspace84199360110013812962900615618663                         
2026-07-30 15:59:37,627 [INFO] CmdLine:76 -  output dir         :   C:\Users\ADMIN\.stm32cubemx\network_output                                                               
2026-07-30 15:59:37,628 [INFO] CmdLine:76 -  model_fmt          :   undefined                                                                                                
2026-07-30 15:59:37,628 [INFO] CmdLine:76 -  model_name         :   random_forest_model                                                                                      
2026-07-30 15:59:37,628 [INFO] CmdLine:76 -  model_hash         :   0xee61876666aff892376c0a5906476d28                                                                       
2026-07-30 15:59:37,628 [INFO] CmdLine:76 -  params #           :   490,367 items (1.18 MiB)                                                                                 
2026-07-30 15:59:37,628 [INFO] CmdLine:76 -  --------------------------------------------------------------------------------------------------------------------------------
2026-07-30 15:59:37,628 [INFO] CmdLine:76 -  input 1/1          :   'float_input', f32(1x1x6), 24 Bytes, activations                                                         
2026-07-30 15:59:37,628 [INFO] CmdLine:76 -  output 1/2         :   'label0', int32(1x1), 4 Bytes, activations                                                               
2026-07-30 15:59:37,629 [INFO] CmdLine:76 -  output 2/2         :   'output_probability', f32(1x1x5x2), 40 Bytes, activations                                                
2026-07-30 15:59:37,629 [INFO] CmdLine:76 -  outputs (total)    :   44 Bytes                                                                                                 
2026-07-30 15:59:37,629 [INFO] CmdLine:76 -  macc               :   1,306                                                                                                    
2026-07-30 15:59:37,629 [INFO] CmdLine:76 -  weights (ro)       :   1,236,440 B (1.18 MiB) (1 segment) / -725,028(-37.0%) vs float model                                     
2026-07-30 15:59:37,629 [INFO] CmdLine:76 -  activations (rw)   :   64 B (64 B) (1 segment) *                                                                                
2026-07-30 15:59:37,629 [INFO] CmdLine:76 -  ram (total)        :   64 B (64 B) = 64 + 0 + 0                                                                                 
2026-07-30 15:59:37,629 [INFO] CmdLine:76 -  --------------------------------------------------------------------------------------------------------------------------------
2026-07-30 15:59:37,629 [INFO] CmdLine:76 -  (*) 'input'/'output' buffers are allocated in the activations buffer
2026-07-30 15:59:37,684 [INFO] CmdLine:76 - Computing AI RT data/code size (target=stm32l4)..
2026-07-30 15:59:40,105 [INFO] CmdLine:76 -  Model name - random_forest_model
2026-07-30 15:59:40,106 [INFO] CmdLine:76 -  ------ -------------------------------- ---------------- ------------------- ------- --------------
2026-07-30 15:59:40,106 [INFO] CmdLine:76 -  m_id   layer (original)                 oshape           param/size             macc   connected to
2026-07-30 15:59:40,106 [INFO] CmdLine:76 -  ------ -------------------------------- ---------------- ------------------- ------- --------------
2026-07-30 15:59:40,107 [INFO] CmdLine:76 -  0      float_input ()                   [h:1,c:6]
2026-07-30 15:59:40,107 [INFO] CmdLine:76 -  ------ -------------------------------- ---------------- ------------------- ------- --------------
2026-07-30 15:59:40,107 [INFO] CmdLine:76 -  1      label (TreeEnsembleClassifier)   [c:1][h:1,c:5]   490,362/1,236,432     1,306    float_input
2026-07-30 15:59:40,107 [INFO] CmdLine:76 -  ------ -------------------------------- ---------------- ------------------- ------- --------------
2026-07-30 15:59:40,108 [INFO] CmdLine:76 -  2      output_label (Cast)              [c:1]                                      2          label
2026-07-30 15:59:40,108 [INFO] CmdLine:76 -  ------ -------------------------------- ---------------- ------------------- ------- --------------
2026-07-30 15:59:40,108 [INFO] CmdLine:76 -  3      output_probability (ZipMap)      [h:1,w:5,c:2]    5/5                                  label
2026-07-30 15:59:40,108 [INFO] CmdLine:76 -  ------ -------------------------------- ---------------- ------------------- ------- --------------
2026-07-30 15:59:40,109 [INFO] CmdLine:76 -  model: macc=1,308 weights=1,236,437 activations=-- io=--
2026-07-30 15:59:40,109 [INFO] CmdLine:76 -  Number of operations per c-layer
2026-07-30 15:59:40,109 [INFO] CmdLine:76 -  ------- ------ -------------------------------- ------- -------------
2026-07-30 15:59:40,109 [INFO] CmdLine:76 -  c_id    m_id   name (type)                          #op          type
2026-07-30 15:59:40,109 [INFO] CmdLine:76 -  ------- ------ -------------------------------- ------- -------------
2026-07-30 15:59:40,109 [INFO] CmdLine:76 -  0       1      label (TreeEnsembleClassifier)     1,306   smul_f32_s8
2026-07-30 15:59:40,110 [INFO] CmdLine:76 -  1       3      output_probability (ZipMap)            0   smul_f32_s8
2026-07-30 15:59:40,110 [INFO] CmdLine:76 -  ------- ------ -------------------------------- ------- -------------
2026-07-30 15:59:40,110 [INFO] CmdLine:76 -  total                                             1,306
2026-07-30 15:59:40,110 [INFO] CmdLine:76 -  Number of operation types
2026-07-30 15:59:40,110 [INFO] CmdLine:76 -  ---------------- ------- -----------
2026-07-30 15:59:40,110 [INFO] CmdLine:76 -  operation type         #           %
2026-07-30 15:59:40,110 [INFO] CmdLine:76 -  ---------------- ------- -----------
2026-07-30 15:59:40,111 [INFO] CmdLine:76 -  smul_f32_s8        1,306      100.0%
2026-07-30 15:59:40,111 [INFO] CmdLine:76 -  Complexity report (model)
2026-07-30 15:59:40,111 [INFO] CmdLine:76 -  ------ -------------------- ------------------------- ------------------------- ------
2026-07-30 15:59:40,111 [INFO] CmdLine:76 -  m_id   name                 c_macc                    c_rom                     c_id
2026-07-30 15:59:40,111 [INFO] CmdLine:76 -  ------ -------------------- ------------------------- ------------------------- ------
2026-07-30 15:59:40,112 [INFO] CmdLine:76 -  1      label                |||||||||||||||| 100.0%   |||||||||||||||| 100.0%   [0]
2026-07-30 15:59:40,112 [INFO] CmdLine:76 -  3      output_probability   |                  0.0%   |                  0.0%   [1]
2026-07-30 15:59:40,112 [INFO] CmdLine:76 -  ------ -------------------- ------------------------- ------------------------- ------
2026-07-30 15:59:40,112 [INFO] CmdLine:76 -  macc=1,306 weights=1,236,440 act=64 ram_io=0
2026-07-30 15:59:40,112 [INFO] CmdLine:76 -  Requested memory size by section - "stm32l4" target
2026-07-30 15:59:40,113 [INFO] CmdLine:76 -  ------------------------------ ------- ----------- ------- -----
2026-07-30 15:59:40,113 [INFO] CmdLine:76 -  module                            text      rodata    data   bss
2026-07-30 15:59:40,113 [INFO] CmdLine:76 -  ------------------------------ ------- ----------- ------- -----
2026-07-30 15:59:40,113 [INFO] CmdLine:76 -  NetworkRuntime1020_CM4_GCC.a     5,508           0       0     0
2026-07-30 15:59:40,113 [INFO] CmdLine:76 -  network.o                          692          16   1,768   172
2026-07-30 15:59:40,113 [INFO] CmdLine:76 -  network_data.o                      48          16      88     0
2026-07-30 15:59:40,114 [INFO] CmdLine:76 -  lib (toolchain)*                     0           0       0     0
2026-07-30 15:59:40,114 [INFO] CmdLine:76 -  ------------------------------ ------- ----------- ------- -----
2026-07-30 15:59:40,114 [INFO] CmdLine:76 -  RT total**                       6,248          32   1,856   172
2026-07-30 15:59:40,114 [INFO] CmdLine:76 -  ------------------------------ ------- ----------- ------- -----
2026-07-30 15:59:40,114 [INFO] CmdLine:76 -  weights                              0   1,236,440       0     0
2026-07-30 15:59:40,114 [INFO] CmdLine:76 -  activations                          0           0       0    64
2026-07-30 15:59:40,115 [INFO] CmdLine:76 -  io                                   0           0       0     0
2026-07-30 15:59:40,115 [INFO] CmdLine:76 -  ------------------------------ ------- ----------- ------- -----
2026-07-30 15:59:40,115 [INFO] CmdLine:76 -  TOTAL                            6,248   1,236,472   1,856   236
2026-07-30 15:59:40,115 [INFO] CmdLine:76 -  ------------------------------ ------- ----------- ------- -----
2026-07-30 15:59:40,115 [INFO] CmdLine:76 -  *  toolchain objects (libm/libgcc*)
2026-07-30 15:59:40,115 [INFO] CmdLine:76 -  ** RT AI runtime objects (kernels+infrastructure)
2026-07-30 15:59:40,116 [INFO] CmdLine:76 -   Summary - "stm32l4" target
2026-07-30 15:59:40,116 [INFO] CmdLine:76 -   --------------------------------------------------
2026-07-30 15:59:40,116 [INFO] CmdLine:76 -                FLASH (ro)     %*   RAM (rw)       %
2026-07-30 15:59:40,116 [INFO] CmdLine:76 -   --------------------------------------------------
2026-07-30 15:59:40,116 [INFO] CmdLine:76 -   RT total          8,136   0.7%      2,028   96.9%
2026-07-30 15:59:40,116 [INFO] CmdLine:76 -   --------------------------------------------------
2026-07-30 15:59:40,117 [INFO] CmdLine:76 -   TOTAL         1,244,576             2,092
2026-07-30 15:59:40,117 [INFO] CmdLine:76 -   --------------------------------------------------
2026-07-30 15:59:40,117 [INFO] CmdLine:76 -   *  rt/total
2026-07-30 15:59:40,117 [INFO] CmdLine:76 - Creating txt report file C:\Users\ADMIN\.stm32cubemx\network_output\network_analyze_report.txt
2026-07-30 15:59:41,131 [INFO] CmdLine:76 - elapsed time (analyze): 19.328s
2026-07-30 15:59:41,717 [INFO] CmdLine:148 - stedgeai exit with status: 0
2026-07-30 15:59:41,870 [INFO] AIModelDetailledView:2598 - Analyze complete on AI model
2026-07-30 15:59:41,874 [INFO] AIModelDetailledView:2264 - Analysis status: done
2026-07-30 15:59:41,886 [ERROR] LogOutputStream:75 - [STDERR_REDIRECT] Exception in thread "AWT-EventQueue-0" java.lang.ClassCastException: class javax.swing.SwingUtilities$SharedOwnerFrame cannot be cast to class com.st.microxplorer.maingui.MainFrame (javax.swing.SwingUtilities$SharedOwnerFrame is in module java.desktop of loader 'bootstrap'; com.st.microxplorer.maingui.MainFrame is in unnamed module of loader org.eclipse.osgi.internal.loader.EquinoxClassLoader @6ea66c33)
2026-07-30 15:59:41,888 [ERROR] LogOutputStream:75 - [STDERR_REDIRECT] 	at com.st.microxplorer.plugins.ip.ai.model.AIAdvancedSettingsData.saveSettings(AIAdvancedSettingsData.java:655)
2026-07-30 15:59:41,890 [ERROR] LogOutputStream:75 - [STDERR_REDIRECT] 	at com.st.microxplorer.plugins.ip.ai.model.AIAdvancedSettingsData.cmdSaveSettings(AIAdvancedSettingsData.java:527)
2026-07-30 15:59:41,891 [ERROR] LogOutputStream:75 - [STDERR_REDIRECT] 	at com.st.microxplorer.plugins.ip.ai.gui.AIModelDetailledView.saveData(AIModelDetailledView.java:471)
2026-07-30 15:59:41,893 [ERROR] LogOutputStream:75 - [STDERR_REDIRECT] 	at com.st.microxplorer.plugins.ip.ai.gui.AIMainUI.saveModelDataNeededForGeneration(AIMainUI.java:912)
2026-07-30 15:59:41,895 [ERROR] LogOutputStream:75 - [STDERR_REDIRECT] 	at com.st.microxplorer.plugins.ip.ai.gui.AITopWindow.saveModelsData(AITopWindow.java:253)
2026-07-30 15:59:41,896 [ERROR] LogOutputStream:75 - [STDERR_REDIRECT] 	at com.st.microxplorer.plugins.ip.ai.AI.propertyChange(AI.java:1654)
2026-07-30 15:59:41,897 [ERROR] LogOutputStream:75 - [STDERR_REDIRECT] 	at java.desktop/java.beans.PropertyChangeSupport.fire(PropertyChangeSupport.java:343)
2026-07-30 15:59:41,899 [ERROR] LogOutputStream:75 - [STDERR_REDIRECT] 	at java.desktop/java.beans.PropertyChangeSupport.firePropertyChange(PropertyChangeSupport.java:335)
2026-07-30 15:59:41,900 [ERROR] LogOutputStream:75 - [STDERR_REDIRECT] 	at java.desktop/java.beans.PropertyChangeSupport.firePropertyChange(PropertyChangeSupport.java:268)
2026-07-30 15:59:41,902 [ERROR] LogOutputStream:75 - [STDERR_REDIRECT] 	at com.st.microxplorer.util.MXPropertyChangeSupport.firePropertyChange(MXPropertyChangeSupport.java:54)
2026-07-30 15:59:41,903 [ERROR] LogOutputStream:75 - [STDERR_REDIRECT] 	at com.st.microxplorer.mxsystem.MxSystem.completeSaveConfig(MxSystem.java:843)
2026-07-30 15:59:41,905 [ERROR] LogOutputStream:75 - [STDERR_REDIRECT] 	at com.st.microxplorer.plugins.filemanager.engine.SaveFileManager.saveConfiguration(SaveFileManager.java:125)
2026-07-30 15:59:41,906 [ERROR] LogOutputStream:75 - [STDERR_REDIRECT] 	at com.st.microxplorer.plugins.filemanager.engine.MainFileManager.userSaveConfig(MainFileManager.java:482)
2026-07-30 15:59:41,908 [ERROR] LogOutputStream:75 - [STDERR_REDIRECT] 	at com.st.microxplorer.plugins.filemanager.FileManagerView.getSpecificTask(FileManagerView.java:280)
2026-07-30 15:59:41,909 [ERROR] LogOutputStream:75 - [STDERR_REDIRECT] 	at com.st.stm32cube.common.mx.editor.CubeMxEditor$9.run(CubeMxEditor.java:690)
2026-07-30 15:59:41,911 [ERROR] LogOutputStream:75 - [STDERR_REDIRECT] 	at com.st.stm32cube.common.mx.oss.core.awtswtbridge.AwtEnvironment$2.run(AwtEnvironment.java:166)
2026-07-30 15:59:41,913 [ERROR] LogOutputStream:75 - [STDERR_REDIRECT] 	at java.desktop/java.awt.event.InvocationEvent.dispatch(InvocationEvent.java:318)
2026-07-30 15:59:41,915 [ERROR] LogOutputStream:75 - [STDERR_REDIRECT] 	at java.desktop/java.awt.EventQueue.dispatchEventImpl(EventQueue.java:773)
2026-07-30 15:59:41,916 [ERROR] LogOutputStream:75 - [STDERR_REDIRECT] 	at java.desktop/java.awt.EventQueue$4.run(EventQueue.java:720)
2026-07-30 15:59:41,919 [ERROR] LogOutputStream:75 - [STDERR_REDIRECT] 	at java.desktop/java.awt.EventQueue$4.run(EventQueue.java:714)
2026-07-30 15:59:41,920 [ERROR] LogOutputStream:75 - [STDERR_REDIRECT] 	at java.base/java.security.AccessController.doPrivileged(AccessController.java:400)
2026-07-30 15:59:41,922 [ERROR] LogOutputStream:75 - [STDERR_REDIRECT] 	at java.base/java.security.ProtectionDomain$JavaSecurityAccessImpl.doIntersectionPrivilege(ProtectionDomain.java:87)
2026-07-30 15:59:41,923 [ERROR] LogOutputStream:75 - [STDERR_REDIRECT] 	at java.desktop/java.awt.EventQueue.dispatchEvent(EventQueue.java:742)
2026-07-30 15:59:41,925 [ERROR] LogOutputStream:75 - [STDERR_REDIRECT] 	at java.desktop/java.awt.EventDispatchThread.pumpOneEventForFilters(EventDispatchThread.java:203)
2026-07-30 15:59:41,926 [ERROR] LogOutputStream:75 - [STDERR_REDIRECT] 	at java.desktop/java.awt.EventDispatchThread.pumpEventsForFilter(EventDispatchThread.java:124)
2026-07-30 15:59:41,927 [ERROR] LogOutputStream:75 - [STDERR_REDIRECT] 	at java.desktop/java.awt.EventDispatchThread.pumpEventsForHierarchy(EventDispatchThread.java:113)
2026-07-30 15:59:41,929 [ERROR] LogOutputStream:75 - [STDERR_REDIRECT] 	at java.desktop/java.awt.EventDispatchThread.pumpEvents(EventDispatchThread.java:109)
2026-07-30 15:59:41,930 [ERROR] LogOutputStream:75 - [STDERR_REDIRECT] 	at java.desktop/java.awt.EventDispatchThread.pumpEvents(EventDispatchThread.java:101)
2026-07-30 15:59:41,931 [ERROR] LogOutputStream:75 - [STDERR_REDIRECT] 	at java.desktop/java.awt.EventDispatchThread.run(EventDispatchThread.java:90)
2026-07-30 16:00:52,457 [INFO] UtilMem:75 - End SaveConfig() Used Memory: 757046968 Bytes (1073741824)
2026-07-30 16:00:54,198 [INFO] UtilMem:75 - End SaveConfig() Used Memory: 944197152 Bytes (1073741824)
2026-07-30 16:00:56,061 [INFO] UtilMem:75 - End SaveConfig() Used Memory: 873977416 Bytes (1073741824)
2026-07-30 16:00:56,782 [INFO] BlockDiagram:2775 - set Specific Code input for plugin: SYS
2026-07-30 16:00:56,783 [INFO] BlockDiagram:2775 - set Specific Code input for plugin: RCC
2026-07-30 16:00:56,783 [INFO] BlockDiagram:2775 - set Specific Code input for plugin: I2C
2026-07-30 16:00:56,783 [INFO] BlockDiagram:2775 - set Specific Code input for plugin: NVIC
2026-07-30 16:00:56,783 [INFO] BlockDiagram:2775 - set Specific Code input for plugin: USART
2026-07-30 16:00:56,783 [INFO] BlockDiagram:2775 - set Specific Code input for plugin: STMicroelectronics.X-CUBE-AI.10.2.1
2026-07-30 16:00:56,784 [INFO] BlockDiagram:2775 - set Specific Code input for plugin: GPIO
2026-07-30 16:00:56,799 [INFO] CodeGenerator:892 - code generatio: config db path: C:\ST\STM32CubeIDE_1.19.0\STM32CubeIDE\plugins\com.st.stm32cube.common.mx_6.15.0.202507011659\\db\
2026-07-30 16:00:56,937 [INFO] IP:3329 - RTE Config file name : RTE_Component
2026-07-30 16:00:56,937 [INFO] IP:3347 - RTE template : RTE_Components.ftl
2026-07-30 16:00:56,946 [INFO] CodeEngine:265 - oldGeneratedFile, D:\TinyML_Workshop-main\TinyML_Workshop_PGR\TinyML_PGR\STM32\BackupIMU\MXTmpFiles\license.tmp_save
2026-07-30 16:00:57,266 [INFO] CodeEngine:289 - Generated code: D:\TinyML_Workshop-main\TinyML_Workshop_PGR\TinyML_PGR\STM32\BackupIMU\MXTmpFiles\license.tmp
2026-07-30 16:00:57,296 [INFO] CodeEngine:265 - oldGeneratedFile, D:\TinyML_Workshop-main\TinyML_Workshop_PGR\TinyML_PGR\STM32\BackupIMU\MXTmpFiles\gpio.tmp_save
2026-07-30 16:00:57,544 [INFO] CodeEngine:289 - Generated code: D:\TinyML_Workshop-main\TinyML_Workshop_PGR\TinyML_PGR\STM32\BackupIMU\MXTmpFiles\gpio.tmp
2026-07-30 16:00:57,729 [INFO] Middleware:1452 - No code input for Bsp Dependency
2026-07-30 16:00:57,733 [INFO] Middleware:1452 - No code input for Bsp Dependency
2026-07-30 16:00:57,746 [INFO] CodeEngine:265 - oldGeneratedFile, D:\TinyML_Workshop-main\TinyML_Workshop_PGR\TinyML_PGR\STM32\BackupIMU\Core\Src\stm32l4xx_it.c_save
2026-07-30 16:00:58,059 [INFO] CodeEngine:289 - Generated code: D:\TinyML_Workshop-main\TinyML_Workshop_PGR\TinyML_PGR\STM32\BackupIMU\Core\Src\stm32l4xx_it.c
2026-07-30 16:00:58,065 [INFO] CodeEngine:265 - oldGeneratedFile, D:\TinyML_Workshop-main\TinyML_Workshop_PGR\TinyML_PGR\STM32\BackupIMU\Core\Inc\stm32l4xx_it.h_save
2026-07-30 16:00:58,153 [INFO] CodeEngine:289 - Generated code: D:\TinyML_Workshop-main\TinyML_Workshop_PGR\TinyML_PGR\STM32\BackupIMU\Core\Inc\stm32l4xx_it.h
2026-07-30 16:00:58,167 [INFO] CodeEngine:265 - oldGeneratedFile, D:\TinyML_Workshop-main\TinyML_Workshop_PGR\TinyML_PGR\STM32\BackupIMU\Core\Src\stm32l4xx_hal_msp.c_save
2026-07-30 16:00:58,345 [INFO] CodeEngine:289 - Generated code: D:\TinyML_Workshop-main\TinyML_Workshop_PGR\TinyML_PGR\STM32\BackupIMU\Core\Src\stm32l4xx_hal_msp.c
2026-07-30 16:00:58,349 [INFO] CodeEngine:265 - oldGeneratedFile, D:\TinyML_Workshop-main\TinyML_Workshop_PGR\TinyML_PGR\STM32\BackupIMU\MXTmpFiles\system.tmp_save
2026-07-30 16:00:58,429 [INFO] CodeEngine:289 - Generated code: D:\TinyML_Workshop-main\TinyML_Workshop_PGR\TinyML_PGR\STM32\BackupIMU\MXTmpFiles\system.tmp
2026-07-30 16:00:58,440 [INFO] CodeEngine:321 - oldGeneratedFile, D:\TinyML_Workshop-main\TinyML_Workshop_PGR\TinyML_PGR\STM32\BackupIMU\Core\Inc\stm32l4xx_hal_conf.h_save
2026-07-30 16:00:58,518 [INFO] CodeEngine:345 - Generated code: D:\TinyML_Workshop-main\TinyML_Workshop_PGR\TinyML_PGR\STM32\BackupIMU\Core\Inc\stm32l4xx_hal_conf.h
2026-07-30 16:00:58,546 [INFO] CodeEngine:265 - oldGeneratedFile, D:\TinyML_Workshop-main\TinyML_Workshop_PGR\TinyML_PGR\STM32\BackupIMU\Core\Inc\main.h_save
2026-07-30 16:00:58,671 [INFO] CodeEngine:289 - Generated code: D:\TinyML_Workshop-main\TinyML_Workshop_PGR\TinyML_PGR\STM32\BackupIMU\Core\Inc\main.h
2026-07-30 16:00:58,676 [INFO] CodeEngine:265 - oldGeneratedFile, D:\TinyML_Workshop-main\TinyML_Workshop_PGR\TinyML_PGR\STM32\BackupIMU\Core\Src\main.c_save
2026-07-30 16:00:58,833 [INFO] CodeEngine:289 - Generated code: D:\TinyML_Workshop-main\TinyML_Workshop_PGR\TinyML_PGR\STM32\BackupIMU\Core\Src\main.c
2026-07-30 16:00:59,010 [INFO] AInterface:322 - ModelName:network; files:[D:\TinyML_Workshop-main\TinyML_Workshop_PGR\addon\OnBoard_IMU_Inference_COdes\random_forest_model.onnx]; type:ONNX; compression:None
2026-07-30 16:00:59,012 [INFO] AInterface:526 - workspaceTempDir: C:/Users/ADMIN/AppData/Local/Temp/mxAI_workspace9399569298001471837155636725017
2026-07-30 16:00:59,012 [INFO] AInterface:1179 - Setting Env: C:/Users/ADMIN/STM32Cube/Repository//Packs/STMicroelectronics/X-CUBE-AI/10.2.1/Utilities/windows
2026-07-30 16:00:59,018 [INFO] STM32CubeIDEBuilder:265 - Looking for gnu-tools-for-stm32 tools/bin/arm-none-eabi-gcc.exe in C:\ST\STM32CubeIDE_1.19.0\STM32CubeIDE
2026-07-30 16:00:59,021 [INFO] STM32CubeIDEBuilder:294 - checking C:\ST\STM32CubeIDE_1.19.0\STM32CubeIDE\plugins\com.st.stm32cube.ide.mcu.externaltools.gnu-tools-for-stm32.13.3.rel1.win32_1.0.0.202411081344\tools\bin\arm-none-eabi-gcc.exe
2026-07-30 16:00:59,021 [INFO] STM32CubeIDEBuilder:297 - ret=C:\ST\STM32CubeIDE_1.19.0\STM32CubeIDE\plugins\com.st.stm32cube.ide.mcu.externaltools.gnu-tools-for-stm32.13.3.rel1.win32_1.0.0.202411081344\tools\bin\arm-none-eabi-gcc.exe
2026-07-30 16:00:59,021 [INFO] STM32CubeIDEBuilder:311 - returning C:\ST\STM32CubeIDE_1.19.0\STM32CubeIDE\plugins\com.st.stm32cube.ide.mcu.externaltools.gnu-tools-for-stm32.13.3.rel1.win32_1.0.0.202411081344\tools\bin\arm-none-eabi-gcc.exe
2026-07-30 16:00:59,022 [INFO] AInterface:1236 - Custom PATH variable: C:/Users/ADMIN/STM32Cube/Repository//Packs/STMicroelectronics/X-CUBE-AI/10.2.1/Utilities/windows;C:/Users/ADMIN/STM32Cube/Repository//Packs/STMicroelectronics/X-CUBE-AI/10.2.1/Utilities/windows/mingw64/bin;C:/Users/ADMIN/STM32Cube/Repository//Packs/STMicroelectronics/X-CUBE-AI/10.2.1/Utilities/windows/mingw64/libexec/gcc/x86_64-w64-mingw32/7.3.0;;C:\ST\STM32CubeIDE_1.19.0\STM32CubeIDE\plugins\com.st.stm32cube.ide.mcu.externaltools.gnu-tools-for-stm32.13.3.rel1.win32_1.0.0.202411081344\tools\bin
2026-07-30 16:00:59,024 [INFO] CmdLine:115 - Command: C:/Users/ADMIN/STM32Cube/Repository//Packs/STMicroelectronics/X-CUBE-AI/10.2.1/Utilities/windows/stedgeai.exe generate --target stm32l4 --name network -m D:/TinyML_Workshop-main/TinyML_Workshop_PGR/addon/OnBoard_IMU_Inference_COdes/random_forest_model.onnx --compression none --verbosity 1 --workspace C:/Users/ADMIN/AppData/Local/Temp/mxAI_workspace9399569298001471837155636725017 --output C:/Users/ADMIN/.stm32cubemx/network_output
2026-07-30 16:00:59,025 [INFO] AIModelDetailledView:2264 - Analysis status: pending
2026-07-30 16:00:59,849 [INFO] CmdLine:76 - ST Edge AI Core v2.2.0-20266 2adc00962
2026-07-30 16:01:15,496 [INFO] CmdLine:76 - Creating c (debug) info json file C:\Users\ADMIN\.stm32cubemx\network_output\network_c_info.json
2026-07-30 16:01:15,655 [INFO] CmdLine:76 -  
2026-07-30 16:01:15,656 [INFO] CmdLine:76 -  Exec/report summary (generate)
2026-07-30 16:01:15,656 [INFO] CmdLine:76 -  --------------------------------------------------------------------------------------------------------------------------------
2026-07-30 16:01:15,656 [INFO] CmdLine:76 -  model file         :   D:\TinyML_Workshop-main\TinyML_Workshop_PGR\addon\OnBoard_IMU_Inference_COdes\random_forest_model.onnx   
2026-07-30 16:01:15,656 [INFO] CmdLine:76 -  type               :   onnx                                                                                                     
2026-07-30 16:01:15,656 [INFO] CmdLine:76 -  c_name             :   network                                                                                                  
2026-07-30 16:01:15,657 [INFO] CmdLine:76 -  compression        :   none                                                                                                     
2026-07-30 16:01:15,657 [INFO] CmdLine:76 -  options            :   allocate-inputs, allocate-outputs                                                                        
2026-07-30 16:01:15,657 [INFO] CmdLine:76 -  optimization       :   balanced                                                                                                 
2026-07-30 16:01:15,657 [INFO] CmdLine:76 -  target/series      :   stm32l4                                                                                                  
2026-07-30 16:01:15,657 [INFO] CmdLine:76 -  workspace dir      :   C:\Users\ADMIN\AppData\Local\Temp\mxAI_workspace9399569298001471837155636725017                          
2026-07-30 16:01:15,657 [INFO] CmdLine:76 -  output dir         :   C:\Users\ADMIN\.stm32cubemx\network_output                                                               
2026-07-30 16:01:15,657 [INFO] CmdLine:76 -  model_fmt          :   undefined                                                                                                
2026-07-30 16:01:15,657 [INFO] CmdLine:76 -  model_name         :   random_forest_model                                                                                      
2026-07-30 16:01:15,657 [INFO] CmdLine:76 -  model_hash         :   0xee61876666aff892376c0a5906476d28                                                                       
2026-07-30 16:01:15,658 [INFO] CmdLine:76 -  params #           :   490,367 items (1.18 MiB)                                                                                 
2026-07-30 16:01:15,658 [INFO] CmdLine:76 -  --------------------------------------------------------------------------------------------------------------------------------
2026-07-30 16:01:15,658 [INFO] CmdLine:76 -  input 1/1          :   'float_input', f32(1x1x6), 24 Bytes, activations                                                         
2026-07-30 16:01:15,658 [INFO] CmdLine:76 -  output 1/2         :   'label0', int32(1x1), 4 Bytes, activations                                                               
2026-07-30 16:01:15,658 [INFO] CmdLine:76 -  output 2/2         :   'output_probability', f32(1x1x5x2), 40 Bytes, activations                                                
2026-07-30 16:01:15,658 [INFO] CmdLine:76 -  outputs (total)    :   44 Bytes                                                                                                 
2026-07-30 16:01:15,658 [INFO] CmdLine:76 -  macc               :   1,306                                                                                                    
2026-07-30 16:01:15,658 [INFO] CmdLine:76 -  weights (ro)       :   1,236,440 B (1.18 MiB) (1 segment) / -725,028(-37.0%) vs float model                                     
2026-07-30 16:01:15,658 [INFO] CmdLine:76 -  activations (rw)   :   64 B (64 B) (1 segment) *                                                                                
2026-07-30 16:01:15,658 [INFO] CmdLine:76 -  ram (total)        :   64 B (64 B) = 64 + 0 + 0                                                                                 
2026-07-30 16:01:15,658 [INFO] CmdLine:76 -  --------------------------------------------------------------------------------------------------------------------------------
2026-07-30 16:01:15,659 [INFO] CmdLine:76 -  (*) 'input'/'output' buffers are allocated in the activations buffer
2026-07-30 16:01:15,713 [INFO] CmdLine:76 - Computing AI RT data/code size (target=stm32l4)..
2026-07-30 16:01:18,203 [INFO] CmdLine:76 -  Requested memory size by section - "stm32l4" target
2026-07-30 16:01:18,204 [INFO] CmdLine:76 -  ------------------------------ ------- ----------- ------- -----
2026-07-30 16:01:18,204 [INFO] CmdLine:76 -  module                            text      rodata    data   bss
2026-07-30 16:01:18,204 [INFO] CmdLine:76 -  ------------------------------ ------- ----------- ------- -----
2026-07-30 16:01:18,204 [INFO] CmdLine:76 -  NetworkRuntime1020_CM4_GCC.a     5,508           0       0     0
2026-07-30 16:01:18,205 [INFO] CmdLine:76 -  network.o                          692          16   1,768   172
2026-07-30 16:01:18,205 [INFO] CmdLine:76 -  network_data.o                      48          16      88     0
2026-07-30 16:01:18,205 [INFO] CmdLine:76 -  lib (toolchain)*                     0           0       0     0
2026-07-30 16:01:18,205 [INFO] CmdLine:76 -  ------------------------------ ------- ----------- ------- -----
2026-07-30 16:01:18,205 [INFO] CmdLine:76 -  RT total**                       6,248          32   1,856   172
2026-07-30 16:01:18,206 [INFO] CmdLine:76 -  ------------------------------ ------- ----------- ------- -----
2026-07-30 16:01:18,206 [INFO] CmdLine:76 -  weights                              0   1,236,440       0     0
2026-07-30 16:01:18,206 [INFO] CmdLine:76 -  activations                          0           0       0    64
2026-07-30 16:01:18,206 [INFO] CmdLine:76 -  io                                   0           0       0     0
2026-07-30 16:01:18,206 [INFO] CmdLine:76 -  ------------------------------ ------- ----------- ------- -----
2026-07-30 16:01:18,206 [INFO] CmdLine:76 -  TOTAL                            6,248   1,236,472   1,856   236
2026-07-30 16:01:18,207 [INFO] CmdLine:76 -  ------------------------------ ------- ----------- ------- -----
2026-07-30 16:01:18,207 [INFO] CmdLine:76 -  *  toolchain objects (libm/libgcc*)
2026-07-30 16:01:18,207 [INFO] CmdLine:76 -  ** RT AI runtime objects (kernels+infrastructure)
2026-07-30 16:01:18,207 [INFO] CmdLine:76 -   Summary - "stm32l4" target
2026-07-30 16:01:18,207 [INFO] CmdLine:76 -   --------------------------------------------------
2026-07-30 16:01:18,207 [INFO] CmdLine:76 -                FLASH (ro)     %*   RAM (rw)       %
2026-07-30 16:01:18,207 [INFO] CmdLine:76 -   --------------------------------------------------
2026-07-30 16:01:18,208 [INFO] CmdLine:76 -   RT total          8,136   0.7%      2,028   96.9%
2026-07-30 16:01:18,208 [INFO] CmdLine:76 -   --------------------------------------------------
2026-07-30 16:01:18,208 [INFO] CmdLine:76 -   TOTAL         1,244,576             2,092
2026-07-30 16:01:18,208 [INFO] CmdLine:76 -   --------------------------------------------------
2026-07-30 16:01:18,208 [INFO] CmdLine:76 -   *  rt/total
2026-07-30 16:01:18,208 [INFO] CmdLine:76 -  Generated files (7)
2026-07-30 16:01:18,208 [INFO] CmdLine:76 -  ------------------------------------------------------------------
2026-07-30 16:01:18,208 [INFO] CmdLine:76 -  C:\Users\ADMIN\.stm32cubemx\network_output\network_data_params.h
2026-07-30 16:01:18,208 [INFO] CmdLine:76 -  C:\Users\ADMIN\.stm32cubemx\network_output\network_data_params.c
2026-07-30 16:01:18,209 [INFO] CmdLine:76 -  C:\Users\ADMIN\.stm32cubemx\network_output\network_data.h
2026-07-30 16:01:18,209 [INFO] CmdLine:76 -  C:\Users\ADMIN\.stm32cubemx\network_output\network_data.c
2026-07-30 16:01:18,209 [INFO] CmdLine:76 -  C:\Users\ADMIN\.stm32cubemx\network_output\network_config.h
2026-07-30 16:01:18,209 [INFO] CmdLine:76 -  C:\Users\ADMIN\.stm32cubemx\network_output\network.h
2026-07-30 16:01:18,209 [INFO] CmdLine:76 -  C:\Users\ADMIN\.stm32cubemx\network_output\network.c
2026-07-30 16:01:18,209 [INFO] CmdLine:76 - Creating txt report file C:\Users\ADMIN\.stm32cubemx\network_output\network_generate_report.txt
2026-07-30 16:01:30,588 [INFO] CmdLine:76 - elapsed time (generate): 30.740s
2026-07-30 16:01:31,181 [INFO] CmdLine:148 - stedgeai exit with status: 0
2026-07-30 16:01:31,329 [INFO] AIModelDetailledView:2264 - Analysis status: done
2026-07-30 16:01:31,726 [INFO] ProjectBuilder:3606 - Time for Copy HAL[1] : 134mS.
2026-07-30 16:01:31,728 [ERROR] Middleware:2950 - Invalid RefComponent list
2026-07-30 16:01:31,729 [ERROR] Middleware:2950 - Invalid RefComponent list
2026-07-30 16:01:31,729 [ERROR] Middleware:2950 - Invalid RefComponent list
2026-07-30 16:01:31,729 [ERROR] Middleware:2950 - Invalid RefComponent list
2026-07-30 16:01:31,729 [ERROR] Middleware:2950 - Invalid RefComponent list
2026-07-30 16:01:31,729 [ERROR] Middleware:2950 - Invalid RefComponent list
2026-07-30 16:01:31,729 [ERROR] Middleware:2950 - Invalid RefComponent list
2026-07-30 16:01:31,729 [ERROR] Middleware:2950 - Invalid RefComponent list
2026-07-30 16:01:31,729 [ERROR] Middleware:2950 - Invalid RefComponent list
2026-07-30 16:01:31,729 [ERROR] Middleware:2950 - Invalid RefComponent list
2026-07-30 16:01:31,729 [ERROR] Middleware:2950 - Invalid RefComponent list
2026-07-30 16:01:31,729 [ERROR] Middleware:2950 - Invalid RefComponent list
2026-07-30 16:01:31,729 [ERROR] Middleware:2950 - Invalid RefComponent list
2026-07-30 16:01:31,729 [ERROR] Middleware:2950 - Invalid RefComponent list
2026-07-30 16:01:31,729 [ERROR] Middleware:2950 - Invalid RefComponent list
2026-07-30 16:01:31,729 [ERROR] Middleware:2950 - Invalid RefComponent list
2026-07-30 16:01:31,729 [ERROR] Middleware:2950 - Invalid RefComponent list
2026-07-30 16:01:31,729 [ERROR] Middleware:2950 - Invalid RefComponent list
2026-07-30 16:01:31,729 [ERROR] Middleware:2950 - Invalid RefComponent list
2026-07-30 16:01:31,729 [ERROR] Middleware:2950 - Invalid RefComponent list
2026-07-30 16:01:31,729 [ERROR] Middleware:2950 - Invalid RefComponent list
2026-07-30 16:01:31,729 [ERROR] Middleware:2950 - Invalid RefComponent list
2026-07-30 16:01:31,729 [ERROR] Middleware:2950 - Invalid RefComponent list
2026-07-30 16:01:31,729 [ERROR] Middleware:2950 - Invalid RefComponent list
2026-07-30 16:01:31,729 [ERROR] Middleware:2950 - Invalid RefComponent list
2026-07-30 16:01:31,729 [ERROR] Middleware:2950 - Invalid RefComponent list
2026-07-30 16:01:31,729 [ERROR] Middleware:2950 - Invalid RefComponent list
2026-07-30 16:01:31,729 [ERROR] Middleware:2950 - Invalid RefComponent list
2026-07-30 16:01:31,730 [ERROR] Middleware:2950 - Invalid RefComponent list
2026-07-30 16:01:31,730 [ERROR] Middleware:2950 - Invalid RefComponent list
2026-07-30 16:01:31,730 [ERROR] Middleware:2950 - Invalid RefComponent list
2026-07-30 16:01:31,730 [ERROR] Middleware:2950 - Invalid RefComponent list
2026-07-30 16:01:31,730 [ERROR] Middleware:2950 - Invalid RefComponent list
2026-07-30 16:01:31,730 [ERROR] Middleware:2950 - Invalid RefComponent list
2026-07-30 16:01:31,730 [ERROR] Middleware:2950 - Invalid RefComponent list
2026-07-30 16:01:31,730 [ERROR] Middleware:2950 - Invalid RefComponent list
2026-07-30 16:01:31,730 [ERROR] Middleware:2950 - Invalid RefComponent list
2026-07-30 16:01:31,730 [ERROR] Middleware:2950 - Invalid RefComponent list
2026-07-30 16:01:31,730 [ERROR] Middleware:2950 - Invalid RefComponent list
2026-07-30 16:01:31,730 [ERROR] Middleware:2950 - Invalid RefComponent list
2026-07-30 16:01:31,730 [ERROR] Middleware:2950 - Invalid RefComponent list
2026-07-30 16:01:31,730 [ERROR] Middleware:2950 - Invalid RefComponent list
2026-07-30 16:01:31,730 [ERROR] Middleware:2950 - Invalid RefComponent list
2026-07-30 16:01:31,730 [ERROR] Middleware:2950 - Invalid RefComponent list
2026-07-30 16:01:31,730 [ERROR] Middleware:2950 - Invalid RefComponent list
2026-07-30 16:01:31,730 [ERROR] Middleware:2950 - Invalid RefComponent list
2026-07-30 16:01:31,730 [ERROR] Middleware:2950 - Invalid RefComponent list
2026-07-30 16:01:31,730 [ERROR] Middleware:2950 - Invalid RefComponent list
2026-07-30 16:01:31,730 [ERROR] Middleware:2950 - Invalid RefComponent list
2026-07-30 16:01:31,730 [ERROR] Middleware:2950 - Invalid RefComponent list
2026-07-30 16:01:31,734 [INFO] ProjectBuilder:5216 - Project Generator version: 4.7.0-B52
2026-07-30 16:01:31,828 [INFO] ConfigFileManager:1595 - The Die is : DIE470
2026-07-30 16:01:33,826 [INFO] ProjectBuilder:5496 - Time for Generating toolchain IDE Files: 2092mS.
2026-07-30 16:01:33,827 [INFO] ProjectBuilder:3463 - Time for Copy CMSIS : 1mS.
2026-07-30 16:01:33,828 [INFO] ProjectBuilder:3463 - Time for Copy CMSIS : 0mS.
2026-07-30 16:02:13,754 [INFO] UtilMem:75 - End SaveConfig() Used Memory: 955428352 Bytes (1073741824)
2026-07-30 16:02:15,076 [INFO] UtilMem:75 - End SaveConfig() Used Memory: 997893632 Bytes (1073741824)
2026-07-30 16:02:15,358 [INFO] UtilMem:75 - End SaveConfig() Used Memory: 785669824 Bytes (1073741824)
2026-07-30 16:02:15,569 [INFO] BlockDiagram:2775 - set Specific Code input for plugin: SYS
2026-07-30 16:02:15,569 [INFO] BlockDiagram:2775 - set Specific Code input for plugin: RCC
2026-07-30 16:02:15,569 [INFO] BlockDiagram:2775 - set Specific Code input for plugin: I2C
2026-07-30 16:02:15,569 [INFO] BlockDiagram:2775 - set Specific Code input for plugin: NVIC
2026-07-30 16:02:15,569 [INFO] BlockDiagram:2775 - set Specific Code input for plugin: USART
2026-07-30 16:02:15,569 [INFO] BlockDiagram:2775 - set Specific Code input for plugin: STMicroelectronics.X-CUBE-AI.10.2.1
2026-07-30 16:02:15,570 [INFO] BlockDiagram:2775 - set Specific Code input for plugin: GPIO
2026-07-30 16:02:15,571 [INFO] CodeGenerator:892 - code generatio: config db path: C:\ST\STM32CubeIDE_1.19.0\STM32CubeIDE\plugins\com.st.stm32cube.common.mx_6.15.0.202507011659\\db\
2026-07-30 16:02:15,660 [INFO] IP:3329 - RTE Config file name : RTE_Component
2026-07-30 16:02:15,660 [INFO] IP:3347 - RTE template : RTE_Components.ftl
2026-07-30 16:02:15,697 [INFO] CodeEngine:265 - oldGeneratedFile, D:\TinyML_Workshop-main\TinyML_Workshop_PGR\TinyML_PGR\STM32\BackupIMU\MXTmpFiles\license.tmp_save
2026-07-30 16:02:15,777 [INFO] CodeEngine:289 - Generated code: D:\TinyML_Workshop-main\TinyML_Workshop_PGR\TinyML_PGR\STM32\BackupIMU\MXTmpFiles\license.tmp
2026-07-30 16:02:15,800 [INFO] CodeEngine:265 - oldGeneratedFile, D:\TinyML_Workshop-main\TinyML_Workshop_PGR\TinyML_PGR\STM32\BackupIMU\MXTmpFiles\gpio.tmp_save
2026-07-30 16:02:15,867 [INFO] CodeEngine:289 - Generated code: D:\TinyML_Workshop-main\TinyML_Workshop_PGR\TinyML_PGR\STM32\BackupIMU\MXTmpFiles\gpio.tmp
2026-07-30 16:02:15,952 [INFO] Middleware:1452 - No code input for Bsp Dependency
2026-07-30 16:02:15,954 [INFO] Middleware:1452 - No code input for Bsp Dependency
2026-07-30 16:02:15,967 [INFO] CodeEngine:265 - oldGeneratedFile, D:\TinyML_Workshop-main\TinyML_Workshop_PGR\TinyML_PGR\STM32\BackupIMU\Core\Src\stm32l4xx_it.c_save
2026-07-30 16:02:16,050 [INFO] CodeEngine:289 - Generated code: D:\TinyML_Workshop-main\TinyML_Workshop_PGR\TinyML_PGR\STM32\BackupIMU\Core\Src\stm32l4xx_it.c
2026-07-30 16:02:16,055 [INFO] CodeEngine:265 - oldGeneratedFile, D:\TinyML_Workshop-main\TinyML_Workshop_PGR\TinyML_PGR\STM32\BackupIMU\Core\Inc\stm32l4xx_it.h_save
2026-07-30 16:02:16,132 [INFO] CodeEngine:289 - Generated code: D:\TinyML_Workshop-main\TinyML_Workshop_PGR\TinyML_PGR\STM32\BackupIMU\Core\Inc\stm32l4xx_it.h
2026-07-30 16:02:16,146 [INFO] CodeEngine:265 - oldGeneratedFile, D:\TinyML_Workshop-main\TinyML_Workshop_PGR\TinyML_PGR\STM32\BackupIMU\Core\Src\stm32l4xx_hal_msp.c_save
2026-07-30 16:02:16,262 [INFO] CodeEngine:289 - Generated code: D:\TinyML_Workshop-main\TinyML_Workshop_PGR\TinyML_PGR\STM32\BackupIMU\Core\Src\stm32l4xx_hal_msp.c
2026-07-30 16:02:16,266 [INFO] CodeEngine:265 - oldGeneratedFile, D:\TinyML_Workshop-main\TinyML_Workshop_PGR\TinyML_PGR\STM32\BackupIMU\MXTmpFiles\system.tmp_save
2026-07-30 16:02:16,340 [INFO] CodeEngine:289 - Generated code: D:\TinyML_Workshop-main\TinyML_Workshop_PGR\TinyML_PGR\STM32\BackupIMU\MXTmpFiles\system.tmp
2026-07-30 16:02:16,349 [INFO] CodeEngine:321 - oldGeneratedFile, D:\TinyML_Workshop-main\TinyML_Workshop_PGR\TinyML_PGR\STM32\BackupIMU\Core\Inc\stm32l4xx_hal_conf.h_save
2026-07-30 16:02:16,430 [INFO] CodeEngine:345 - Generated code: D:\TinyML_Workshop-main\TinyML_Workshop_PGR\TinyML_PGR\STM32\BackupIMU\Core\Inc\stm32l4xx_hal_conf.h
2026-07-30 16:02:16,450 [INFO] CodeEngine:265 - oldGeneratedFile, D:\TinyML_Workshop-main\TinyML_Workshop_PGR\TinyML_PGR\STM32\BackupIMU\Core\Inc\main.h_save
2026-07-30 16:02:16,530 [INFO] CodeEngine:289 - Generated code: D:\TinyML_Workshop-main\TinyML_Workshop_PGR\TinyML_PGR\STM32\BackupIMU\Core\Inc\main.h
2026-07-30 16:02:16,535 [INFO] CodeEngine:265 - oldGeneratedFile, D:\TinyML_Workshop-main\TinyML_Workshop_PGR\TinyML_PGR\STM32\BackupIMU\Core\Src\main.c_save
2026-07-30 16:02:16,660 [INFO] CodeEngine:289 - Generated code: D:\TinyML_Workshop-main\TinyML_Workshop_PGR\TinyML_PGR\STM32\BackupIMU\Core\Src\main.c
2026-07-30 16:02:16,886 [INFO] AInterface:322 - ModelName:network; files:[D:\TinyML_Workshop-main\TinyML_Workshop_PGR\addon\OnBoard_IMU_Inference_COdes\random_forest_model.onnx]; type:ONNX; compression:None
2026-07-30 16:02:16,887 [INFO] AInterface:526 - workspaceTempDir: C:/Users/ADMIN/AppData/Local/Temp/mxAI_workspace1017831841300210700160003585065
2026-07-30 16:02:16,887 [INFO] AInterface:1179 - Setting Env: C:/Users/ADMIN/STM32Cube/Repository//Packs/STMicroelectronics/X-CUBE-AI/10.2.1/Utilities/windows
2026-07-30 16:02:16,891 [INFO] STM32CubeIDEBuilder:265 - Looking for gnu-tools-for-stm32 tools/bin/arm-none-eabi-gcc.exe in C:\ST\STM32CubeIDE_1.19.0\STM32CubeIDE
2026-07-30 16:02:16,894 [INFO] STM32CubeIDEBuilder:294 - checking C:\ST\STM32CubeIDE_1.19.0\STM32CubeIDE\plugins\com.st.stm32cube.ide.mcu.externaltools.gnu-tools-for-stm32.13.3.rel1.win32_1.0.0.202411081344\tools\bin\arm-none-eabi-gcc.exe
2026-07-30 16:02:16,894 [INFO] STM32CubeIDEBuilder:297 - ret=C:\ST\STM32CubeIDE_1.19.0\STM32CubeIDE\plugins\com.st.stm32cube.ide.mcu.externaltools.gnu-tools-for-stm32.13.3.rel1.win32_1.0.0.202411081344\tools\bin\arm-none-eabi-gcc.exe
2026-07-30 16:02:16,894 [INFO] STM32CubeIDEBuilder:311 - returning C:\ST\STM32CubeIDE_1.19.0\STM32CubeIDE\plugins\com.st.stm32cube.ide.mcu.externaltools.gnu-tools-for-stm32.13.3.rel1.win32_1.0.0.202411081344\tools\bin\arm-none-eabi-gcc.exe
2026-07-30 16:02:16,895 [INFO] AInterface:1236 - Custom PATH variable: C:/Users/ADMIN/STM32Cube/Repository//Packs/STMicroelectronics/X-CUBE-AI/10.2.1/Utilities/windows;C:/Users/ADMIN/STM32Cube/Repository//Packs/STMicroelectronics/X-CUBE-AI/10.2.1/Utilities/windows/mingw64/bin;C:/Users/ADMIN/STM32Cube/Repository//Packs/STMicroelectronics/X-CUBE-AI/10.2.1/Utilities/windows/mingw64/libexec/gcc/x86_64-w64-mingw32/7.3.0;;C:\ST\STM32CubeIDE_1.19.0\STM32CubeIDE\plugins\com.st.stm32cube.ide.mcu.externaltools.gnu-tools-for-stm32.13.3.rel1.win32_1.0.0.202411081344\tools\bin
2026-07-30 16:02:16,896 [INFO] CmdLine:115 - Command: C:/Users/ADMIN/STM32Cube/Repository//Packs/STMicroelectronics/X-CUBE-AI/10.2.1/Utilities/windows/stedgeai.exe generate --target stm32l4 --name network -m D:/TinyML_Workshop-main/TinyML_Workshop_PGR/addon/OnBoard_IMU_Inference_COdes/random_forest_model.onnx --compression none --verbosity 1 --workspace C:/Users/ADMIN/AppData/Local/Temp/mxAI_workspace1017831841300210700160003585065 --output C:/Users/ADMIN/.stm32cubemx/network_output
2026-07-30 16:02:16,898 [INFO] AIModelDetailledView:2264 - Analysis status: pending
2026-07-30 16:02:17,619 [INFO] CmdLine:76 - ST Edge AI Core v2.2.0-20266 2adc00962
2026-07-30 16:02:33,406 [INFO] CmdLine:76 - Creating c (debug) info json file C:\Users\ADMIN\.stm32cubemx\network_output\network_c_info.json
2026-07-30 16:02:33,565 [INFO] CmdLine:76 -  
2026-07-30 16:02:33,565 [INFO] CmdLine:76 -  Exec/report summary (generate)
2026-07-30 16:02:33,566 [INFO] CmdLine:76 -  --------------------------------------------------------------------------------------------------------------------------------
2026-07-30 16:02:33,566 [INFO] CmdLine:76 -  model file         :   D:\TinyML_Workshop-main\TinyML_Workshop_PGR\addon\OnBoard_IMU_Inference_COdes\random_forest_model.onnx   
2026-07-30 16:02:33,566 [INFO] CmdLine:76 -  type               :   onnx                                                                                                     
2026-07-30 16:02:33,566 [INFO] CmdLine:76 -  c_name             :   network                                                                                                  
2026-07-30 16:02:33,566 [INFO] CmdLine:76 -  compression        :   none                                                                                                     
2026-07-30 16:02:33,566 [INFO] CmdLine:76 -  options            :   allocate-inputs, allocate-outputs                                                                        
2026-07-30 16:02:33,566 [INFO] CmdLine:76 -  optimization       :   balanced                                                                                                 
2026-07-30 16:02:33,566 [INFO] CmdLine:76 -  target/series      :   stm32l4                                                                                                  
2026-07-30 16:02:33,566 [INFO] CmdLine:76 -  workspace dir      :   C:\Users\ADMIN\AppData\Local\Temp\mxAI_workspace1017831841300210700160003585065                          
2026-07-30 16:02:33,566 [INFO] CmdLine:76 -  output dir         :   C:\Users\ADMIN\.stm32cubemx\network_output                                                               
2026-07-30 16:02:33,566 [INFO] CmdLine:76 -  model_fmt          :   undefined                                                                                                
2026-07-30 16:02:33,567 [INFO] CmdLine:76 -  model_name         :   random_forest_model                                                                                      
2026-07-30 16:02:33,567 [INFO] CmdLine:76 -  model_hash         :   0xee61876666aff892376c0a5906476d28                                                                       
2026-07-30 16:02:33,567 [INFO] CmdLine:76 -  params #           :   490,367 items (1.18 MiB)                                                                                 
2026-07-30 16:02:33,567 [INFO] CmdLine:76 -  --------------------------------------------------------------------------------------------------------------------------------
2026-07-30 16:02:33,567 [INFO] CmdLine:76 -  input 1/1          :   'float_input', f32(1x1x6), 24 Bytes, activations                                                         
2026-07-30 16:02:33,567 [INFO] CmdLine:76 -  output 1/2         :   'label0', int32(1x1), 4 Bytes, activations                                                               
2026-07-30 16:02:33,567 [INFO] CmdLine:76 -  output 2/2         :   'output_probability', f32(1x1x5x2), 40 Bytes, activations                                                
2026-07-30 16:02:33,567 [INFO] CmdLine:76 -  outputs (total)    :   44 Bytes                                                                                                 
2026-07-30 16:02:33,567 [INFO] CmdLine:76 -  macc               :   1,306                                                                                                    
2026-07-30 16:02:33,567 [INFO] CmdLine:76 -  weights (ro)       :   1,236,440 B (1.18 MiB) (1 segment) / -725,028(-37.0%) vs float model                                     
2026-07-30 16:02:33,567 [INFO] CmdLine:76 -  activations (rw)   :   64 B (64 B) (1 segment) *                                                                                
2026-07-30 16:02:33,568 [INFO] CmdLine:76 -  ram (total)        :   64 B (64 B) = 64 + 0 + 0                                                                                 
2026-07-30 16:02:33,568 [INFO] CmdLine:76 -  --------------------------------------------------------------------------------------------------------------------------------
2026-07-30 16:02:33,568 [INFO] CmdLine:76 -  (*) 'input'/'output' buffers are allocated in the activations buffer
2026-07-30 16:02:33,621 [INFO] CmdLine:76 - Computing AI RT data/code size (target=stm32l4)..
2026-07-30 16:02:36,100 [INFO] CmdLine:76 -  Requested memory size by section - "stm32l4" target
2026-07-30 16:02:36,100 [INFO] CmdLine:76 -  ------------------------------ ------- ----------- ------- -----
2026-07-30 16:02:36,101 [INFO] CmdLine:76 -  module                            text      rodata    data   bss
2026-07-30 16:02:36,101 [INFO] CmdLine:76 -  ------------------------------ ------- ----------- ------- -----
2026-07-30 16:02:36,101 [INFO] CmdLine:76 -  NetworkRuntime1020_CM4_GCC.a     5,508           0       0     0
2026-07-30 16:02:36,101 [INFO] CmdLine:76 -  network.o                          692          16   1,768   172
2026-07-30 16:02:36,101 [INFO] CmdLine:76 -  network_data.o                      48          16      88     0
2026-07-30 16:02:36,101 [INFO] CmdLine:76 -  lib (toolchain)*                     0           0       0     0
2026-07-30 16:02:36,102 [INFO] CmdLine:76 -  ------------------------------ ------- ----------- ------- -----
2026-07-30 16:02:36,102 [INFO] CmdLine:76 -  RT total**                       6,248          32   1,856   172
2026-07-30 16:02:36,102 [INFO] CmdLine:76 -  ------------------------------ ------- ----------- ------- -----
2026-07-30 16:02:36,102 [INFO] CmdLine:76 -  weights                              0   1,236,440       0     0
2026-07-30 16:02:36,102 [INFO] CmdLine:76 -  activations                          0           0       0    64
2026-07-30 16:02:36,102 [INFO] CmdLine:76 -  io                                   0           0       0     0
2026-07-30 16:02:36,103 [INFO] CmdLine:76 -  ------------------------------ ------- ----------- ------- -----
2026-07-30 16:02:36,103 [INFO] CmdLine:76 -  TOTAL                            6,248   1,236,472   1,856   236
2026-07-30 16:02:36,103 [INFO] CmdLine:76 -  ------------------------------ ------- ----------- ------- -----
2026-07-30 16:02:36,103 [INFO] CmdLine:76 -  *  toolchain objects (libm/libgcc*)
2026-07-30 16:02:36,103 [INFO] CmdLine:76 -  ** RT AI runtime objects (kernels+infrastructure)
2026-07-30 16:02:36,103 [INFO] CmdLine:76 -   Summary - "stm32l4" target
2026-07-30 16:02:36,103 [INFO] CmdLine:76 -   --------------------------------------------------
2026-07-30 16:02:36,103 [INFO] CmdLine:76 -                FLASH (ro)     %*   RAM (rw)       %
2026-07-30 16:02:36,104 [INFO] CmdLine:76 -   --------------------------------------------------
2026-07-30 16:02:36,104 [INFO] CmdLine:76 -   RT total          8,136   0.7%      2,028   96.9%
2026-07-30 16:02:36,104 [INFO] CmdLine:76 -   --------------------------------------------------
2026-07-30 16:02:36,104 [INFO] CmdLine:76 -   TOTAL         1,244,576             2,092
2026-07-30 16:02:36,104 [INFO] CmdLine:76 -   --------------------------------------------------
2026-07-30 16:02:36,105 [INFO] CmdLine:76 -   *  rt/total
2026-07-30 16:02:36,105 [INFO] CmdLine:76 -  Generated files (7)
2026-07-30 16:02:36,105 [INFO] CmdLine:76 -  ------------------------------------------------------------------
2026-07-30 16:02:36,105 [INFO] CmdLine:76 -  C:\Users\ADMIN\.stm32cubemx\network_output\network_data_params.h
2026-07-30 16:02:36,105 [INFO] CmdLine:76 -  C:\Users\ADMIN\.stm32cubemx\network_output\network_data_params.c
2026-07-30 16:02:36,105 [INFO] CmdLine:76 -  C:\Users\ADMIN\.stm32cubemx\network_output\network_data.h
2026-07-30 16:02:36,105 [INFO] CmdLine:76 -  C:\Users\ADMIN\.stm32cubemx\network_output\network_data.c
2026-07-30 16:02:36,106 [INFO] CmdLine:76 -  C:\Users\ADMIN\.stm32cubemx\network_output\network_config.h
2026-07-30 16:02:36,106 [INFO] CmdLine:76 -  C:\Users\ADMIN\.stm32cubemx\network_output\network.h
2026-07-30 16:02:36,106 [INFO] CmdLine:76 -  C:\Users\ADMIN\.stm32cubemx\network_output\network.c
2026-07-30 16:02:36,106 [INFO] CmdLine:76 - Creating txt report file C:\Users\ADMIN\.stm32cubemx\network_output\network_generate_report.txt
2026-07-30 16:02:47,807 [INFO] CmdLine:76 - elapsed time (generate): 30.187s
2026-07-30 16:02:48,402 [INFO] CmdLine:148 - stedgeai exit with status: 0
2026-07-30 16:02:48,554 [INFO] AIModelDetailledView:2264 - Analysis status: done
2026-07-30 16:02:48,916 [INFO] ProjectBuilder:3606 - Time for Copy HAL[1] : 132mS.
2026-07-30 16:02:48,917 [ERROR] Middleware:2950 - Invalid RefComponent list
2026-07-30 16:02:48,917 [ERROR] Middleware:2950 - Invalid RefComponent list
2026-07-30 16:02:48,917 [ERROR] Middleware:2950 - Invalid RefComponent list
2026-07-30 16:02:48,917 [ERROR] Middleware:2950 - Invalid RefComponent list
2026-07-30 16:02:48,917 [ERROR] Middleware:2950 - Invalid RefComponent list
2026-07-30 16:02:48,917 [ERROR] Middleware:2950 - Invalid RefComponent list
2026-07-30 16:02:48,917 [ERROR] Middleware:2950 - Invalid RefComponent list
2026-07-30 16:02:48,917 [ERROR] Middleware:2950 - Invalid RefComponent list
2026-07-30 16:02:48,917 [ERROR] Middleware:2950 - Invalid RefComponent list
2026-07-30 16:02:48,917 [ERROR] Middleware:2950 - Invalid RefComponent list
2026-07-30 16:02:48,917 [ERROR] Middleware:2950 - Invalid RefComponent list
2026-07-30 16:02:48,917 [ERROR] Middleware:2950 - Invalid RefComponent list
2026-07-30 16:02:48,917 [ERROR] Middleware:2950 - Invalid RefComponent list
2026-07-30 16:02:48,917 [ERROR] Middleware:2950 - Invalid RefComponent list
2026-07-30 16:02:48,917 [ERROR] Middleware:2950 - Invalid RefComponent list
2026-07-30 16:02:48,917 [ERROR] Middleware:2950 - Invalid RefComponent list
2026-07-30 16:02:48,917 [ERROR] Middleware:2950 - Invalid RefComponent list
2026-07-30 16:02:48,917 [ERROR] Middleware:2950 - Invalid RefComponent list
2026-07-30 16:02:48,917 [ERROR] Middleware:2950 - Invalid RefComponent list
2026-07-30 16:02:48,917 [ERROR] Middleware:2950 - Invalid RefComponent list
2026-07-30 16:02:48,917 [ERROR] Middleware:2950 - Invalid RefComponent list
2026-07-30 16:02:48,918 [ERROR] Middleware:2950 - Invalid RefComponent list
2026-07-30 16:02:48,918 [ERROR] Middleware:2950 - Invalid RefComponent list
2026-07-30 16:02:48,918 [ERROR] Middleware:2950 - Invalid RefComponent list
2026-07-30 16:02:48,918 [ERROR] Middleware:2950 - Invalid RefComponent list
2026-07-30 16:02:48,918 [ERROR] Middleware:2950 - Invalid RefComponent list
2026-07-30 16:02:48,918 [ERROR] Middleware:2950 - Invalid RefComponent list
2026-07-30 16:02:48,918 [ERROR] Middleware:2950 - Invalid RefComponent list
2026-07-30 16:02:48,918 [ERROR] Middleware:2950 - Invalid RefComponent list
2026-07-30 16:02:48,918 [ERROR] Middleware:2950 - Invalid RefComponent list
2026-07-30 16:02:48,918 [ERROR] Middleware:2950 - Invalid RefComponent list
2026-07-30 16:02:48,918 [ERROR] Middleware:2950 - Invalid RefComponent list
2026-07-30 16:02:48,918 [ERROR] Middleware:2950 - Invalid RefComponent list
2026-07-30 16:02:48,918 [ERROR] Middleware:2950 - Invalid RefComponent list
2026-07-30 16:02:48,918 [ERROR] Middleware:2950 - Invalid RefComponent list
2026-07-30 16:02:48,918 [ERROR] Middleware:2950 - Invalid RefComponent list
2026-07-30 16:02:48,918 [ERROR] Middleware:2950 - Invalid RefComponent list
2026-07-30 16:02:48,918 [ERROR] Middleware:2950 - Invalid RefComponent list
2026-07-30 16:02:48,918 [ERROR] Middleware:2950 - Invalid RefComponent list
2026-07-30 16:02:48,918 [ERROR] Middleware:2950 - Invalid RefComponent list
2026-07-30 16:02:48,918 [ERROR] Middleware:2950 - Invalid RefComponent list
2026-07-30 16:02:48,918 [ERROR] Middleware:2950 - Invalid RefComponent list
2026-07-30 16:02:48,918 [ERROR] Middleware:2950 - Invalid RefComponent list
2026-07-30 16:02:48,918 [ERROR] Middleware:2950 - Invalid RefComponent list
2026-07-30 16:02:48,918 [ERROR] Middleware:2950 - Invalid RefComponent list
2026-07-30 16:02:48,918 [ERROR] Middleware:2950 - Invalid RefComponent list
2026-07-30 16:02:48,918 [ERROR] Middleware:2950 - Invalid RefComponent list
2026-07-30 16:02:48,919 [ERROR] Middleware:2950 - Invalid RefComponent list
2026-07-30 16:02:48,919 [ERROR] Middleware:2950 - Invalid RefComponent list
2026-07-30 16:02:48,919 [ERROR] Middleware:2950 - Invalid RefComponent list
2026-07-30 16:02:48,922 [INFO] ProjectBuilder:5216 - Project Generator version: 4.7.0-B52
2026-07-30 16:02:49,006 [INFO] ConfigFileManager:1595 - The Die is : DIE470
2026-07-30 16:02:49,944 [INFO] ProjectBuilder:5496 - Time for Generating toolchain IDE Files: 1022mS.
2026-07-30 16:02:49,945 [INFO] ProjectBuilder:3463 - Time for Copy CMSIS : 1mS.
2026-07-30 16:02:49,946 [INFO] ProjectBuilder:3463 - Time for Copy CMSIS : 0mS.
2026-07-30 16:02:50,244 [INFO] UtilMem:75 - End SaveConfig() Used Memory: 845345656 Bytes (1073741824)
2026-07-30 16:02:53,735 [INFO] UtilMem:75 - End SaveConfig() Used Memory: 825771848 Bytes (1073741824)
2026-07-30 16:02:53,959 [INFO] UtilMem:75 - End SaveConfig() Used Memory: 869812040 Bytes (1073741824)
2026-07-30 16:02:54,171 [INFO] BlockDiagram:2775 - set Specific Code input for plugin: SYS
2026-07-30 16:02:54,171 [INFO] BlockDiagram:2775 - set Specific Code input for plugin: RCC
2026-07-30 16:02:54,171 [INFO] BlockDiagram:2775 - set Specific Code input for plugin: I2C
2026-07-30 16:02:54,171 [INFO] BlockDiagram:2775 - set Specific Code input for plugin: NVIC
2026-07-30 16:02:54,171 [INFO] BlockDiagram:2775 - set Specific Code input for plugin: USART
2026-07-30 16:02:54,171 [INFO] BlockDiagram:2775 - set Specific Code input for plugin: STMicroelectronics.X-CUBE-AI.10.2.1
2026-07-30 16:02:54,172 [INFO] BlockDiagram:2775 - set Specific Code input for plugin: GPIO
2026-07-30 16:02:54,174 [INFO] CodeGenerator:892 - code generatio: config db path: C:\ST\STM32CubeIDE_1.19.0\STM32CubeIDE\plugins\com.st.stm32cube.common.mx_6.15.0.202507011659\\db\
2026-07-30 16:02:54,254 [INFO] IP:3329 - RTE Config file name : RTE_Component
2026-07-30 16:02:54,254 [INFO] IP:3347 - RTE template : RTE_Components.ftl
2026-07-30 16:02:54,261 [INFO] CodeEngine:265 - oldGeneratedFile, D:\TinyML_Workshop-main\TinyML_Workshop_PGR\TinyML_PGR\STM32\BackupIMU\MXTmpFiles\license.tmp_save
2026-07-30 16:02:54,337 [INFO] CodeEngine:289 - Generated code: D:\TinyML_Workshop-main\TinyML_Workshop_PGR\TinyML_PGR\STM32\BackupIMU\MXTmpFiles\license.tmp
2026-07-30 16:02:54,356 [INFO] CodeEngine:265 - oldGeneratedFile, D:\TinyML_Workshop-main\TinyML_Workshop_PGR\TinyML_PGR\STM32\BackupIMU\MXTmpFiles\gpio.tmp_save
2026-07-30 16:02:54,433 [INFO] CodeEngine:289 - Generated code: D:\TinyML_Workshop-main\TinyML_Workshop_PGR\TinyML_PGR\STM32\BackupIMU\MXTmpFiles\gpio.tmp
2026-07-30 16:02:54,506 [INFO] Middleware:1452 - No code input for Bsp Dependency
2026-07-30 16:02:54,508 [INFO] Middleware:1452 - No code input for Bsp Dependency
2026-07-30 16:02:54,517 [INFO] CodeEngine:265 - oldGeneratedFile, D:\TinyML_Workshop-main\TinyML_Workshop_PGR\TinyML_PGR\STM32\BackupIMU\Core\Src\stm32l4xx_it.c_save
2026-07-30 16:02:54,610 [INFO] CodeEngine:289 - Generated code: D:\TinyML_Workshop-main\TinyML_Workshop_PGR\TinyML_PGR\STM32\BackupIMU\Core\Src\stm32l4xx_it.c
2026-07-30 16:02:54,615 [INFO] CodeEngine:265 - oldGeneratedFile, D:\TinyML_Workshop-main\TinyML_Workshop_PGR\TinyML_PGR\STM32\BackupIMU\Core\Inc\stm32l4xx_it.h_save
2026-07-30 16:02:54,690 [INFO] CodeEngine:289 - Generated code: D:\TinyML_Workshop-main\TinyML_Workshop_PGR\TinyML_PGR\STM32\BackupIMU\Core\Inc\stm32l4xx_it.h
2026-07-30 16:02:54,702 [INFO] CodeEngine:265 - oldGeneratedFile, D:\TinyML_Workshop-main\TinyML_Workshop_PGR\TinyML_PGR\STM32\BackupIMU\Core\Src\stm32l4xx_hal_msp.c_save
2026-07-30 16:02:54,816 [INFO] CodeEngine:289 - Generated code: D:\TinyML_Workshop-main\TinyML_Workshop_PGR\TinyML_PGR\STM32\BackupIMU\Core\Src\stm32l4xx_hal_msp.c
2026-07-30 16:02:54,820 [INFO] CodeEngine:265 - oldGeneratedFile, D:\TinyML_Workshop-main\TinyML_Workshop_PGR\TinyML_PGR\STM32\BackupIMU\MXTmpFiles\system.tmp_save
2026-07-30 16:02:54,892 [INFO] CodeEngine:289 - Generated code: D:\TinyML_Workshop-main\TinyML_Workshop_PGR\TinyML_PGR\STM32\BackupIMU\MXTmpFiles\system.tmp
2026-07-30 16:02:54,901 [INFO] CodeEngine:321 - oldGeneratedFile, D:\TinyML_Workshop-main\TinyML_Workshop_PGR\TinyML_PGR\STM32\BackupIMU\Core\Inc\stm32l4xx_hal_conf.h_save
2026-07-30 16:02:54,981 [INFO] CodeEngine:345 - Generated code: D:\TinyML_Workshop-main\TinyML_Workshop_PGR\TinyML_PGR\STM32\BackupIMU\Core\Inc\stm32l4xx_hal_conf.h
2026-07-30 16:02:55,001 [INFO] CodeEngine:265 - oldGeneratedFile, D:\TinyML_Workshop-main\TinyML_Workshop_PGR\TinyML_PGR\STM32\BackupIMU\Core\Inc\main.h_save
2026-07-30 16:02:55,082 [INFO] CodeEngine:289 - Generated code: D:\TinyML_Workshop-main\TinyML_Workshop_PGR\TinyML_PGR\STM32\BackupIMU\Core\Inc\main.h
2026-07-30 16:02:55,087 [INFO] CodeEngine:265 - oldGeneratedFile, D:\TinyML_Workshop-main\TinyML_Workshop_PGR\TinyML_PGR\STM32\BackupIMU\Core\Src\main.c_save
2026-07-30 16:02:55,197 [INFO] CodeEngine:289 - Generated code: D:\TinyML_Workshop-main\TinyML_Workshop_PGR\TinyML_PGR\STM32\BackupIMU\Core\Src\main.c
2026-07-30 16:02:55,438 [INFO] AInterface:322 - ModelName:network; files:[D:\TinyML_Workshop-main\TinyML_Workshop_PGR\addon\OnBoard_IMU_Inference_COdes\random_forest_model.onnx]; type:ONNX; compression:None
2026-07-30 16:02:55,439 [INFO] AInterface:526 - workspaceTempDir: C:/Users/ADMIN/AppData/Local/Temp/mxAI_workspace105638442460016799110060361049355
2026-07-30 16:02:55,440 [INFO] AInterface:1179 - Setting Env: C:/Users/ADMIN/STM32Cube/Repository//Packs/STMicroelectronics/X-CUBE-AI/10.2.1/Utilities/windows
2026-07-30 16:02:55,444 [INFO] STM32CubeIDEBuilder:265 - Looking for gnu-tools-for-stm32 tools/bin/arm-none-eabi-gcc.exe in C:\ST\STM32CubeIDE_1.19.0\STM32CubeIDE
2026-07-30 16:02:55,446 [INFO] STM32CubeIDEBuilder:294 - checking C:\ST\STM32CubeIDE_1.19.0\STM32CubeIDE\plugins\com.st.stm32cube.ide.mcu.externaltools.gnu-tools-for-stm32.13.3.rel1.win32_1.0.0.202411081344\tools\bin\arm-none-eabi-gcc.exe
2026-07-30 16:02:55,447 [INFO] STM32CubeIDEBuilder:297 - ret=C:\ST\STM32CubeIDE_1.19.0\STM32CubeIDE\plugins\com.st.stm32cube.ide.mcu.externaltools.gnu-tools-for-stm32.13.3.rel1.win32_1.0.0.202411081344\tools\bin\arm-none-eabi-gcc.exe
2026-07-30 16:02:55,447 [INFO] STM32CubeIDEBuilder:311 - returning C:\ST\STM32CubeIDE_1.19.0\STM32CubeIDE\plugins\com.st.stm32cube.ide.mcu.externaltools.gnu-tools-for-stm32.13.3.rel1.win32_1.0.0.202411081344\tools\bin\arm-none-eabi-gcc.exe
2026-07-30 16:02:55,448 [INFO] AInterface:1236 - Custom PATH variable: C:/Users/ADMIN/STM32Cube/Repository//Packs/STMicroelectronics/X-CUBE-AI/10.2.1/Utilities/windows;C:/Users/ADMIN/STM32Cube/Repository//Packs/STMicroelectronics/X-CUBE-AI/10.2.1/Utilities/windows/mingw64/bin;C:/Users/ADMIN/STM32Cube/Repository//Packs/STMicroelectronics/X-CUBE-AI/10.2.1/Utilities/windows/mingw64/libexec/gcc/x86_64-w64-mingw32/7.3.0;;C:\ST\STM32CubeIDE_1.19.0\STM32CubeIDE\plugins\com.st.stm32cube.ide.mcu.externaltools.gnu-tools-for-stm32.13.3.rel1.win32_1.0.0.202411081344\tools\bin
2026-07-30 16:02:55,449 [INFO] CmdLine:115 - Command: C:/Users/ADMIN/STM32Cube/Repository//Packs/STMicroelectronics/X-CUBE-AI/10.2.1/Utilities/windows/stedgeai.exe generate --target stm32l4 --name network -m D:/TinyML_Workshop-main/TinyML_Workshop_PGR/addon/OnBoard_IMU_Inference_COdes/random_forest_model.onnx --compression none --verbosity 1 --workspace C:/Users/ADMIN/AppData/Local/Temp/mxAI_workspace105638442460016799110060361049355 --output C:/Users/ADMIN/.stm32cubemx/network_output
2026-07-30 16:02:55,451 [INFO] AIModelDetailledView:2264 - Analysis status: pending
2026-07-30 16:02:56,171 [INFO] CmdLine:76 - ST Edge AI Core v2.2.0-20266 2adc00962
2026-07-30 16:03:11,615 [INFO] CmdLine:76 - Creating c (debug) info json file C:\Users\ADMIN\.stm32cubemx\network_output\network_c_info.json
2026-07-30 16:03:11,774 [INFO] CmdLine:76 -  
2026-07-30 16:03:11,774 [INFO] CmdLine:76 -  Exec/report summary (generate)
2026-07-30 16:03:11,774 [INFO] CmdLine:76 -  --------------------------------------------------------------------------------------------------------------------------------
2026-07-30 16:03:11,774 [INFO] CmdLine:76 -  model file         :   D:\TinyML_Workshop-main\TinyML_Workshop_PGR\addon\OnBoard_IMU_Inference_COdes\random_forest_model.onnx   
2026-07-30 16:03:11,775 [INFO] CmdLine:76 -  type               :   onnx                                                                                                     
2026-07-30 16:03:11,775 [INFO] CmdLine:76 -  c_name             :   network                                                                                                  
2026-07-30 16:03:11,775 [INFO] CmdLine:76 -  compression        :   none                                                                                                     
2026-07-30 16:03:11,775 [INFO] CmdLine:76 -  options            :   allocate-inputs, allocate-outputs                                                                        
2026-07-30 16:03:11,775 [INFO] CmdLine:76 -  optimization       :   balanced                                                                                                 
2026-07-30 16:03:11,775 [INFO] CmdLine:76 -  target/series      :   stm32l4                                                                                                  
2026-07-30 16:03:11,775 [INFO] CmdLine:76 -  workspace dir      :   C:\Users\ADMIN\AppData\Local\Temp\mxAI_workspace105638442460016799110060361049355                        
2026-07-30 16:03:11,775 [INFO] CmdLine:76 -  output dir         :   C:\Users\ADMIN\.stm32cubemx\network_output                                                               
2026-07-30 16:03:11,775 [INFO] CmdLine:76 -  model_fmt          :   undefined                                                                                                
2026-07-30 16:03:11,775 [INFO] CmdLine:76 -  model_name         :   random_forest_model                                                                                      
2026-07-30 16:03:11,775 [INFO] CmdLine:76 -  model_hash         :   0xee61876666aff892376c0a5906476d28                                                                       
2026-07-30 16:03:11,775 [INFO] CmdLine:76 -  params #           :   490,367 items (1.18 MiB)                                                                                 
2026-07-30 16:03:11,776 [INFO] CmdLine:76 -  --------------------------------------------------------------------------------------------------------------------------------
2026-07-30 16:03:11,776 [INFO] CmdLine:76 -  input 1/1          :   'float_input', f32(1x1x6), 24 Bytes, activations                                                         
2026-07-30 16:03:11,776 [INFO] CmdLine:76 -  output 1/2         :   'label0', int32(1x1), 4 Bytes, activations                                                               
2026-07-30 16:03:11,776 [INFO] CmdLine:76 -  output 2/2         :   'output_probability', f32(1x1x5x2), 40 Bytes, activations                                                
2026-07-30 16:03:11,776 [INFO] CmdLine:76 -  outputs (total)    :   44 Bytes                                                                                                 
2026-07-30 16:03:11,776 [INFO] CmdLine:76 -  macc               :   1,306                                                                                                    
2026-07-30 16:03:11,776 [INFO] CmdLine:76 -  weights (ro)       :   1,236,440 B (1.18 MiB) (1 segment) / -725,028(-37.0%) vs float model                                     
2026-07-30 16:03:11,776 [INFO] CmdLine:76 -  activations (rw)   :   64 B (64 B) (1 segment) *                                                                                
2026-07-30 16:03:11,776 [INFO] CmdLine:76 -  ram (total)        :   64 B (64 B) = 64 + 0 + 0                                                                                 
2026-07-30 16:03:11,776 [INFO] CmdLine:76 -  --------------------------------------------------------------------------------------------------------------------------------
2026-07-30 16:03:11,776 [INFO] CmdLine:76 -  (*) 'input'/'output' buffers are allocated in the activations buffer
2026-07-30 16:03:11,832 [INFO] CmdLine:76 - Computing AI RT data/code size (target=stm32l4)..
2026-07-30 16:03:14,294 [INFO] CmdLine:76 -  Requested memory size by section - "stm32l4" target
2026-07-30 16:03:14,295 [INFO] CmdLine:76 -  ------------------------------ ------- ----------- ------- -----
2026-07-30 16:03:14,295 [INFO] CmdLine:76 -  module                            text      rodata    data   bss
2026-07-30 16:03:14,295 [INFO] CmdLine:76 -  ------------------------------ ------- ----------- ------- -----
2026-07-30 16:03:14,295 [INFO] CmdLine:76 -  NetworkRuntime1020_CM4_GCC.a     5,508           0       0     0
2026-07-30 16:03:14,295 [INFO] CmdLine:76 -  network.o                          692          16   1,768   172
2026-07-30 16:03:14,296 [INFO] CmdLine:76 -  network_data.o                      48          16      88     0
2026-07-30 16:03:14,296 [INFO] CmdLine:76 -  lib (toolchain)*                     0           0       0     0
2026-07-30 16:03:14,296 [INFO] CmdLine:76 -  ------------------------------ ------- ----------- ------- -----
2026-07-30 16:03:14,296 [INFO] CmdLine:76 -  RT total**                       6,248          32   1,856   172
2026-07-30 16:03:14,296 [INFO] CmdLine:76 -  ------------------------------ ------- ----------- ------- -----
2026-07-30 16:03:14,296 [INFO] CmdLine:76 -  weights                              0   1,236,440       0     0
2026-07-30 16:03:14,296 [INFO] CmdLine:76 -  activations                          0           0       0    64
2026-07-30 16:03:14,296 [INFO] CmdLine:76 -  io                                   0           0       0     0
2026-07-30 16:03:14,296 [INFO] CmdLine:76 -  ------------------------------ ------- ----------- ------- -----
2026-07-30 16:03:14,297 [INFO] CmdLine:76 -  TOTAL                            6,248   1,236,472   1,856   236
2026-07-30 16:03:14,297 [INFO] CmdLine:76 -  ------------------------------ ------- ----------- ------- -----
2026-07-30 16:03:14,297 [INFO] CmdLine:76 -  *  toolchain objects (libm/libgcc*)
2026-07-30 16:03:14,297 [INFO] CmdLine:76 -  ** RT AI runtime objects (kernels+infrastructure)
2026-07-30 16:03:14,297 [INFO] CmdLine:76 -   Summary - "stm32l4" target
2026-07-30 16:03:14,297 [INFO] CmdLine:76 -   --------------------------------------------------
2026-07-30 16:03:14,297 [INFO] CmdLine:76 -                FLASH (ro)     %*   RAM (rw)       %
2026-07-30 16:03:14,297 [INFO] CmdLine:76 -   --------------------------------------------------
2026-07-30 16:03:14,297 [INFO] CmdLine:76 -   RT total          8,136   0.7%      2,028   96.9%
2026-07-30 16:03:14,298 [INFO] CmdLine:76 -   --------------------------------------------------
2026-07-30 16:03:14,298 [INFO] CmdLine:76 -   TOTAL         1,244,576             2,092
2026-07-30 16:03:14,298 [INFO] CmdLine:76 -   --------------------------------------------------
2026-07-30 16:03:14,298 [INFO] CmdLine:76 -   *  rt/total
2026-07-30 16:03:14,298 [INFO] CmdLine:76 -  Generated files (7)
2026-07-30 16:03:14,298 [INFO] CmdLine:76 -  ------------------------------------------------------------------
2026-07-30 16:03:14,298 [INFO] CmdLine:76 -  C:\Users\ADMIN\.stm32cubemx\network_output\network_data_params.h
2026-07-30 16:03:14,298 [INFO] CmdLine:76 -  C:\Users\ADMIN\.stm32cubemx\network_output\network_data_params.c
2026-07-30 16:03:14,299 [INFO] CmdLine:76 -  C:\Users\ADMIN\.stm32cubemx\network_output\network_data.h
2026-07-30 16:03:14,299 [INFO] CmdLine:76 -  C:\Users\ADMIN\.stm32cubemx\network_output\network_data.c
2026-07-30 16:03:14,299 [INFO] CmdLine:76 -  C:\Users\ADMIN\.stm32cubemx\network_output\network_config.h
2026-07-30 16:03:14,299 [INFO] CmdLine:76 -  C:\Users\ADMIN\.stm32cubemx\network_output\network.h
2026-07-30 16:03:14,299 [INFO] CmdLine:76 -  C:\Users\ADMIN\.stm32cubemx\network_output\network.c
2026-07-30 16:03:14,299 [INFO] CmdLine:76 - Creating txt report file C:\Users\ADMIN\.stm32cubemx\network_output\network_generate_report.txt
2026-07-30 16:03:27,298 [INFO] CmdLine:76 - elapsed time (generate): 31.127s
2026-07-30 16:03:27,895 [INFO] CmdLine:148 - stedgeai exit with status: 0
2026-07-30 16:03:28,042 [INFO] AIModelDetailledView:2264 - Analysis status: done
2026-07-30 16:03:28,409 [INFO] ProjectBuilder:3606 - Time for Copy HAL[1] : 131mS.
2026-07-30 16:03:28,410 [ERROR] Middleware:2950 - Invalid RefComponent list
2026-07-30 16:03:28,410 [ERROR] Middleware:2950 - Invalid RefComponent list
2026-07-30 16:03:28,410 [ERROR] Middleware:2950 - Invalid RefComponent list
2026-07-30 16:03:28,410 [ERROR] Middleware:2950 - Invalid RefComponent list
2026-07-30 16:03:28,410 [ERROR] Middleware:2950 - Invalid RefComponent list
2026-07-30 16:03:28,410 [ERROR] Middleware:2950 - Invalid RefComponent list
2026-07-30 16:03:28,410 [ERROR] Middleware:2950 - Invalid RefComponent list
2026-07-30 16:03:28,410 [ERROR] Middleware:2950 - Invalid RefComponent list
2026-07-30 16:03:28,410 [ERROR] Middleware:2950 - Invalid RefComponent list
2026-07-30 16:03:28,410 [ERROR] Middleware:2950 - Invalid RefComponent list
2026-07-30 16:03:28,410 [ERROR] Middleware:2950 - Invalid RefComponent list
2026-07-30 16:03:28,410 [ERROR] Middleware:2950 - Invalid RefComponent list
2026-07-30 16:03:28,410 [ERROR] Middleware:2950 - Invalid RefComponent list
2026-07-30 16:03:28,410 [ERROR] Middleware:2950 - Invalid RefComponent list
2026-07-30 16:03:28,410 [ERROR] Middleware:2950 - Invalid RefComponent list
2026-07-30 16:03:28,410 [ERROR] Middleware:2950 - Invalid RefComponent list
2026-07-30 16:03:28,410 [ERROR] Middleware:2950 - Invalid RefComponent list
2026-07-30 16:03:28,410 [ERROR] Middleware:2950 - Invalid RefComponent list
2026-07-30 16:03:28,410 [ERROR] Middleware:2950 - Invalid RefComponent list
2026-07-30 16:03:28,410 [ERROR] Middleware:2950 - Invalid RefComponent list
2026-07-30 16:03:28,410 [ERROR] Middleware:2950 - Invalid RefComponent list
2026-07-30 16:03:28,410 [ERROR] Middleware:2950 - Invalid RefComponent list
2026-07-30 16:03:28,410 [ERROR] Middleware:2950 - Invalid RefComponent list
2026-07-30 16:03:28,410 [ERROR] Middleware:2950 - Invalid RefComponent list
2026-07-30 16:03:28,410 [ERROR] Middleware:2950 - Invalid RefComponent list
2026-07-30 16:03:28,411 [ERROR] Middleware:2950 - Invalid RefComponent list
2026-07-30 16:03:28,411 [ERROR] Middleware:2950 - Invalid RefComponent list
2026-07-30 16:03:28,411 [ERROR] Middleware:2950 - Invalid RefComponent list
2026-07-30 16:03:28,411 [ERROR] Middleware:2950 - Invalid RefComponent list
2026-07-30 16:03:28,411 [ERROR] Middleware:2950 - Invalid RefComponent list
2026-07-30 16:03:28,411 [ERROR] Middleware:2950 - Invalid RefComponent list
2026-07-30 16:03:28,411 [ERROR] Middleware:2950 - Invalid RefComponent list
2026-07-30 16:03:28,411 [ERROR] Middleware:2950 - Invalid RefComponent list
2026-07-30 16:03:28,411 [ERROR] Middleware:2950 - Invalid RefComponent list
2026-07-30 16:03:28,411 [ERROR] Middleware:2950 - Invalid RefComponent list
2026-07-30 16:03:28,411 [ERROR] Middleware:2950 - Invalid RefComponent list
2026-07-30 16:03:28,411 [ERROR] Middleware:2950 - Invalid RefComponent list
2026-07-30 16:03:28,411 [ERROR] Middleware:2950 - Invalid RefComponent list
2026-07-30 16:03:28,411 [ERROR] Middleware:2950 - Invalid RefComponent list
2026-07-30 16:03:28,411 [ERROR] Middleware:2950 - Invalid RefComponent list
2026-07-30 16:03:28,411 [ERROR] Middleware:2950 - Invalid RefComponent list
2026-07-30 16:03:28,411 [ERROR] Middleware:2950 - Invalid RefComponent list
2026-07-30 16:03:28,411 [ERROR] Middleware:2950 - Invalid RefComponent list
2026-07-30 16:03:28,411 [ERROR] Middleware:2950 - Invalid RefComponent list
2026-07-30 16:03:28,411 [ERROR] Middleware:2950 - Invalid RefComponent list
2026-07-30 16:03:28,411 [ERROR] Middleware:2950 - Invalid RefComponent list
2026-07-30 16:03:28,411 [ERROR] Middleware:2950 - Invalid RefComponent list
2026-07-30 16:03:28,411 [ERROR] Middleware:2950 - Invalid RefComponent list
2026-07-30 16:03:28,411 [ERROR] Middleware:2950 - Invalid RefComponent list
2026-07-30 16:03:28,411 [ERROR] Middleware:2950 - Invalid RefComponent list
2026-07-30 16:03:28,414 [INFO] ProjectBuilder:5216 - Project Generator version: 4.7.0-B52
2026-07-30 16:03:28,498 [INFO] ConfigFileManager:1595 - The Die is : DIE470
2026-07-30 16:03:29,290 [INFO] ProjectBuilder:5496 - Time for Generating toolchain IDE Files: 876mS.
2026-07-30 16:03:29,291 [INFO] ProjectBuilder:3463 - Time for Copy CMSIS : 0mS.
2026-07-30 16:03:29,293 [INFO] ProjectBuilder:3463 - Time for Copy CMSIS : 0mS.
2026-07-30 16:06:28,997 [INFO] UtilMem:75 - End SaveConfig() Used Memory: 838670328 Bytes (1073741824)
2026-07-30 16:06:30,232 [INFO] UtilMem:75 - End SaveConfig() Used Memory: 881444936 Bytes (1073741824)
2026-07-30 16:06:30,463 [INFO] UtilMem:75 - End SaveConfig() Used Memory: 922861640 Bytes (1073741824)
2026-07-30 16:06:30,649 [INFO] BlockDiagram:2775 - set Specific Code input for plugin: SYS
2026-07-30 16:06:30,649 [INFO] BlockDiagram:2775 - set Specific Code input for plugin: RCC
2026-07-30 16:06:30,649 [INFO] BlockDiagram:2775 - set Specific Code input for plugin: I2C
2026-07-30 16:06:30,649 [INFO] BlockDiagram:2775 - set Specific Code input for plugin: NVIC
2026-07-30 16:06:30,649 [INFO] BlockDiagram:2775 - set Specific Code input for plugin: USART
2026-07-30 16:06:30,649 [INFO] BlockDiagram:2775 - set Specific Code input for plugin: STMicroelectronics.X-CUBE-AI.10.2.1
2026-07-30 16:06:30,650 [INFO] BlockDiagram:2775 - set Specific Code input for plugin: GPIO
2026-07-30 16:06:30,651 [INFO] CodeGenerator:892 - code generatio: config db path: C:\ST\STM32CubeIDE_1.19.0\STM32CubeIDE\plugins\com.st.stm32cube.common.mx_6.15.0.202507011659\\db\
2026-07-30 16:06:30,756 [INFO] IP:3329 - RTE Config file name : RTE_Component
2026-07-30 16:06:30,756 [INFO] IP:3347 - RTE template : RTE_Components.ftl
2026-07-30 16:06:30,765 [INFO] CodeEngine:265 - oldGeneratedFile, D:\TinyML_Workshop-main\TinyML_Workshop_PGR\TinyML_PGR\STM32\BackupIMU\MXTmpFiles\license.tmp_save
2026-07-30 16:06:30,836 [INFO] CodeEngine:289 - Generated code: D:\TinyML_Workshop-main\TinyML_Workshop_PGR\TinyML_PGR\STM32\BackupIMU\MXTmpFiles\license.tmp
2026-07-30 16:06:30,858 [INFO] CodeEngine:265 - oldGeneratedFile, D:\TinyML_Workshop-main\TinyML_Workshop_PGR\TinyML_PGR\STM32\BackupIMU\MXTmpFiles\gpio.tmp_save
2026-07-30 16:06:30,930 [INFO] CodeEngine:289 - Generated code: D:\TinyML_Workshop-main\TinyML_Workshop_PGR\TinyML_PGR\STM32\BackupIMU\MXTmpFiles\gpio.tmp
2026-07-30 16:06:31,011 [INFO] Middleware:1452 - No code input for Bsp Dependency
2026-07-30 16:06:31,012 [INFO] Middleware:1452 - No code input for Bsp Dependency
2026-07-30 16:06:31,024 [INFO] CodeEngine:265 - oldGeneratedFile, D:\TinyML_Workshop-main\TinyML_Workshop_PGR\TinyML_PGR\STM32\BackupIMU\Core\Src\stm32l4xx_it.c_save
2026-07-30 16:06:31,100 [INFO] CodeEngine:289 - Generated code: D:\TinyML_Workshop-main\TinyML_Workshop_PGR\TinyML_PGR\STM32\BackupIMU\Core\Src\stm32l4xx_it.c
2026-07-30 16:06:31,105 [INFO] CodeEngine:265 - oldGeneratedFile, D:\TinyML_Workshop-main\TinyML_Workshop_PGR\TinyML_PGR\STM32\BackupIMU\Core\Inc\stm32l4xx_it.h_save
2026-07-30 16:06:31,240 [INFO] CodeEngine:289 - Generated code: D:\TinyML_Workshop-main\TinyML_Workshop_PGR\TinyML_PGR\STM32\BackupIMU\Core\Inc\stm32l4xx_it.h
2026-07-30 16:06:31,255 [INFO] CodeEngine:265 - oldGeneratedFile, D:\TinyML_Workshop-main\TinyML_Workshop_PGR\TinyML_PGR\STM32\BackupIMU\Core\Src\stm32l4xx_hal_msp.c_save
2026-07-30 16:06:31,357 [INFO] CodeEngine:289 - Generated code: D:\TinyML_Workshop-main\TinyML_Workshop_PGR\TinyML_PGR\STM32\BackupIMU\Core\Src\stm32l4xx_hal_msp.c
2026-07-30 16:06:31,361 [INFO] CodeEngine:265 - oldGeneratedFile, D:\TinyML_Workshop-main\TinyML_Workshop_PGR\TinyML_PGR\STM32\BackupIMU\MXTmpFiles\system.tmp_save
2026-07-30 16:06:31,423 [INFO] CodeEngine:289 - Generated code: D:\TinyML_Workshop-main\TinyML_Workshop_PGR\TinyML_PGR\STM32\BackupIMU\MXTmpFiles\system.tmp
2026-07-30 16:06:31,433 [INFO] CodeEngine:321 - oldGeneratedFile, D:\TinyML_Workshop-main\TinyML_Workshop_PGR\TinyML_PGR\STM32\BackupIMU\Core\Inc\stm32l4xx_hal_conf.h_save
2026-07-30 16:06:31,503 [INFO] CodeEngine:345 - Generated code: D:\TinyML_Workshop-main\TinyML_Workshop_PGR\TinyML_PGR\STM32\BackupIMU\Core\Inc\stm32l4xx_hal_conf.h
2026-07-30 16:06:31,525 [INFO] CodeEngine:265 - oldGeneratedFile, D:\TinyML_Workshop-main\TinyML_Workshop_PGR\TinyML_PGR\STM32\BackupIMU\Core\Inc\main.h_save
2026-07-30 16:06:31,595 [INFO] CodeEngine:289 - Generated code: D:\TinyML_Workshop-main\TinyML_Workshop_PGR\TinyML_PGR\STM32\BackupIMU\Core\Inc\main.h
2026-07-30 16:06:31,600 [INFO] CodeEngine:265 - oldGeneratedFile, D:\TinyML_Workshop-main\TinyML_Workshop_PGR\TinyML_PGR\STM32\BackupIMU\Core\Src\main.c_save
2026-07-30 16:06:31,712 [INFO] CodeEngine:289 - Generated code: D:\TinyML_Workshop-main\TinyML_Workshop_PGR\TinyML_PGR\STM32\BackupIMU\Core\Src\main.c
2026-07-30 16:06:32,047 [INFO] AInterface:322 - ModelName:network; files:[D:\TinyML_Workshop-main\TinyML_Workshop_PGR\addon\OnBoard_IMU_Inference_COdes\random_forest_model.onnx]; type:ONNX; compression:None
2026-07-30 16:06:32,048 [INFO] AInterface:526 - workspaceTempDir: C:/Users/ADMIN/AppData/Local/Temp/mxAI_workspace12729930437006180470376569111988
2026-07-30 16:06:32,048 [INFO] AInterface:1179 - Setting Env: C:/Users/ADMIN/STM32Cube/Repository//Packs/STMicroelectronics/X-CUBE-AI/10.2.1/Utilities/windows
2026-07-30 16:06:32,052 [INFO] STM32CubeIDEBuilder:265 - Looking for gnu-tools-for-stm32 tools/bin/arm-none-eabi-gcc.exe in C:\ST\STM32CubeIDE_1.19.0\STM32CubeIDE
2026-07-30 16:06:32,055 [INFO] STM32CubeIDEBuilder:294 - checking C:\ST\STM32CubeIDE_1.19.0\STM32CubeIDE\plugins\com.st.stm32cube.ide.mcu.externaltools.gnu-tools-for-stm32.13.3.rel1.win32_1.0.0.202411081344\tools\bin\arm-none-eabi-gcc.exe
2026-07-30 16:06:32,055 [INFO] STM32CubeIDEBuilder:297 - ret=C:\ST\STM32CubeIDE_1.19.0\STM32CubeIDE\plugins\com.st.stm32cube.ide.mcu.externaltools.gnu-tools-for-stm32.13.3.rel1.win32_1.0.0.202411081344\tools\bin\arm-none-eabi-gcc.exe
2026-07-30 16:06:32,055 [INFO] STM32CubeIDEBuilder:311 - returning C:\ST\STM32CubeIDE_1.19.0\STM32CubeIDE\plugins\com.st.stm32cube.ide.mcu.externaltools.gnu-tools-for-stm32.13.3.rel1.win32_1.0.0.202411081344\tools\bin\arm-none-eabi-gcc.exe
2026-07-30 16:06:32,056 [INFO] AInterface:1236 - Custom PATH variable: C:/Users/ADMIN/STM32Cube/Repository//Packs/STMicroelectronics/X-CUBE-AI/10.2.1/Utilities/windows;C:/Users/ADMIN/STM32Cube/Repository//Packs/STMicroelectronics/X-CUBE-AI/10.2.1/Utilities/windows/mingw64/bin;C:/Users/ADMIN/STM32Cube/Repository//Packs/STMicroelectronics/X-CUBE-AI/10.2.1/Utilities/windows/mingw64/libexec/gcc/x86_64-w64-mingw32/7.3.0;;C:\ST\STM32CubeIDE_1.19.0\STM32CubeIDE\plugins\com.st.stm32cube.ide.mcu.externaltools.gnu-tools-for-stm32.13.3.rel1.win32_1.0.0.202411081344\tools\bin
2026-07-30 16:06:32,057 [INFO] CmdLine:115 - Command: C:/Users/ADMIN/STM32Cube/Repository//Packs/STMicroelectronics/X-CUBE-AI/10.2.1/Utilities/windows/stedgeai.exe generate --target stm32l4 --name network -m D:/TinyML_Workshop-main/TinyML_Workshop_PGR/addon/OnBoard_IMU_Inference_COdes/random_forest_model.onnx --compression none --verbosity 1 --workspace C:/Users/ADMIN/AppData/Local/Temp/mxAI_workspace12729930437006180470376569111988 --output C:/Users/ADMIN/.stm32cubemx/network_output
2026-07-30 16:06:32,060 [INFO] AIModelDetailledView:2264 - Analysis status: pending
2026-07-30 16:06:32,767 [INFO] CmdLine:76 - ST Edge AI Core v2.2.0-20266 2adc00962
2026-07-30 16:06:48,440 [INFO] CmdLine:76 - Creating c (debug) info json file C:\Users\ADMIN\.stm32cubemx\network_output\network_c_info.json
2026-07-30 16:06:48,597 [INFO] CmdLine:76 -  
2026-07-30 16:06:48,598 [INFO] CmdLine:76 -  Exec/report summary (generate)
2026-07-30 16:06:48,598 [INFO] CmdLine:76 -  --------------------------------------------------------------------------------------------------------------------------------
2026-07-30 16:06:48,598 [INFO] CmdLine:76 -  model file         :   D:\TinyML_Workshop-main\TinyML_Workshop_PGR\addon\OnBoard_IMU_Inference_COdes\random_forest_model.onnx   
2026-07-30 16:06:48,598 [INFO] CmdLine:76 -  type               :   onnx                                                                                                     
2026-07-30 16:06:48,598 [INFO] CmdLine:76 -  c_name             :   network                                                                                                  
2026-07-30 16:06:48,598 [INFO] CmdLine:76 -  compression        :   none                                                                                                     
2026-07-30 16:06:48,598 [INFO] CmdLine:76 -  options            :   allocate-inputs, allocate-outputs                                                                        
2026-07-30 16:06:48,598 [INFO] CmdLine:76 -  optimization       :   balanced                                                                                                 
2026-07-30 16:06:48,598 [INFO] CmdLine:76 -  target/series      :   stm32l4                                                                                                  
2026-07-30 16:06:48,598 [INFO] CmdLine:76 -  workspace dir      :   C:\Users\ADMIN\AppData\Local\Temp\mxAI_workspace12729930437006180470376569111988                         
2026-07-30 16:06:48,598 [INFO] CmdLine:76 -  output dir         :   C:\Users\ADMIN\.stm32cubemx\network_output                                                               
2026-07-30 16:06:48,599 [INFO] CmdLine:76 -  model_fmt          :   undefined                                                                                                
2026-07-30 16:06:48,599 [INFO] CmdLine:76 -  model_name         :   random_forest_model                                                                                      
2026-07-30 16:06:48,599 [INFO] CmdLine:76 -  model_hash         :   0xee61876666aff892376c0a5906476d28                                                                       
2026-07-30 16:06:48,599 [INFO] CmdLine:76 -  params #           :   490,367 items (1.18 MiB)                                                                                 
2026-07-30 16:06:48,599 [INFO] CmdLine:76 -  --------------------------------------------------------------------------------------------------------------------------------
2026-07-30 16:06:48,599 [INFO] CmdLine:76 -  input 1/1          :   'float_input', f32(1x1x6), 24 Bytes, activations                                                         
2026-07-30 16:06:48,599 [INFO] CmdLine:76 -  output 1/2         :   'label0', int32(1x1), 4 Bytes, activations                                                               
2026-07-30 16:06:48,599 [INFO] CmdLine:76 -  output 2/2         :   'output_probability', f32(1x1x5x2), 40 Bytes, activations                                                
2026-07-30 16:06:48,599 [INFO] CmdLine:76 -  outputs (total)    :   44 Bytes                                                                                                 
2026-07-30 16:06:48,599 [INFO] CmdLine:76 -  macc               :   1,306                                                                                                    
2026-07-30 16:06:48,599 [INFO] CmdLine:76 -  weights (ro)       :   1,236,440 B (1.18 MiB) (1 segment) / -725,028(-37.0%) vs float model                                     
2026-07-30 16:06:48,600 [INFO] CmdLine:76 -  activations (rw)   :   64 B (64 B) (1 segment) *                                                                                
2026-07-30 16:06:48,600 [INFO] CmdLine:76 -  ram (total)        :   64 B (64 B) = 64 + 0 + 0                                                                                 
2026-07-30 16:06:48,600 [INFO] CmdLine:76 -  --------------------------------------------------------------------------------------------------------------------------------
2026-07-30 16:06:48,600 [INFO] CmdLine:76 -  (*) 'input'/'output' buffers are allocated in the activations buffer
2026-07-30 16:06:48,654 [INFO] CmdLine:76 - Computing AI RT data/code size (target=stm32l4)..
2026-07-30 16:06:51,147 [INFO] CmdLine:76 -  Requested memory size by section - "stm32l4" target
2026-07-30 16:06:51,148 [INFO] CmdLine:76 -  ------------------------------ ------- ----------- ------- -----
2026-07-30 16:06:51,148 [INFO] CmdLine:76 -  module                            text      rodata    data   bss
2026-07-30 16:06:51,148 [INFO] CmdLine:76 -  ------------------------------ ------- ----------- ------- -----
2026-07-30 16:06:51,148 [INFO] CmdLine:76 -  NetworkRuntime1020_CM4_GCC.a     5,508           0       0     0
2026-07-30 16:06:51,148 [INFO] CmdLine:76 -  network.o                          692          16   1,768   172
2026-07-30 16:06:51,148 [INFO] CmdLine:76 -  network_data.o                      48          16      88     0
2026-07-30 16:06:51,148 [INFO] CmdLine:76 -  lib (toolchain)*                     0           0       0     0
2026-07-30 16:06:51,148 [INFO] CmdLine:76 -  ------------------------------ ------- ----------- ------- -----
2026-07-30 16:06:51,149 [INFO] CmdLine:76 -  RT total**                       6,248          32   1,856   172
2026-07-30 16:06:51,149 [INFO] CmdLine:76 -  ------------------------------ ------- ----------- ------- -----
2026-07-30 16:06:51,149 [INFO] CmdLine:76 -  weights                              0   1,236,440       0     0
2026-07-30 16:06:51,149 [INFO] CmdLine:76 -  activations                          0           0       0    64
2026-07-30 16:06:51,149 [INFO] CmdLine:76 -  io                                   0           0       0     0
2026-07-30 16:06:51,149 [INFO] CmdLine:76 -  ------------------------------ ------- ----------- ------- -----
2026-07-30 16:06:51,149 [INFO] CmdLine:76 -  TOTAL                            6,248   1,236,472   1,856   236
2026-07-30 16:06:51,150 [INFO] CmdLine:76 -  ------------------------------ ------- ----------- ------- -----
2026-07-30 16:06:51,150 [INFO] CmdLine:76 -  *  toolchain objects (libm/libgcc*)
2026-07-30 16:06:51,150 [INFO] CmdLine:76 -  ** RT AI runtime objects (kernels+infrastructure)
2026-07-30 16:06:51,150 [INFO] CmdLine:76 -   Summary - "stm32l4" target
2026-07-30 16:06:51,150 [INFO] CmdLine:76 -   --------------------------------------------------
2026-07-30 16:06:51,150 [INFO] CmdLine:76 -                FLASH (ro)     %*   RAM (rw)       %
2026-07-30 16:06:51,150 [INFO] CmdLine:76 -   --------------------------------------------------
2026-07-30 16:06:51,150 [INFO] CmdLine:76 -   RT total          8,136   0.7%      2,028   96.9%
2026-07-30 16:06:51,151 [INFO] CmdLine:76 -   --------------------------------------------------
2026-07-30 16:06:51,151 [INFO] CmdLine:76 -   TOTAL         1,244,576             2,092
2026-07-30 16:06:51,151 [INFO] CmdLine:76 -   --------------------------------------------------
2026-07-30 16:06:51,152 [INFO] CmdLine:76 -   *  rt/total
2026-07-30 16:06:51,152 [INFO] CmdLine:76 -  Generated files (7)
2026-07-30 16:06:51,152 [INFO] CmdLine:76 -  ------------------------------------------------------------------
2026-07-30 16:06:51,152 [INFO] CmdLine:76 -  C:\Users\ADMIN\.stm32cubemx\network_output\network_data_params.h
2026-07-30 16:06:51,153 [INFO] CmdLine:76 -  C:\Users\ADMIN\.stm32cubemx\network_output\network_data_params.c
2026-07-30 16:06:51,153 [INFO] CmdLine:76 -  C:\Users\ADMIN\.stm32cubemx\network_output\network_data.h
2026-07-30 16:06:51,153 [INFO] CmdLine:76 -  C:\Users\ADMIN\.stm32cubemx\network_output\network_data.c
2026-07-30 16:06:51,153 [INFO] CmdLine:76 -  C:\Users\ADMIN\.stm32cubemx\network_output\network_config.h
2026-07-30 16:06:51,153 [INFO] CmdLine:76 -  C:\Users\ADMIN\.stm32cubemx\network_output\network.h
2026-07-30 16:06:51,153 [INFO] CmdLine:76 -  C:\Users\ADMIN\.stm32cubemx\network_output\network.c
2026-07-30 16:06:51,153 [INFO] CmdLine:76 - Creating txt report file C:\Users\ADMIN\.stm32cubemx\network_output\network_generate_report.txt
2026-07-30 16:06:57,559 [INFO] CmdLine:76 - elapsed time (generate): 24.792s
2026-07-30 16:06:58,157 [INFO] CmdLine:148 - stedgeai exit with status: 0
2026-07-30 16:06:58,312 [INFO] AIModelDetailledView:2264 - Analysis status: done
2026-07-30 16:06:58,681 [INFO] ProjectBuilder:3606 - Time for Copy HAL[1] : 130mS.
2026-07-30 16:06:58,681 [ERROR] Middleware:2950 - Invalid RefComponent list
2026-07-30 16:06:58,681 [ERROR] Middleware:2950 - Invalid RefComponent list
2026-07-30 16:06:58,681 [ERROR] Middleware:2950 - Invalid RefComponent list
2026-07-30 16:06:58,681 [ERROR] Middleware:2950 - Invalid RefComponent list
2026-07-30 16:06:58,681 [ERROR] Middleware:2950 - Invalid RefComponent list
2026-07-30 16:06:58,681 [ERROR] Middleware:2950 - Invalid RefComponent list
2026-07-30 16:06:58,681 [ERROR] Middleware:2950 - Invalid RefComponent list
2026-07-30 16:06:58,681 [ERROR] Middleware:2950 - Invalid RefComponent list
2026-07-30 16:06:58,681 [ERROR] Middleware:2950 - Invalid RefComponent list
2026-07-30 16:06:58,681 [ERROR] Middleware:2950 - Invalid RefComponent list
2026-07-30 16:06:58,681 [ERROR] Middleware:2950 - Invalid RefComponent list
2026-07-30 16:06:58,681 [ERROR] Middleware:2950 - Invalid RefComponent list
2026-07-30 16:06:58,682 [ERROR] Middleware:2950 - Invalid RefComponent list
2026-07-30 16:06:58,682 [ERROR] Middleware:2950 - Invalid RefComponent list
2026-07-30 16:06:58,682 [ERROR] Middleware:2950 - Invalid RefComponent list
2026-07-30 16:06:58,682 [ERROR] Middleware:2950 - Invalid RefComponent list
2026-07-30 16:06:58,682 [ERROR] Middleware:2950 - Invalid RefComponent list
2026-07-30 16:06:58,682 [ERROR] Middleware:2950 - Invalid RefComponent list
2026-07-30 16:06:58,682 [ERROR] Middleware:2950 - Invalid RefComponent list
2026-07-30 16:06:58,682 [ERROR] Middleware:2950 - Invalid RefComponent list
2026-07-30 16:06:58,682 [ERROR] Middleware:2950 - Invalid RefComponent list
2026-07-30 16:06:58,682 [ERROR] Middleware:2950 - Invalid RefComponent list
2026-07-30 16:06:58,682 [ERROR] Middleware:2950 - Invalid RefComponent list
2026-07-30 16:06:58,682 [ERROR] Middleware:2950 - Invalid RefComponent list
2026-07-30 16:06:58,682 [ERROR] Middleware:2950 - Invalid RefComponent list
2026-07-30 16:06:58,682 [ERROR] Middleware:2950 - Invalid RefComponent list
2026-07-30 16:06:58,682 [ERROR] Middleware:2950 - Invalid RefComponent list
2026-07-30 16:06:58,682 [ERROR] Middleware:2950 - Invalid RefComponent list
2026-07-30 16:06:58,682 [ERROR] Middleware:2950 - Invalid RefComponent list
2026-07-30 16:06:58,682 [ERROR] Middleware:2950 - Invalid RefComponent list
2026-07-30 16:06:58,682 [ERROR] Middleware:2950 - Invalid RefComponent list
2026-07-30 16:06:58,682 [ERROR] Middleware:2950 - Invalid RefComponent list
2026-07-30 16:06:58,682 [ERROR] Middleware:2950 - Invalid RefComponent list
2026-07-30 16:06:58,682 [ERROR] Middleware:2950 - Invalid RefComponent list
2026-07-30 16:06:58,682 [ERROR] Middleware:2950 - Invalid RefComponent list
2026-07-30 16:06:58,682 [ERROR] Middleware:2950 - Invalid RefComponent list
2026-07-30 16:06:58,682 [ERROR] Middleware:2950 - Invalid RefComponent list
2026-07-30 16:06:58,682 [ERROR] Middleware:2950 - Invalid RefComponent list
2026-07-30 16:06:58,682 [ERROR] Middleware:2950 - Invalid RefComponent list
2026-07-30 16:06:58,682 [ERROR] Middleware:2950 - Invalid RefComponent list
2026-07-30 16:06:58,682 [ERROR] Middleware:2950 - Invalid RefComponent list
2026-07-30 16:06:58,682 [ERROR] Middleware:2950 - Invalid RefComponent list
2026-07-30 16:06:58,682 [ERROR] Middleware:2950 - Invalid RefComponent list
2026-07-30 16:06:58,682 [ERROR] Middleware:2950 - Invalid RefComponent list
2026-07-30 16:06:58,682 [ERROR] Middleware:2950 - Invalid RefComponent list
2026-07-30 16:06:58,683 [ERROR] Middleware:2950 - Invalid RefComponent list
2026-07-30 16:06:58,683 [ERROR] Middleware:2950 - Invalid RefComponent list
2026-07-30 16:06:58,683 [ERROR] Middleware:2950 - Invalid RefComponent list
2026-07-30 16:06:58,683 [ERROR] Middleware:2950 - Invalid RefComponent list
2026-07-30 16:06:58,683 [ERROR] Middleware:2950 - Invalid RefComponent list
2026-07-30 16:06:58,686 [INFO] ProjectBuilder:5216 - Project Generator version: 4.7.0-B52
2026-07-30 16:06:58,769 [INFO] ConfigFileManager:1595 - The Die is : DIE470
2026-07-30 16:06:59,653 [INFO] ProjectBuilder:5496 - Time for Generating toolchain IDE Files: 966mS.
2026-07-30 16:06:59,654 [INFO] ProjectBuilder:3463 - Time for Copy CMSIS : 1mS.
2026-07-30 16:06:59,655 [INFO] ProjectBuilder:3463 - Time for Copy CMSIS : 0mS.
2026-07-30 16:09:02,653 [INFO] UtilMem:75 - End SaveConfig() Used Memory: 880020416 Bytes (1073741824)
2026-07-30 16:09:03,461 [INFO] UtilMem:75 - End SaveConfig() Used Memory: 919344064 Bytes (1073741824)
2026-07-30 16:09:03,671 [INFO] UtilMem:75 - End SaveConfig() Used Memory: 959189952 Bytes (1073741824)
2026-07-30 16:09:03,890 [INFO] BlockDiagram:2775 - set Specific Code input for plugin: SYS
2026-07-30 16:09:03,891 [INFO] BlockDiagram:2775 - set Specific Code input for plugin: RCC
2026-07-30 16:09:03,891 [INFO] BlockDiagram:2775 - set Specific Code input for plugin: I2C
2026-07-30 16:09:03,891 [INFO] BlockDiagram:2775 - set Specific Code input for plugin: NVIC
2026-07-30 16:09:03,891 [INFO] BlockDiagram:2775 - set Specific Code input for plugin: USART
2026-07-30 16:09:03,891 [INFO] BlockDiagram:2775 - set Specific Code input for plugin: STMicroelectronics.X-CUBE-AI.10.2.1
2026-07-30 16:09:03,891 [INFO] BlockDiagram:2775 - set Specific Code input for plugin: GPIO
2026-07-30 16:09:03,893 [INFO] CodeGenerator:892 - code generatio: config db path: C:\ST\STM32CubeIDE_1.19.0\STM32CubeIDE\plugins\com.st.stm32cube.common.mx_6.15.0.202507011659\\db\
2026-07-30 16:09:03,988 [INFO] IP:3329 - RTE Config file name : RTE_Component
2026-07-30 16:09:03,988 [INFO] IP:3347 - RTE template : RTE_Components.ftl
2026-07-30 16:09:03,996 [INFO] CodeEngine:265 - oldGeneratedFile, D:\TinyML_Workshop-main\TinyML_Workshop_PGR\TinyML_PGR\STM32\BackupIMU\MXTmpFiles\license.tmp_save
2026-07-30 16:09:04,075 [INFO] CodeEngine:289 - Generated code: D:\TinyML_Workshop-main\TinyML_Workshop_PGR\TinyML_PGR\STM32\BackupIMU\MXTmpFiles\license.tmp
2026-07-30 16:09:04,098 [INFO] CodeEngine:265 - oldGeneratedFile, D:\TinyML_Workshop-main\TinyML_Workshop_PGR\TinyML_PGR\STM32\BackupIMU\MXTmpFiles\gpio.tmp_save
2026-07-30 16:09:04,168 [INFO] CodeEngine:289 - Generated code: D:\TinyML_Workshop-main\TinyML_Workshop_PGR\TinyML_PGR\STM32\BackupIMU\MXTmpFiles\gpio.tmp
2026-07-30 16:09:04,319 [INFO] Middleware:1452 - No code input for Bsp Dependency
2026-07-30 16:09:04,321 [INFO] Middleware:1452 - No code input for Bsp Dependency
2026-07-30 16:09:04,334 [INFO] CodeEngine:265 - oldGeneratedFile, D:\TinyML_Workshop-main\TinyML_Workshop_PGR\TinyML_PGR\STM32\BackupIMU\Core\Src\stm32l4xx_it.c_save
2026-07-30 16:09:04,420 [INFO] CodeEngine:289 - Generated code: D:\TinyML_Workshop-main\TinyML_Workshop_PGR\TinyML_PGR\STM32\BackupIMU\Core\Src\stm32l4xx_it.c
2026-07-30 16:09:04,425 [INFO] CodeEngine:265 - oldGeneratedFile, D:\TinyML_Workshop-main\TinyML_Workshop_PGR\TinyML_PGR\STM32\BackupIMU\Core\Inc\stm32l4xx_it.h_save
2026-07-30 16:09:04,491 [INFO] CodeEngine:289 - Generated code: D:\TinyML_Workshop-main\TinyML_Workshop_PGR\TinyML_PGR\STM32\BackupIMU\Core\Inc\stm32l4xx_it.h
2026-07-30 16:09:04,504 [INFO] CodeEngine:265 - oldGeneratedFile, D:\TinyML_Workshop-main\TinyML_Workshop_PGR\TinyML_PGR\STM32\BackupIMU\Core\Src\stm32l4xx_hal_msp.c_save
2026-07-30 16:09:04,618 [INFO] CodeEngine:289 - Generated code: D:\TinyML_Workshop-main\TinyML_Workshop_PGR\TinyML_PGR\STM32\BackupIMU\Core\Src\stm32l4xx_hal_msp.c
2026-07-30 16:09:04,622 [INFO] CodeEngine:265 - oldGeneratedFile, D:\TinyML_Workshop-main\TinyML_Workshop_PGR\TinyML_PGR\STM32\BackupIMU\MXTmpFiles\system.tmp_save
2026-07-30 16:09:04,695 [INFO] CodeEngine:289 - Generated code: D:\TinyML_Workshop-main\TinyML_Workshop_PGR\TinyML_PGR\STM32\BackupIMU\MXTmpFiles\system.tmp
2026-07-30 16:09:04,705 [INFO] CodeEngine:321 - oldGeneratedFile, D:\TinyML_Workshop-main\TinyML_Workshop_PGR\TinyML_PGR\STM32\BackupIMU\Core\Inc\stm32l4xx_hal_conf.h_save
2026-07-30 16:09:04,779 [INFO] CodeEngine:345 - Generated code: D:\TinyML_Workshop-main\TinyML_Workshop_PGR\TinyML_PGR\STM32\BackupIMU\Core\Inc\stm32l4xx_hal_conf.h
2026-07-30 16:09:04,799 [INFO] CodeEngine:265 - oldGeneratedFile, D:\TinyML_Workshop-main\TinyML_Workshop_PGR\TinyML_PGR\STM32\BackupIMU\Core\Inc\main.h_save
2026-07-30 16:09:04,879 [INFO] CodeEngine:289 - Generated code: D:\TinyML_Workshop-main\TinyML_Workshop_PGR\TinyML_PGR\STM32\BackupIMU\Core\Inc\main.h
2026-07-30 16:09:04,883 [INFO] CodeEngine:265 - oldGeneratedFile, D:\TinyML_Workshop-main\TinyML_Workshop_PGR\TinyML_PGR\STM32\BackupIMU\Core\Src\main.c_save
2026-07-30 16:09:04,995 [INFO] CodeEngine:289 - Generated code: D:\TinyML_Workshop-main\TinyML_Workshop_PGR\TinyML_PGR\STM32\BackupIMU\Core\Src\main.c
2026-07-30 16:09:05,336 [INFO] AInterface:322 - ModelName:network; files:[D:\TinyML_Workshop-main\TinyML_Workshop_PGR\addon\OnBoard_IMU_Inference_COdes\random_forest_model.onnx]; type:ONNX; compression:None
2026-07-30 16:09:05,336 [INFO] AInterface:526 - workspaceTempDir: C:/Users/ADMIN/AppData/Local/Temp/mxAI_workspace1426281383600611984550897850352
2026-07-30 16:09:05,337 [INFO] AInterface:1179 - Setting Env: C:/Users/ADMIN/STM32Cube/Repository//Packs/STMicroelectronics/X-CUBE-AI/10.2.1/Utilities/windows
2026-07-30 16:09:05,342 [INFO] STM32CubeIDEBuilder:265 - Looking for gnu-tools-for-stm32 tools/bin/arm-none-eabi-gcc.exe in C:\ST\STM32CubeIDE_1.19.0\STM32CubeIDE
2026-07-30 16:09:05,344 [INFO] STM32CubeIDEBuilder:294 - checking C:\ST\STM32CubeIDE_1.19.0\STM32CubeIDE\plugins\com.st.stm32cube.ide.mcu.externaltools.gnu-tools-for-stm32.13.3.rel1.win32_1.0.0.202411081344\tools\bin\arm-none-eabi-gcc.exe
2026-07-30 16:09:05,345 [INFO] STM32CubeIDEBuilder:297 - ret=C:\ST\STM32CubeIDE_1.19.0\STM32CubeIDE\plugins\com.st.stm32cube.ide.mcu.externaltools.gnu-tools-for-stm32.13.3.rel1.win32_1.0.0.202411081344\tools\bin\arm-none-eabi-gcc.exe
2026-07-30 16:09:05,345 [INFO] STM32CubeIDEBuilder:311 - returning C:\ST\STM32CubeIDE_1.19.0\STM32CubeIDE\plugins\com.st.stm32cube.ide.mcu.externaltools.gnu-tools-for-stm32.13.3.rel1.win32_1.0.0.202411081344\tools\bin\arm-none-eabi-gcc.exe
2026-07-30 16:09:05,345 [INFO] AInterface:1236 - Custom PATH variable: C:/Users/ADMIN/STM32Cube/Repository//Packs/STMicroelectronics/X-CUBE-AI/10.2.1/Utilities/windows;C:/Users/ADMIN/STM32Cube/Repository//Packs/STMicroelectronics/X-CUBE-AI/10.2.1/Utilities/windows/mingw64/bin;C:/Users/ADMIN/STM32Cube/Repository//Packs/STMicroelectronics/X-CUBE-AI/10.2.1/Utilities/windows/mingw64/libexec/gcc/x86_64-w64-mingw32/7.3.0;;C:\ST\STM32CubeIDE_1.19.0\STM32CubeIDE\plugins\com.st.stm32cube.ide.mcu.externaltools.gnu-tools-for-stm32.13.3.rel1.win32_1.0.0.202411081344\tools\bin
2026-07-30 16:09:05,347 [INFO] CmdLine:115 - Command: C:/Users/ADMIN/STM32Cube/Repository//Packs/STMicroelectronics/X-CUBE-AI/10.2.1/Utilities/windows/stedgeai.exe generate --target stm32l4 --name network -m D:/TinyML_Workshop-main/TinyML_Workshop_PGR/addon/OnBoard_IMU_Inference_COdes/random_forest_model.onnx --compression none --verbosity 1 --workspace C:/Users/ADMIN/AppData/Local/Temp/mxAI_workspace1426281383600611984550897850352 --output C:/Users/ADMIN/.stm32cubemx/network_output
2026-07-30 16:09:05,349 [INFO] AIModelDetailledView:2264 - Analysis status: pending
2026-07-30 16:09:06,091 [INFO] CmdLine:76 - ST Edge AI Core v2.2.0-20266 2adc00962
2026-07-30 16:09:21,828 [INFO] CmdLine:76 - Creating c (debug) info json file C:\Users\ADMIN\.stm32cubemx\network_output\network_c_info.json
2026-07-30 16:09:21,987 [INFO] CmdLine:76 -  
2026-07-30 16:09:21,987 [INFO] CmdLine:76 -  Exec/report summary (generate)
2026-07-30 16:09:21,987 [INFO] CmdLine:76 -  --------------------------------------------------------------------------------------------------------------------------------
2026-07-30 16:09:21,987 [INFO] CmdLine:76 -  model file         :   D:\TinyML_Workshop-main\TinyML_Workshop_PGR\addon\OnBoard_IMU_Inference_COdes\random_forest_model.onnx   
2026-07-30 16:09:21,987 [INFO] CmdLine:76 -  type               :   onnx                                                                                                     
2026-07-30 16:09:21,988 [INFO] CmdLine:76 -  c_name             :   network                                                                                                  
2026-07-30 16:09:21,988 [INFO] CmdLine:76 -  compression        :   none                                                                                                     
2026-07-30 16:09:21,988 [INFO] CmdLine:76 -  options            :   allocate-inputs, allocate-outputs                                                                        
2026-07-30 16:09:21,988 [INFO] CmdLine:76 -  optimization       :   balanced                                                                                                 
2026-07-30 16:09:21,988 [INFO] CmdLine:76 -  target/series      :   stm32l4                                                                                                  
2026-07-30 16:09:21,988 [INFO] CmdLine:76 -  workspace dir      :   C:\Users\ADMIN\AppData\Local\Temp\mxAI_workspace1426281383600611984550897850352                          
2026-07-30 16:09:21,988 [INFO] CmdLine:76 -  output dir         :   C:\Users\ADMIN\.stm32cubemx\network_output                                                               
2026-07-30 16:09:21,988 [INFO] CmdLine:76 -  model_fmt          :   undefined                                                                                                
2026-07-30 16:09:21,988 [INFO] CmdLine:76 -  model_name         :   random_forest_model                                                                                      
2026-07-30 16:09:21,988 [INFO] CmdLine:76 -  model_hash         :   0xee61876666aff892376c0a5906476d28                                                                       
2026-07-30 16:09:21,988 [INFO] CmdLine:76 -  params #           :   490,367 items (1.18 MiB)                                                                                 
2026-07-30 16:09:21,988 [INFO] CmdLine:76 -  --------------------------------------------------------------------------------------------------------------------------------
2026-07-30 16:09:21,989 [INFO] CmdLine:76 -  input 1/1          :   'float_input', f32(1x1x6), 24 Bytes, activations                                                         
2026-07-30 16:09:21,989 [INFO] CmdLine:76 -  output 1/2         :   'label0', int32(1x1), 4 Bytes, activations                                                               
2026-07-30 16:09:21,989 [INFO] CmdLine:76 -  output 2/2         :   'output_probability', f32(1x1x5x2), 40 Bytes, activations                                                
2026-07-30 16:09:21,989 [INFO] CmdLine:76 -  outputs (total)    :   44 Bytes                                                                                                 
2026-07-30 16:09:21,989 [INFO] CmdLine:76 -  macc               :   1,306                                                                                                    
2026-07-30 16:09:21,989 [INFO] CmdLine:76 -  weights (ro)       :   1,236,440 B (1.18 MiB) (1 segment) / -725,028(-37.0%) vs float model                                     
2026-07-30 16:09:21,989 [INFO] CmdLine:76 -  activations (rw)   :   64 B (64 B) (1 segment) *                                                                                
2026-07-30 16:09:21,989 [INFO] CmdLine:76 -  ram (total)        :   64 B (64 B) = 64 + 0 + 0                                                                                 
2026-07-30 16:09:21,989 [INFO] CmdLine:76 -  --------------------------------------------------------------------------------------------------------------------------------
2026-07-30 16:09:21,989 [INFO] CmdLine:76 -  (*) 'input'/'output' buffers are allocated in the activations buffer
2026-07-30 16:09:22,045 [INFO] CmdLine:76 - Computing AI RT data/code size (target=stm32l4)..
2026-07-30 16:09:24,528 [INFO] CmdLine:76 -  Requested memory size by section - "stm32l4" target
2026-07-30 16:09:24,529 [INFO] CmdLine:76 -  ------------------------------ ------- ----------- ------- -----
2026-07-30 16:09:24,529 [INFO] CmdLine:76 -  module                            text      rodata    data   bss
2026-07-30 16:09:24,529 [INFO] CmdLine:76 -  ------------------------------ ------- ----------- ------- -----
2026-07-30 16:09:24,529 [INFO] CmdLine:76 -  NetworkRuntime1020_CM4_GCC.a     5,508           0       0     0
2026-07-30 16:09:24,529 [INFO] CmdLine:76 -  network.o                          692          16   1,768   172
2026-07-30 16:09:24,529 [INFO] CmdLine:76 -  network_data.o                      48          16      88     0
2026-07-30 16:09:24,530 [INFO] CmdLine:76 -  lib (toolchain)*                     0           0       0     0
2026-07-30 16:09:24,530 [INFO] CmdLine:76 -  ------------------------------ ------- ----------- ------- -----
2026-07-30 16:09:24,530 [INFO] CmdLine:76 -  RT total**                       6,248          32   1,856   172
2026-07-30 16:09:24,530 [INFO] CmdLine:76 -  ------------------------------ ------- ----------- ------- -----
2026-07-30 16:09:24,530 [INFO] CmdLine:76 -  weights                              0   1,236,440       0     0
2026-07-30 16:09:24,530 [INFO] CmdLine:76 -  activations                          0           0       0    64
2026-07-30 16:09:24,530 [INFO] CmdLine:76 -  io                                   0           0       0     0
2026-07-30 16:09:24,530 [INFO] CmdLine:76 -  ------------------------------ ------- ----------- ------- -----
2026-07-30 16:09:24,530 [INFO] CmdLine:76 -  TOTAL                            6,248   1,236,472   1,856   236
2026-07-30 16:09:24,531 [INFO] CmdLine:76 -  ------------------------------ ------- ----------- ------- -----
2026-07-30 16:09:24,531 [INFO] CmdLine:76 -  *  toolchain objects (libm/libgcc*)
2026-07-30 16:09:24,531 [INFO] CmdLine:76 -  ** RT AI runtime objects (kernels+infrastructure)
2026-07-30 16:09:24,531 [INFO] CmdLine:76 -   Summary - "stm32l4" target
2026-07-30 16:09:24,531 [INFO] CmdLine:76 -   --------------------------------------------------
2026-07-30 16:09:24,531 [INFO] CmdLine:76 -                FLASH (ro)     %*   RAM (rw)       %
2026-07-30 16:09:24,531 [INFO] CmdLine:76 -   --------------------------------------------------
2026-07-30 16:09:24,531 [INFO] CmdLine:76 -   RT total          8,136   0.7%      2,028   96.9%
2026-07-30 16:09:24,531 [INFO] CmdLine:76 -   --------------------------------------------------
2026-07-30 16:09:24,531 [INFO] CmdLine:76 -   TOTAL         1,244,576             2,092
2026-07-30 16:09:24,532 [INFO] CmdLine:76 -   --------------------------------------------------
2026-07-30 16:09:24,532 [INFO] CmdLine:76 -   *  rt/total
2026-07-30 16:09:24,532 [INFO] CmdLine:76 -  Generated files (7)
2026-07-30 16:09:24,532 [INFO] CmdLine:76 -  ------------------------------------------------------------------
2026-07-30 16:09:24,532 [INFO] CmdLine:76 -  C:\Users\ADMIN\.stm32cubemx\network_output\network_data_params.h
2026-07-30 16:09:24,532 [INFO] CmdLine:76 -  C:\Users\ADMIN\.stm32cubemx\network_output\network_data_params.c
2026-07-30 16:09:24,532 [INFO] CmdLine:76 -  C:\Users\ADMIN\.stm32cubemx\network_output\network_data.h
2026-07-30 16:09:24,532 [INFO] CmdLine:76 -  C:\Users\ADMIN\.stm32cubemx\network_output\network_data.c
2026-07-30 16:09:24,533 [INFO] CmdLine:76 -  C:\Users\ADMIN\.stm32cubemx\network_output\network_config.h
2026-07-30 16:09:24,533 [INFO] CmdLine:76 -  C:\Users\ADMIN\.stm32cubemx\network_output\network.h
2026-07-30 16:09:24,533 [INFO] CmdLine:76 -  C:\Users\ADMIN\.stm32cubemx\network_output\network.c
2026-07-30 16:09:24,533 [INFO] CmdLine:76 - Creating txt report file C:\Users\ADMIN\.stm32cubemx\network_output\network_generate_report.txt
2026-07-30 16:09:35,437 [INFO] CmdLine:76 - elapsed time (generate): 29.345s
2026-07-30 16:09:36,085 [INFO] CmdLine:148 - stedgeai exit with status: 0
2026-07-30 16:09:36,235 [INFO] AIModelDetailledView:2264 - Analysis status: done
2026-07-30 16:09:36,595 [INFO] ProjectBuilder:3606 - Time for Copy HAL[1] : 130mS.
2026-07-30 16:09:36,595 [ERROR] Middleware:2950 - Invalid RefComponent list
2026-07-30 16:09:36,595 [ERROR] Middleware:2950 - Invalid RefComponent list
2026-07-30 16:09:36,595 [ERROR] Middleware:2950 - Invalid RefComponent list
2026-07-30 16:09:36,595 [ERROR] Middleware:2950 - Invalid RefComponent list
2026-07-30 16:09:36,595 [ERROR] Middleware:2950 - Invalid RefComponent list
2026-07-30 16:09:36,595 [ERROR] Middleware:2950 - Invalid RefComponent list
2026-07-30 16:09:36,595 [ERROR] Middleware:2950 - Invalid RefComponent list
2026-07-30 16:09:36,595 [ERROR] Middleware:2950 - Invalid RefComponent list
2026-07-30 16:09:36,595 [ERROR] Middleware:2950 - Invalid RefComponent list
2026-07-30 16:09:36,595 [ERROR] Middleware:2950 - Invalid RefComponent list
2026-07-30 16:09:36,596 [ERROR] Middleware:2950 - Invalid RefComponent list
2026-07-30 16:09:36,596 [ERROR] Middleware:2950 - Invalid RefComponent list
2026-07-30 16:09:36,596 [ERROR] Middleware:2950 - Invalid RefComponent list
2026-07-30 16:09:36,596 [ERROR] Middleware:2950 - Invalid RefComponent list
2026-07-30 16:09:36,596 [ERROR] Middleware:2950 - Invalid RefComponent list
2026-07-30 16:09:36,596 [ERROR] Middleware:2950 - Invalid RefComponent list
2026-07-30 16:09:36,596 [ERROR] Middleware:2950 - Invalid RefComponent list
2026-07-30 16:09:36,596 [ERROR] Middleware:2950 - Invalid RefComponent list
2026-07-30 16:09:36,596 [ERROR] Middleware:2950 - Invalid RefComponent list
2026-07-30 16:09:36,596 [ERROR] Middleware:2950 - Invalid RefComponent list
2026-07-30 16:09:36,596 [ERROR] Middleware:2950 - Invalid RefComponent list
2026-07-30 16:09:36,596 [ERROR] Middleware:2950 - Invalid RefComponent list
2026-07-30 16:09:36,596 [ERROR] Middleware:2950 - Invalid RefComponent list
2026-07-30 16:09:36,596 [ERROR] Middleware:2950 - Invalid RefComponent list
2026-07-30 16:09:36,596 [ERROR] Middleware:2950 - Invalid RefComponent list
2026-07-30 16:09:36,596 [ERROR] Middleware:2950 - Invalid RefComponent list
2026-07-30 16:09:36,596 [ERROR] Middleware:2950 - Invalid RefComponent list
2026-07-30 16:09:36,596 [ERROR] Middleware:2950 - Invalid RefComponent list
2026-07-30 16:09:36,596 [ERROR] Middleware:2950 - Invalid RefComponent list
2026-07-30 16:09:36,596 [ERROR] Middleware:2950 - Invalid RefComponent list
2026-07-30 16:09:36,596 [ERROR] Middleware:2950 - Invalid RefComponent list
2026-07-30 16:09:36,596 [ERROR] Middleware:2950 - Invalid RefComponent list
2026-07-30 16:09:36,596 [ERROR] Middleware:2950 - Invalid RefComponent list
2026-07-30 16:09:36,596 [ERROR] Middleware:2950 - Invalid RefComponent list
2026-07-30 16:09:36,596 [ERROR] Middleware:2950 - Invalid RefComponent list
2026-07-30 16:09:36,596 [ERROR] Middleware:2950 - Invalid RefComponent list
2026-07-30 16:09:36,597 [ERROR] Middleware:2950 - Invalid RefComponent list
2026-07-30 16:09:36,597 [ERROR] Middleware:2950 - Invalid RefComponent list
2026-07-30 16:09:36,597 [ERROR] Middleware:2950 - Invalid RefComponent list
2026-07-30 16:09:36,597 [ERROR] Middleware:2950 - Invalid RefComponent list
2026-07-30 16:09:36,597 [ERROR] Middleware:2950 - Invalid RefComponent list
2026-07-30 16:09:36,597 [ERROR] Middleware:2950 - Invalid RefComponent list
2026-07-30 16:09:36,597 [ERROR] Middleware:2950 - Invalid RefComponent list
2026-07-30 16:09:36,597 [ERROR] Middleware:2950 - Invalid RefComponent list
2026-07-30 16:09:36,597 [ERROR] Middleware:2950 - Invalid RefComponent list
2026-07-30 16:09:36,597 [ERROR] Middleware:2950 - Invalid RefComponent list
2026-07-30 16:09:36,597 [ERROR] Middleware:2950 - Invalid RefComponent list
2026-07-30 16:09:36,597 [ERROR] Middleware:2950 - Invalid RefComponent list
2026-07-30 16:09:36,597 [ERROR] Middleware:2950 - Invalid RefComponent list
2026-07-30 16:09:36,597 [ERROR] Middleware:2950 - Invalid RefComponent list
2026-07-30 16:09:36,600 [INFO] ProjectBuilder:5216 - Project Generator version: 4.7.0-B52
2026-07-30 16:09:36,685 [INFO] ConfigFileManager:1595 - The Die is : DIE470
2026-07-30 16:09:37,558 [INFO] ProjectBuilder:5496 - Time for Generating toolchain IDE Files: 957mS.
2026-07-30 16:09:37,559 [INFO] ProjectBuilder:3463 - Time for Copy CMSIS : 1mS.
2026-07-30 16:09:37,561 [INFO] ProjectBuilder:3463 - Time for Copy CMSIS : 0mS.
2026-07-30 16:09:39,656 [INFO] WebApp:403 - JxBrowser engine has been closed 
