Ax,Ay,Az,Gx,Gy,Gz,Label
-0.007,0.032,1.013,0.525,-2.345,1.251,IDLE
-0.007,0.025,1.036,0.613,-2.293,1.278,IDLE
-0.002,0.024,1.017,0.49,-2.31,1.295,IDLE
-0.006,0.027,1.016,0.438,-2.345,1.278,IDLE
-0.002,0.025,1.015,0.525,-2.31,1.234,IDLE
-0.008,0.025,1.018,0.543,-2.362,1.26,IDLE
-0.003,0.027,1.016,0.56,-2.301,1.199,IDLE
-0.002,0.024,1.019,0.613,-2.371,1.26,IDLE
-0.004,0.028,1.024,0.647,-2.345,1.225,IDLE
-0.004,0.026,1.017,0.499,-2.328,1.242,IDLE
-0.004,0.025,1.017,0.49,-2.336,1.339,IDLE
-0.005,0.025,1.017,0.543,-2.284,1.278,IDLE
-0.004,0.027,1.018,0.525,-2.301,1.269,IDLE
-0.004,0.027,1.017,0.464,-2.336,1.269,IDLE
-0.005,0.026,1.019,0.42,-2.345,1.251,IDLE
-0.004,0.025,1.016,0.446,-2.319,1.269,IDLE
-0.006,0.025,1.021,0.455,-2.328,1.269,IDLE
0,0.027,1.019,0.543,-2.301,1.26,IDLE
-0.005,0.025,1.018,0.446,-2.336,1.304,IDLE
-0.003,0.025,1.018,0.499,-2.293,1.234,IDLE
-0.005,0.025,1.018,0.551,-2.31,1.26,IDLE
-0.004,0.025,1.014,0.56,-2.31,1.242,IDLE
-0.004,0.026,1.016,0.507,-2.336,1.234,IDLE
-0.004,0.024,1.018,0.499,-2.328,1.234,IDLE
-0.004,0.025,1.019,0.472,-2.275,1.242,IDLE
-0.005,0.025,1.022,0.604,-2.284,1.278,IDLE
-0.004,0.025,1.012,0.411,-2.336,1.251,IDLE
-0.003,0.025,1.019,0.507,-2.362,1.234,IDLE
-0.002,0.024,1.017,0.49,-2.31,1.278,IDLE
-0.006,0.026,1.02,0.499,-2.328,1.242,IDLE
-0.005,0.025,1.016,0.534,-2.328,1.242,IDLE
-0.004,0.026,1.02,0.534,-2.336,1.234,IDLE
-0.004,0.025,1.018,0.49,-2.319,1.225,IDLE
-0.004,0.026,1.019,0.525,-2.319,1.304,IDLE
-0.007,0.024,1.018,0.543,-2.336,1.409,IDLE
-0.003,0.025,1.016,0.551,-2.336,1.304,IDLE
-0.005,0.025,1.017,0.525,-2.345,1.251,IDLE
-0.004,0.026,1.018,0.56,-2.319,1.234,IDLE
-0.004,0.025,1.014,0.621,-2.301,1.26,IDLE
-0.004,0.025,1.015,0.665,-2.284,1.242,IDLE
-0.004,0.027,1.02,0.831,-2.266,1.225,IDLE
-0.006,0.025,1.019,0.551,-2.354,1.242,IDLE
-0.003,0.026,1.014,0.516,-2.345,1.242,IDLE
-0.003,0.026,1.016,0.621,-2.284,1.225,IDLE
-0.006,0.028,1.03,0.647,-2.301,1.269,IDLE
-0.005,0.025,1.019,0.446,-2.328,1.234,IDLE
-0.003,0.027,1.015,0.49,-2.301,1.207,IDLE
-0.002,0.025,1.014,0.472,-2.336,1.207,IDLE
-0.006,0.026,1.019,0.516,-2.31,1.225,IDLE
-0.004,0.027,1.02,0.569,-2.336,1.234,IDLE
-0.004,0.026,1.015,0.472,-2.354,1.225,IDLE
-0.005,0.025,1.017,0.551,-2.354,1.242,IDLE
-0.005,0.026,1.018,0.534,-2.284,1.251,IDLE
-0.003,0.026,1.017,0.551,-2.293,1.251,IDLE
-0.005,0.026,1.018,0.56,-2.301,1.225,IDLE
-0.004,0.026,1.018,0.577,-2.301,1.225,IDLE
-0.003,0.026,1.014,0.569,-2.336,1.26,IDLE
-0.005,0.026,1.022,0.577,-2.301,1.269,IDLE
-0.006,0.026,1.013,0.534,-2.293,1.251,IDLE
-0.006,0.026,1.018,0.621,-2.284,1.242,IDLE
-0.003,0.026,1.015,0.411,-2.293,1.251,IDLE
-0.001,0.025,1.017,0.56,-2.336,1.225,IDLE
-0.006,0.026,1.019,0.577,-2.319,1.225,IDLE
-0.005,0.027,1.012,0.481,-2.354,1.207,IDLE
-0.005,0.026,1.018,0.507,-2.301,1.207,IDLE
-0.004,0.027,1.019,0.429,-2.31,1.216,IDLE
-0.004,0.026,1.017,0.516,-2.336,1.216,IDLE
-0.005,0.026,1.019,0.464,-2.354,1.242,IDLE
-0.005,0.024,1.017,0.516,-2.345,1.251,IDLE
-0.005,0.025,1.016,0.569,-2.301,1.234,IDLE
-0.006,0.026,1.021,0.499,-2.345,1.242,IDLE
-0.002,0.026,1.017,0.507,-2.328,1.216,IDLE
-0.005,0.026,1.014,0.569,-2.319,1.207,IDLE
-0.005,0.026,1.022,0.516,-2.301,1.199,IDLE
-0.002,0.025,1.015,0.446,-2.31,1.207,IDLE
-0.006,0.025,1.022,0.49,-2.371,1.181,IDLE
-0.004,0.025,1.015,0.499,-2.31,1.216,IDLE
-0.004,0.026,1.02,0.481,-2.328,1.207,IDLE
-0.006,0.026,1.018,0.595,-2.31,1.225,IDLE
0.001,0.027,1.015,0.499,-2.328,1.251,IDLE
-0.009,0.026,1.021,0.481,-2.362,1.225,IDLE
-0.003,0.026,1.018,0.455,-2.345,1.207,IDLE
-0.006,0.025,1.019,0.507,-2.345,1.173,IDLE
-0.003,0.025,1.018,0.577,-2.319,1.234,IDLE
-0.005,0.024,1.013,0.569,-2.301,1.164,IDLE
-0.004,0.026,1.021,0.63,-2.336,1.19,IDLE
-0.004,0.025,1.018,0.534,-2.336,1.216,IDLE
-0.004,0.027,1.018,0.595,-2.336,1.155,IDLE
-0.005,0.026,1.017,0.551,-2.336,1.199,IDLE
-0.006,0.026,1.016,0.543,-2.345,1.207,IDLE
-0.003,0.026,1.015,0.569,-2.336,1.234,IDLE
-0.005,0.025,1.017,0.569,-2.293,1.216,IDLE
-0.006,0.026,1.024,0.446,-2.31,1.19,IDLE
-0.004,0.026,1.017,0.507,-2.371,1.242,IDLE
-0.003,0.025,1.016,0.543,-2.328,1.234,IDLE
-0.005,0.026,1.019,0.551,-2.336,1.242,IDLE
-0.004,0.026,1.016,0.516,-2.328,1.199,IDLE
-0.005,0.026,1.019,0.543,-2.319,1.19,IDLE
-0.003,0.025,1.016,0.472,-2.328,1.181,IDLE
-0.004,0.027,1.018,0.499,-2.319,1.146,IDLE
-0.004,0.026,1.017,0.499,-2.328,1.225,IDLE
-0.006,0.026,1.019,0.577,-2.293,1.216,IDLE
-0.002,0.026,1.017,0.481,-2.293,1.225,IDLE
-0.007,0.026,1.02,0.63,-2.319,1.216,IDLE
-0.004,0.025,1.017,0.647,-2.301,1.19,IDLE
-0.004,0.027,1.018,0.525,-2.336,1.225,IDLE
-0.005,0.026,1.016,0.516,-2.336,1.19,IDLE
-0.006,0.025,1.022,0.481,-2.31,1.225,IDLE
-0.002,0.024,1.014,0.455,-2.328,1.181,IDLE
-0.005,0.027,1.016,0.455,-2.345,1.234,IDLE
-0.003,0.026,1.019,0.438,-2.31,1.207,IDLE
-0.004,0.026,1.016,0.499,-2.345,1.234,IDLE
-0.007,0.024,1.019,0.481,-2.328,1.19,IDLE
-0.006,0.024,1.02,0.464,-2.345,1.216,IDLE
-0.004,0.027,1.014,0.525,-2.293,1.181,IDLE
-0.001,0.027,1.017,0.481,-2.319,1.216,IDLE
-0.003,0.026,1.017,0.516,-2.31,1.269,IDLE
-0.005,0.026,1.017,0.507,-2.328,1.225,IDLE
-0.005,0.026,1.017,0.507,-2.31,1.234,IDLE
-0.005,0.025,1.018,0.551,-2.336,1.234,IDLE
-0.006,0.025,1.015,0.56,-2.301,1.173,IDLE
-0.004,0.026,1.018,0.516,-2.328,1.234,IDLE
-0.004,0.025,1.018,0.481,-2.284,1.225,IDLE
-0.005,0.025,1.018,0.516,-2.293,1.278,IDLE
-0.003,0.026,1.019,0.525,-2.31,1.216,IDLE
-0.005,0.026,1.015,0.481,-2.319,1.242,IDLE
-0.005,0.025,1.018,0.481,-2.31,1.269,IDLE
-0.004,0.025,1.017,0.446,-2.336,1.234,IDLE
-0.005,0.026,1.019,0.586,-2.336,1.251,IDLE
-0.004,0.027,1.018,0.543,-2.293,1.225,IDLE
-0.004,0.025,1.017,0.499,-2.328,1.269,IDLE
-0.004,0.026,1.018,0.543,-2.354,1.269,IDLE
-0.006,0.025,1.016,0.507,-2.319,1.251,IDLE
-0.004,0.026,1.018,0.577,-2.275,1.216,IDLE
-0.003,0.025,1.017,0.586,-2.336,1.242,IDLE
-0.006,0.026,1.017,0.569,-2.336,1.251,IDLE
-0.003,0.026,1.016,0.569,-2.345,1.207,IDLE
-0.004,0.026,1.019,0.516,-2.328,1.26,IDLE
-0.004,0.026,1.015,0.438,-2.31,1.207,IDLE
-0.005,0.025,1.017,0.472,-2.301,1.242,IDLE
-0.004,0.026,1.017,0.49,-2.257,1.242,IDLE
-0.005,0.026,1.016,0.551,-2.31,1.199,IDLE
-0.004,0.025,1.02,0.569,-2.354,1.225,IDLE
-0.006,0.026,1.016,0.499,-2.328,1.216,IDLE
-0.005,0.026,1.017,0.534,-2.328,1.251,IDLE
-0.005,0.026,1.016,0.534,-2.31,1.242,IDLE
-0.005,0.026,1.017,0.577,-2.336,1.216,IDLE
-0.004,0.026,1.017,0.551,-2.336,1.216,IDLE
-0.005,0.025,1.015,0.499,-2.293,1.242,IDLE
-0.006,0.027,1.021,0.577,-2.275,1.251,IDLE
-0.005,0.026,1.015,0.525,-2.293,1.26,IDLE
-0.005,0.027,1.019,0.516,-2.266,1.251,IDLE
-0.003,0.027,1.019,0.507,-2.31,1.234,IDLE
-0.004,0.026,1.017,0.446,-2.301,1.251,IDLE
-0.005,0.026,1.019,0.49,-2.319,1.242,IDLE
-0.004,0.026,1.017,0.481,-2.319,1.225,IDLE
-0.005,0.025,1.016,0.56,-2.345,1.269,IDLE
-0.005,0.026,1.018,0.56,-2.293,1.26,IDLE
-0.005,0.026,1.019,0.525,-2.328,1.286,IDLE
-0.005,0.025,1.017,0.525,-2.354,1.278,IDLE
-0.005,0.026,1.019,0.543,-2.301,1.242,IDLE
-0.005,0.026,1.016,0.525,-2.319,1.216,IDLE
-0.004,0.026,1.018,0.525,-2.319,1.251,IDLE
-0.004,0.026,1.017,0.534,-2.328,1.269,IDLE
-0.005,0.026,1.018,0.499,-2.354,1.26,IDLE
-0.005,0.026,1.017,0.507,-2.336,1.234,IDLE
-0.004,0.026,1.017,0.56,-2.31,1.225,IDLE
-0.005,0.025,1.018,0.472,-2.328,1.242,IDLE
-0.005,0.026,1.018,0.543,-2.319,1.251,IDLE
-0.005,0.026,1.017,0.49,-2.301,1.242,IDLE
-0.003,0.025,1.016,0.507,-2.328,1.295,IDLE
-0.005,0.025,1.018,0.516,-2.284,1.278,IDLE
-0.005,0.025,1.016,0.534,-2.319,1.242,IDLE
-0.003,0.026,1.018,0.499,-2.345,1.278,IDLE
-0.004,0.026,1.018,0.534,-2.345,1.269,IDLE
-0.005,0.026,1.019,0.481,-2.319,1.295,IDLE
-0.004,0.026,1.018,0.507,-2.328,1.278,IDLE
-0.004,0.025,1.016,0.525,-2.328,1.269,IDLE
-0.005,0.026,1.019,0.577,-2.345,1.242,IDLE
-0.005,0.025,1.016,0.438,-2.328,1.26,IDLE
-0.005,0.025,1.017,0.525,-2.293,1.242,IDLE
-0.005,0.025,1.021,0.516,-2.345,1.251,IDLE
-0.005,0.025,1.018,0.525,-2.293,1.269,IDLE
-0.005,0.025,1.017,0.481,-2.319,1.278,IDLE
-0.004,0.026,1.018,0.481,-2.328,1.286,IDLE
-0.005,0.026,1.018,0.507,-2.345,1.199,IDLE
-0.006,0.026,1.018,0.543,-2.301,1.278,IDLE
-0.005,0.026,1.017,0.507,-2.301,1.251,IDLE
-0.005,0.025,1.019,0.516,-2.301,1.251,IDLE
-0.005,0.026,1.017,0.507,-2.336,1.278,IDLE
-0.005,0.025,1.017,0.551,-2.319,1.234,IDLE
-0.005,0.025,1.018,0.525,-2.362,1.269,IDLE
-0.005,0.025,1.018,0.551,-2.336,1.286,IDLE
-0.003,0.025,1.016,0.551,-2.31,1.251,IDLE
-0.005,0.026,1.019,0.543,-2.336,1.295,IDLE
-0.004,0.026,1.018,0.507,-2.301,1.304,IDLE
-0.006,0.024,1.018,0.621,-2.319,1.321,IDLE
-0.005,0.027,1.018,0.586,-2.319,1.312,IDLE
-0.004,0.027,1.018,0.455,-2.362,1.242,IDLE
-0.003,0.026,1.018,0.49,-2.31,1.269,IDLE
-0.006,0.025,1.018,0.472,-2.31,1.234,IDLE
-0.004,0.025,1.016,0.507,-2.31,1.295,IDLE
-0.004,0.026,1.021,0.525,-2.336,1.321,IDLE
-0.004,0.026,1.021,0.569,-2.336,1.278,IDLE
-0.006,0.026,1.02,0.472,-2.319,1.251,IDLE
-0.005,0.025,1.016,0.56,-2.301,1.278,IDLE
-0.004,0.025,1.018,0.534,-2.31,1.286,IDLE
-0.004,0.026,1.015,0.551,-2.345,1.278,IDLE
-0.005,0.025,1.022,0.551,-2.319,1.242,IDLE
-0.005,0.026,1.017,0.464,-2.345,1.242,IDLE
-0.005,0.026,1.02,0.569,-2.319,1.269,IDLE
-0.003,0.026,1.017,0.577,-2.284,1.242,IDLE
-0.006,0.026,1.018,0.569,-2.328,1.242,IDLE
-0.003,0.026,1.019,0.56,-2.31,1.251,IDLE
-0.004,0.026,1.017,0.507,-2.301,1.278,IDLE
-0.005,0.025,1.017,0.481,-2.319,1.295,IDLE
-0.003,0.025,1.017,0.543,-2.31,1.251,IDLE
-0.005,0.026,1.018,0.525,-2.328,1.278,IDLE
-0.004,0.025,1.017,0.569,-2.336,1.269,IDLE
-0.005,0.025,1.017,0.472,-2.293,1.26,IDLE
-0.005,0.025,1.017,0.516,-2.319,1.304,IDLE
-0.005,0.025,1.018,0.551,-2.336,1.286,IDLE
-0.005,0.025,1.018,0.577,-2.31,1.278,IDLE
-0.005,0.025,1.015,0.543,-2.301,1.234,IDLE
-0.005,0.025,1.019,0.56,-2.319,1.295,IDLE
-0.004,0.026,1.018,0.56,-2.354,1.278,IDLE
-0.005,0.026,1.019,0.525,-2.301,1.295,IDLE
-0.005,0.025,1.017,0.49,-2.301,1.278,IDLE
-0.004,0.025,1.017,0.534,-2.328,1.251,IDLE
-0.004,0.026,1.018,0.534,-2.301,1.286,IDLE
-0.004,0.025,1.017,0.534,-2.328,1.295,IDLE
-0.004,0.026,1.018,0.49,-2.328,1.251,IDLE
-0.004,0.025,1.016,0.481,-2.319,1.242,IDLE
-0.006,0.026,1.017,0.525,-2.336,1.251,IDLE
-0.004,0.025,1.017,0.516,-2.31,1.26,IDLE
-0.004,0.026,1.018,0.507,-2.301,1.26,IDLE
-0.006,0.026,1.019,0.516,-2.336,1.26,IDLE
-0.005,0.025,1.017,0.516,-2.336,1.242,IDLE
-0.005,0.025,1.017,0.507,-2.319,1.242,IDLE
-0.004,0.026,1.018,0.525,-2.362,1.251,IDLE
-0.005,0.026,1.017,0.525,-2.319,1.234,IDLE
-0.005,0.026,1.019,0.525,-2.345,1.286,IDLE
-0.005,0.025,1.017,0.516,-2.345,1.216,IDLE
-0.005,0.025,1.017,0.56,-2.345,1.251,IDLE
-0.005,0.026,1.019,0.56,-2.354,1.234,IDLE
-0.005,0.026,1.017,0.543,-2.319,1.269,IDLE
-0.005,0.025,1.017,0.499,-2.31,1.242,IDLE
-0.004,0.025,1.018,0.525,-2.31,1.234,IDLE
-0.005,0.025,1.017,0.56,-2.336,1.242,IDLE
-0.004,0.026,1.019,0.569,-2.301,1.278,IDLE
-0.005,0.024,1.018,0.569,-2.31,1.26,IDLE
-0.005,0.025,1.019,0.543,-2.328,1.225,IDLE
-0.003,0.027,1.018,0.525,-2.336,1.234,IDLE
-0.005,0.026,1.018,0.516,-2.284,1.225,IDLE
-0.005,0.025,1.019,0.507,-2.31,1.26,IDLE
-0.004,0.026,1.018,0.543,-2.328,1.225,IDLE
-0.005,0.026,1.017,0.586,-2.319,1.207,IDLE
-0.005,0.025,1.017,0.551,-2.336,1.251,IDLE
-0.006,0.025,1.018,0.534,-2.319,1.312,IDLE
-0.004,0.025,1.017,0.551,-2.319,1.242,IDLE
-0.005,0.026,1.019,0.525,-2.319,1.269,IDLE
-0.004,0.026,1.017,0.551,-2.301,1.304,IDLE
-0.005,0.025,1.018,0.586,-2.319,1.269,IDLE
-0.006,0.025,1.018,0.569,-2.354,1.26,IDLE
-0.004,0.025,1.019,0.534,-2.328,1.242,IDLE
-0.004,0.026,1.017,0.464,-2.328,1.278,IDLE
-0.005,0.026,1.018,0.534,-2.345,1.26,IDLE
-0.005,0.026,1.018,0.569,-2.336,1.269,IDLE
-0.004,0.025,1.019,0.525,-2.336,1.242,IDLE
-0.005,0.026,1.018,0.577,-2.301,1.199,IDLE
-0.006,0.026,1.018,0.569,-2.31,1.269,IDLE
-0.004,0.025,1.016,0.507,-2.328,1.251,IDLE
-0.004,0.026,1.017,0.577,-2.293,1.278,IDLE
-0.005,0.026,1.017,0.56,-2.345,1.26,IDLE
-0.005,0.026,1.018,0.56,-2.336,1.295,IDLE
-0.004,0.025,1.016,0.516,-2.354,1.242,IDLE
-0.005,0.026,1.017,0.534,-2.31,1.242,IDLE
-0.004,0.026,1.017,0.56,-2.336,1.269,IDLE
-0.005,0.025,1.016,0.569,-2.301,1.251,IDLE
-0.005,0.026,1.017,0.507,-2.354,1.278,IDLE
-0.005,0.025,1.019,0.525,-2.336,1.278,IDLE
-0.005,0.027,1.018,0.569,-2.301,1.216,IDLE
-0.005,0.026,1.018,0.534,-2.336,1.269,IDLE
-0.005,0.025,1.018,0.507,-2.319,1.278,IDLE
-0.004,0.025,1.017,0.543,-2.336,1.321,IDLE
-0.005,0.025,1.018,0.543,-2.31,1.269,IDLE
-0.004,0.026,1.018,0.569,-2.336,1.242,IDLE
-0.005,0.025,1.018,0.507,-2.31,1.278,IDLE
-0.005,0.026,1.019,0.516,-2.31,1.278,IDLE
-0.004,0.026,1.018,0.525,-2.319,1.286,IDLE
-0.005,0.026,1.017,0.551,-2.284,1.26,IDLE
-0.005,0.026,1.017,0.534,-2.301,1.26,IDLE
-0.005,0.025,1.018,0.56,-2.319,1.286,IDLE
-0.005,0.026,1.018,0.543,-2.319,1.26,IDLE
-0.004,0.026,1.017,0.534,-2.362,1.286,IDLE
-0.005,0.026,1.018,0.464,-2.328,1.251,IDLE
-0.006,0.026,1.017,0.525,-2.328,1.242,IDLE
-0.005,0.026,1.019,0.56,-2.319,1.295,IDLE
-0.004,0.026,1.018,0.551,-2.301,1.26,IDLE
-0.004,0.026,1.019,0.516,-2.301,1.216,IDLE
-0.004,0.026,1.018,0.551,-2.301,1.225,IDLE
-0.005,0.025,1.018,0.586,-2.319,1.225,IDLE
-0.005,0.026,1.017,0.543,-2.293,1.207,IDLE
-0.005,0.026,1.019,0.525,-2.31,1.295,IDLE
-0.005,0.025,1.016,0.516,-2.389,1.278,IDLE
-0.005,0.025,1.018,0.56,-2.319,1.251,IDLE
-0.004,0.026,1.018,0.534,-2.31,1.26,IDLE
-0.005,0.025,1.016,0.56,-2.301,1.269,IDLE
-0.005,0.026,1.018,0.534,-2.336,1.242,IDLE
-0.005,0.026,1.017,0.525,-2.319,1.251,IDLE
-0.004,0.026,1.018,0.551,-2.319,1.295,IDLE
-0.005,0.025,1.018,0.525,-2.31,1.278,IDLE
-0.004,0.025,1.017,0.525,-2.31,1.269,IDLE
-0.005,0.026,1.017,0.49,-2.284,1.26,IDLE
-0.004,0.025,1.019,0.534,-2.301,1.234,IDLE
-0.005,0.025,1.018,0.525,-2.336,1.286,IDLE
-0.005,0.026,1.017,0.543,-2.301,1.234,IDLE
-0.004,0.026,1.018,0.543,-2.371,1.225,IDLE
-0.005,0.025,1.017,0.499,-2.354,1.242,IDLE
-0.005,0.027,1.017,0.516,-2.31,1.295,IDLE
-0.003,0.026,1.018,0.551,-2.31,1.251,IDLE
-0.005,0.027,1.017,0.534,-2.345,1.225,IDLE
-0.004,0.026,1.018,0.551,-2.336,1.251,IDLE
-0.005,0.025,1.017,0.525,-2.336,1.242,IDLE
-0.004,0.026,1.018,0.551,-2.31,1.225,IDLE
-0.005,0.025,1.016,0.49,-2.319,1.26,IDLE
-0.004,0.025,1.016,0.455,-2.362,1.216,IDLE
-0.008,0.026,1.027,0.534,-2.345,1.242,IDLE
-0.004,0.029,1.014,0.254,-2.398,1.242,IDLE
-0.004,0.026,1.021,0.157,-2.441,1.269,IDLE
-0.002,0.025,1.007,0.192,-2.328,1.234,IDLE
-0.009,0.022,1.023,0.56,-2.31,1.295,IDLE
-0.006,0.024,1.014,0.551,-2.336,1.269,IDLE
-0.002,0.026,1.019,0.543,-2.31,1.207,IDLE
-0.003,0.026,1.018,0.481,-2.31,1.242,IDLE
-0.004,0.026,1.017,0.446,-2.328,1.295,IDLE
-0.004,0.024,1.017,0.525,-2.345,1.33,IDLE
-0.005,0.025,1.019,0.569,-2.319,1.304,IDLE
-0.003,0.024,1.017,0.525,-2.284,1.269,IDLE
-0.005,0.024,1.019,0.56,-2.293,1.269,IDLE
-0.006,0.024,1.016,0.569,-2.319,1.234,IDLE
-0.004,0.025,1.018,0.543,-2.328,1.242,IDLE
-0.004,0.025,1.019,0.525,-2.336,1.242,IDLE
-0.005,0.025,1.017,0.525,-2.328,1.26,IDLE
-0.003,0.025,1.015,0.577,-2.328,1.269,IDLE
-0.006,0.025,1.017,0.577,-2.354,1.242,IDLE
-0.005,0.025,1.019,0.586,-2.301,1.242,IDLE
-0.004,0.026,1.019,0.577,-2.301,1.225,IDLE
-0.005,0.026,1.016,0.543,-2.284,1.26,IDLE
-0.006,0.025,1.019,0.525,-2.328,1.26,IDLE
-0.002,0.025,1.017,0.56,-2.328,1.26,IDLE
-0.004,0.025,1.018,0.525,-2.328,1.278,IDLE
-0.005,0.024,1.018,0.551,-2.31,1.321,IDLE
-0.004,0.025,1.016,0.525,-2.345,1.269,IDLE
-0.005,0.025,1.017,0.534,-2.336,1.269,IDLE
-0.003,0.025,1.017,0.525,-2.328,1.26,IDLE
-0.005,0.026,1.016,0.543,-2.328,1.269,IDLE
-0.005,0.024,1.018,0.481,-2.293,1.26,IDLE
-0.005,0.025,1.016,0.516,-2.345,1.251,IDLE
-0.004,0.024,1.018,0.56,-2.328,1.251,IDLE
-0.004,0.025,1.021,0.586,-2.336,1.26,IDLE
-0.004,0.025,1.015,0.516,-2.319,1.225,IDLE
-0.005,0.024,1.018,0.621,-2.301,1.278,IDLE
-0.005,0.024,1.018,0.604,-2.275,1.207,IDLE
-0.006,0.025,1.016,0.613,-2.328,1.199,IDLE
-0.002,0.026,1.02,0.621,-2.293,1.234,IDLE
-0.003,0.025,1.016,0.604,-2.31,1.234,IDLE
-0.004,0.025,1.017,0.656,-2.293,1.278,IDLE
-0.006,0.024,1.019,0.639,-2.328,1.26,IDLE
-0.003,0.025,1.018,0.613,-2.301,1.216,IDLE
-0.005,0.027,1.02,0.595,-2.319,1.251,IDLE
-0.004,0.026,1.02,0.569,-2.293,1.269,IDLE
-0.006,0.024,1.015,0.586,-2.31,1.26,IDLE
-0.003,0.025,1.017,0.569,-2.31,1.216,IDLE
-0.005,0.026,1.02,0.56,-2.31,1.269,IDLE
-0.006,0.025,1.017,0.534,-2.31,1.269,IDLE
-0.003,0.025,1.014,0.63,-2.31,1.269,IDLE
-0.008,0.025,1.021,0.577,-2.354,1.286,IDLE
-0.004,0.025,1.018,0.577,-2.301,1.26,IDLE
-0.004,0.026,1.018,0.551,-2.301,1.225,IDLE
-0.006,0.026,1.017,0.569,-2.362,1.234,IDLE
-0.001,0.027,1.018,0.586,-2.293,1.225,IDLE
-0.005,0.025,1.016,0.56,-2.293,1.286,IDLE
-0.003,0.026,1.02,0.577,-2.301,1.286,IDLE
-0.006,0.025,1.015,0.525,-2.293,1.26,IDLE
-0.006,0.026,1.02,0.543,-2.319,1.216,IDLE
-0.003,0.026,1.016,0.49,-2.354,1.26,IDLE
-0.004,0.026,1.018,0.534,-2.345,1.225,IDLE
-0.004,0.026,1.017,0.481,-2.31,1.295,IDLE
-0.002,0.026,1.017,0.56,-2.31,1.251,IDLE
-0.006,0.025,1.02,0.516,-2.328,1.26,IDLE
-0.005,0.026,1.017,0.543,-2.345,1.242,IDLE
-0.005,0.026,1.017,0.507,-2.336,1.216,IDLE
-0.003,0.025,1.016,0.577,-2.328,1.19,IDLE
-0.003,0.026,1.02,0.516,-2.328,1.234,IDLE
-0.007,0.026,1.017,0.507,-2.362,1.251,IDLE
-0.004,0.025,1.018,0.577,-2.328,1.251,IDLE
-0.005,0.026,1.016,0.543,-2.345,1.242,IDLE
-0.003,0.026,1.017,0.543,-2.319,1.242,IDLE
-0.006,0.025,1.018,0.525,-2.301,1.269,IDLE
-0.004,0.027,1.018,0.56,-2.301,1.234,IDLE
-0.005,0.025,1.017,0.586,-2.284,1.234,IDLE
-0.003,0.026,1.017,0.569,-2.319,1.278,IDLE
-0.004,0.025,1.017,0.507,-2.354,1.26,IDLE
-0.006,0.026,1.017,0.595,-2.301,1.234,IDLE
-0.004,0.025,1.017,0.551,-2.362,1.242,IDLE
-0.005,0.025,1.018,0.551,-2.319,1.269,IDLE
-0.004,0.025,1.015,0.543,-2.328,1.278,IDLE
-0.005,0.026,1.018,0.56,-2.345,1.286,IDLE
-0.005,0.026,1.018,0.507,-2.31,1.242,IDLE
-0.004,0.025,1.016,0.516,-2.345,1.234,IDLE
-0.004,0.025,1.019,0.516,-2.328,1.26,IDLE
-0.004,0.026,1.017,0.507,-2.293,1.242,IDLE
-0.005,0.026,1.018,0.534,-2.31,1.269,IDLE
-0.005,0.025,1.018,0.525,-2.293,1.225,IDLE
-0.004,0.026,1.016,0.551,-2.328,1.278,IDLE
-0.005,0.026,1.019,0.499,-2.301,1.234,IDLE
-0.004,0.026,1.017,0.534,-2.31,1.26,IDLE
-0.006,0.025,1.02,0.499,-2.328,1.295,IDLE
-0.004,0.026,1.015,0.429,-2.354,1.26,IDLE
-0.004,0.025,1.017,0.525,-2.345,1.242,IDLE
-0.005,0.025,1.017,0.595,-2.319,1.207,IDLE
-0.006,0.026,1.021,0.639,-2.336,1.26,IDLE
-0.002,0.027,1.015,0.516,-2.301,1.251,IDLE
-0.005,0.026,1.019,0.604,-2.328,1.269,IDLE
-0.007,0.026,1.017,0.525,-2.301,1.286,IDLE
-0.004,0.025,1.015,0.472,-2.293,1.295,IDLE
-0.005,0.027,1.018,0.56,-2.345,1.242,IDLE
-0.005,0.025,1.016,0.507,-2.301,1.278,IDLE
-0.005,0.025,1.017,0.543,-2.319,1.251,IDLE
-0.004,0.025,1.016,0.543,-2.293,1.269,IDLE
-0.006,0.027,1.019,0.577,-2.301,1.234,IDLE
-0.004,0.026,1.016,0.551,-2.319,1.26,IDLE
-0.005,0.026,1.019,0.525,-2.319,1.269,IDLE
-0.004,0.025,1.018,0.534,-2.328,1.242,IDLE
-0.005,0.026,1.018,0.481,-2.31,1.278,IDLE
-0.004,0.025,1.017,0.551,-2.345,1.278,IDLE
-0.005,0.027,1.018,0.577,-2.31,1.234,IDLE
-0.004,0.026,1.016,0.499,-2.319,1.278,IDLE
-0.005,0.026,1.017,0.586,-2.31,1.26,IDLE
-0.004,0.025,1.017,0.516,-2.319,1.251,IDLE
-0.005,0.027,1.017,0.472,-2.319,1.286,IDLE
-0.004,0.025,1.017,0.455,-2.301,1.286,IDLE
-0.004,0.026,1.018,0.525,-2.31,1.269,IDLE
-0.006,0.025,1.017,0.464,-2.328,1.234,IDLE
-0.005,0.027,1.015,0.507,-2.319,1.234,IDLE
-0.004,0.025,1.017,0.534,-2.319,1.207,IDLE
-0.005,0.026,1.019,0.569,-2.319,1.269,IDLE
-0.005,0.025,1.016,0.516,-2.301,1.26,IDLE
-0.004,0.026,1.018,0.569,-2.319,1.225,IDLE
-0.005,0.025,1.017,0.551,-2.319,1.234,IDLE
-0.004,0.026,1.018,0.586,-2.319,1.269,IDLE
-0.004,0.025,1.016,0.481,-2.354,1.26,IDLE
-0.004,0.025,1.016,0.551,-2.354,1.278,IDLE
-0.005,0.025,1.019,0.543,-2.328,1.269,IDLE
-0.006,0.025,1.019,0.551,-2.284,1.242,IDLE
-0.005,0.026,1.017,0.525,-2.328,1.251,IDLE
-0.005,0.026,1.019,0.543,-2.319,1.286,IDLE
-0.004,0.026,1.016,0.516,-2.301,1.225,IDLE
-0.005,0.026,1.017,0.525,-2.328,1.269,IDLE
-0.006,0.026,1.018,0.569,-2.362,1.269,IDLE
-0.004,0.025,1.019,0.525,-2.301,1.242,IDLE
-0.004,0.025,1.017,0.507,-2.328,1.251,IDLE
-0.005,0.026,1.018,0.525,-2.319,1.278,IDLE
-0.004,0.025,1.017,0.481,-2.328,1.26,IDLE
-0.005,0.026,1.019,0.507,-2.328,1.251,IDLE
-0.005,0.026,1.017,0.516,-2.293,1.251,IDLE
-0.004,0.026,1.017,0.516,-2.293,1.269,IDLE
-0.004,0.025,1.018,0.543,-2.328,1.269,IDLE
-0.005,0.026,1.017,0.516,-2.336,1.242,IDLE
-0.004,0.025,1.016,0.543,-2.345,1.234,IDLE
-0.004,0.026,1.021,0.525,-2.345,1.278,IDLE
-0.005,0.026,1.016,0.49,-2.345,1.216,IDLE
-0.004,0.025,1.019,0.534,-2.301,1.26,IDLE
-0.004,0.025,1.016,0.525,-2.284,1.304,IDLE
-0.005,0.025,1.018,0.499,-2.319,1.278,IDLE
-0.003,0.027,1.017,0.49,-2.362,1.216,IDLE
-0.006,0.026,1.018,0.551,-2.328,1.242,IDLE
-0.005,0.026,1.017,0.516,-2.31,1.304,IDLE
-0.002,0.026,1.017,0.534,-2.31,1.216,IDLE
-0.005,0.027,1.017,0.516,-2.301,1.251,IDLE
-0.004,0.025,1.017,0.525,-2.31,1.278,IDLE
-0.006,0.025,1.017,0.534,-2.336,1.225,IDLE
-0.004,0.027,1.015,0.507,-2.301,1.242,IDLE
-0.004,0.027,1.022,0.551,-2.336,1.269,IDLE
-0.005,0.024,1.014,0.551,-2.31,1.295,IDLE
-0.006,0.026,1.018,0.507,-2.336,1.278,IDLE
-0.003,0.025,1.017,0.551,-2.284,1.251,IDLE
-0.005,0.026,1.02,0.551,-2.275,1.251,IDLE
-0.005,0.025,1.016,0.525,-2.275,1.295,IDLE
-0.008,0.026,1.017,0.481,-2.336,1.242,IDLE
-0.003,0.026,1.016,0.595,-2.345,1.304,IDLE
-0.006,0.026,1.018,0.569,-2.328,1.269,IDLE
-0.005,0.025,1.016,0.525,-2.345,1.26,IDLE
-0.004,0.027,1.018,0.534,-2.319,1.312,IDLE
-0.004,0.026,1.018,0.507,-2.284,1.286,IDLE
-0.004,0.026,1.018,0.499,-2.345,1.286,IDLE
-0.005,0.026,1.017,0.534,-2.301,1.216,IDLE
-0.004,0.025,1.016,0.525,-2.31,1.295,IDLE
-0.004,0.026,1.018,0.577,-2.284,1.251,IDLE
-0.004,0.025,1.018,0.543,-2.345,1.269,IDLE
-0.004,0.025,1.017,0.507,-2.336,1.234,IDLE
-0.005,0.025,1.017,0.551,-2.301,1.278,IDLE
-0.005,0.026,1.017,0.543,-2.31,1.269,IDLE
-0.005,0.026,1.018,0.516,-2.362,1.278,IDLE
-0.005,0.026,1.019,0.543,-2.345,1.242,IDLE
-0.004,0.026,1.017,0.525,-2.301,1.278,IDLE
-0.006,0.026,1.019,0.577,-2.319,1.286,IDLE
-0.005,0.026,1.018,0.534,-2.31,1.26,IDLE
-0.004,0.026,1.018,0.551,-2.31,1.216,IDLE
-0.004,0.026,1.02,0.534,-2.319,1.26,IDLE
-0.005,0.026,1.017,0.516,-2.293,1.242,IDLE
-0.005,0.025,1.018,0.543,-2.362,1.269,IDLE
-0.005,0.025,1.018,0.516,-2.301,1.286,IDLE
-0.003,0.025,1.017,0.525,-2.345,1.26,IDLE
-0.005,0.027,1.017,0.551,-2.319,1.26,IDLE
-0.004,0.026,1.017,0.49,-2.345,1.234,IDLE
-0.004,0.025,1.018,0.577,-2.336,1.278,IDLE
-0.004,0.026,1.018,0.525,-2.301,1.295,IDLE
-0.006,0.025,1.017,0.507,-2.336,1.225,IDLE
-0.005,0.026,1.018,0.507,-2.354,1.26,IDLE
-0.006,0.026,1.018,0.49,-2.336,1.286,IDLE
-0.004,0.026,1.017,0.49,-2.31,1.295,IDLE
-0.004,0.025,1.017,0.586,-2.293,1.26,IDLE
-0.005,0.026,1.019,0.586,-2.319,1.251,IDLE
-0.005,0.026,1.016,0.507,-2.328,1.251,IDLE
-0.005,0.026,1.018,0.543,-2.328,1.251,IDLE
-0.004,0.025,1.018,0.569,-2.284,1.251,IDLE
-0.005,0.026,1.019,0.516,-2.319,1.242,IDLE
-0.004,0.025,1.017,0.543,-2.345,1.286,IDLE
-0.005,0.026,1.018,0.516,-2.328,1.26,IDLE
-0.005,0.026,1.018,0.534,-2.354,1.242,IDLE
-0.004,0.026,1.017,0.543,-2.319,1.251,IDLE
-0.005,0.026,1.018,0.534,-2.293,1.278,IDLE
-0.005,0.026,1.018,0.507,-2.336,1.242,IDLE
-0.004,0.025,1.017,0.525,-2.354,1.304,IDLE
-0.004,0.025,1.018,0.56,-2.319,1.26,IDLE
-0.005,0.026,1.018,0.516,-2.328,1.26,IDLE
-0.004,0.026,1.017,0.499,-2.31,1.269,IDLE
-0.005,0.026,1.017,0.551,-2.301,1.278,IDLE
-0.004,0.026,1.017,0.56,-2.319,1.278,IDLE
-0.004,0.026,1.018,0.543,-2.301,1.234,IDLE
-0.004,0.026,1.017,0.534,-2.336,1.251,IDLE
-0.005,0.026,1.019,0.525,-2.345,1.269,IDLE
-0.004,0.026,1.016,0.56,-2.319,1.269,IDLE
-0.004,0.026,1.017,0.507,-2.319,1.286,IDLE
-0.005,0.025,1.018,0.499,-2.328,1.286,IDLE
-0.005,0.026,1.017,0.525,-2.354,1.242,IDLE
-0.006,0.026,1.017,0.543,-2.293,1.26,IDLE
-0.005,0.025,1.018,0.499,-2.328,1.242,IDLE
-0.004,0.026,1.018,0.551,-2.319,1.26,IDLE
-0.006,0.026,1.017,0.543,-2.301,1.234,IDLE
-0.005,0.025,1.017,0.499,-2.328,1.26,IDLE
-0.004,0.025,1.019,0.525,-2.31,1.26,IDLE
-0.006,0.025,1.018,0.49,-2.31,1.278,IDLE
-0.004,0.026,1.018,0.507,-2.31,1.216,IDLE
-0.005,0.025,1.017,0.534,-2.31,1.278,IDLE
-0.006,0.025,1.018,0.56,-2.301,1.26,IDLE
-0.004,0.026,1.018,0.525,-2.345,1.269,IDLE
-0.005,0.026,1.018,0.507,-2.336,1.269,IDLE
-0.004,0.026,1.017,0.525,-2.31,1.251,IDLE
-0.004,0.026,1.018,0.551,-2.301,1.234,IDLE
-0.004,0.027,1.018,0.551,-2.319,1.26,IDLE
-0.005,0.026,1.017,0.534,-2.31,1.242,IDLE
-0.004,0.026,1.018,0.543,-2.284,1.242,IDLE
-0.005,0.024,1.017,0.577,-2.328,1.207,IDLE
-0.005,0.025,1.02,0.569,-2.319,1.242,IDLE
-0.007,0.024,1.016,0.42,-2.362,1.19,IDLE
0,0.03,1.016,0.613,-2.336,1.225,IDLE
-0.004,0.027,1.022,0.621,-2.293,1.304,IDLE
-0.005,0.024,1.014,0.472,-2.275,1.339,IDLE
-0.009,0.025,1.019,0.543,-2.293,1.304,IDLE
-0.004,0.024,1.017,0.507,-2.301,1.286,IDLE
-0.003,0.026,1.018,0.577,-2.301,1.216,IDLE
-0.004,0.026,1.017,0.507,-2.328,1.278,IDLE
-0.005,0.026,1.019,0.49,-2.319,1.269,IDLE
-0.005,0.025,1.017,0.49,-2.31,1.321,IDLE
-0.004,0.026,1.018,0.516,-2.31,1.225,IDLE
-0.004,0.026,1.018,0.525,-2.319,1.26,IDLE
-0.006,0.026,1.017,0.543,-2.31,1.251,IDLE
-0.005,0.026,1.018,0.586,-2.284,1.242,IDLE
-0.005,0.026,1.017,0.525,-2.319,1.251,IDLE
-0.005,0.025,1.018,0.516,-2.319,1.216,IDLE
-0.004,0.026,1.02,0.472,-2.354,1.26,IDLE
-0.004,0.025,1.018,0.464,-2.328,1.304,IDLE
-0.006,0.025,1.019,0.455,-2.336,1.295,IDLE
-0.003,0.026,1.015,0.411,-2.345,1.286,IDLE
-0.004,0.026,1.018,0.543,-2.301,1.242,IDLE
-0.005,0.026,1.017,0.551,-2.336,1.26,IDLE
-0.005,0.025,1.017,0.63,-2.275,1.269,IDLE
-0.004,0.026,1.02,0.613,-2.293,1.251,IDLE
-0.004,0.026,1.016,0.551,-2.284,1.286,IDLE
-0.005,0.026,1.02,0.595,-2.362,1.304,IDLE
-0.006,0.026,1.019,0.534,-2.319,1.251,IDLE
-0.002,0.026,1.014,0.49,-2.328,1.242,IDLE
-0.006,0.027,1.02,0.516,-2.319,1.26,IDLE
-0.006,0.025,1.015,0.481,-2.328,1.286,IDLE
-0.005,0.026,1.021,0.516,-2.301,1.251,IDLE
-0.004,0.026,1.017,0.525,-2.31,1.269,IDLE
-0.004,0.026,1.02,0.525,-2.319,1.251,IDLE
-0.005,0.025,1.016,0.525,-2.31,1.26,IDLE
-0.006,0.025,1.018,0.464,-2.336,1.251,IDLE
-0.004,0.026,1.018,0.525,-2.319,1.207,IDLE
-0.005,0.026,1.019,0.534,-2.319,1.207,IDLE
-0.003,0.026,1.019,0.446,-2.319,1.146,IDLE
-0.004,0.026,1.015,0.481,-2.371,1.242,IDLE
-0.005,0.027,1.018,0.525,-2.319,1.216,IDLE
-0.005,0.025,1.017,0.507,-2.319,1.216,IDLE
-0.005,0.025,1.018,0.569,-2.328,1.234,IDLE
-0.003,0.027,1.018,0.507,-2.319,1.207,IDLE
-0.005,0.026,1.02,0.516,-2.328,1.234,IDLE
-0.004,0.025,1.018,0.507,-2.328,1.207,IDLE
-0.005,0.026,1.015,0.525,-2.328,1.26,IDLE
-0.004,0.025,1.019,0.569,-2.345,1.234,IDLE
-0.005,0.026,1.019,0.49,-2.31,1.242,IDLE
-0.006,0.026,1.019,0.429,-2.354,1.225,IDLE
-0.002,0.026,1.015,0.359,-2.328,1.269,IDLE
-0.005,0.025,1.017,0.481,-2.345,1.295,IDLE
-0.006,0.024,1.017,0.543,-2.336,1.251,IDLE
-0.005,0.025,1.017,0.595,-2.275,1.234,IDLE
-0.005,0.026,1.017,0.647,-2.293,1.26,IDLE
-0.005,0.025,1.018,0.613,-2.284,1.234,IDLE
-0.004,0.026,1.021,0.543,-2.257,1.26,IDLE
-0.006,0.028,1.019,0.472,-2.319,1.26,IDLE
-0.005,0.026,1.013,0.472,-2.354,1.269,IDLE
-0.006,0.025,1.021,0.464,-2.319,1.234,IDLE
-0.004,0.026,1.016,0.376,-2.354,1.251,IDLE
-0.004,0.026,1.019,0.35,-2.362,1.242,IDLE
-0.004,0.026,1.017,0.411,-2.371,1.225,IDLE
-0.004,0.025,1.018,0.306,-2.362,1.251,IDLE
-0.001,0.025,1.013,0.446,-2.336,1.251,IDLE
-0.008,0.025,1.021,0.446,-2.345,1.26,IDLE
-0.005,0.025,1.016,0.472,-2.336,1.278,IDLE
-0.003,0.026,1.018,0.411,-2.345,1.278,IDLE
-0.002,0.026,1.017,0.49,-2.319,1.234,IDLE
-0.007,0.027,1.019,0.534,-2.31,1.269,IDLE
-0.005,0.023,1.015,0.516,-2.319,1.269,IDLE
-0.004,0.025,1.02,0.551,-2.301,1.207,IDLE
-0.003,0.025,1.018,0.551,-2.319,1.234,IDLE
-0.005,0.026,1.017,0.516,-2.31,1.234,IDLE
-0.005,0.025,1.017,0.569,-2.284,1.269,IDLE
-0.004,0.025,1.017,0.551,-2.345,1.242,IDLE
-0.004,0.026,1.017,0.49,-2.319,1.26,IDLE
-0.004,0.025,1.014,0.665,-2.266,1.26,IDLE
-0.005,0.026,1.022,0.683,-2.257,1.26,IDLE
-0.005,0.025,1.016,0.595,-2.284,1.269,IDLE
-0.004,0.024,1.018,0.691,-2.293,1.278,IDLE
-0.007,0.025,1.019,0.63,-2.275,1.269,IDLE
-0.003,0.025,1.017,0.586,-2.319,1.304,IDLE
-0.005,0.026,1.02,0.577,-2.328,1.295,IDLE
-0.005,0.025,1.017,0.569,-2.319,1.234,IDLE
-0.004,0.025,1.019,0.595,-2.319,1.242,IDLE
-0.006,0.024,1.019,0.551,-2.319,1.242,IDLE
-0.005,0.026,1.018,0.577,-2.345,1.242,IDLE
-0.005,0.026,1.018,0.595,-2.301,1.216,IDLE
-0.004,0.026,1.019,0.543,-2.345,1.251,IDLE
-0.004,0.026,1.017,0.516,-2.31,1.234,IDLE
-0.004,0.026,1.018,0.586,-2.293,1.251,IDLE
-0.006,0.026,1.018,0.551,-2.319,1.242,IDLE
-0.005,0.026,1.016,0.577,-2.31,1.225,IDLE
-0.005,0.026,1.018,0.577,-2.328,1.234,IDLE
-0.004,0.026,1.017,0.595,-2.328,1.225,IDLE
-0.005,0.026,1.019,0.516,-2.319,1.251,IDLE
-0.003,0.026,1.017,0.516,-2.328,1.199,IDLE
-0.004,0.027,1.018,0.569,-2.328,1.251,IDLE
-0.005,0.026,1.017,0.56,-2.319,1.251,IDLE
-0.005,0.027,1.017,0.551,-2.328,1.278,IDLE
-0.005,0.026,1.017,0.56,-2.328,1.269,IDLE
-0.005,0.026,1.017,0.525,-2.345,1.269,IDLE
-0.004,0.026,1.02,0.569,-2.354,1.216,IDLE
-0.005,0.026,1.017,0.507,-2.31,1.242,IDLE
-0.004,0.026,1.018,0.56,-2.336,1.26,IDLE
-0.005,0.026,1.016,0.49,-2.319,1.251,IDLE
-0.005,0.026,1.018,0.56,-2.319,1.207,IDLE
-0.005,0.026,1.019,0.516,-2.336,1.251,IDLE
-0.004,0.025,1.016,0.516,-2.301,1.242,IDLE
-0.005,0.026,1.017,0.551,-2.301,1.207,IDLE
-0.005,0.026,1.019,0.56,-2.328,1.269,IDLE
-0.004,0.026,1.017,0.516,-2.328,1.278,IDLE
-0.006,0.026,1.018,0.551,-2.319,1.242,IDLE
-0.005,0.026,1.016,0.534,-2.319,1.295,IDLE
-0.004,0.025,1.018,0.551,-2.301,1.26,IDLE
-0.005,0.026,1.019,0.543,-2.31,1.26,IDLE
-0.004,0.026,1.017,0.543,-2.328,1.225,IDLE
-0.005,0.026,1.02,0.543,-2.354,1.295,IDLE
-0.005,0.027,1.019,0.543,-2.336,1.225,IDLE
-0.004,0.025,1.016,0.56,-2.336,1.278,IDLE
-0.004,0.026,1.016,0.551,-2.328,1.269,IDLE
-0.004,0.025,1.018,0.507,-2.345,1.242,IDLE
-0.005,0.026,1.016,0.525,-2.319,1.234,IDLE
-0.005,0.025,1.019,0.595,-2.345,1.216,IDLE
-0.004,0.026,1.018,0.499,-2.319,1.278,IDLE
-0.005,0.026,1.018,0.525,-2.31,1.225,IDLE
-0.005,0.026,1.018,0.525,-2.31,1.251,IDLE
-0.004,0.026,1.019,0.56,-2.31,1.234,IDLE
-0.004,0.025,1.017,0.481,-2.328,1.278,IDLE
-0.006,0.026,1.02,0.56,-2.319,1.225,IDLE
-0.004,0.026,1.018,0.516,-2.293,1.242,IDLE
-0.005,0.025,1.018,0.543,-2.319,1.216,IDLE
-0.005,0.026,1.017,0.543,-2.31,1.278,IDLE
-0.004,0.026,1.018,0.472,-2.328,1.225,IDLE
-0.004,0.026,1.019,0.438,-2.31,1.269,IDLE
-0.004,0.025,1.017,0.472,-2.354,1.278,IDLE
-0.005,0.026,1.017,0.481,-2.354,1.269,IDLE
-0.005,0.025,1.017,0.543,-2.336,1.269,IDLE
-0.004,0.025,1.017,0.604,-2.284,1.251,IDLE
-0.005,0.026,1.021,0.613,-2.328,1.251,IDLE
-0.003,0.026,1.016,0.543,-2.31,1.251,IDLE
-0.006,0.026,1.019,0.543,-2.31,1.26,IDLE
-0.005,0.026,1.018,0.507,-2.31,1.278,IDLE
-0.004,0.027,1.017,0.499,-2.275,1.286,IDLE
-0.006,0.026,1.019,0.525,-2.319,1.26,IDLE
-0.003,0.026,1.017,0.543,-2.31,1.269,IDLE
-0.006,0.026,1.019,0.569,-2.319,1.234,IDLE
-0.004,0.025,1.018,0.525,-2.319,1.234,IDLE
-0.004,0.025,1.018,0.481,-2.328,1.251,IDLE
-0.005,0.025,1.017,0.534,-2.31,1.234,IDLE
-0.005,0.026,1.017,0.534,-2.31,1.278,IDLE
-0.005,0.026,1.016,0.499,-2.319,1.251,IDLE
-0.006,0.026,1.019,0.525,-2.319,1.269,IDLE
-0.005,0.026,1.018,0.569,-2.284,1.251,IDLE
-0.004,0.026,1.019,0.56,-2.328,1.26,IDLE
-0.004,0.026,1.017,0.481,-2.319,1.269,IDLE
-0.005,0.026,1.017,0.516,-2.336,1.286,IDLE
-0.005,0.026,1.018,0.49,-2.336,1.199,IDLE
-0.005,0.025,1.017,0.481,-2.31,1.242,IDLE
-0.004,0.025,1.017,0.525,-2.319,1.242,IDLE
-0.005,0.026,1.018,0.534,-2.328,1.242,IDLE
-0.005,0.025,1.017,0.543,-2.293,1.269,IDLE
-0.005,0.025,1.018,0.551,-2.328,1.234,IDLE
-0.005,0.024,1.019,0.516,-2.31,1.295,IDLE
-0.005,0.026,1.02,0.49,-2.328,1.251,IDLE
-0.004,0.027,1.016,0.534,-2.301,1.278,IDLE
-0.004,0.026,1.017,0.525,-2.319,1.269,IDLE
-0.004,0.027,1.018,0.525,-2.345,1.269,IDLE
-0.004,0.028,1.02,0.569,-2.336,1.225,IDLE
-0.005,0.026,1.018,0.534,-2.328,1.295,IDLE
-0.003,0.025,1.019,0.56,-2.328,1.269,IDLE
-0.005,0.025,1.017,0.577,-2.319,1.26,IDLE
-0.004,0.026,1.017,0.551,-2.31,1.251,IDLE
-0.005,0.025,1.017,0.56,-2.31,1.295,IDLE
-0.004,0.025,1.017,0.569,-2.345,1.251,IDLE
-0.004,0.026,1.018,0.543,-2.275,1.26,IDLE
-0.005,0.025,1.019,0.569,-2.345,1.26,IDLE
-0.005,0.025,1.016,0.56,-2.319,1.269,IDLE
-0.004,0.026,1.019,0.525,-2.31,1.242,IDLE
-0.005,0.026,1.017,0.525,-2.336,1.286,IDLE
-0.003,0.027,1.017,0.481,-2.301,1.234,IDLE
-0.005,0.025,1.018,0.525,-2.336,1.26,IDLE
-0.006,0.026,1.018,0.481,-2.319,1.269,IDLE
-0.006,0.026,1.019,0.455,-2.328,1.225,IDLE
-0.002,0.027,1.016,0.499,-2.345,1.269,IDLE
-0.003,0.025,1.015,0.525,-2.345,1.269,IDLE
-0.005,0.024,1.016,0.586,-2.328,1.26,IDLE
-0.005,0.025,1.02,0.674,-2.293,1.251,IDLE
-0.002,0.026,1.017,0.577,-2.319,1.269,IDLE
-0.005,0.026,1.019,0.604,-2.31,1.278,IDLE
-0.005,0.026,1.016,0.499,-2.354,1.321,IDLE
-0.006,0.025,1.02,0.534,-2.31,1.304,IDLE
-0.005,0.026,1.015,0.464,-2.31,1.269,IDLE
-0.005,0.027,1.018,0.569,-2.336,1.304,IDLE
-0.005,0.026,1.018,0.543,-2.319,1.269,IDLE
-0.006,0.025,1.019,0.481,-2.31,1.26,IDLE
-0.004,0.026,1.015,0.569,-2.301,1.304,IDLE
-0.005,0.025,1.018,0.543,-2.319,1.304,IDLE
-0.004,0.026,1.017,0.525,-2.31,1.26,IDLE
-0.005,0.025,1.018,0.534,-2.301,1.234,IDLE
-0.004,0.026,1.017,0.507,-2.328,1.242,IDLE
-0.003,0.026,1.018,0.543,-2.328,1.269,IDLE
-0.005,0.025,1.018,0.577,-2.328,1.251,IDLE
-0.005,0.025,1.017,0.516,-2.362,1.26,IDLE
-0.003,0.026,1.019,0.543,-2.319,1.242,IDLE
-0.004,0.026,1.018,0.543,-2.328,1.278,IDLE
-0.005,0.027,1.017,0.507,-2.336,1.278,IDLE
-0.005,0.026,1.019,0.534,-2.362,1.242,IDLE
-0.006,0.026,1.016,0.472,-2.31,1.295,IDLE
-0.005,0.026,1.02,0.507,-2.319,1.234,IDLE
-0.006,0.024,1.018,0.411,-2.345,1.216,IDLE
-0.002,0.028,1.014,0.403,-2.362,1.251,IDLE
-0.003,0.025,1.018,0.534,-2.328,1.26,IDLE
-0.006,0.024,1.016,0.639,-2.293,1.269,IDLE
-0.005,0.026,1.017,0.613,-2.319,1.251,IDLE
-0.003,0.026,1.016,0.595,-2.275,1.269,IDLE
-0.007,0.026,1.02,0.613,-2.31,1.269,IDLE
-0.003,0.025,1.013,0.464,-2.354,1.278,IDLE
-0.005,0.026,1.021,0.56,-2.31,1.286,IDLE
-0.005,0.025,1.015,0.499,-2.354,1.225,IDLE
-0.005,0.027,1.017,0.543,-2.319,1.251,IDLE
-0.006,0.026,1.021,0.543,-2.328,1.242,IDLE
-0.002,0.026,1.016,0.56,-2.336,1.207,IDLE
-0.006,0.026,1.019,0.516,-2.301,1.199,IDLE
-0.005,0.025,1.018,0.481,-2.301,1.269,IDLE
-0.003,0.025,1.016,0.516,-2.362,1.251,IDLE
-0.005,0.026,1.02,0.543,-2.336,1.269,IDLE
-0.005,0.025,1.015,0.543,-2.319,1.242,IDLE
-0.004,0.027,1.018,0.595,-2.31,1.234,IDLE
-0.005,0.026,1.018,0.507,-2.319,1.225,IDLE
-0.005,0.027,1.019,0.516,-2.328,1.295,IDLE
-0.005,0.026,1.018,0.507,-2.328,1.286,IDLE
-0.003,0.025,1.018,0.499,-2.301,1.269,IDLE
-0.005,0.026,1.017,0.56,-2.345,1.278,IDLE
-0.003,0.026,1.018,0.56,-2.328,1.269,IDLE
-0.006,0.026,1.016,0.525,-2.319,1.269,IDLE
-0.005,0.025,1.019,0.525,-2.301,1.278,IDLE
-0.005,0.025,1.018,0.534,-2.362,1.234,IDLE
-0.004,0.026,1.018,0.507,-2.336,1.269,IDLE
-0.004,0.026,1.018,0.499,-2.31,1.269,IDLE
-0.004,0.026,1.017,0.56,-2.354,1.295,IDLE
-0.005,0.026,1.018,0.551,-2.31,1.242,IDLE
-0.005,0.025,1.019,0.516,-2.31,1.278,IDLE
-0.005,0.026,1.019,0.507,-2.31,1.242,IDLE
-0.004,0.026,1.015,0.516,-2.319,1.234,IDLE
-0.004,0.026,1.018,0.499,-2.345,1.269,IDLE
-0.004,0.027,1.018,0.525,-2.275,1.295,IDLE
-0.005,0.025,1.018,0.534,-2.345,1.286,IDLE
-0.006,0.025,1.018,0.499,-2.31,1.286,IDLE
-0.005,0.025,1.017,0.49,-2.336,1.242,IDLE
-0.003,0.025,1.016,0.543,-2.345,1.26,IDLE
-0.005,0.026,1.019,0.543,-2.319,1.234,IDLE
-0.006,0.026,1.017,0.543,-2.328,1.234,IDLE
-0.004,0.026,1.017,0.507,-2.293,1.251,IDLE
-0.004,0.026,1.018,0.516,-2.301,1.26,IDLE
-0.004,0.026,1.018,0.525,-2.284,1.269,IDLE
-0.006,0.026,1.018,0.507,-2.336,1.286,IDLE
-0.004,0.025,1.02,0.499,-2.336,1.278,IDLE
-0.003,0.028,1.015,0.577,-2.284,1.304,IDLE
-0.006,0.026,1.021,0.551,-2.336,1.321,IDLE
-0.005,0.024,1.017,0.481,-2.328,1.26,IDLE
-0.003,0.026,1.019,0.56,-2.301,1.234,IDLE
-0.006,0.027,1.019,0.499,-2.319,1.286,IDLE
-0.006,0.025,1.02,0.446,-2.38,1.26,IDLE
-0.004,0.027,1.016,0.385,-2.362,1.199,IDLE
-0.003,0.025,1.017,0.455,-2.345,1.286,IDLE
-0.004,0.025,1.014,0.551,-2.293,1.295,IDLE
-0.006,0.025,1.022,0.577,-2.328,1.234,IDLE
-0.002,0.027,1.017,0.613,-2.301,1.251,IDLE
-0.005,0.025,1.019,0.604,-2.293,1.278,IDLE
-0.006,0.025,1.02,0.586,-2.336,1.207,IDLE
-0.003,0.028,1.022,0.499,-2.336,1.216,IDLE
-0.002,0.026,1.015,0.525,-2.319,1.312,IDLE
-0.005,0.025,1.02,0.499,-2.319,1.295,IDLE
-0.005,0.025,1.017,0.429,-2.328,1.286,IDLE
-0.005,0.025,1.019,0.534,-2.301,1.242,IDLE
-0.005,0.025,1.015,0.499,-2.319,1.242,IDLE
-0.004,0.027,1.019,0.525,-2.293,1.225,IDLE
-0.004,0.025,1.019,0.525,-2.293,1.278,IDLE
-0.006,0.026,1.016,0.507,-2.328,1.242,IDLE
-0.005,0.025,1.018,0.49,-2.336,1.216,IDLE
-0.006,0.026,1.021,0.551,-2.354,1.251,IDLE
-0.004,0.026,1.017,0.455,-2.293,1.225,IDLE
-0.004,0.026,1.017,0.516,-2.31,1.216,IDLE
-0.004,0.026,1.017,0.569,-2.328,1.269,IDLE
-0.004,0.025,1.018,0.516,-2.336,1.207,IDLE
-0.005,0.025,1.019,0.455,-2.328,1.199,IDLE
-0.003,0.026,1.012,0.472,-2.328,1.216,IDLE
-0.006,0.025,1.017,0.63,-2.301,1.295,IDLE
-0.005,0.025,1.019,0.63,-2.301,1.26,IDLE
-0.005,0.025,1.017,0.604,-2.275,1.207,IDLE
-0.004,0.026,1.02,0.621,-2.319,1.26,IDLE
-0.004,0.027,1.016,0.49,-2.345,1.173,IDLE
-0.003,0.026,1.018,0.595,-2.336,1.278,IDLE
-0.005,0.025,1.019,0.525,-2.328,1.286,IDLE
-0.004,0.026,1.018,0.543,-2.31,1.278,IDLE
-0.006,0.026,1.016,0.534,-2.328,1.26,IDLE
-0.005,0.026,1.019,0.595,-2.31,1.269,IDLE
-0.005,0.027,1.016,0.534,-2.31,1.242,IDLE
-0.004,0.026,1.017,0.516,-2.293,1.251,IDLE
-0.004,0.027,1.02,0.516,-2.284,1.251,IDLE
-0.005,0.025,1.016,0.525,-2.301,1.251,IDLE
-0.004,0.025,1.017,0.499,-2.336,1.242,IDLE
-0.004,0.027,1.02,0.569,-2.31,1.251,IDLE
-0.004,0.026,1.017,0.525,-2.31,1.312,IDLE
-0.005,0.026,1.019,0.569,-2.319,1.269,IDLE
-0.005,0.026,1.016,0.551,-2.301,1.26,IDLE
-0.004,0.026,1.021,0.586,-2.336,1.251,IDLE
-0.006,0.026,1.016,0.42,-2.345,1.278,IDLE
-0.003,0.027,1.016,0.507,-2.336,1.251,IDLE
-0.006,0.024,1.016,0.472,-2.293,1.269,IDLE
-0.006,0.024,1.019,0.569,-2.354,1.234,IDLE
-0.004,0.027,1.017,0.499,-2.328,1.155,IDLE
-0.001,0.028,1.015,0.507,-2.319,1.26,IDLE
-0.005,0.027,1.018,0.534,-2.328,1.26,IDLE
-0.007,0.028,1.023,0.621,-2.293,1.356,IDLE
-0.012,0.023,1.011,0.333,-2.336,1.304,IDLE
-0.002,0.024,1.01,0.551,-2.319,1.181,IDLE
-0.005,0.028,1.019,0.543,-2.328,1.242,IDLE
-0.004,0.027,1.017,0.499,-2.301,1.33,IDLE
-0.006,0.025,1.019,0.516,-2.293,1.269,IDLE
-0.007,0.025,1.017,0.481,-2.301,1.278,IDLE
-0.004,0.026,1.018,0.569,-2.284,1.278,IDLE
-0.004,0.026,1.018,0.49,-2.301,1.251,IDLE
-0.004,0.026,1.018,0.499,-2.319,1.251,IDLE
-0.005,0.025,1.017,0.499,-2.284,1.278,IDLE
-0.005,0.025,1.018,0.569,-2.319,1.26,IDLE
-0.003,0.027,1.019,0.499,-2.319,1.207,IDLE
-0.003,0.027,1.017,0.516,-2.31,1.269,IDLE
-0.003,0.026,1.018,0.551,-2.319,1.26,IDLE
-0.008,0.026,1.016,0.507,-2.293,1.304,IDLE
-0.004,0.025,1.017,0.481,-2.319,1.26,IDLE
-0.002,0.026,1.019,0.507,-2.328,1.225,IDLE
-0.005,0.026,1.017,0.516,-2.319,1.26,IDLE
-0.004,0.027,1.018,0.507,-2.31,1.242,IDLE
-0.004,0.025,1.017,0.507,-2.31,1.295,IDLE
-0.004,0.025,1.016,0.551,-2.319,1.242,IDLE
-0.004,0.026,1.017,0.507,-2.301,1.269,IDLE
-0.003,0.026,1.018,0.516,-2.362,1.242,IDLE
-0.006,0.026,1.017,0.525,-2.336,1.26,IDLE
-0.006,0.025,1.02,0.455,-2.354,1.251,IDLE
-0.003,0.026,1.017,0.49,-2.336,1.278,IDLE
-0.008,0.025,1.018,0.56,-2.31,1.26,IDLE
-0.005,0.026,1.02,0.481,-2.371,1.278,IDLE
-0.006,0.027,1.019,0.446,-2.354,1.269,IDLE
-0.002,0.026,1.014,0.481,-2.319,1.225,IDLE
-0.006,0.025,1.019,0.569,-2.319,1.278,IDLE
-0.005,0.025,1.016,0.551,-2.293,1.269,IDLE
-0.004,0.026,1.019,0.647,-2.31,1.242,IDLE
-0.005,0.025,1.019,0.569,-2.301,1.207,IDLE
-0.004,0.026,1.017,0.577,-2.328,1.251,IDLE
-0.005,0.026,1.018,0.472,-2.336,1.234,IDLE
-0.005,0.025,1.015,0.499,-2.319,1.225,IDLE
-0.006,0.026,1.02,0.516,-2.336,1.207,IDLE
-0.004,0.026,1.017,0.525,-2.301,1.251,IDLE
-0.006,0.026,1.019,0.516,-2.336,1.269,IDLE
-0.004,0.025,1.015,0.577,-2.284,1.251,IDLE
-0.003,0.027,1.018,0.525,-2.284,1.225,IDLE
-0.005,0.026,1.019,0.543,-2.345,1.242,IDLE
-0.004,0.025,1.017,0.525,-2.31,1.26,IDLE
-0.005,0.026,1.02,0.534,-2.336,1.26,IDLE
-0.004,0.026,1.017,0.525,-2.362,1.234,IDLE
-0.005,0.025,1.018,0.499,-2.301,1.234,IDLE
-0.005,0.027,1.017,0.543,-2.345,1.295,IDLE
-0.004,0.025,1.018,0.507,-2.328,1.295,IDLE
-0.005,0.024,1.017,0.534,-2.275,1.286,IDLE
-0.005,0.027,1.022,0.464,-2.328,1.225,IDLE
-0.003,0.023,1.014,0.499,-2.328,1.269,IDLE
-0.006,0.027,1.021,0.534,-2.345,1.269,IDLE
-0.004,0.026,1.013,0.49,-2.301,1.234,IDLE
-0.006,0.025,1.019,0.525,-2.293,1.304,IDLE
-0.003,0.025,1.017,0.516,-2.301,1.269,IDLE
-0.004,0.025,1.017,0.543,-2.319,1.26,IDLE
-0.005,0.026,1.02,0.499,-2.301,1.242,IDLE
-0.004,0.025,1.014,0.543,-2.301,1.269,IDLE
-0.005,0.026,1.018,0.56,-2.345,1.242,IDLE
-0.005,0.026,1.018,0.507,-2.354,1.295,IDLE
-0.002,0.026,1.017,0.543,-2.284,1.26,IDLE
-0.005,0.026,1.017,0.464,-2.31,1.242,IDLE
-0.003,0.026,1.016,0.516,-2.293,1.251,IDLE
-0.006,0.026,1.018,0.438,-2.328,1.269,IDLE
-0.005,0.026,1.017,0.525,-2.336,1.234,IDLE
-0.005,0.025,1.017,0.525,-2.31,1.242,IDLE
-0.004,0.026,1.018,0.507,-2.319,1.207,IDLE
-0.004,0.026,1.018,0.525,-2.328,1.234,IDLE
-0.004,0.026,1.017,0.543,-2.328,1.234,IDLE
-0.004,0.026,1.017,0.543,-2.328,1.234,IDLE
-0.004,0.026,1.018,0.56,-2.31,1.216,IDLE
-0.005,0.026,1.018,0.49,-2.301,1.225,IDLE
-0.003,0.026,1.017,0.499,-2.301,1.234,IDLE
-0.005,0.026,1.018,0.551,-2.301,1.234,IDLE
-0.005,0.025,1.017,0.49,-2.345,1.26,IDLE
-0.005,0.025,1.019,0.577,-2.345,1.251,IDLE
-0.004,0.025,1.015,0.525,-2.345,1.26,IDLE
-0.005,0.025,1.018,0.551,-2.336,1.251,IDLE
-0.006,0.025,1.016,0.499,-2.319,1.295,IDLE
-0.005,0.025,1.018,0.577,-2.336,1.216,IDLE
-0.004,0.025,1.017,0.56,-2.336,1.216,IDLE
-0.005,0.026,1.018,0.534,-2.293,1.242,IDLE
-0.006,0.026,1.017,0.56,-2.328,1.251,IDLE
-0.004,0.026,1.017,0.56,-2.319,1.242,IDLE
-0.005,0.025,1.017,0.577,-2.336,1.234,IDLE
-0.004,0.026,1.018,0.525,-2.301,1.26,IDLE
-0.005,0.025,1.018,0.525,-2.328,1.216,IDLE
-0.004,0.026,1.018,0.507,-2.345,1.225,IDLE
-0.005,0.025,1.019,0.507,-2.328,1.225,IDLE
-0.004,0.026,1.017,0.534,-2.293,1.216,IDLE
-0.005,0.025,1.019,0.507,-2.336,1.225,IDLE
-0.005,0.024,1.02,0.49,-2.31,1.234,IDLE
-0.006,0.025,1.021,0.63,-2.31,1.242,IDLE
-0.005,0.027,1.018,0.464,-2.345,1.251,IDLE
-0.002,0.027,1.017,0.586,-2.336,1.225,IDLE
-0.006,0.026,1.017,0.464,-2.345,1.242,IDLE
-0.005,0.025,1.019,0.613,-2.328,1.269,IDLE
-0.006,0.026,1.02,0.534,-2.345,1.225,IDLE
-0.004,0.025,1.016,0.577,-2.293,1.269,IDLE
-0.005,0.026,1.019,0.516,-2.328,1.19,IDLE
-0.003,0.026,1.019,0.577,-2.319,1.234,IDLE
-0.005,0.025,1.017,0.543,-2.31,1.207,IDLE
-0.005,0.026,1.019,0.56,-2.328,1.207,IDLE
-0.005,0.026,1.016,0.49,-2.336,1.234,IDLE
-0.003,0.025,1.018,0.525,-2.31,1.251,IDLE
-0.004,0.026,1.018,0.543,-2.336,1.242,IDLE
-0.005,0.026,1.019,0.551,-2.336,1.251,IDLE
-0.005,0.025,1.014,0.516,-2.328,1.278,IDLE
-0.007,0.026,1.026,0.49,-2.319,1.207,IDLE
-0.003,0.026,1.012,0.499,-2.301,1.242,IDLE
-0.005,0.025,1.021,0.543,-2.345,1.225,IDLE
-0.003,0.024,1.013,0.49,-2.31,1.225,IDLE
-0.005,0.026,1.016,0.543,-2.301,1.269,IDLE
-0.006,0.027,1.013,0.507,-2.31,1.216,IDLE
-0.005,0.025,1.02,0.56,-2.293,1.234,IDLE
-0.005,0.025,1.018,0.516,-2.301,1.251,IDLE
-0.007,0.025,1.016,0.56,-2.354,1.242,IDLE
-0.003,0.027,1.017,0.516,-2.328,1.242,IDLE
-0.004,0.026,1.02,0.516,-2.328,1.242,IDLE
-0.004,0.025,1.017,0.499,-2.336,1.269,IDLE
-0.005,0.026,1.016,0.534,-2.336,1.242,IDLE
-0.005,0.026,1.019,0.551,-2.345,1.225,IDLE
-0.005,0.026,1.016,0.525,-2.301,1.251,IDLE
-0.005,0.026,1.018,0.569,-2.31,1.242,IDLE
-0.004,0.026,1.018,0.543,-2.345,1.216,IDLE
-0.005,0.026,1.017,0.551,-2.336,1.269,IDLE
-0.005,0.025,1.017,0.543,-2.345,1.251,IDLE
-0.004,0.026,1.02,0.551,-2.31,1.278,IDLE
-0.005,0.026,1.017,0.525,-2.31,1.26,IDLE
-0.004,0.026,1.017,0.525,-2.319,1.234,IDLE
-0.005,0.026,1.02,0.472,-2.293,1.269,IDLE
-0.005,0.025,1.019,0.516,-2.319,1.234,IDLE
-0.005,0.026,1.016,0.516,-2.301,1.207,IDLE
-0.005,0.026,1.019,0.525,-2.362,1.251,IDLE
-0.004,0.025,1.017,0.551,-2.301,1.278,IDLE
-0.004,0.026,1.016,0.569,-2.328,1.26,IDLE
-0.005,0.026,1.018,0.56,-2.31,1.242,IDLE
-0.005,0.025,1.018,0.543,-2.345,1.251,IDLE
-0.005,0.026,1.017,0.499,-2.31,1.251,IDLE
-0.004,0.026,1.018,0.543,-2.345,1.225,IDLE
-0.004,0.026,1.018,0.525,-2.336,1.216,IDLE
-0.004,0.026,1.017,0.507,-2.319,1.251,IDLE
-0.004,0.026,1.019,0.507,-2.319,1.234,IDLE
-0.004,0.026,1.018,0.499,-2.319,1.234,IDLE
-0.005,0.026,1.018,0.507,-2.319,1.225,IDLE
-0.006,0.026,1.018,0.516,-2.31,1.225,IDLE
-0.004,0.026,1.016,0.507,-2.336,1.26,IDLE
-0.005,0.026,1.018,0.525,-2.31,1.26,IDLE
-0.004,0.025,1.019,0.551,-2.293,1.26,IDLE
-0.005,0.026,1.017,0.507,-2.336,1.251,IDLE
-0.004,0.026,1.017,0.56,-2.31,1.269,IDLE
-0.006,0.026,1.021,0.507,-2.345,1.242,IDLE
-0.001,0.026,1.013,0.534,-2.328,1.216,IDLE
-0.007,0.026,1.017,0.455,-2.371,1.225,IDLE
-0.003,0.025,1.018,0.621,-2.275,1.26,IDLE
-0.006,0.026,1.02,0.569,-2.336,1.216,IDLE
-0.002,0.026,1.016,0.525,-2.293,1.269,IDLE
-0.005,0.025,1.019,0.472,-2.345,1.251,IDLE
-0.004,0.025,1.016,0.516,-2.31,1.26,IDLE
-0.005,0.026,1.018,0.543,-2.301,1.26,IDLE
-0.005,0.025,1.018,0.543,-2.319,1.225,IDLE
-0.005,0.026,1.019,0.525,-2.336,1.251,IDLE
-0.004,0.026,1.018,0.525,-2.301,1.269,IDLE
-0.005,0.025,1.016,0.516,-2.328,1.26,IDLE
-0.004,0.026,1.018,0.507,-2.31,1.26,IDLE
-0.005,0.025,1.017,0.543,-2.336,1.242,IDLE
-0.005,0.026,1.018,0.472,-2.362,1.242,IDLE
-0.004,0.025,1.017,0.543,-2.301,1.216,IDLE
-0.004,0.026,1.018,0.507,-2.328,1.251,IDLE
-0.004,0.026,1.016,0.481,-2.336,1.278,IDLE
-0.005,0.026,1.018,0.507,-2.345,1.269,IDLE
-0.006,0.026,1.018,0.525,-2.31,1.251,IDLE
-0.004,0.026,1.017,0.49,-2.328,1.251,IDLE
-0.005,0.026,1.019,0.534,-2.328,1.242,IDLE
-0.004,0.025,1.018,0.543,-2.301,1.26,IDLE
-0.004,0.026,1.019,0.534,-2.328,1.269,IDLE
-0.005,0.025,1.017,0.543,-2.31,1.251,IDLE
-0.005,0.026,1.018,0.525,-2.328,1.225,IDLE
-0.004,0.026,1.018,0.56,-2.301,1.242,IDLE
-0.006,0.026,1.018,0.543,-2.31,1.278,IDLE
-0.004,0.025,1.017,0.534,-2.293,1.225,IDLE
-0.004,0.026,1.017,0.516,-2.336,1.234,IDLE
-0.006,0.026,1.016,0.516,-2.354,1.225,IDLE
-0.004,0.026,1.016,0.543,-2.319,1.26,IDLE
-0.004,0.027,1.019,0.543,-2.301,1.26,IDLE
-0.004,0.026,1.017,0.49,-2.345,1.26,IDLE
-0.006,0.025,1.017,0.56,-2.336,1.242,IDLE
-0.004,0.026,1.017,0.56,-2.31,1.225,IDLE
-0.004,0.026,1.018,0.577,-2.328,1.234,IDLE
-0.005,0.025,1.017,0.534,-2.345,1.234,IDLE
-0.005,0.026,1.018,0.534,-2.31,1.269,IDLE
-0.005,0.027,1.019,0.586,-2.328,1.26,IDLE
-0.004,0.026,1.017,0.543,-2.319,1.216,IDLE
-0.005,0.027,1.018,0.543,-2.345,1.251,IDLE
-0.004,0.026,1.017,0.551,-2.328,1.242,IDLE
-0.005,0.025,1.017,0.516,-2.354,1.26,IDLE
-0.005,0.026,1.019,0.516,-2.301,1.26,IDLE
-0.004,0.025,1.017,0.543,-2.336,1.295,IDLE
-0.005,0.026,1.019,0.613,-2.336,1.278,IDLE
-0.004,0.026,1.017,0.595,-2.319,1.216,IDLE
-0.005,0.026,1.018,0.499,-2.328,1.242,IDLE
-0.004,0.026,1.017,0.534,-2.328,1.269,IDLE
-0.005,0.026,1.016,0.56,-2.293,1.234,IDLE
-0.004,0.026,1.018,0.577,-2.284,1.286,IDLE
-0.005,0.025,1.018,0.534,-2.31,1.278,IDLE
-0.004,0.027,1.017,0.525,-2.319,1.251,IDLE
-0.005,0.026,1.018,0.499,-2.328,1.26,IDLE
-0.005,0.026,1.018,0.516,-2.31,1.234,IDLE
-0.005,0.026,1.017,0.464,-2.301,1.26,IDLE
-0.004,0.025,1.016,0.525,-2.336,1.225,IDLE
-0.005,0.026,1.019,0.534,-2.319,1.269,IDLE
-0.005,0.025,1.017,0.543,-2.31,1.278,IDLE
-0.005,0.026,1.018,0.534,-2.354,1.234,IDLE
-0.004,0.026,1.017,0.543,-2.301,1.225,IDLE
-0.005,0.025,1.017,0.507,-2.319,1.251,IDLE
-0.004,0.026,1.019,0.534,-2.362,1.278,IDLE
-0.004,0.025,1.017,0.472,-2.336,1.234,IDLE
-0.004,0.026,1.018,0.516,-2.31,1.234,IDLE
-0.004,0.025,1.015,0.507,-2.301,1.242,IDLE
-0.005,0.027,1.021,0.507,-2.328,1.269,IDLE
-0.004,0.026,1.017,0.499,-2.319,1.269,IDLE
-0.006,0.025,1.018,0.586,-2.328,1.251,IDLE
-0.003,0.027,1.017,0.516,-2.31,1.251,IDLE
-0.004,0.027,1.014,0.464,-2.31,1.286,IDLE
-0.003,0.026,1.018,0.525,-2.336,1.26,IDLE
-0.005,0.026,1.017,0.543,-2.284,1.269,IDLE
-0.006,0.027,1.017,0.56,-2.293,1.225,IDLE
-0.004,0.027,1.019,0.534,-2.319,1.225,IDLE
-0.005,0.027,1.023,0.569,-2.345,1.242,IDLE
-0.006,0.025,1.015,0.507,-2.31,1.286,IDLE
-0.005,0.026,1.019,0.551,-2.301,1.312,IDLE
-0.005,0.025,1.017,0.507,-2.328,1.234,IDLE
-0.004,0.026,1.02,0.525,-2.328,1.269,IDLE
-0.005,0.027,1.016,0.507,-2.328,1.269,IDLE
-0.005,0.026,1.019,0.534,-2.336,1.216,IDLE
-0.004,0.027,1.017,0.49,-2.31,1.26,IDLE
-0.005,0.026,1.018,0.569,-2.319,1.26,IDLE
-0.005,0.025,1.017,0.551,-2.31,1.269,IDLE
-0.004,0.025,1.019,0.534,-2.345,1.278,IDLE
-0.005,0.026,1.017,0.525,-2.328,1.269,IDLE
-0.004,0.026,1.019,0.481,-2.328,1.207,IDLE
-0.005,0.026,1.017,0.534,-2.345,1.234,IDLE
-0.005,0.027,1.019,0.534,-2.284,1.26,IDLE
-0.004,0.026,1.017,0.525,-2.336,1.295,IDLE
-0.004,0.026,1.018,0.56,-2.301,1.251,IDLE
-0.004,0.026,1.017,0.49,-2.31,1.26,IDLE
-0.005,0.026,1.018,0.569,-2.328,1.242,IDLE
-0.005,0.027,1.018,0.525,-2.336,1.269,IDLE
-0.005,0.025,1.017,0.525,-2.336,1.278,IDLE
-0.004,0.026,1.018,0.525,-2.293,1.234,IDLE
-0.005,0.026,1.018,0.534,-2.328,1.242,IDLE
-0.004,0.027,1.017,0.534,-2.319,1.278,IDLE
-0.005,0.026,1.018,0.516,-2.301,1.278,IDLE
-0.004,0.026,1.017,0.56,-2.293,1.26,IDLE
-0.005,0.025,1.017,0.525,-2.293,1.251,IDLE
-0.005,0.026,1.019,0.525,-2.336,1.269,IDLE
-0.003,0.026,1.014,0.516,-2.31,1.26,IDLE
-0.007,0.026,1.016,0.507,-2.38,1.251,IDLE
-0.003,0.025,1.017,0.586,-2.301,1.234,IDLE
-0.005,0.026,1.021,0.534,-2.336,1.242,IDLE
-0.005,0.026,1.016,0.543,-2.336,1.225,IDLE
-0.003,0.026,1.015,0.525,-2.284,1.242,IDLE
-0.007,0.026,1.016,0.446,-2.31,1.26,IDLE
-0.003,0.026,1.019,0.56,-2.284,1.234,IDLE
-0.006,0.025,1.017,0.499,-2.345,1.225,IDLE
-0.004,0.026,1.018,0.525,-2.345,1.234,IDLE
-0.005,0.026,1.016,0.525,-2.336,1.251,IDLE
-0.005,0.026,1.017,0.525,-2.301,1.225,IDLE
-0.004,0.026,1.017,0.507,-2.354,1.312,IDLE
-0.005,0.026,1.019,0.525,-2.275,1.242,IDLE
-0.004,0.027,1.017,0.543,-2.319,1.269,IDLE
-0.004,0.025,1.018,0.525,-2.328,1.278,IDLE
-0.005,0.026,1.018,0.499,-2.293,1.304,IDLE
-0.004,0.026,1.018,0.49,-2.284,1.312,IDLE
-0.005,0.025,1.018,0.543,-2.293,1.26,IDLE
-0.006,0.025,1.018,0.534,-2.275,1.278,IDLE
-0.004,0.026,1.017,0.49,-2.319,1.286,IDLE
-0.003,0.026,1.019,0.534,-2.328,1.304,IDLE
-0.004,0.027,1.017,0.551,-2.301,1.234,IDLE
-0.005,0.026,1.02,0.481,-2.31,1.234,IDLE
-0.002,0.026,1.02,0.516,-2.293,1.225,IDLE
-0.004,0.027,1.014,0.507,-2.319,1.251,IDLE
-0.004,0.027,1.017,0.507,-2.31,1.295,IDLE
-0.005,0.024,1.016,0.507,-2.336,1.286,IDLE
-0.005,0.028,1.021,0.674,-2.301,1.251,IDLE
-0.004,0.028,1.012,0.446,-2.354,1.207,IDLE
-0.004,0.026,1.019,0.507,-2.328,1.251,IDLE
-0.004,0.026,1.019,0.525,-2.328,1.269,IDLE
-0.005,0.026,1.017,0.525,-2.31,1.269,IDLE
-0.005,0.025,1.019,0.525,-2.328,1.225,IDLE
-0.003,0.026,1.018,0.525,-2.31,1.26,IDLE
-0.005,0.026,1.018,0.525,-2.293,1.251,IDLE
-0.005,0.026,1.017,0.534,-2.284,1.304,IDLE
-0.006,0.026,1.018,0.499,-2.301,1.26,IDLE
-0.003,0.026,1.016,0.499,-2.362,1.251,IDLE
-0.004,0.027,1.016,0.534,-2.336,1.286,IDLE
-0.004,0.026,1.019,0.499,-2.31,1.26,IDLE
-0.005,0.026,1.018,0.49,-2.328,1.251,IDLE
-0.005,0.025,1.017,0.525,-2.275,1.295,IDLE
-0.004,0.026,1.02,0.516,-2.345,1.26,IDLE
-0.004,0.026,1.016,0.481,-2.31,1.26,IDLE
-0.005,0.025,1.017,0.516,-2.301,1.234,IDLE
-0.004,0.026,1.018,0.551,-2.31,1.269,IDLE
-0.005,0.026,1.019,0.569,-2.275,1.251,IDLE
-0.005,0.026,1.017,0.577,-2.293,1.269,IDLE
-0.005,0.025,1.018,0.534,-2.293,1.251,IDLE
-0.004,0.025,1.018,0.56,-2.336,1.251,IDLE
-0.005,0.026,1.017,0.595,-2.31,1.251,IDLE
-0.004,0.026,1.019,0.534,-2.301,1.26,IDLE
-0.002,0.025,1.019,0.534,-2.319,1.304,IDLE
-0.006,0.025,1.019,0.543,-2.293,1.286,IDLE
-0.004,0.026,1.016,0.507,-2.31,1.225,IDLE
-0.004,0.026,1.019,0.551,-2.328,1.251,IDLE
-0.005,0.025,1.018,0.49,-2.328,1.234,IDLE
-0.005,0.026,1.018,0.577,-2.328,1.242,IDLE
-0.005,0.025,1.017,0.499,-2.328,1.26,IDLE
-0.004,0.026,1.018,0.586,-2.319,1.269,IDLE
-0.005,0.026,1.017,0.516,-2.345,1.269,IDLE
-0.005,0.026,1.016,0.569,-2.31,1.26,IDLE
-0.005,0.025,1.017,0.525,-2.31,1.278,IDLE
-0.005,0.025,1.018,0.551,-2.301,1.278,IDLE
-0.005,0.026,1.018,0.516,-2.31,1.242,IDLE
-0.005,0.026,1.019,0.507,-2.31,1.26,IDLE
-0.006,0.024,1.018,0.516,-2.345,1.225,IDLE
-0.005,0.027,1.02,0.543,-2.328,1.26,IDLE
-0.003,0.025,1.018,0.438,-2.328,1.278,IDLE
-0.005,0.026,1.016,0.464,-2.328,1.304,IDLE
-0.005,0.025,1.018,0.551,-2.345,1.26,IDLE
-0.005,0.026,1.018,0.586,-2.328,1.269,IDLE
-0.004,0.026,1.016,0.586,-2.301,1.269,IDLE
-0.004,0.027,1.017,0.543,-2.328,1.286,IDLE
-0.004,0.027,1.019,0.525,-2.336,1.26,IDLE
-0.005,0.026,1.018,0.516,-2.328,1.26,IDLE
-0.005,0.026,1.019,0.507,-2.345,1.225,IDLE
-0.005,0.026,1.017,0.516,-2.328,1.234,IDLE
-0.004,0.026,1.017,0.499,-2.328,1.26,IDLE
-0.004,0.026,1.018,0.499,-2.328,1.251,IDLE
-0.005,0.025,1.018,0.507,-2.301,1.225,IDLE
-0.003,0.027,1.018,0.49,-2.354,1.269,IDLE
-0.005,0.026,1.019,0.507,-2.31,1.242,IDLE
-0.004,0.026,1.016,0.525,-2.354,1.269,IDLE
-0.005,0.026,1.019,0.534,-2.301,1.26,IDLE
-0.003,0.026,1.018,0.472,-2.328,1.26,IDLE
-0.005,0.027,1.018,0.56,-2.301,1.251,IDLE
-0.005,0.026,1.018,0.525,-2.336,1.216,IDLE
-0.005,0.025,1.017,0.534,-2.319,1.251,IDLE
-0.004,0.026,1.019,0.516,-2.319,1.251,IDLE
-0.005,0.026,1.018,0.56,-2.319,1.286,IDLE
-0.004,0.026,1.02,0.525,-2.301,1.251,IDLE
-0.005,0.026,1.017,0.525,-2.319,1.225,IDLE
-0.005,0.026,1.018,0.534,-2.31,1.26,IDLE
-0.005,0.026,1.019,0.516,-2.284,1.278,IDLE
-0.005,0.026,1.017,0.49,-2.319,1.312,IDLE
-0.005,0.025,1.018,0.481,-2.345,1.26,IDLE
-0.005,0.026,1.017,0.438,-2.354,1.234,IDLE
-0.002,0.026,1.017,0.464,-2.328,1.26,IDLE
-0.005,0.026,1.018,0.595,-2.293,1.242,IDLE
-0.006,0.026,1.016,0.621,-2.257,1.242,IDLE
-0.005,0.027,1.019,0.577,-2.328,1.216,IDLE
-0.005,0.026,1.017,0.569,-2.293,1.286,IDLE
-0.004,0.026,1.018,0.534,-2.319,1.269,IDLE
-0.006,0.026,1.018,0.507,-2.301,1.312,IDLE
-0.006,0.025,1.018,0.56,-2.336,1.234,IDLE
-0.005,0.025,1.018,0.525,-2.284,1.251,IDLE
-0.004,0.026,1.019,0.534,-2.328,1.251,IDLE
-0.005,0.026,1.018,0.499,-2.31,1.234,IDLE
-0.004,0.026,1.018,0.507,-2.31,1.234,IDLE
-0.006,0.026,1.017,0.516,-2.362,1.278,IDLE
-0.004,0.027,1.018,0.551,-2.319,1.26,IDLE
-0.004,0.026,1.016,0.551,-2.345,1.269,IDLE
-0.004,0.026,1.016,0.577,-2.31,1.286,IDLE
-0.006,0.027,1.019,0.543,-2.301,1.251,IDLE
-0.004,0.025,1.016,0.604,-2.301,1.269,IDLE
-0.004,0.025,1.019,0.551,-2.301,1.304,IDLE
-0.004,0.025,1.017,0.534,-2.336,1.242,IDLE
-0.004,0.026,1.02,0.551,-2.284,1.26,IDLE
-0.005,0.026,1.017,0.49,-2.293,1.225,IDLE
-0.005,0.026,1.019,0.516,-2.345,1.225,IDLE
-0.005,0.026,1.018,0.499,-2.31,1.234,IDLE
-0.004,0.026,1.018,0.543,-2.284,1.269,IDLE
-0.006,0.027,1.017,0.569,-2.336,1.251,IDLE
-0.005,0.027,1.019,0.507,-2.31,1.242,IDLE
-0.004,0.026,1.018,0.577,-2.328,1.278,IDLE
-0.004,0.026,1.019,0.507,-2.319,1.278,IDLE
-0.005,0.026,1.017,0.525,-2.319,1.269,IDLE
-0.004,0.025,1.019,0.49,-2.319,1.26,IDLE
-0.005,0.026,1.018,0.56,-2.319,1.234,IDLE
-0.003,0.027,1.022,0.595,-2.301,1.234,IDLE
-0.005,0.027,1.016,0.472,-2.319,1.225,IDLE
-0.003,0.027,1.018,0.49,-2.345,1.251,IDLE
-0.008,0.024,1.013,0.394,-2.319,1.234,IDLE
-0.013,0.025,1.039,0.411,-2.389,1.19,IDLE
-0.01,0.02,1.02,0.079,-2.415,1.085,IDLE
0.001,0.032,1.011,-0.035,-2.459,0.884,IDLE
0.01,0.028,1.005,0.665,-2.345,1.934,IDLE
-0.034,0.013,1.019,0.333,-2.328,1.321,IDLE
-0.009,0.022,1.012,0.639,-2.362,1.138,IDLE
0.002,0.034,1.02,0.691,-2.336,1.085,IDLE
0.001,0.026,1.014,0.525,-2.319,1.286,IDLE
-0.004,0.026,1.022,0.543,-2.275,1.365,IDLE
-0.008,0.023,1.015,0.499,-2.345,1.295,IDLE
-0.006,0.026,1.019,0.683,-2.389,1.269,IDLE
-0.003,0.026,1.019,0.63,-2.345,1.225,IDLE
-0.006,0.026,1.02,0.507,-2.293,1.278,IDLE
-0.003,0.026,1.017,0.56,-2.328,1.26,IDLE
-0.004,0.026,1.019,0.516,-2.31,1.216,IDLE
-0.004,0.025,1.018,0.429,-2.301,1.242,IDLE
-0.002,0.025,1.016,0.481,-2.31,1.278,IDLE
-0.006,0.025,1.018,0.464,-2.328,1.26,IDLE
-0.006,0.025,1.017,0.49,-2.336,1.225,IDLE
-0.004,0.025,1.02,0.569,-2.301,1.234,IDLE
-0.003,0.025,1.014,0.586,-2.328,1.19,IDLE
-0.006,0.027,1.019,0.49,-2.319,1.225,IDLE
-0.003,0.025,1.018,0.586,-2.284,1.242,IDLE
-0.003,0.025,1.016,0.586,-2.336,1.242,IDLE
-0.018,0.016,1.021,0.534,-2.31,0.814,IDLE
-0.002,0.025,1.021,0.586,-2.336,1.234,IDLE
-0.003,0.025,1.015,0.472,-2.284,1.225,IDLE
-0.006,0.025,1.015,0.499,-2.354,1.269,IDLE
-0.004,0.026,1.018,0.56,-2.336,1.251,IDLE
-0.004,0.026,1.019,0.569,-2.31,1.278,IDLE
-0.005,0.026,1.018,0.56,-2.319,1.278,IDLE
-0.006,0.027,1.014,0.516,-2.319,1.26,IDLE
-0.004,0.026,1.022,0.429,-2.293,1.26,IDLE
-0.005,0.025,1.018,0.49,-2.301,1.312,IDLE
-0.006,0.026,1.017,0.551,-2.328,1.286,IDLE
-0.003,0.025,1.018,0.56,-2.336,1.295,IDLE
-0.004,0.026,1.017,0.639,-2.31,1.312,IDLE
-0.003,0.026,1.017,0.56,-2.284,1.295,IDLE
-0.005,0.026,1.02,0.499,-2.31,1.242,IDLE
-0.005,0.025,1.02,0.551,-2.319,1.269,IDLE
-0.003,0.026,1.016,0.56,-2.293,1.242,IDLE
-0.005,0.027,1.019,0.551,-2.293,1.269,IDLE
-0.005,0.026,1.017,0.464,-2.301,1.278,IDLE
-0.005,0.026,1.019,0.534,-2.319,1.26,IDLE
-0.004,0.025,1.019,0.534,-2.319,1.234,IDLE
-0.003,0.026,1.016,0.507,-2.354,1.251,IDLE
-0.005,0.026,1.018,0.516,-2.345,1.278,IDLE
-0.005,0.026,1.019,0.507,-2.328,1.26,IDLE
-0.003,0.025,1.014,0.569,-2.336,1.242,IDLE
-0.005,0.026,1.019,0.499,-2.293,1.26,IDLE
-0.004,0.026,1.017,0.543,-2.293,1.295,IDLE
-0.005,0.025,1.018,0.516,-2.31,1.242,IDLE
-0.003,0.026,1.02,0.516,-2.319,1.251,IDLE
-0.005,0.026,1.018,0.472,-2.293,1.269,IDLE
-0.005,0.026,1.018,0.429,-2.31,1.278,IDLE
-0.005,0.024,1.021,0.481,-2.336,1.312,IDLE
-0.003,0.025,1.013,0.551,-2.336,1.295,IDLE
-0.005,0.027,1.017,0.499,-2.345,1.251,IDLE
-0.003,0.026,1.02,0.56,-2.301,1.242,IDLE
-0.005,0.025,1.018,0.455,-2.319,1.269,IDLE
-0.005,0.026,1.018,0.438,-2.301,1.26,IDLE
-0.004,0.025,1.018,0.446,-2.319,1.26,IDLE
-0.008,0.024,1.017,0.455,-2.328,1.251,IDLE
-0.006,0.024,1.017,0.516,-2.354,1.216,IDLE
-0.003,0.028,1.018,0.499,-2.31,1.19,IDLE
-0.003,0.026,1.016,0.438,-2.362,1.26,IDLE
-0.005,0.026,1.019,0.394,-2.328,1.251,IDLE
-0.004,0.025,1.016,0.446,-2.284,1.295,IDLE
-0.004,0.024,1.016,0.472,-2.284,1.269,IDLE
-0.006,0.024,1.018,0.543,-2.345,1.26,IDLE
-0.004,0.026,1.018,0.586,-2.345,1.207,IDLE
0.001,0.028,1.019,0.551,-2.336,1.768,IDLE
0.009,0.04,1.017,0.507,-2.415,2.205,IDLE
-0.003,0.026,1.019,0.455,-2.345,4.629,IDLE
-0.052,-0.014,1.02,0.516,-2.266,4.209,IDLE
-0.007,0.025,1.013,0.464,-2.345,1.251,IDLE
-0.004,0.026,1.019,0.534,-2.328,1.207,IDLE
-0.004,0.024,1.018,0.569,-2.284,1.234,IDLE
-0.005,0.026,1.017,0.481,-2.301,1.295,IDLE
0,0.028,1.017,0.42,-2.301,1.225,IDLE
-0.007,0.024,1.02,0.551,-2.362,0.945,IDLE
-0.007,0.024,1.02,0.639,-2.336,1.12,IDLE
-0.005,0.024,1.017,0.56,-2.328,1.207,IDLE
0.001,0.027,1.014,0.534,-2.345,1.242,IDLE
-0.006,0.026,1.019,0.507,-2.362,1.225,IDLE
-0.003,0.025,1.017,0.472,-2.336,1.207,IDLE
-0.004,0.025,1.019,0.507,-2.319,1.242,IDLE
-0.004,0.025,1.018,0.507,-2.301,1.251,IDLE
-0.005,0.025,1.02,0.604,-2.319,1.234,IDLE
-0.002,0.026,1.018,0.543,-2.31,1.199,IDLE
-0.004,0.024,1.017,0.472,-2.284,1.26,IDLE
-0.001,0.03,1.02,0.499,-2.284,0.472,IDLE
0.01,0.035,1.016,0.551,-2.38,-0.271,IDLE
-0.03,0.001,1.017,0.595,-2.354,0.035,IDLE
0.021,0.047,1.017,0.621,-2.284,-3.176,IDLE
-0.004,0.027,1.02,0.499,-2.293,1.12,IDLE
-0.002,0.026,1.016,0.507,-2.284,1.225,IDLE
-0.006,0.024,1.016,0.709,-2.31,1.269,IDLE
-0.004,0.026,1.018,0.805,-2.249,1.242,IDLE
-0.007,0.026,1.025,0.455,-2.371,1.242,IDLE
0.001,0.025,1.013,0.674,-2.275,1.234,IDLE
-0.007,0.026,1.024,0.621,-2.293,1.304,IDLE
-0.003,0.026,1.018,0.499,-2.336,1.278,IDLE
-0.005,0.025,1.02,0.639,-2.328,1.251,IDLE
-0.007,0.025,1.023,0.577,-2.345,1.242,IDLE
-0.006,0.025,1.016,0.438,-2.354,1.234,IDLE
-0.006,0.026,1.017,0.595,-2.345,1.234,IDLE
-0.004,0.025,1.018,0.543,-2.275,1.234,IDLE
-0.003,0.026,1.019,0.577,-2.293,1.234,IDLE
-0.004,0.025,1.019,0.569,-2.301,1.278,IDLE
-0.004,0.025,1.019,0.534,-2.328,1.312,IDLE
-0.005,0.025,1.016,0.56,-2.362,1.26,IDLE
-0.005,0.026,1.019,0.516,-2.328,1.26,IDLE
-0.005,0.025,1.018,0.516,-2.328,1.234,IDLE
-0.004,0.025,1.018,0.49,-2.328,1.181,IDLE
-0.004,0.028,1.018,0.516,-2.336,1.207,IDLE
-0.004,0.026,1.017,0.446,-2.328,1.225,IDLE
-0.003,0.025,1.016,0.455,-2.301,1.278,IDLE
-0.004,0.025,1.02,0.621,-2.319,1.295,IDLE
-0.005,0.024,1.015,0.525,-2.284,1.278,IDLE
-0.006,0.025,1.02,0.656,-2.293,1.225,IDLE
-0.004,0.026,1.019,0.534,-2.319,1.216,IDLE
-0.004,0.028,1.026,0.411,-2.371,1.225,IDLE
-0.003,0.025,1.016,0.306,-2.371,1.269,IDLE
-0.008,0.024,1.016,0.35,-2.371,1.26,IDLE
-0.001,0.026,1.017,0.403,-2.345,1.242,IDLE
-0.003,0.027,1.017,0.507,-2.345,1.304,IDLE
-0.003,0.026,1.016,0.472,-2.319,1.347,IDLE
-0.006,0.025,1.017,0.499,-2.319,1.295,IDLE
-0.007,0.025,1.019,0.534,-2.336,1.278,IDLE
-0.004,0.025,1.018,0.551,-2.328,1.278,IDLE
-0.006,0.024,1.017,0.551,-2.328,1.286,IDLE
-0.001,0.024,1.014,0.726,-2.275,1.304,IDLE
-0.009,0.026,1.026,0.901,-2.231,1.286,IDLE
-0.003,0.023,1.011,0.42,-2.319,1.173,IDLE
-0.001,0.029,1.018,0.691,-2.319,1.199,IDLE
-0.003,0.024,1.019,0.543,-2.293,1.234,IDLE
-0.006,0.026,1.016,0.56,-2.336,1.26,IDLE
-0.005,0.025,1.017,0.595,-2.293,1.242,IDLE
-0.004,0.026,1.017,0.534,-2.284,1.278,IDLE
-0.003,0.026,1.018,0.621,-2.328,1.251,IDLE
-0.005,0.026,1.019,0.551,-2.31,1.321,IDLE
-0.005,0.025,1.017,0.516,-2.336,1.295,IDLE
-0.004,0.024,1.02,0.621,-2.275,1.251,IDLE
-0.005,0.025,1.018,0.525,-2.31,1.278,IDLE
-0.004,0.025,1.018,0.569,-2.336,1.26,IDLE
-0.005,0.025,1.018,0.543,-2.319,1.234,IDLE
-0.004,0.026,1.019,0.499,-2.336,1.269,IDLE
-0.004,0.026,1.016,0.516,-2.319,1.251,IDLE
-0.004,0.025,1.02,0.525,-2.328,1.304,IDLE
-0.005,0.025,1.018,0.543,-2.328,1.286,IDLE
-0.005,0.025,1.018,0.499,-2.293,1.207,IDLE
-0.004,0.027,1.02,0.499,-2.336,1.216,IDLE
-0.005,0.027,1.017,0.525,-2.328,1.304,IDLE
-0.003,0.027,1.019,0.49,-2.284,1.304,IDLE
-0.005,0.025,1.017,0.516,-2.31,1.278,IDLE
-0.005,0.026,1.019,0.56,-2.31,1.26,IDLE
-0.004,0.025,1.018,0.516,-2.284,1.295,IDLE
-0.007,0.025,1.019,0.525,-2.284,1.251,IDLE
-0.004,0.027,1.018,0.534,-2.284,1.199,IDLE
-0.003,0.027,1.017,0.499,-2.275,1.216,IDLE
-0.004,0.026,1.019,0.499,-2.345,1.286,IDLE
-0.005,0.025,1.017,0.507,-2.319,1.295,IDLE
-0.004,0.025,1.017,0.595,-2.328,1.242,IDLE
-0.002,0.025,1.019,0.613,-2.319,1.278,IDLE
-0.006,0.026,1.018,0.621,-2.336,1.234,IDLE
-0.005,0.028,1.02,0.543,-2.284,1.234,IDLE
-0.003,0.025,1.015,0.446,-2.319,1.278,IDLE
-0.004,0.026,1.018,0.551,-2.319,1.26,IDLE
-0.005,0.025,1.017,0.534,-2.293,1.286,IDLE
-0.005,0.026,1.017,0.525,-2.301,1.269,IDLE
-0.003,0.027,1.015,0.56,-2.293,1.242,IDLE
-0.005,0.027,1.021,0.551,-2.328,1.251,IDLE
-0.006,0.025,1.016,0.525,-2.301,1.251,IDLE
-0.004,0.025,1.018,0.551,-2.319,1.295,IDLE
-0.004,0.027,1.017,0.551,-2.301,1.242,IDLE
-0.004,0.025,1.018,0.543,-2.336,1.286,IDLE
-0.005,0.026,1.018,0.56,-2.293,1.269,IDLE
-0.004,0.026,1.017,0.525,-2.31,1.269,IDLE
-0.005,0.027,1.019,0.516,-2.301,1.269,IDLE
-0.002,0.026,1.016,0.577,-2.284,1.242,IDLE
-0.005,0.027,1.019,0.569,-2.319,1.312,IDLE
-0.006,0.026,1.02,0.551,-2.284,1.278,IDLE
-0.004,0.026,1.017,0.481,-2.345,1.26,IDLE
-0.005,0.025,1.017,0.551,-2.301,1.269,IDLE
-0.003,0.026,1.019,0.534,-2.301,1.234,IDLE
-0.009,0.023,1.015,0.516,-2.345,1.295,IDLE
-0.003,0.028,1.019,0.534,-2.336,1.286,IDLE
-0.004,0.026,1.018,0.516,-2.319,1.26,IDLE
-0.005,0.024,1.018,0.525,-2.31,1.269,IDLE
-0.004,0.026,1.019,0.507,-2.31,1.295,IDLE
-0.005,0.025,1.015,0.507,-2.328,1.251,IDLE
-0.005,0.027,1.028,0.551,-2.319,1.304,IDLE
-0.003,0.025,1.012,0.455,-2.328,1.304,IDLE
-0.004,0.026,1.018,0.551,-2.362,1.286,IDLE
-0.004,0.025,1.02,0.551,-2.284,1.269,IDLE
-0.005,0.027,1.018,0.481,-2.328,1.295,IDLE
-0.003,0.026,1.02,0.534,-2.345,1.295,IDLE
-0.005,0.025,1.017,0.525,-2.38,1.251,IDLE
-0.003,0.027,1.018,0.551,-2.31,1.278,IDLE
-0.004,0.026,1.017,0.499,-2.328,1.26,IDLE
-0.004,0.025,1.018,0.534,-2.31,1.278,IDLE
-0.004,0.026,1.018,0.49,-2.328,1.286,IDLE
-0.006,0.025,1.017,0.507,-2.328,1.312,IDLE
-0.003,0.026,1.018,0.481,-2.328,1.295,IDLE
-0.004,0.027,1.019,0.56,-2.336,1.278,IDLE
-0.007,0.026,1.02,0.516,-2.31,1.278,IDLE
-0.006,0.026,1.017,0.49,-2.336,1.251,IDLE
-0.005,0.024,1.017,0.613,-2.328,1.269,IDLE
-0.005,0.026,1.019,0.551,-2.345,1.207,IDLE
-0.004,0.026,1.016,0.569,-2.319,1.242,IDLE
-0.005,0.026,1.02,0.569,-2.319,1.234,IDLE
-0.001,0.025,1.016,0.621,-2.31,1.269,IDLE
-0.007,0.026,1.019,0.595,-2.31,1.295,IDLE
-0.006,0.026,1.019,0.499,-2.336,1.278,IDLE
-0.004,0.026,1.017,0.56,-2.328,1.26,IDLE
-0.004,0.026,1.02,0.543,-2.336,1.286,IDLE
-0.003,0.026,1.018,0.464,-2.319,1.278,IDLE
-0.006,0.025,1.016,0.569,-2.284,1.304,IDLE
-0.005,0.026,1.019,0.569,-2.354,1.295,IDLE
-0.003,0.026,1.016,0.551,-2.293,1.26,IDLE
-0.004,0.027,1.019,0.551,-2.293,1.269,IDLE
-0.004,0.026,1.015,0.604,-2.328,1.26,IDLE
-0.006,0.025,1.018,0.551,-2.328,1.295,IDLE
-0.003,0.026,1.019,0.595,-2.328,1.26,IDLE
-0.004,0.026,1.017,0.516,-2.319,1.251,IDLE
-0.004,0.026,1.019,0.621,-2.319,1.295,IDLE
-0.005,0.026,1.019,0.543,-2.319,1.269,IDLE
-0.004,0.027,1.017,0.525,-2.319,1.26,IDLE
-0.005,0.025,1.018,0.543,-2.293,1.26,IDLE
-0.003,0.026,1.018,0.551,-2.31,1.286,IDLE
-0.004,0.026,1.018,0.525,-2.328,1.251,IDLE
-0.004,0.026,1.018,0.595,-2.266,1.269,IDLE
-0.005,0.026,1.018,0.525,-2.31,1.286,IDLE
-0.004,0.026,1.018,0.516,-2.345,1.278,IDLE
-0.005,0.026,1.017,0.577,-2.336,1.251,IDLE
-0.004,0.027,1.02,0.525,-2.301,1.304,IDLE
-0.001,0.03,1.026,0.438,-2.319,1.374,IDLE
-0.011,0.025,1.028,0.044,-2.432,1.418,IDLE
-0.01,0.017,1.009,-0.262,-2.511,1.19,IDLE
0.012,0.033,1.008,0.56,-2.275,1.251,IDLE
-0.012,0.025,1.029,0.42,-2.31,1.347,IDLE
-0.004,0.023,1.009,0.525,-2.336,1.225,IDLE
-0.006,0.02,1.02,0.49,-2.319,2.931,IDLE
0,0.064,1.014,0.438,-2.161,0.63,IDLE
-0.003,0.028,1.02,0.569,-2.328,1.26,IDLE
-0.008,0.025,1.018,0.499,-2.362,1.339,IDLE
-0.005,0.025,1.019,0.534,-2.31,1.286,IDLE
-0.005,0.025,1.017,0.481,-2.336,1.242,IDLE
-0.005,0.024,1.016,0.516,-2.328,1.216,IDLE
-0.006,0.025,1.02,0.551,-2.319,1.181,IDLE
-0.001,0.027,1.017,0.516,-2.301,1.19,IDLE
-0.006,0.025,1.017,0.507,-2.319,1.234,IDLE
-0.005,0.025,1.018,0.472,-2.31,1.242,IDLE
-0.004,0.026,1.019,0.577,-2.301,1.26,IDLE
-0.004,0.024,1.014,0.525,-2.328,1.225,IDLE
-0.004,0.026,1.016,0.595,-2.266,1.278,IDLE
-0.002,0.024,1.014,0.647,-2.293,1.251,IDLE
-0.007,0.026,1.02,0.665,-2.275,1.26,IDLE
-0.005,0.026,1.017,0.411,-2.328,1.278,IDLE
-0.003,0.025,1.014,0.604,-2.284,1.26,IDLE
-0.005,0.025,1.019,0.665,-2.266,1.26,IDLE
-0.006,0.025,1.017,0.543,-2.319,1.304,IDLE
-0.005,0.024,1.016,0.63,-2.284,1.225,IDLE
-0.003,0.025,1.019,0.647,-2.319,1.251,IDLE
-0.005,0.027,1.019,0.569,-2.336,1.216,IDLE
-0.005,0.026,1.018,0.516,-2.301,1.26,IDLE
-0.006,0.025,1.018,0.577,-2.301,1.242,IDLE
-0.005,0.026,1.018,0.525,-2.266,1.278,IDLE
-0.004,0.024,1.015,0.551,-2.301,1.26,IDLE
-0.007,0.026,1.017,0.472,-2.336,1.295,IDLE
-0.004,0.027,1.02,0.56,-2.284,1.251,IDLE
-0.006,0.026,1.015,0.683,-2.275,1.242,IDLE
-0.004,0.026,1.023,0.674,-2.319,1.225,IDLE
-0.003,0.025,1.016,0.49,-2.336,1.207,IDLE
-0.007,0.025,1.02,0.525,-2.354,1.269,IDLE
-0.004,0.026,1.016,0.507,-2.275,1.278,IDLE
-0.004,0.027,1.017,0.516,-2.319,1.269,IDLE
-0.005,0.025,1.017,0.499,-2.31,1.304,IDLE
-0.005,0.027,1.019,0.455,-2.293,1.269,IDLE
-0.005,0.026,1.018,0.464,-2.275,1.269,IDLE
-0.004,0.026,1.017,0.516,-2.319,1.286,IDLE
-0.005,0.025,1.015,0.543,-2.328,1.234,IDLE
-0.004,0.026,1.019,0.534,-2.345,1.269,IDLE
-0.004,0.026,1.016,0.499,-2.319,1.295,IDLE
-0.004,0.026,1.019,0.551,-2.328,1.216,IDLE
-0.004,0.025,1.018,0.499,-2.284,1.278,IDLE
-0.004,0.026,1.016,0.543,-2.328,1.251,IDLE
-0.006,0.026,1.019,0.543,-2.328,1.26,IDLE
-0.004,0.025,1.016,0.472,-2.31,1.234,IDLE
-0.004,0.026,1.019,0.551,-2.293,1.242,IDLE
-0.004,0.026,1.019,0.516,-2.284,1.242,IDLE
-0.006,0.025,1.019,0.525,-2.301,1.242,IDLE
-0.004,0.025,1.016,0.49,-2.293,1.312,IDLE
-0.005,0.026,1.017,0.516,-2.319,1.312,IDLE
-0.004,0.026,1.022,0.49,-2.328,1.278,IDLE
-0.005,0.026,1.018,0.429,-2.328,1.251,IDLE
-0.003,0.026,1.018,0.49,-2.31,1.26,IDLE
-0.005,0.025,1.018,0.455,-2.301,1.269,IDLE
-0.005,0.025,1.017,0.507,-2.319,1.225,IDLE
-0.005,0.025,1.018,0.586,-2.266,1.234,IDLE
-0.003,0.026,1.016,0.543,-2.336,1.251,IDLE
-0.004,0.026,1.018,0.534,-2.328,1.26,IDLE
-0.004,0.025,1.018,0.472,-2.319,1.278,IDLE
-0.005,0.025,1.017,0.534,-2.328,1.26,IDLE
-0.005,0.025,1.018,0.577,-2.293,1.278,IDLE
-0.004,0.025,1.017,0.543,-2.328,1.242,IDLE
-0.004,0.025,1.02,0.551,-2.328,1.278,IDLE
-0.006,0.026,1.017,0.56,-2.31,1.278,IDLE
-0.004,0.026,1.017,0.569,-2.31,1.295,IDLE
-0.004,0.025,1.018,0.534,-2.31,1.286,IDLE
-0.004,0.026,1.015,0.595,-2.345,1.26,IDLE
-0.006,0.026,1.019,0.534,-2.31,1.269,IDLE
-0.004,0.025,1.019,0.586,-2.328,1.269,IDLE
-0.004,0.026,1.018,0.507,-2.328,1.26,IDLE
-0.004,0.026,1.017,0.534,-2.31,1.286,IDLE
-0.005,0.026,1.019,0.613,-2.31,1.269,IDLE
-0.004,0.025,1.015,0.543,-2.31,1.286,IDLE
-0.004,0.025,1.019,0.516,-2.31,1.286,IDLE
-0.004,0.028,1.018,0.49,-2.31,1.312,IDLE
-0.004,0.025,1.02,0.499,-2.31,1.295,IDLE
-0.004,0.027,1.021,0.464,-2.345,1.225,IDLE
-0.004,0.025,1.017,0.455,-2.319,1.225,IDLE
-0.006,0.025,1.02,0.429,-2.328,1.251,IDLE
-0.005,0.024,1.016,0.499,-2.301,1.19,IDLE
-0.005,0.024,1.018,0.543,-2.345,1.19,IDLE
-0.004,0.025,1.017,0.499,-2.328,1.181,IDLE
-0.005,0.025,1.018,0.525,-2.31,1.225,IDLE
-0.005,0.024,1.019,0.516,-2.284,1.19,IDLE
-0.004,0.025,1.017,0.499,-2.328,1.216,IDLE
-0.004,0.024,1.017,0.525,-2.328,1.216,IDLE
-0.004,0.025,1.019,0.604,-2.284,1.164,IDLE
-0.006,0.025,1.019,0.595,-2.319,1.19,IDLE
-0.004,0.025,1.018,0.613,-2.31,1.164,IDLE
-0.004,0.026,1.018,0.577,-2.301,1.181,IDLE
-0.005,0.026,1.018,0.534,-2.328,1.216,IDLE
-0.005,0.025,1.017,0.472,-2.31,1.207,IDLE
-0.004,0.026,1.019,0.516,-2.301,1.146,IDLE
-0.004,0.024,1.018,0.481,-2.301,1.19,IDLE
-0.005,0.025,1.018,0.472,-2.354,1.19,IDLE
-0.005,0.025,1.019,0.49,-2.31,1.181,IDLE
-0.005,0.025,1.018,0.49,-2.319,1.138,IDLE
-0.003,0.024,1.017,0.438,-2.328,1.207,IDLE
-0.006,0.024,1.018,0.543,-2.293,1.19,IDLE
-0.005,0.025,1.017,0.534,-2.301,1.146,IDLE
-0.005,0.025,1.018,0.551,-2.345,1.164,IDLE
-0.004,0.024,1.018,0.56,-2.319,1.19,IDLE
-0.005,0.025,1.018,0.543,-2.301,1.181,IDLE
-0.004,0.025,1.018,0.586,-2.328,1.155,IDLE
-0.005,0.025,1.019,0.516,-2.319,1.164,IDLE
-0.005,0.025,1.018,0.49,-2.31,1.216,IDLE
-0.005,0.024,1.017,0.438,-2.345,1.173,IDLE
-0.005,0.025,1.019,0.534,-2.31,1.129,IDLE
-0.004,0.024,1.017,0.525,-2.345,1.155,IDLE
-0.004,0.024,1.018,0.49,-2.31,1.164,IDLE
-0.005,0.025,1.019,0.507,-2.328,1.146,IDLE
-0.005,0.024,1.016,0.472,-2.293,1.155,IDLE
-0.004,0.025,1.017,0.516,-2.284,1.199,IDLE
-0.005,0.025,1.02,0.551,-2.319,1.19,IDLE
-0.005,0.025,1.019,0.481,-2.301,1.181,IDLE
-0.005,0.025,1.017,0.499,-2.31,1.155,IDLE
-0.005,0.024,1.018,0.499,-2.336,1.199,IDLE
-0.005,0.025,1.018,0.543,-2.328,1.155,IDLE
-0.005,0.025,1.016,0.569,-2.31,1.181,IDLE
-0.005,0.025,1.018,0.49,-2.328,1.19,IDLE
-0.005,0.025,1.017,0.516,-2.293,1.164,IDLE
-0.005,0.025,1.019,0.525,-2.319,1.164,IDLE
-0.005,0.025,1.016,0.516,-2.319,1.138,IDLE
-0.005,0.025,1.019,0.543,-2.319,1.164,IDLE
-0.005,0.025,1.019,0.464,-2.319,1.138,IDLE
-0.005,0.026,1.021,0.411,-2.188,1.19,IDLE
-0.004,0.023,1.016,-0.018,-2.004,1.146,IDLE
-0.007,0.023,1.019,0.42,-2.179,1.19,IDLE
-0.005,0.026,1.019,-0.114,-1.942,1.129,IDLE
-0.006,0.023,1.016,-0.621,-1.584,1.129,IDLE
-0.005,0.024,1.019,0.096,-2.047,1.19,IDLE
-0.007,0.023,1.017,0.42,-2.293,1.146,IDLE
-0.004,0.024,1.017,0.639,-2.38,1.146,IDLE
-0.006,0.023,1.019,0.621,-2.328,1.102,IDLE
-0.007,0.023,1.015,1.111,-2.695,1.155,IDLE
-0.006,0.025,1.021,0.866,-2.537,1.138,IDLE
-0.005,0.025,1.016,0.376,-2.249,1.138,IDLE
-0.006,0.024,1.019,0.315,-2.161,1.164,IDLE
-0.007,0.024,1.016,0.464,-2.266,1.146,IDLE
-0.007,0.022,1.017,0.639,-2.38,1.129,IDLE
-0.005,0.025,1.019,0.901,-2.555,1.19,IDLE
-0.006,0.022,1.018,0.149,-2.056,1.12,IDLE
-0.006,0.023,1.017,0.394,-2.214,1.181,IDLE
-0.005,0.023,1.018,0.586,-2.354,1.173,IDLE
-0.006,0.023,1.019,0.446,-2.249,1.138,IDLE
-0.005,0.024,1.019,0.324,-2.179,1.155,IDLE
-0.005,0.022,1.017,0.551,-2.319,1.138,IDLE
-0.006,0.024,1.017,0.998,-2.608,1.181,IDLE
-0.005,0.024,1.017,0.892,-2.537,1.164,IDLE
-0.005,0.025,1.021,0.123,-2.056,1.181,IDLE
-0.005,0.024,1.016,-0.262,-1.872,1.181,IDLE
-0.007,0.021,1.017,-0.595,-1.592,1.164,IDLE
-0.006,0.022,1.02,-0.385,-1.759,1.173,IDLE
-0.006,0.024,1.02,0.359,-2.24,1.146,IDLE
-0.006,0.022,1.017,0.07,-2.039,1.225,IDLE
-0.008,0.022,1.018,0.604,-2.406,1.199,IDLE
-0.006,0.022,1.016,0.945,-2.581,1.199,IDLE
-0.007,0.021,1.017,1.015,-2.625,1.225,IDLE
-0.006,0.023,1.02,1.225,-2.695,1.216,IDLE
-0.008,0.022,1.017,1.523,-2.94,1.26,IDLE
-0.006,0.023,1.017,1.514,-2.94,1.19,IDLE
-0.004,0.025,1.019,0.884,-2.503,1.173,IDLE
-0.005,0.025,1.019,1.173,-2.642,1.173,IDLE
-0.006,0.023,1.016,0.919,-2.634,1.181,IDLE
-0.005,0.024,1.019,0.91,-2.572,1.199,IDLE
-0.005,0.025,1.017,0.551,-2.266,1.234,IDLE
-0.004,0.025,1.019,-0.096,-1.872,1.207,IDLE
-0.005,0.026,1.019,-0.394,-1.75,1.251,IDLE
-0.005,0.025,1.019,-0.28,-1.785,1.234,IDLE
-0.007,0.021,1.015,0.507,-2.345,1.242,IDLE
-0.007,0.023,1.017,1.181,-2.686,1.199,IDLE
-0.005,0.025,1.018,1.899,-3.185,1.234,IDLE
-0.005,0.025,1.016,0.954,-2.572,1.207,IDLE
-0.005,0.025,1.018,0.481,-2.249,1.216,IDLE
-0.005,0.024,1.017,0.91,-2.546,1.242,IDLE
-0.005,0.025,1.02,0.866,-2.511,1.216,IDLE
-0.005,0.025,1.019,0.639,-2.362,1.216,IDLE
-0.004,0.025,1.019,-0.087,-1.969,1.251,IDLE
-0.007,0.024,1.016,-0.087,-1.977,1.234,IDLE
-0.005,0.024,1.017,0,-1.977,1.234,IDLE
-0.006,0.025,1.02,0.14,-2.135,1.242,IDLE
-0.006,0.023,1.016,0.201,-2.126,1.26,IDLE
-0.006,0.022,1.017,0.604,-2.345,1.269,IDLE
-0.007,0.022,1.014,1.234,-2.747,1.251,IDLE
-0.005,0.025,1.02,2.608,-3.588,1.216,IDLE
-0.003,0.026,1.018,0.534,-2.336,1.19,IDLE
-0.005,0.025,1.018,0.49,-2.284,1.234,IDLE
-0.006,0.024,1.017,-0.525,-1.663,1.234,IDLE
-0.006,0.023,1.016,-0.018,-1.951,1.225,IDLE
-0.005,0.024,1.018,0.752,-2.459,1.216,IDLE
-0.005,0.024,1.016,1.225,-2.747,1.234,IDLE
-0.004,0.027,1.022,0.691,-2.441,1.225,IDLE
-0.005,0.026,1.018,-0.656,-1.592,1.216,IDLE
-0.006,0.023,1.017,-0.788,-1.523,1.199,IDLE
-0.007,0.023,1.017,0.052,-2.021,1.225,IDLE
-0.006,0.024,1.019,0.726,-2.459,1.225,IDLE
-0.005,0.025,1.019,0.481,-2.301,1.234,IDLE
-0.006,0.022,1.017,0.009,-2.004,1.251,IDLE
-0.008,0.02,1.015,0.446,-2.669,1.216,IDLE
-0.006,0.025,1.02,0.7,-2.45,1.207,IDLE
-0.006,0.022,1.017,0.271,-2.196,1.173,IDLE
-0.006,0.023,1.018,0.752,-2.424,1.234,IDLE
-0.005,0.023,1.018,0.788,-2.476,1.242,IDLE
-0.006,0.024,1.018,0.691,-2.406,1.181,IDLE
-0.006,0.023,1.017,0.709,-2.424,1.199,IDLE
-0.006,0.024,1.017,1.024,-2.642,1.207,IDLE
-0.006,0.025,1.02,0.962,-2.555,1.216,IDLE
-0.005,0.024,1.019,0.656,-2.398,1.181,IDLE
-0.005,0.025,1.019,0.411,-2.257,1.199,IDLE
-0.005,0.024,1.018,0.761,-2.45,1.216,IDLE
-0.004,0.025,1.019,0.455,-2.284,1.19,IDLE
-0.006,0.024,1.019,0.324,-2.179,1.199,IDLE
-0.006,0.023,1.017,0.315,-2.161,1.251,IDLE
-0.006,0.024,1.018,0.534,-2.31,1.199,IDLE
-0.003,0.025,1.018,0.228,-2.118,1.234,IDLE
-0.006,0.023,1.019,0.245,-2.161,1.242,IDLE
-0.005,0.024,1.018,0.551,-2.293,1.225,IDLE
-0.006,0.024,1.018,0.656,-2.424,1.225,IDLE
-0.005,0.024,1.019,0.35,-2.196,1.216,IDLE
-0.006,0.024,1.018,0.42,-2.275,1.251,IDLE
-0.005,0.023,1.018,0.98,-2.642,1.216,IDLE
-0.005,0.024,1.017,1.321,-2.756,1.207,IDLE
-0.006,0.024,1.018,1.426,-2.835,1.207,IDLE
-0.005,0.025,1.017,0.717,-2.485,1.26,IDLE
-0.004,0.026,1.018,-0.271,-1.811,1.225,IDLE
-0.006,0.023,1.017,0.044,-1.995,1.225,IDLE
-0.006,0.023,1.018,0.534,-2.354,1.278,IDLE
-0.006,0.026,1.019,0.998,-2.625,1.199,IDLE
-0.005,0.025,1.018,0.184,-2.118,1.242,IDLE
-0.005,0.024,1.018,-0.131,-1.908,1.251,IDLE
-0.008,0.023,1.017,-0.018,-1.995,1.26,IDLE
-0.006,0.024,1.018,0.262,-2.126,1.199,IDLE
-0.006,0.024,1.019,0.919,-2.616,1.242,IDLE
-0.006,0.024,1.017,1.138,-2.695,1.225,IDLE
-0.006,0.025,1.017,1.347,-2.818,1.269,IDLE
-0.004,0.025,1.019,1.164,-2.747,1.269,IDLE
-0.004,0.028,1.021,1.059,-2.625,1.251,IDLE
-0.005,0.025,1.02,0.516,-2.336,1.26,IDLE
-0.006,0.025,1.018,0.499,-2.328,1.251,IDLE
-0.004,0.025,1.018,0.385,-2.205,1.242,IDLE
-0.005,0.025,1.018,0.044,-2.03,1.225,IDLE
-0.005,0.025,1.016,-0.052,-1.916,1.251,IDLE
-0.005,0.025,1.019,0.429,-2.249,1.242,IDLE
-0.005,0.025,1.018,0.683,-2.389,1.269,IDLE
-0.006,0.025,1.018,0.061,-2.013,1.251,IDLE
-0.006,0.023,1.018,0.333,-2.17,1.234,IDLE
-0.006,0.024,1.017,0.962,-2.581,1.251,IDLE
-0.005,0.025,1.019,1.015,-2.555,1.251,IDLE
-0.005,0.024,1.017,0.411,-2.205,1.242,IDLE
-0.005,0.024,1.017,0.647,-2.398,1.225,IDLE
-0.005,0.025,1.018,0.665,-2.389,1.286,IDLE
-0.005,0.025,1.019,0.464,-2.301,1.242,IDLE
-0.005,0.025,1.017,-0.009,-1.977,1.19,IDLE
-0.005,0.023,1.016,0.166,-2.082,1.269,IDLE
-0.006,0.024,1.016,0.892,-2.494,1.207,IDLE
-0.005,0.025,1.018,1.33,-2.818,1.199,IDLE
-0.004,0.026,1.018,0.892,-2.546,1.19,IDLE
-0.005,0.024,1.019,0.577,-2.362,1.181,IDLE
-0.005,0.026,1.018,0.499,-2.336,1.225,IDLE
-0.005,0.025,1.019,0.271,-2.152,1.207,IDLE
-0.005,0.024,1.016,0.455,-2.257,1.225,IDLE
-0.005,0.025,1.019,0.49,-2.257,1.242,IDLE
-0.004,0.024,1.018,0.376,-2.188,1.251,IDLE
-0.006,0.025,1.018,0.166,-2.091,1.19,IDLE
-0.004,0.024,1.02,0.219,-1.977,1.216,IDLE
-0.006,0.023,1.018,-0.28,-1.837,1.207,IDLE
-0.007,0.023,1.019,0.359,-2.152,1.181,IDLE
-0.005,0.024,1.018,0.63,-2.38,1.225,IDLE
-0.005,0.024,1.018,0.21,-2.135,1.242,IDLE
-0.006,0.023,1.018,0.175,-2.109,1.242,IDLE
-0.005,0.024,1.019,0.254,-2.135,1.19,IDLE
-0.006,0.023,1.018,0.192,-2.118,1.225,IDLE
-0.006,0.023,1.018,0.341,-2.214,1.199,IDLE
-0.005,0.024,1.019,0.306,-2.231,1.225,IDLE
-0.007,0.022,1.015,0.306,-2.188,1.216,IDLE
-0.006,0.023,1.019,0.56,-2.31,1.164,IDLE
-0.004,0.024,1.018,0.14,-2.091,1.164,IDLE
-0.006,0.023,1.019,-0.569,-1.671,1.225,IDLE
-0.007,0.021,1.018,-0.481,-1.706,1.19,IDLE
-0.008,0.02,1.016,0.324,-2.188,1.199,IDLE
-0.007,0.022,1.018,1.041,-2.642,1.216,IDLE
-0.005,0.023,1.018,0.595,-2.398,1.181,IDLE
-0.007,0.022,1.019,0.429,-2.223,1.216,IDLE
-0.006,0.022,1.019,0.105,-2.074,1.216,IDLE
-0.007,0.021,1.018,-0.201,-1.89,1.199,IDLE
-0.007,0.022,1.018,-0.306,-1.811,1.164,IDLE
-0.008,0.022,1.019,-0.079,-1.951,1.173,IDLE
-0.007,0.022,1.018,-0.262,-1.829,1.234,IDLE
-0.009,0.019,1.017,-0.551,-1.628,1.199,IDLE
-0.008,0.02,1.018,0.07,-2.004,1.173,IDLE
-0.007,0.021,1.021,0.481,-2.301,1.173,IDLE
-0.007,0.02,1.017,0,-2.004,1.216,IDLE
-0.009,0.018,1.017,0.044,-2.013,1.207,IDLE
-0.007,0.021,1.02,0.788,-2.459,1.225,IDLE
-0.01,0.02,1.016,0.586,-2.415,1.207,IDLE
-0.008,0.02,1.017,0.613,-2.38,1.199,IDLE
-0.009,0.02,1.021,0.42,-2.223,1.216,IDLE
-0.008,0.019,1.018,0.665,-2.371,1.216,IDLE
-0.009,0.019,1.018,0.341,-2.214,1.234,IDLE
-0.009,0.019,1.015,0.647,-2.432,1.225,IDLE
-0.008,0.02,1.018,0.814,-2.45,1.234,IDLE
-0.007,0.02,1.019,0.577,-2.275,1.164,IDLE
-0.009,0.019,1.017,0.175,-2.056,1.181,IDLE
-0.009,0.019,1.018,0.525,-2.336,1.216,IDLE
-0.009,0.019,1.017,0.849,-2.529,1.225,IDLE
-0.008,0.02,1.02,1.059,-2.599,1.225,IDLE
-0.007,0.021,1.016,1.102,-2.625,1.19,IDLE
-0.009,0.019,1.019,1.365,-2.756,1.242,IDLE
-0.006,0.022,1.018,1.505,-2.922,1.216,IDLE
-0.008,0.021,1.02,0.429,-2.205,1.234,IDLE
-0.008,0.021,1.019,0.691,-2.398,1.207,IDLE
-0.007,0.022,1.018,0.858,-2.52,1.19,IDLE
-0.006,0.022,1.017,0.079,-1.977,1.216,IDLE
-0.009,0.02,1.017,-0.035,-1.951,1.207,IDLE
-0.007,0.02,1.018,0.403,-2.231,1.181,IDLE
-0.008,0.022,1.019,1.242,-2.8,1.207,IDLE
-0.008,0.019,1.014,0.831,-2.503,1.234,IDLE
-0.008,0.02,1.016,1.68,-3.027,1.207,IDLE
-0.008,0.022,1.017,2.004,-3.22,1.19,IDLE
-0.004,0.024,1.018,1.558,-2.975,1.19,IDLE
-0.007,0.024,1.021,0.192,-2.021,1.19,IDLE
-0.008,0.021,1.016,0.087,-2.056,1.242,IDLE
-0.009,0.02,1.013,0.875,-2.931,1.234,IDLE
-0.005,0.023,1.018,0.472,-2.293,1.216,IDLE
-0.006,0.022,1.017,-0.07,-1.89,1.234,IDLE
-0.007,0.023,1.019,0.341,-2.196,1.216,IDLE
-0.007,0.023,1.018,0.613,-2.362,1.207,IDLE
-0.007,0.022,1.017,-0.131,-1.925,1.216,IDLE
-0.008,0.02,1.016,0.306,-2.144,1.207,IDLE
-0.007,0.021,1.017,0.91,-2.616,1.216,IDLE
-0.006,0.023,1.019,1.181,-2.73,1.207,IDLE
-0.006,0.024,1.019,0.499,-2.319,1.173,IDLE
-0.007,0.022,1.018,0.236,-2.161,1.234,IDLE
-0.007,0.022,1.018,0.35,-2.214,1.242,IDLE
-0.006,0.022,1.018,0.429,-2.24,1.207,IDLE
-0.006,0.022,1.019,0.385,-2.231,1.286,IDLE
-0.007,0.022,1.017,0.613,-2.38,1.278,IDLE
-0.007,0.023,1.018,0.954,-2.581,1.251,IDLE
-0.005,0.023,1.017,1.076,-2.651,1.216,IDLE
-0.005,0.023,1.021,0.647,-2.371,1.207,IDLE
-0.006,0.023,1.018,0.341,-2.179,1.26,IDLE
-0.007,0.023,1.018,0.49,-2.319,1.234,IDLE
-0.004,0.024,1.019,0.324,-2.188,1.216,IDLE
-0.008,0.02,1.017,-0.7,-1.496,1.19,IDLE
-0.007,0.021,1.016,0.49,-2.345,1.19,IDLE
-0.008,0.021,1.018,0.945,-2.581,1.164,IDLE
-0.008,0.022,1.017,0.735,-2.424,1.19,IDLE
-0.007,0.022,1.019,0.14,-2.082,1.181,IDLE
-0.008,0.021,1.016,0.262,-2.161,1.225,IDLE
-0.007,0.022,1.019,0.472,-2.301,1.216,IDLE
-0.007,0.021,1.018,0.306,-2.188,1.216,IDLE
-0.006,0.022,1.02,0.289,-2.188,1.251,IDLE
-0.007,0.022,1.018,0.411,-2.266,1.19,IDLE
-0.008,0.022,1.018,0.543,-2.301,1.312,IDLE
-0.006,0.022,1.017,0.534,-2.319,1.278,IDLE
-0.007,0.021,1.019,0.201,-2.1,1.304,IDLE
-0.007,0.019,1.017,-0.228,-1.811,1.225,IDLE
-0.008,0.018,1.016,0.507,-2.275,1.207,IDLE
-0.007,0.022,1.018,1.19,-2.721,1.234,IDLE
-0.007,0.022,1.02,0.884,-2.494,1.207,IDLE
-0.007,0.022,1.018,0.56,-2.319,1.173,IDLE
-0.007,0.021,1.018,0.656,-2.398,1.216,IDLE
-0.007,0.023,1.017,0.394,-2.266,1.19,IDLE
-0.007,0.021,1.017,0.026,-1.986,1.234,IDLE
-0.008,0.019,1.017,0.831,-2.467,1.19,IDLE
-0.008,0.022,1.018,1.26,-2.809,1.19,IDLE
-0.008,0.021,1.017,1.085,-2.66,1.225,IDLE
-0.006,0.022,1.017,0.324,-2.196,1.216,IDLE
-0.006,0.022,1.02,0,-1.925,1.199,IDLE
-0.007,0.021,1.015,0.035,-2.004,1.242,IDLE
-0.006,0.022,1.018,0.403,-2.188,1.173,IDLE
-0.008,0.02,1.018,0.21,-2.152,1.225,IDLE
-0.008,0.021,1.019,0.298,-2.17,1.199,IDLE
-0.007,0.021,1.017,0.324,-2.196,1.216,IDLE
-0.006,0.022,1.019,-0.192,-1.855,1.242,IDLE
-0.007,0.02,1.019,0.131,-2.047,1.199,IDLE
-0.007,0.02,1.018,-0.009,-2.021,1.207,IDLE
-0.009,0.02,1.019,0.665,-2.415,1.234,IDLE
-0.008,0.02,1.019,0.77,-2.52,1.216,IDLE
-0.008,0.021,1.016,0.201,-2.135,1.26,IDLE
-0.008,0.019,1.017,0.411,-2.223,1.216,IDLE
-0.008,0.019,1.017,-0.166,-1.864,1.216,IDLE
-0.009,0.019,1.017,0.07,-2.056,1.173,IDLE
-0.008,0.02,1.016,0.455,-2.249,1.225,IDLE
-0.009,0.02,1.018,0.761,-2.511,1.199,IDLE
-0.008,0.02,1.018,0.166,-2.1,1.19,IDLE
-0.009,0.019,1.017,-0.07,-1.934,1.234,IDLE
-0.011,0.017,1.015,-0.07,-1.96,1.216,IDLE
-0.008,0.019,1.019,0.604,-2.38,1.19,IDLE
-0.008,0.019,1.018,0.516,-2.275,1.225,IDLE
-0.008,0.02,1.017,0.192,-2.126,1.199,IDLE
-0.009,0.015,1.015,-0.079,-1.96,1.19,IDLE
-0.009,0.019,1.019,0.507,-2.293,1.199,IDLE
-0.01,0.018,1.019,0.551,-2.266,1.216,IDLE
-0.01,0.018,1.017,0.499,-2.31,1.225,IDLE
-0.008,0.018,1.018,0.56,-2.301,1.164,IDLE
-0.009,0.019,1.019,0.455,-2.301,1.19,IDLE
-0.009,0.018,1.02,0.464,-2.319,1.225,IDLE
-0.008,0.018,1.017,0.507,-2.301,1.216,IDLE
-0.008,0.018,1.018,0.543,-2.293,1.216,IDLE
-0.009,0.019,1.018,0.516,-2.345,1.207,IDLE
-0.008,0.018,1.017,0.577,-2.362,1.225,IDLE
-0.008,0.018,1.019,0.543,-2.319,1.164,IDLE
-0.009,0.019,1.017,0.499,-2.31,1.242,IDLE
-0.009,0.019,1.018,0.604,-2.371,1.225,IDLE
-0.009,0.018,1.018,0.595,-2.354,1.216,IDLE
-0.01,0.019,1.019,0.551,-2.319,1.199,IDLE
-0.009,0.019,1.018,0.534,-2.328,1.199,IDLE
-0.009,0.019,1.017,0.586,-2.362,1.19,IDLE
-0.009,0.02,1.019,0.543,-2.275,1.181,IDLE
-0.009,0.019,1.018,0.534,-2.257,1.181,IDLE
-0.008,0.018,1.018,0.507,-2.275,1.181,IDLE
-0.01,0.019,1.018,0.525,-2.293,1.207,IDLE
-0.008,0.019,1.019,0.551,-2.328,1.173,IDLE
-0.008,0.019,1.018,0.551,-2.319,1.225,IDLE
-0.009,0.019,1.019,0.656,-2.424,1.225,IDLE
-0.009,0.018,1.018,0.989,-2.555,1.242,IDLE
-0.008,0.019,1.016,0.936,-2.564,1.216,IDLE
-0.009,0.019,1.02,0.639,-2.389,1.19,IDLE
-0.009,0.019,1.016,0.674,-2.398,1.251,IDLE
-0.008,0.02,1.018,0.779,-2.432,1.207,IDLE
-0.009,0.021,1.018,0.77,-2.467,1.19,IDLE
-0.008,0.02,1.018,0.77,-2.494,1.207,IDLE
-0.008,0.02,1.018,0.691,-2.406,1.242,IDLE
-0.008,0.02,1.018,0.525,-2.328,1.173,IDLE
-0.008,0.02,1.019,0.429,-2.249,1.207,IDLE
-0.008,0.02,1.018,0.831,-2.459,1.199,IDLE
-0.008,0.02,1.021,0.639,-2.362,1.225,IDLE
-0.008,0.019,1.019,0.534,-2.31,1.164,IDLE
-0.008,0.018,1.017,0.639,-2.371,1.19,IDLE
-0.009,0.021,1.02,1.321,-2.818,1.207,IDLE
-0.008,0.021,1.018,0.998,-2.599,1.199,IDLE
-0.007,0.021,1.018,0.683,-2.415,1.216,IDLE
-0.008,0.02,1.019,0.499,-2.328,1.19,IDLE
-0.007,0.021,1.017,0.271,-2.144,1.234,IDLE
-0.008,0.021,1.018,0.411,-2.231,1.234,IDLE
-0.008,0.02,1.019,0.551,-2.293,1.216,IDLE
-0.008,0.02,1.019,0.21,-2.152,1.216,IDLE
-0.008,0.02,1.019,0.35,-2.214,1.225,IDLE
-0.008,0.018,1.016,0.35,-2.17,1.225,IDLE
-0.008,0.021,1.019,0.831,-2.529,1.181,IDLE
-0.008,0.02,1.018,1.085,-2.634,1.207,IDLE
-0.007,0.021,1.018,0.674,-2.38,1.199,IDLE
-0.008,0.021,1.018,0.709,-2.432,1.199,IDLE
-0.007,0.021,1.018,0.84,-2.459,1.199,IDLE
-0.009,0.02,1.019,0.709,-2.441,1.225,IDLE
-0.008,0.02,1.019,0.656,-2.38,1.207,IDLE
-0.007,0.021,1.018,0.621,-2.415,1.207,IDLE
-0.007,0.021,1.016,0.683,-2.432,1.216,IDLE
-0.007,0.021,1.018,0.866,-2.503,1.225,IDLE
-0.007,0.021,1.018,0.499,-2.284,1.155,IDLE
-0.008,0.021,1.019,0.052,-2.021,1.207,IDLE
-0.007,0.021,1.017,0.096,-2.047,1.181,IDLE
-0.008,0.02,1.017,0.324,-2.17,1.199,IDLE
-0.008,0.02,1.017,0.604,-2.336,1.216,IDLE
-0.008,0.021,1.018,0.175,-2.109,1.225,IDLE
-0.007,0.021,1.017,0.271,-2.179,1.251,IDLE
-0.008,0.02,1.018,0.761,-2.432,1.19,IDLE
-0.007,0.021,1.018,0.744,-2.485,1.199,IDLE
-0.008,0.02,1.017,0.613,-2.362,1.207,IDLE
-0.008,0.021,1.019,0.472,-2.24,1.207,IDLE
-0.008,0.021,1.019,0.507,-2.319,1.216,IDLE
-0.007,0.021,1.019,0.411,-2.266,1.173,IDLE
-0.008,0.02,1.017,0.595,-2.354,1.181,IDLE
-0.008,0.021,1.019,0.525,-2.319,1.207,IDLE
-0.008,0.021,1.017,0.543,-2.345,1.225,IDLE
-0.007,0.019,1.016,0.752,-2.503,1.216,IDLE
-0.007,0.021,1.019,0.647,-2.362,1.199,IDLE
-0.009,0.021,1.018,0.516,-2.31,1.173,IDLE
-0.008,0.021,1.018,0.394,-2.179,1.199,IDLE
-0.008,0.019,1.018,0.569,-2.362,1.207,IDLE
-0.008,0.022,1.019,0.779,-2.476,1.181,IDLE
-0.008,0.02,1.017,0.429,-2.266,1.19,IDLE
-0.008,0.02,1.018,1.05,-2.634,1.199,IDLE
-0.007,0.022,1.019,0.779,-2.485,1.216,IDLE
-0.007,0.021,1.019,0.683,-2.389,1.207,IDLE
-0.008,0.02,1.018,0.507,-2.31,1.216,IDLE
-0.009,0.021,1.019,0.962,-2.625,1.181,IDLE
-0.006,0.022,1.019,0.691,-2.406,1.173,IDLE
-0.007,0.022,1.018,0.507,-2.31,1.216,IDLE
-0.008,0.021,1.018,0.21,-2.118,1.199,IDLE
-0.009,0.021,1.016,0.569,-2.38,1.181,IDLE
-0.007,0.021,1.018,0.551,-2.319,1.207,IDLE
-0.008,0.021,1.019,0.376,-2.223,1.225,IDLE
-0.007,0.02,1.018,0.131,-2.056,1.164,IDLE
-0.008,0.019,1.017,0.192,-2.065,1.207,IDLE
-0.007,0.021,1.018,0.586,-2.362,1.207,IDLE
-0.008,0.021,1.018,0.262,-2.135,1.173,IDLE
-0.008,0.02,1.018,0.324,-2.214,1.199,IDLE
-0.008,0.02,1.017,0.245,-2.126,1.216,IDLE
-0.009,0.019,1.016,0.534,-2.319,1.19,IDLE
-0.007,0.021,1.02,0.368,-2.249,1.199,IDLE
-0.009,0.02,1.018,0.123,-2.091,1.199,IDLE
-0.008,0.02,1.017,0.298,-2.17,1.199,IDLE
-0.008,0.02,1.017,0.446,-2.266,1.173,IDLE
-0.008,0.02,1.018,0.577,-2.371,1.181,IDLE
-0.007,0.02,1.019,0.175,-2.109,1.199,IDLE
-0.009,0.019,1.016,0.184,-2.109,1.225,IDLE
-0.007,0.021,1.018,0.42,-2.24,1.19,IDLE
-0.006,0.02,1.018,0.236,-2.091,1.19,IDLE
-0.008,0.02,1.018,0.228,-2.126,1.207,IDLE
-0.008,0.02,1.019,0.306,-2.17,1.146,IDLE
-0.008,0.02,1.018,0.271,-2.152,1.173,IDLE
-0.008,0.019,1.017,0.149,-2.056,1.155,IDLE
-0.009,0.018,1.017,0.044,-2.013,1.207,IDLE
-0.009,0.019,1.019,0.56,-2.406,1.19,IDLE
-0.009,0.019,1.018,0.429,-2.249,1.173,IDLE
-0.008,0.019,1.018,0.14,-2.065,1.181,IDLE
-0.01,0.018,1.017,0.516,-2.293,1.173,IDLE
-0.009,0.019,1.018,0.507,-2.301,1.207,IDLE
-0.009,0.019,1.018,0.543,-2.328,1.207,IDLE
-0.01,0.019,1.019,0.507,-2.328,1.181,IDLE
-0.008,0.019,1.019,0.516,-2.319,1.164,IDLE
-0.008,0.02,1.018,0.481,-2.284,1.216,IDLE
-0.009,0.019,1.019,0.56,-2.293,1.207,IDLE
-0.007,0.018,1.016,0.525,-2.24,1.173,IDLE
-0.009,0.019,1.019,0.507,-2.293,1.216,IDLE
-0.008,0.019,1.019,0.499,-2.275,1.181,IDLE
-0.008,0.019,1.017,0.525,-2.336,1.181,IDLE
-0.009,0.019,1.017,0.49,-2.284,1.216,IDLE
-0.009,0.019,1.018,0.516,-2.345,1.173,IDLE
-0.01,0.018,1.018,0.534,-2.301,1.199,IDLE
-0.008,0.019,1.019,0.543,-2.336,1.19,IDLE
-0.008,0.018,1.018,0.613,-2.345,1.173,IDLE
-0.008,0.019,1.019,0.595,-2.319,1.173,IDLE
-0.009,0.018,1.019,0.665,-2.371,1.199,IDLE
-0.009,0.018,1.016,0.928,-2.581,1.199,IDLE
-0.009,0.02,1.018,1.234,-2.747,1.164,IDLE
-0.008,0.019,1.018,1.199,-2.678,1.199,IDLE
-0.007,0.02,1.019,0.779,-2.467,1.19,IDLE
-0.008,0.02,1.018,0.551,-2.31,1.173,IDLE
-0.008,0.02,1.019,0.621,-2.398,1.181,IDLE
-0.009,0.02,1.018,0.499,-2.275,1.173,IDLE
-0.008,0.02,1.017,0.411,-2.249,1.207,IDLE
-0.009,0.018,1.017,0.604,-2.319,1.225,IDLE
-0.008,0.019,1.017,0.446,-2.284,1.199,IDLE
-0.008,0.02,1.019,0.472,-2.31,1.199,IDLE
-0.009,0.019,1.018,0.56,-2.301,1.216,IDLE
-0.009,0.018,1.017,0.621,-2.432,1.19,IDLE
-0.008,0.02,1.02,1.041,-2.616,1.207,IDLE
-0.007,0.02,1.02,0.735,-2.459,1.164,IDLE
-0.009,0.02,1.018,0.534,-2.328,1.19,IDLE
-0.008,0.02,1.018,0.901,-2.511,1.242,IDLE
-0.008,0.021,1.019,0.665,-2.415,1.216,IDLE
-0.009,0.021,1.019,0.962,-2.581,1.207,IDLE
-0.007,0.021,1.017,0.822,-2.503,1.173,IDLE
-0.008,0.021,1.018,0.569,-2.362,1.164,IDLE
-0.006,0.022,1.019,0.744,-2.362,1.181,IDLE
-0.007,0.021,1.018,0.236,-2.144,1.19,IDLE
-0.009,0.019,1.017,0.271,-2.161,1.173,IDLE
-0.009,0.021,1.019,0.752,-2.45,1.207,IDLE
-0.008,0.021,1.017,0.63,-2.371,1.216,IDLE
-0.007,0.021,1.019,0.691,-2.424,1.181,IDLE
-0.007,0.021,1.019,0.788,-2.45,1.173,IDLE
-0.007,0.022,1.019,0.858,-2.494,1.181,IDLE
-0.007,0.021,1.017,0.928,-2.555,1.216,IDLE
-0.007,0.023,1.019,0.901,-2.546,1.216,IDLE
-0.007,0.022,1.02,0.429,-2.257,1.19,IDLE
-0.008,0.021,1.018,0.341,-2.249,1.181,IDLE
-0.008,0.021,1.018,0.368,-2.188,1.181,IDLE
-0.007,0.021,1.019,0.499,-2.293,1.207,IDLE
-0.006,0.02,1.018,0.464,-2.249,1.19,IDLE
-0.007,0.022,1.019,0.464,-2.275,1.146,IDLE
-0.008,0.022,1.018,0.42,-2.24,1.199,IDLE
-0.007,0.02,1.016,0.446,-2.284,1.19,IDLE
-0.007,0.021,1.019,0.77,-2.459,1.181,IDLE
-0.007,0.022,1.02,0.814,-2.467,1.199,IDLE
-0.006,0.021,1.017,0.525,-2.345,1.173,IDLE
-0.007,0.022,1.019,0.481,-2.266,1.199,IDLE
-0.008,0.021,1.019,0.394,-2.257,1.155,IDLE
-0.007,0.021,1.018,0.499,-2.301,1.164,IDLE
-0.007,0.021,1.019,0.577,-2.354,1.207,IDLE
-0.008,0.021,1.017,0.735,-2.45,1.173,IDLE
-0.006,0.022,1.019,0.394,-2.214,1.19,IDLE
-0.007,0.022,1.017,-0.044,-1.908,1.173,IDLE
-0.008,0.02,1.018,0.35,-2.179,1.19,IDLE
-0.008,0.02,1.016,0.543,-2.38,1.234,IDLE
-0.005,0.02,1.019,0.805,-2.45,1.19,IDLE
-0.006,0.022,1.019,0.788,-2.467,1.173,IDLE
-0.007,0.022,1.017,0.429,-2.24,1.164,IDLE
-0.007,0.022,1.018,0.271,-2.188,1.199,IDLE
-0.008,0.019,1.017,0.42,-2.257,1.164,IDLE
-0.007,0.021,1.017,0.7,-2.424,1.199,IDLE
-0.007,0.022,1.019,0.525,-2.301,1.199,IDLE
-0.008,0.021,1.018,0.166,-2.056,1.129,IDLE
-0.007,0.021,1.018,0.586,-2.362,1.199,IDLE
-0.007,0.021,1.018,0.691,-2.45,1.19,IDLE
-0.007,0.021,1.018,0.613,-2.38,1.181,IDLE
-0.007,0.021,1.019,0.499,-2.293,1.207,IDLE
-0.007,0.021,1.018,0.752,-2.459,1.207,IDLE
-0.007,0.021,1.018,0.77,-2.467,1.164,IDLE
-0.007,0.022,1.018,0.376,-2.223,1.207,IDLE
-0.007,0.021,1.02,0.429,-2.266,1.199,IDLE
-0.006,0.023,1.017,0.63,-2.389,1.225,IDLE
-0.007,0.021,1.019,0.411,-2.223,1.181,IDLE
-0.008,0.021,1.017,0.831,-2.572,1.181,IDLE
-0.007,0.021,1.02,0.919,-2.581,1.19,IDLE
-0.007,0.021,1.017,0.56,-2.336,1.199,IDLE
-0.007,0.022,1.018,0.63,-2.38,1.216,IDLE
-0.007,0.022,1.016,0.455,-2.293,1.19,IDLE
-0.007,0.022,1.019,0.455,-2.301,1.181,IDLE
-0.007,0.022,1.017,0.717,-2.441,1.155,IDLE
-0.008,0.021,1.018,0.639,-2.406,1.173,IDLE
-0.007,0.023,1.018,0.691,-2.415,1.155,IDLE
-0.006,0.022,1.019,0.709,-2.415,1.199,IDLE
-0.007,0.022,1.019,0.543,-2.301,1.164,IDLE
-0.007,0.022,1.019,0.333,-2.223,1.207,IDLE
-0.006,0.022,1.019,0.604,-2.38,1.19,IDLE
-0.007,0.022,1.019,0.254,-2.161,1.199,IDLE
-0.007,0.022,1.018,0.333,-2.17,1.173,IDLE
-0.007,0.021,1.018,0.446,-2.275,1.173,IDLE
-0.007,0.022,1.018,0.49,-2.293,1.199,IDLE
-0.008,0.021,1.018,0.569,-2.336,1.173,IDLE
-0.007,0.023,1.019,0.656,-2.432,1.173,IDLE
-0.008,0.021,1.018,0.516,-2.293,1.173,IDLE
-0.007,0.021,1.017,0.394,-2.214,1.199,IDLE
-0.006,0.022,1.019,0.455,-2.257,1.216,IDLE
-0.007,0.022,1.018,0.245,-2.144,1.164,IDLE
-0.007,0.022,1.018,0.254,-2.144,1.19,IDLE
-0.007,0.021,1.018,0.254,-2.135,1.199,IDLE
-0.007,0.022,1.018,0.472,-2.293,1.181,IDLE
-0.007,0.022,1.019,0.394,-2.196,1.207,IDLE
-0.007,0.021,1.017,0.175,-2.082,1.19,IDLE
-0.007,0.021,1.019,0.306,-2.24,1.199,IDLE
-0.008,0.022,1.019,0.411,-2.231,1.173,IDLE
-0.008,0.02,1.018,0.184,-2.065,1.173,IDLE
-0.008,0.021,1.018,0.271,-2.135,1.19,IDLE
-0.008,0.021,1.018,0.516,-2.301,1.181,IDLE
-0.007,0.021,1.018,0.245,-2.1,1.173,IDLE
-0.007,0.021,1.02,0.525,-2.266,1.19,IDLE
-0.007,0.021,1.017,0.376,-2.214,1.138,IDLE
-0.008,0.021,1.019,0.157,-2.082,1.181,IDLE
-0.007,0.02,1.016,0.166,-2.135,1.146,IDLE
-0.008,0.019,1.018,0.28,-2.188,1.181,IDLE
-0.008,0.021,1.018,0.376,-2.249,1.199,IDLE
-0.007,0.02,1.017,0.096,-2.056,1.164,IDLE
-0.008,0.019,1.017,0.018,-1.977,1.173,IDLE
-0.01,0.019,1.018,0.035,-2.021,1.164,IDLE
-0.008,0.02,1.019,0.368,-2.214,1.155,IDLE
-0.009,0.02,1.018,0.289,-2.205,1.164,IDLE
-0.009,0.019,1.018,0.455,-2.284,1.155,IDLE
-0.01,0.019,1.019,0.569,-2.275,1.129,IDLE
-0.008,0.02,1.018,0.096,-2.065,1.164,IDLE
-0.009,0.019,1.018,0.438,-2.257,1.164,IDLE
-0.008,0.018,1.018,0.543,-2.301,1.155,IDLE
-0.009,0.019,1.018,0.569,-2.31,1.19,IDLE
-0.009,0.018,1.019,0.507,-2.328,1.155,IDLE
-0.009,0.018,1.018,0.464,-2.301,1.164,IDLE
-0.009,0.019,1.019,0.56,-2.319,1.181,IDLE
-0.008,0.019,1.018,0.507,-2.345,1.155,IDLE
-0.009,0.018,1.017,0.604,-2.328,1.181,IDLE
-0.008,0.018,1.018,0.735,-2.424,1.181,IDLE
-0.008,0.019,1.018,0.683,-2.398,1.199,IDLE
-0.009,0.018,1.019,0.954,-2.546,1.164,IDLE
-0.008,0.02,1.019,1.085,-2.616,1.164,IDLE
-0.009,0.02,1.018,0.884,-2.511,1.173,IDLE
-0.009,0.02,1.018,1.024,-2.616,1.173,IDLE
-0.008,0.02,1.017,1.015,-2.599,1.181,IDLE
-0.008,0.021,1.019,0.884,-2.503,1.181,IDLE
-0.008,0.021,1.019,0.551,-2.328,1.146,IDLE
-0.008,0.02,1.019,0.385,-2.24,1.155,IDLE
-0.009,0.02,1.017,0.665,-2.38,1.155,IDLE
-0.008,0.02,1.017,0.63,-2.354,1.199,IDLE
-0.008,0.02,1.018,0.7,-2.415,1.164,IDLE
-0.007,0.021,1.018,0.569,-2.301,1.19,IDLE
-0.008,0.019,1.018,0.245,-2.126,1.173,IDLE
-0.008,0.019,1.018,0.639,-2.371,1.207,IDLE
-0.009,0.019,1.017,0.665,-2.406,1.181,IDLE
-0.007,0.021,1.02,0.665,-2.371,1.138,IDLE
-0.007,0.02,1.018,0.499,-2.31,1.199,IDLE
-0.007,0.021,1.02,0.446,-2.231,1.19,IDLE
-0.01,0.019,1.017,0.28,-2.179,1.173,IDLE
-0.008,0.021,1.019,0.613,-2.371,1.181,IDLE
-0.008,0.02,1.018,0.761,-2.459,1.225,IDLE
-0.008,0.021,1.018,0.962,-2.608,1.216,IDLE
-0.008,0.02,1.018,0.875,-2.52,1.173,IDLE
-0.007,0.022,1.018,0.691,-2.432,1.19,IDLE
-0.007,0.021,1.018,0.717,-2.459,1.199,IDLE
-0.009,0.02,1.018,0.604,-2.38,1.164,IDLE
-0.009,0.022,1.018,0.822,-2.581,1.181,IDLE
-0.006,0.022,1.02,0.936,-2.564,1.207,IDLE
-0.007,0.021,1.019,0.455,-2.24,1.164,IDLE
-0.007,0.022,1.019,0.691,-2.415,1.181,IDLE
-0.007,0.021,1.019,0.656,-2.406,1.234,IDLE
-0.007,0.022,1.017,0.324,-2.17,1.19,IDLE
-0.007,0.021,1.018,0.219,-2.135,1.155,IDLE
-0.008,0.022,1.017,0.306,-2.161,1.207,IDLE
-0.008,0.02,1.017,0.464,-2.293,1.164,IDLE
-0.008,0.023,1.021,0.709,-2.398,1.173,IDLE
-0.007,0.02,1.018,0.324,-2.179,1.173,IDLE
-0.008,0.021,1.018,0.105,-2.047,1.173,IDLE
-0.008,0.021,1.019,0.481,-2.257,1.19,IDLE
-0.009,0.02,1.016,0.858,-2.494,1.19,IDLE
-0.007,0.022,1.018,0.919,-2.537,1.19,IDLE
-0.008,0.02,1.018,0.403,-2.231,1.155,IDLE
-0.007,0.021,1.015,0.534,-2.275,1.138,IDLE
-0.008,0.02,1.019,0.376,-2.196,1.164,IDLE
-0.007,0.023,1.019,0.464,-2.301,1.155,IDLE
-0.009,0.02,1.017,-0.236,-1.942,1.181,IDLE
-0.01,0.019,1.016,0.262,-2.188,1.216,IDLE
-0.007,0.02,1.019,1.225,-2.774,1.164,IDLE
-0.007,0.022,1.019,0.866,-2.511,1.181,IDLE
-0.008,0.021,1.019,0.394,-2.24,1.181,IDLE
-0.008,0.02,1.018,0.21,-2.1,1.199,IDLE
-0.008,0.02,1.018,0.551,-2.345,1.181,IDLE
-0.007,0.021,1.02,0.543,-2.345,1.19,IDLE
-0.008,0.021,1.018,0.044,-2.004,1.216,IDLE
-0.008,0.021,1.018,-0.123,-1.925,1.173,IDLE
-0.008,0.019,1.019,-0.14,-1.916,1.173,IDLE
-0.009,0.019,1.018,-0.157,-1.899,1.155,IDLE
-0.009,0.02,1.019,-0.149,-1.846,1.173,IDLE
-0.009,0.018,1.017,-0.411,-1.741,1.173,IDLE
-0.01,0.019,1.019,0.438,-2.231,1.181,IDLE
-0.009,0.018,1.019,0.534,-2.336,1.155,IDLE
-0.009,0.018,1.017,0.49,-2.354,1.173,IDLE
-0.01,0.018,1.018,0.49,-2.293,1.199,IDLE
-0.009,0.019,1.016,0.534,-2.293,1.138,IDLE
-0.008,0.018,1.018,0.481,-2.266,1.138,IDLE
-0.009,0.019,1.018,0.507,-2.266,1.138,IDLE
-0.009,0.019,1.018,0.586,-2.336,1.164,IDLE
-0.008,0.02,1.018,0.577,-2.31,1.146,IDLE
-0.009,0.019,1.017,0.543,-2.336,1.181,IDLE
-0.008,0.018,1.018,0.543,-2.31,1.19,IDLE
-0.009,0.019,1.019,0.543,-2.345,1.181,IDLE
-0.008,0.018,1.017,0.551,-2.328,1.19,IDLE
-0.009,0.02,1.019,0.543,-2.328,1.19,IDLE
-0.009,0.019,1.018,0.525,-2.319,1.155,IDLE
-0.009,0.019,1.018,0.525,-2.31,1.146,IDLE
-0.009,0.019,1.018,0.621,-2.345,1.146,IDLE
-0.01,0.018,1.016,0.577,-2.467,1.12,IDLE
-0.008,0.02,1.019,1.076,-2.669,1.129,IDLE
-0.009,0.018,1.018,0.726,-2.415,1.173,IDLE
-0.008,0.018,1.017,0.91,-2.546,1.138,IDLE
-0.008,0.02,1.019,1.085,-2.651,1.181,IDLE
-0.008,0.019,1.018,0.613,-2.345,1.225,IDLE
-0.008,0.019,1.017,0.665,-2.406,1.155,IDLE
-0.008,0.02,1.018,1.041,-2.608,1.146,IDLE
-0.007,0.021,1.018,0.858,-2.529,1.181,IDLE
-0.008,0.02,1.019,0.875,-2.511,1.199,IDLE
-0.008,0.02,1.019,0.744,-2.459,1.146,IDLE
-0.008,0.021,1.018,0.726,-2.467,1.225,IDLE
-0.009,0.02,1.018,0.604,-2.345,1.225,IDLE
-0.008,0.02,1.018,0.744,-2.415,1.216,IDLE
-0.008,0.02,1.019,0.884,-2.529,1.181,IDLE
-0.007,0.022,1.018,0.998,-2.564,1.207,IDLE
-0.007,0.021,1.019,0.613,-2.31,1.173,IDLE
-0.007,0.021,1.017,0.516,-2.362,1.225,IDLE
-0.007,0.022,1.018,0.761,-2.45,1.216,IDLE
0,0.038,1.015,1.663,-3.106,2.616,IDLE
-0.024,0.008,1.024,2.713,-3.71,4.874,IDLE
-0.008,0.022,1.018,0.752,-2.511,1.33,IDLE
-0.006,0.023,1.019,0.735,-2.441,1.146,IDLE
-0.007,0.023,1.018,0.341,-2.179,1.216,IDLE
-0.007,0.021,1.016,0.551,-2.354,1.225,IDLE
-0.006,0.024,1.019,1.225,-2.739,1.19,IDLE
-0.005,0.024,1.018,0.962,-2.546,1.207,IDLE
-0.006,0.024,1.019,0.595,-2.354,1.173,IDLE
-0.006,0.023,1.021,1.26,-2.756,1.19,IDLE
-0.006,0.024,1.019,0.691,-2.389,1.181,IDLE
-0.006,0.025,1.02,1.041,-2.66,1.181,IDLE
-0.006,0.023,1.017,0.805,-2.494,1.216,IDLE
-0.007,0.024,1.019,1.076,-2.669,1.199,IDLE
-0.006,0.024,1.017,0.464,-2.275,1.173,IDLE
-0.006,0.023,1.017,0.438,-2.249,1.207,IDLE
-0.006,0.023,1.017,0.788,-2.467,1.181,IDLE
-0.006,0.023,1.018,0.788,-2.503,1.181,IDLE
-0.005,0.024,1.019,0.709,-2.45,1.155,IDLE
-0.006,0.023,1.019,0.788,-2.467,1.234,IDLE
-0.005,0.023,1.017,1.129,-2.66,1.207,IDLE
-0.005,0.026,1.019,0.752,-2.441,1.181,IDLE
-0.006,0.025,1.018,0.761,-2.441,1.207,IDLE
-0.003,0.026,1.021,0.779,-2.467,1.12,IDLE
-0.005,0.024,1.017,0.551,-2.345,1.155,IDLE
-0.006,0.025,1.018,0.516,-2.301,1.146,IDLE
-0.005,0.025,1.018,0.56,-2.257,1.19,IDLE
-0.005,0.025,1.018,0.534,-2.328,1.216,IDLE
-0.005,0.025,1.018,0.56,-2.319,1.173,IDLE
-0.005,0.026,1.02,0.586,-2.354,1.173,IDLE
-0.005,0.025,1.019,0.586,-2.293,1.19,IDLE
-0.005,0.026,1.019,0.569,-2.328,1.199,IDLE
-0.005,0.025,1.018,0.604,-2.31,1.173,IDLE
-0.004,0.025,1.018,0.577,-2.31,1.181,IDLE
-0.004,0.025,1.017,0.577,-2.319,1.199,IDLE
-0.005,0.025,1.019,0.525,-2.319,1.146,IDLE
-0.005,0.026,1.018,0.49,-2.31,1.164,IDLE
-0.005,0.025,1.019,0.569,-2.301,0.639,IDLE
-0.005,0.025,1.018,0.586,-2.336,0.691,IDLE
-0.004,0.022,1.019,0.595,-2.345,0.901,IDLE
-0.005,0.026,1.018,0.551,-2.319,1.129,IDLE
-0.005,0.025,1.018,0.56,-2.319,1.111,IDLE
-0.004,0.025,1.018,0.56,-2.293,1.164,IDLE
-0.005,0.025,1.019,0.516,-2.31,1.173,IDLE
-0.005,0.025,1.016,0.525,-2.319,1.207,IDLE
-0.005,0.025,1.019,0.569,-2.301,1.199,IDLE
-0.006,0.025,1.019,0.49,-2.293,1.199,IDLE
-0.005,0.025,1.017,0.49,-2.284,1.242,IDLE
-0.005,0.024,1.017,0.507,-2.301,1.216,IDLE
-0.005,0.025,1.018,0.56,-2.336,1.19,IDLE
-0.003,0.025,1.017,0.543,-2.301,1.146,IDLE
-0.005,0.024,1.017,0.543,-2.362,1.181,IDLE
-0.005,0.026,1.019,0.499,-2.354,1.199,IDLE
-0.005,0.026,1.018,0.534,-2.293,1.19,IDLE
-0.004,0.025,1.018,0.56,-2.336,1.146,IDLE
-0.006,0.025,1.015,0.551,-2.328,1.19,IDLE
-0.005,0.025,1.017,0.543,-2.345,1.173,IDLE
-0.004,0.025,1.019,0.577,-2.301,1.199,IDLE
-0.005,0.025,1.018,0.534,-2.293,1.138,IDLE
-0.006,0.026,1.019,0.569,-2.328,1.181,IDLE
-0.006,0.025,1.019,0.499,-2.319,1.164,IDLE
-0.004,0.025,1.017,0.49,-2.31,1.181,IDLE
-0.004,0.025,1.018,0.516,-2.336,1.207,IDLE
-0.004,0.024,1.017,0.472,-2.301,1.19,IDLE
-0.006,0.025,1.018,0.56,-2.284,1.181,IDLE
-0.005,0.025,1.018,0.56,-2.293,1.173,IDLE
-0.005,0.025,1.019,0.507,-2.301,1.216,IDLE
-0.004,0.025,1.018,0.534,-2.275,1.216,IDLE
-0.005,0.024,1.019,0.481,-2.336,1.155,IDLE
-0.005,0.025,1.019,0.543,-2.293,1.181,IDLE
-0.006,0.025,1.018,0.49,-2.319,1.173,IDLE
-0.004,0.025,1.018,0.525,-2.31,1.19,IDLE
-0.005,0.025,1.018,0.464,-2.336,1.181,IDLE
-0.004,0.024,1.016,0.507,-2.336,1.181,IDLE
-0.004,0.026,1.02,0.551,-2.336,1.199,IDLE
-0.005,0.025,1.018,0.507,-2.31,1.225,IDLE
-0.005,0.025,1.019,0.525,-2.301,1.164,IDLE
-0.005,0.025,1.018,0.49,-2.31,1.234,IDLE
-0.005,0.025,1.018,0.499,-2.31,1.155,IDLE
-0.004,0.025,1.019,0.551,-2.301,1.173,IDLE
-0.004,0.025,1.018,0.525,-2.354,1.164,IDLE
-0.005,0.025,1.017,0.551,-2.319,1.19,IDLE
-0.006,0.025,1.018,0.534,-2.301,1.173,IDLE
-0.005,0.025,1.018,0.516,-2.336,1.173,IDLE
-0.005,0.025,1.019,0.543,-2.319,1.164,IDLE
-0.005,0.025,1.018,0.49,-2.301,1.225,IDLE
-0.004,0.025,1.019,0.525,-2.284,1.173,IDLE
-0.005,0.025,1.018,0.551,-2.319,1.181,IDLE
-0.005,0.025,1.019,0.507,-2.319,1.207,IDLE
-0.005,0.025,1.019,0.543,-2.293,1.199,IDLE
-0.005,0.025,1.018,0.543,-2.345,1.173,IDLE
-0.004,0.025,1.017,0.516,-2.284,1.207,IDLE
-0.004,0.025,1.018,0.577,-2.319,1.173,IDLE
-0.005,0.025,1.018,0.499,-2.275,1.181,IDLE
-0.004,0.025,1.017,0.534,-2.328,1.207,IDLE
-0.005,0.026,1.019,0.534,-2.257,1.173,IDLE
-0.004,0.025,1.019,0.525,-2.301,1.207,IDLE
-0.004,0.026,1.018,0.507,-2.319,1.19,IDLE
-0.005,0.025,1.018,0.516,-2.319,1.173,IDLE
-0.005,0.025,1.018,0.534,-2.266,1.199,IDLE
-0.005,0.026,1.017,0.577,-2.319,1.164,IDLE
-0.005,0.024,1.018,0.543,-2.336,1.19,IDLE
-0.003,0.024,1.019,0.525,-2.301,1.173,IDLE
-0.006,0.024,1.019,0.472,-2.362,1.155,IDLE
-0.005,0.026,1.018,0.543,-2.31,1.173,IDLE
-0.005,0.026,1.018,0.516,-2.319,1.181,IDLE
-0.005,0.025,1.018,0.499,-2.319,1.199,IDLE
-0.005,0.024,1.017,0.551,-2.301,1.146,IDLE
-0.005,0.026,1.018,0.525,-2.284,1.181,IDLE
-0.005,0.025,1.018,0.56,-2.319,1.173,IDLE
-0.004,0.024,1.019,0.516,-2.31,1.181,IDLE
-0.005,0.026,1.018,0.551,-2.301,1.199,IDLE
-0.004,0.025,1.017,0.516,-2.319,1.146,IDLE
-0.004,0.024,1.019,0.499,-2.319,1.173,IDLE
-0.005,0.025,1.018,0.499,-2.284,1.164,IDLE
-0.005,0.025,1.018,0.56,-2.31,1.164,IDLE
-0.005,0.025,1.019,0.525,-2.301,1.155,IDLE
-0.006,0.024,1.018,0.507,-2.336,1.164,IDLE
-0.004,0.025,1.018,0.481,-2.293,1.207,IDLE
-0.004,0.025,1.017,0.472,-2.328,1.181,IDLE
-0.005,0.025,1.019,0.543,-2.301,1.138,IDLE
-0.005,0.025,1.018,0.543,-2.301,1.164,IDLE
-0.006,0.026,1.018,0.534,-2.293,1.181,IDLE
-0.006,0.025,1.019,0.507,-2.31,1.164,IDLE
-0.004,0.025,1.018,0.569,-2.319,1.138,IDLE
-0.006,0.024,1.019,0.56,-2.319,1.181,IDLE
-0.005,0.025,1.018,0.516,-2.336,1.146,IDLE
-0.005,0.026,1.018,0.507,-2.319,1.181,IDLE
-0.005,0.025,1.017,0.507,-2.301,1.173,IDLE
-0.005,0.025,1.018,0.525,-2.328,1.155,IDLE
-0.004,0.026,1.018,0.525,-2.319,1.199,IDLE
-0.006,0.025,1.018,0.481,-2.336,1.207,IDLE
-0.005,0.025,1.017,0.507,-2.31,1.164,IDLE
-0.005,0.024,1.019,0.525,-2.336,1.207,IDLE
-0.005,0.025,1.018,0.569,-2.301,1.173,IDLE
-0.004,0.025,1.017,0.543,-2.31,1.199,IDLE
-0.005,0.025,1.019,0.499,-2.328,1.173,IDLE
-0.005,0.025,1.018,0.516,-2.319,1.138,IDLE
-0.005,0.026,1.018,0.534,-2.319,1.19,IDLE
-0.006,0.024,1.017,0.49,-2.336,1.207,IDLE
-0.005,0.025,1.018,0.507,-2.31,1.207,IDLE
-0.004,0.025,1.018,0.543,-2.31,1.146,IDLE
-0.004,0.026,1.018,0.534,-2.319,1.138,IDLE
-0.004,0.026,1.018,0.534,-2.293,1.155,IDLE
-0.005,0.025,1.018,0.499,-2.293,1.138,IDLE
-0.005,0.025,1.018,0.499,-2.284,1.181,IDLE
-0.005,0.025,1.018,0.525,-2.319,1.155,IDLE
-0.004,0.025,1.018,0.455,-2.301,1.181,IDLE
-0.004,0.025,1.018,0.49,-2.319,1.138,IDLE
-0.005,0.025,1.018,0.507,-2.31,1.173,IDLE
-0.003,0.025,1.017,0.516,-2.328,1.19,IDLE
-0.006,0.026,1.018,0.543,-2.31,1.155,IDLE
-0.005,0.025,1.017,0.464,-2.336,1.19,IDLE
-0.005,0.025,1.018,0.49,-2.31,1.181,IDLE
-0.006,0.025,1.018,0.499,-2.336,1.138,IDLE
-0.006,0.025,1.017,0.499,-2.301,1.111,IDLE
-0.005,0.024,1.019,0.534,-2.328,1.155,IDLE
-0.004,0.025,1.018,0.262,-2.144,1.173,IDLE
-0.005,0.025,1.019,0.341,-2.205,1.199,IDLE
-0.005,0.024,1.017,0.385,-2.214,1.129,IDLE
-0.005,0.024,1.019,0.752,-2.476,1.164,IDLE
-0.004,0.024,1.017,0.647,-2.345,1.164,IDLE
-0.007,0.024,1.019,0.438,-2.319,1.164,IDLE
-0.005,0.025,1.019,0.289,-2.144,1.12,IDLE
-0.004,0.025,1.02,0.35,-2.249,1.138,IDLE
-0.005,0.023,1.018,0.674,-2.424,1.164,IDLE
-0.004,0.025,1.018,0.735,-2.459,1.129,IDLE
-0.005,0.025,1.02,0.49,-2.31,1.085,IDLE
-0.006,0.024,1.018,0.201,-2.1,1.111,IDLE
-0.007,0.023,1.018,0.341,-2.188,1.129,IDLE
-0.005,0.024,1.018,0.805,-2.485,1.146,IDLE
-0.005,0.024,1.018,0.726,-2.424,1.155,IDLE
-0.006,0.025,1.017,0.849,-2.511,1.129,IDLE
-0.005,0.025,1.017,0.691,-2.389,1.138,IDLE
-0.005,0.024,1.017,0.499,-2.319,1.111,IDLE
-0.005,0.025,1.018,0.551,-2.301,1.181,IDLE
-0.006,0.026,1.018,0.551,-2.328,1.173,IDLE
-0.005,0.025,1.017,0.551,-2.319,1.129,IDLE
-0.005,0.024,1.018,0.595,-2.301,1.146,IDLE
-0.005,0.024,1.018,0.586,-2.319,1.138,IDLE
-0.005,0.024,1.019,0.577,-2.336,1.146,IDLE
-0.005,0.025,1.018,0.595,-2.301,1.146,IDLE
-0.005,0.025,1.017,0.56,-2.275,1.129,IDLE
-0.005,0.024,1.018,0.551,-2.301,1.146,IDLE
-0.004,0.025,1.018,0.569,-2.31,1.067,IDLE
-0.004,0.026,1.018,0.621,-2.301,1.155,IDLE
-0.007,0.025,1.018,0.534,-2.301,1.129,IDLE
-0.005,0.026,1.018,0.525,-2.31,1.059,IDLE
-0.004,0.022,1.019,0.586,-2.293,1.024,IDLE
-0.005,0.024,1.018,0.569,-2.319,1.129,IDLE
-0.004,0.025,1.018,0.516,-2.284,1.155,IDLE
-0.005,0.025,1.018,0.534,-2.301,1.207,IDLE
-0.004,0.028,1.017,0.543,-2.328,1.278,IDLE
-0.005,0.022,1.017,0.534,-2.249,1.715,IDLE
-0.006,0.022,1.019,0.534,-2.275,1.601,IDLE
-0.005,0.025,1.017,0.507,-2.328,1.216,IDLE
-0.004,0.025,1.018,0.56,-2.31,1.207,IDLE
-0.005,0.025,1.018,0.499,-2.345,1.19,IDLE
-0.005,0.025,1.018,0.516,-2.31,1.173,IDLE
-0.004,0.026,1.018,0.507,-2.301,1.225,IDLE
-0.005,0.025,1.02,0.516,-2.336,1.216,IDLE
-0.006,0.025,1.017,0.534,-2.371,1.173,IDLE
-0.004,0.026,1.018,0.507,-2.328,1.173,IDLE
-0.005,0.025,1.017,0.56,-2.284,1.207,IDLE
-0.005,0.024,1.018,0.499,-2.31,1.19,IDLE
-0.005,0.025,1.018,0.551,-2.293,1.173,IDLE
-0.004,0.024,1.019,0.525,-2.284,1.181,IDLE
-0.004,0.026,1.019,0.56,-2.319,1.146,IDLE
-0.004,0.025,1.017,0.516,-2.336,1.138,IDLE
-0.005,0.025,1.019,0.507,-2.301,1.19,IDLE
-0.006,0.025,1.017,0.525,-2.301,1.173,IDLE
-0.005,0.026,1.019,0.507,-2.275,1.199,IDLE
-0.005,0.025,1.018,0.499,-2.319,1.173,IDLE
-0.005,0.025,1.018,0.534,-2.319,1.155,IDLE
-0.005,0.025,1.017,0.525,-2.284,1.216,IDLE
-0.004,0.025,1.018,0.543,-2.31,1.173,IDLE
-0.006,0.025,1.019,0.525,-2.319,1.19,IDLE
-0.005,0.025,1.018,0.543,-2.284,1.129,IDLE
-0.005,0.025,1.018,0.534,-2.275,1.181,IDLE
-0.005,0.026,1.018,0.516,-2.293,1.199,IDLE
-0.005,0.025,1.018,0.551,-2.293,1.164,IDLE
-0.005,0.025,1.019,0.551,-2.345,1.173,IDLE
-0.004,0.026,1.017,0.516,-2.319,1.173,IDLE
-0.005,0.024,1.019,0.481,-2.284,1.173,IDLE
-0.005,0.025,1.018,0.516,-2.319,1.155,IDLE
-0.006,0.025,1.018,0.481,-2.336,1.155,IDLE
-0.005,0.024,1.017,0.507,-2.336,1.138,IDLE
-0.005,0.025,1.019,0.577,-2.293,1.181,IDLE
-0.005,0.025,1.019,0.534,-2.31,1.181,IDLE
-0.005,0.025,1.018,0.481,-2.293,1.146,IDLE
-0.004,0.025,1.017,0.507,-2.31,1.19,IDLE
-0.005,0.025,1.018,0.49,-2.284,1.146,IDLE
-0.004,0.025,1.016,0.534,-2.336,1.164,IDLE
-0.005,0.025,1.019,0.543,-2.293,1.181,IDLE
-0.005,0.025,1.02,0.516,-2.284,1.207,IDLE
-0.005,0.025,1.018,0.472,-2.31,1.207,IDLE
-0.005,0.025,1.017,0.543,-2.336,1.146,IDLE
-0.004,0.025,1.018,0.569,-2.31,1.155,IDLE
-0.005,0.024,1.017,0.507,-2.301,1.129,IDLE
-0.005,0.025,1.019,0.516,-2.31,1.216,IDLE
-0.006,0.025,1.019,0.551,-2.301,1.164,IDLE
-0.005,0.025,1.019,0.507,-2.319,1.173,IDLE
-0.004,0.025,1.017,0.49,-2.336,1.181,IDLE
-0.005,0.025,1.018,0.507,-2.31,1.111,IDLE
-0.005,0.025,1.018,0.569,-2.293,1.155,IDLE
-0.004,0.025,1.019,0.516,-2.31,1.138,IDLE
-0.006,0.025,1.018,0.56,-2.293,1.19,IDLE
-0.006,0.025,1.017,0.543,-2.31,1.155,IDLE
-0.005,0.025,1.018,0.534,-2.354,1.19,IDLE
-0.005,0.025,1.019,0.516,-2.284,1.164,IDLE
-0.005,0.025,1.018,0.543,-2.328,1.155,IDLE
-0.005,0.026,1.018,0.543,-2.293,1.155,IDLE
-0.005,0.025,1.018,0.525,-2.336,1.19,IDLE
-0.005,0.026,1.019,0.569,-2.319,1.155,IDLE
-0.005,0.026,1.018,0.49,-2.31,1.164,IDLE
-0.005,0.025,1.019,0.569,-2.301,1.173,IDLE
-0.006,0.025,1.018,0.56,-2.328,1.155,IDLE
-0.004,0.025,1.016,0.56,-2.336,1.146,IDLE
-0.005,0.025,1.019,0.516,-2.293,1.164,IDLE
-0.005,0.025,1.019,0.525,-2.275,1.173,IDLE
-0.006,0.024,1.018,0.49,-2.328,1.181,IDLE
-0.004,0.024,1.018,0.551,-2.301,1.19,IDLE
-0.004,0.025,1.018,0.525,-2.336,1.199,IDLE
-0.006,0.025,1.018,0.507,-2.293,1.164,IDLE
-0.005,0.026,1.018,0.516,-2.336,1.164,IDLE
-0.005,0.025,1.018,0.507,-2.319,1.129,IDLE
-0.005,0.026,1.017,0.543,-2.266,1.181,IDLE
-0.005,0.025,1.018,0.543,-2.284,1.19,IDLE
-0.005,0.025,1.018,0.525,-2.301,1.181,IDLE
-0.005,0.025,1.017,0.543,-2.31,1.12,IDLE
-0.005,0.024,1.017,0.49,-2.31,1.173,IDLE
-0.005,0.025,1.016,0.481,-2.31,1.164,IDLE
-0.005,0.025,1.019,0.534,-2.301,1.181,IDLE
-0.004,0.026,1.018,0.464,-2.301,1.146,IDLE
-0.005,0.024,1.019,0.455,-2.31,1.173,IDLE
-0.005,0.025,1.018,0.472,-2.301,1.138,IDLE
-0.006,0.025,1.018,0.499,-2.345,1.155,IDLE
-0.005,0.024,1.017,0.464,-2.293,1.129,IDLE
-0.004,0.024,1.017,0.499,-2.293,1.146,IDLE
-0.005,0.025,1.018,0.499,-2.319,1.155,IDLE
-0.005,0.025,1.02,0.525,-2.31,1.138,IDLE
-0.004,0.024,1.017,0.543,-2.319,1.067,IDLE
-0.005,0.025,1.019,0.516,-2.336,1.129,IDLE
-0.005,0.025,1.017,0.516,-2.301,1.146,IDLE
-0.005,0.025,1.019,0.507,-2.354,1.155,IDLE
-0.004,0.025,1.018,0.499,-2.301,1.164,IDLE
-0.004,0.025,1.018,0.534,-2.319,1.181,IDLE
-0.005,0.024,1.017,0.507,-2.319,1.181,IDLE
-0.006,0.025,1.018,0.56,-2.301,1.146,IDLE
-0.005,0.025,1.017,0.472,-2.319,1.138,IDLE
-0.005,0.024,1.016,0.525,-2.293,1.138,IDLE
-0.005,0.025,1.018,0.525,-2.31,1.111,IDLE
-0.005,0.025,1.019,0.525,-2.266,1.129,IDLE
-0.005,0.024,1.017,0.481,-2.319,1.12,IDLE
-0.006,0.024,1.019,0.56,-2.336,1.129,IDLE
-0.005,0.025,1.018,0.551,-2.319,1.129,IDLE
-0.006,0.024,1.019,0.569,-2.284,1.138,IDLE
-0.005,0.025,1.018,0.499,-2.293,1.164,IDLE
-0.004,0.024,1.017,0.543,-2.31,1.19,IDLE
-0.005,0.025,1.018,0.551,-2.293,1.155,IDLE
-0.005,0.025,1.02,0.551,-2.266,1.102,IDLE
-0.005,0.025,1.018,0.543,-2.31,1.146,IDLE
-0.006,0.024,1.017,0.604,-2.301,1.138,IDLE
-0.004,0.025,1.019,0.586,-2.293,1.173,IDLE
-0.005,0.024,1.017,0.569,-2.336,1.129,IDLE
-0.005,0.025,1.018,0.595,-2.301,1.138,IDLE
-0.005,0.025,1.02,0.577,-2.31,1.164,IDLE
-0.005,0.024,1.018,0.534,-2.319,1.164,IDLE
-0.005,0.025,1.017,0.534,-2.345,1.111,IDLE
-0.006,0.024,1.018,0.525,-2.319,1.155,IDLE
-0.004,0.025,1.017,0.525,-2.328,1.181,IDLE
-0.005,0.025,1.019,0.551,-2.328,1.181,IDLE
-0.005,0.025,1.017,0.56,-2.31,1.173,IDLE
-0.005,0.025,1.018,0.525,-2.319,1.19,IDLE
-0.004,0.025,1.017,0.507,-2.31,1.181,IDLE
-0.005,0.025,1.018,0.56,-2.319,1.164,IDLE
-0.005,0.025,1.018,0.543,-2.345,1.164,IDLE
-0.006,0.025,1.018,0.56,-2.301,1.207,IDLE
-0.005,0.025,1.018,0.516,-2.345,1.207,IDLE
-0.006,0.026,1.019,0.56,-2.284,1.181,IDLE
-0.005,0.026,1.017,0.499,-2.301,1.207,IDLE
-0.005,0.025,1.017,0.516,-2.301,1.225,IDLE
-0.004,0.025,1.019,0.543,-2.31,1.164,IDLE
-0.005,0.026,1.017,0.516,-2.319,1.234,IDLE
-0.005,0.026,1.018,0.525,-2.301,1.138,IDLE
-0.005,0.026,1.018,0.534,-2.328,1.207,IDLE
-0.005,0.024,1.019,0.516,-2.301,1.181,IDLE
-0.006,0.025,1.019,0.534,-2.319,1.181,IDLE
-0.005,0.025,1.016,0.551,-2.301,1.207,IDLE
-0.005,0.025,1.02,0.534,-2.301,1.164,IDLE
-0.005,0.025,1.018,0.455,-2.301,1.199,IDLE
-0.004,0.025,1.017,0.507,-2.319,1.19,IDLE
-0.005,0.025,1.018,0.499,-2.284,1.181,IDLE
-0.004,0.024,1.018,0.534,-2.336,1.216,IDLE
-0.004,0.025,1.018,0.551,-2.31,1.181,IDLE
-0.005,0.025,1.02,0.507,-2.301,1.225,IDLE
-0.005,0.025,1.018,0.507,-2.328,1.19,IDLE
-0.005,0.026,1.018,0.525,-2.319,1.19,IDLE
-0.005,0.025,1.017,0.543,-2.31,1.181,IDLE
-0.005,0.025,1.018,0.534,-2.336,1.207,IDLE
-0.005,0.025,1.019,0.534,-2.301,1.216,IDLE
-0.005,0.025,1.018,0.49,-2.293,1.19,IDLE
-0.005,0.025,1.018,0.525,-2.328,1.138,IDLE
-0.005,0.025,1.018,0.525,-2.301,1.251,IDLE
-0.005,0.026,1.016,0.543,-2.301,1.207,IDLE
-0.005,0.025,1.017,0.534,-2.319,1.19,IDLE
-0.005,0.025,1.018,0.525,-2.319,1.199,IDLE
-0.005,0.025,1.017,0.551,-2.336,1.207,IDLE
-0.005,0.025,1.018,0.507,-2.293,1.173,IDLE
-0.003,0.025,1.017,0.534,-2.275,1.207,IDLE
-0.005,0.026,1.019,0.499,-2.284,1.19,IDLE
-0.005,0.025,1.017,0.534,-2.31,1.225,IDLE
-0.005,0.024,1.019,0.507,-2.31,1.234,IDLE
-0.005,0.025,1.018,0.525,-2.293,1.207,IDLE
-0.004,0.025,1.018,0.507,-2.354,1.199,IDLE
-0.005,0.025,1.018,0.525,-2.31,1.242,IDLE
-0.005,0.025,1.019,0.49,-2.31,1.19,IDLE
-0.005,0.025,1.016,0.543,-2.319,1.146,IDLE
-0.005,0.026,1.018,0.534,-2.31,1.19,IDLE
-0.003,0.025,1.017,0.543,-2.328,1.173,IDLE
-0.005,0.026,1.018,0.534,-2.275,1.173,IDLE
-0.005,0.025,1.019,0.543,-2.328,1.173,IDLE
-0.005,0.025,1.018,0.525,-2.249,1.146,IDLE
-0.004,0.025,1.018,0.525,-2.301,1.225,IDLE
-0.005,0.026,1.018,0.516,-2.301,1.173,IDLE
-0.005,0.025,1.018,0.543,-2.284,1.173,IDLE
-0.005,0.025,1.017,0.507,-2.293,1.199,IDLE
-0.005,0.025,1.018,0.507,-2.275,1.216,IDLE
-0.004,0.026,1.018,0.499,-2.31,1.216,IDLE
-0.005,0.025,1.019,0.534,-2.275,1.155,IDLE
-0.004,0.025,1.017,0.543,-2.336,1.199,IDLE
-0.005,0.025,1.018,0.525,-2.301,1.207,IDLE
-0.005,0.025,1.018,0.507,-2.301,1.146,IDLE
-0.004,0.025,1.018,0.56,-2.31,1.181,IDLE
-0.004,0.026,1.017,0.534,-2.301,1.146,IDLE
-0.005,0.025,1.021,0.56,-2.336,1.173,IDLE
-0.004,0.026,1.018,0.507,-2.328,1.242,IDLE
-0.006,0.025,1.019,0.507,-2.319,1.207,IDLE
-0.005,0.025,1.018,0.525,-2.336,1.199,IDLE
-0.004,0.026,1.019,0.516,-2.345,1.173,IDLE
-0.004,0.025,1.018,0.525,-2.328,1.216,IDLE
-0.005,0.025,1.016,0.507,-2.354,1.146,IDLE
-0.005,0.025,1.018,0.516,-2.336,1.19,IDLE
-0.005,0.025,1.017,0.481,-2.328,1.146,IDLE
-0.004,0.025,1.017,0.499,-2.319,1.19,IDLE
-0.004,0.025,1.018,0.525,-2.301,1.199,IDLE
-0.005,0.026,1.018,0.49,-2.284,1.19,IDLE
-0.005,0.024,1.019,0.516,-2.266,1.155,IDLE
-0.004,0.025,1.018,0.507,-2.336,1.173,IDLE
-0.005,0.025,1.018,0.516,-2.293,1.138,IDLE
-0.005,0.025,1.019,0.481,-2.31,1.181,IDLE
-0.005,0.024,1.018,0.446,-2.31,1.19,IDLE
-0.005,0.025,1.017,0.551,-2.31,1.164,IDLE
-0.005,0.025,1.019,0.472,-2.31,1.146,IDLE
-0.006,0.025,1.017,0.49,-2.301,1.155,IDLE
-0.005,0.026,1.017,0.551,-2.301,1.12,IDLE
-0.005,0.025,1.019,0.516,-2.284,1.129,IDLE
-0.004,0.025,1.017,0.507,-2.301,1.164,IDLE
-0.005,0.025,1.02,0.551,-2.345,1.155,IDLE
-0.004,0.025,1.018,0.551,-2.31,1.138,IDLE
-0.005,0.025,1.018,0.516,-2.31,1.155,IDLE
-0.006,0.025,1.019,0.49,-2.266,1.138,IDLE
-0.005,0.024,1.019,0.525,-2.319,1.155,IDLE
-0.005,0.025,1.018,0.525,-2.319,1.181,IDLE
-0.005,0.025,1.02,0.551,-2.293,1.146,IDLE
-0.006,0.024,1.017,0.577,-2.301,1.164,IDLE
-0.005,0.025,1.017,0.507,-2.301,1.155,IDLE
-0.004,0.025,1.018,0.516,-2.293,1.19,IDLE
-0.006,0.024,1.019,0.499,-2.336,1.164,IDLE
-0.005,0.024,1.018,0.507,-2.284,1.155,IDLE
-0.006,0.025,1.018,0.534,-2.319,1.138,IDLE
-0.005,0.025,1.018,0.499,-2.31,1.164,IDLE
-0.004,0.025,1.017,0.56,-2.284,1.199,IDLE
-0.006,0.025,1.018,0.543,-2.301,1.199,IDLE
-0.005,0.024,1.018,0.551,-2.31,1.155,IDLE
-0.005,0.025,1.019,0.551,-2.31,1.146,IDLE
-0.006,0.025,1.019,0.543,-2.345,1.199,IDLE
-0.005,0.025,1.019,0.551,-2.345,1.146,IDLE
-0.004,0.024,1.017,0.543,-2.284,1.155,IDLE
-0.005,0.025,1.019,0.534,-2.266,1.164,IDLE
-0.006,0.025,1.019,0.499,-2.301,1.207,IDLE
-0.004,0.024,1.016,0.604,-2.336,1.155,IDLE
-0.005,0.026,1.019,0.577,-2.31,1.155,IDLE
-0.005,0.025,1.018,0.543,-2.301,1.207,IDLE
-0.006,0.025,1.019,0.534,-2.319,1.155,IDLE
-0.005,0.026,1.019,0.551,-2.301,1.164,IDLE
-0.004,0.025,1.018,0.525,-2.275,1.199,IDLE
-0.004,0.025,1.018,0.516,-2.319,1.207,IDLE
-0.005,0.025,1.018,0.543,-2.275,1.181,IDLE
-0.004,0.025,1.017,0.543,-2.328,1.19,IDLE
-0.006,0.025,1.019,0.56,-2.301,1.207,IDLE
-0.004,0.025,1.017,0.499,-2.301,1.19,IDLE
-0.005,0.026,1.017,0.551,-2.328,1.164,IDLE
-0.005,0.025,1.019,0.49,-2.319,1.207,IDLE
-0.005,0.024,1.017,0.516,-2.301,1.199,IDLE
-0.005,0.025,1.018,0.525,-2.328,1.181,IDLE
-0.005,0.025,1.018,0.543,-2.301,1.207,IDLE
-0.005,0.025,1.019,0.543,-2.301,1.181,IDLE
-0.005,0.025,1.019,0.551,-2.354,1.19,IDLE
-0.005,0.025,1.018,0.534,-2.293,1.164,IDLE
-0.005,0.025,1.018,0.534,-2.301,1.146,IDLE
-0.005,0.025,1.019,0.534,-2.284,1.146,IDLE
-0.005,0.025,1.017,0.481,-2.336,1.216,IDLE
-0.005,0.025,1.018,0.516,-2.301,1.155,IDLE
-0.005,0.026,1.019,0.577,-2.275,1.181,IDLE
-0.005,0.025,1.016,0.534,-2.345,1.19,IDLE
-0.004,0.027,1.022,0.595,-2.301,1.173,IDLE
-0.005,0.027,1.018,0.534,-2.301,1.207,IDLE
-0.006,0.024,1.016,0.516,-2.301,1.242,IDLE
-0.005,0.027,1.018,0.551,-2.319,1.234,IDLE
-0.004,0.026,1.019,0.525,-2.301,1.207,IDLE
-0.004,0.024,1.017,0.507,-2.336,1.216,IDLE
-0.005,0.025,1.019,0.551,-2.301,1.225,IDLE
-0.006,0.025,1.018,0.507,-2.319,1.199,IDLE
-0.003,0.024,1.018,0.499,-2.275,1.164,IDLE
-0.004,0.026,1.018,0.586,-2.31,1.216,IDLE
-0.006,0.025,1.016,0.525,-2.31,1.216,IDLE
-0.004,0.025,1.019,0.516,-2.301,1.199,IDLE
-0.004,0.025,1.017,0.525,-2.31,1.19,IDLE
-0.005,0.025,1.018,0.577,-2.31,1.19,IDLE
-0.005,0.025,1.018,0.481,-2.336,1.216,IDLE
-0.006,0.025,1.018,0.516,-2.275,1.181,IDLE
-0.006,0.025,1.019,0.534,-2.31,1.199,IDLE
-0.003,0.025,1.017,0.499,-2.301,1.164,IDLE
-0.006,0.026,1.018,0.507,-2.319,1.225,IDLE
-0.004,0.027,1.019,0.516,-2.336,1.207,IDLE
-0.005,0.025,1.017,0.516,-2.328,1.225,IDLE
-0.005,0.025,1.017,0.516,-2.284,1.199,IDLE
-0.006,0.025,1.018,0.543,-2.31,1.19,IDLE
-0.006,0.025,1.018,0.507,-2.345,1.19,IDLE
-0.005,0.025,1.019,0.507,-2.293,1.216,IDLE
-0.004,0.025,1.018,0.569,-2.293,1.181,IDLE
-0.005,0.025,1.018,0.543,-2.31,1.181,IDLE
-0.005,0.025,1.018,0.525,-2.336,1.155,IDLE
-0.006,0.025,1.019,0.516,-2.31,1.164,IDLE
-0.004,0.024,1.017,0.507,-2.301,1.242,IDLE
-0.005,0.025,1.018,0.507,-2.319,1.199,IDLE
-0.005,0.025,1.018,0.499,-2.31,1.234,IDLE
-0.007,0.025,1.018,0.516,-2.301,1.19,IDLE
-0.004,0.025,1.017,0.481,-2.275,1.146,IDLE
-0.004,0.025,1.017,0.56,-2.328,1.181,IDLE
-0.005,0.025,1.017,0.499,-2.284,1.164,IDLE
-0.005,0.024,1.017,0.499,-2.301,1.199,IDLE
-0.004,0.025,1.018,0.516,-2.319,1.207,IDLE
-0.005,0.025,1.018,0.481,-2.319,1.216,IDLE
-0.005,0.025,1.018,0.499,-2.301,1.146,IDLE
-0.004,0.025,1.018,0.49,-2.275,1.199,IDLE
-0.005,0.025,1.019,0.481,-2.275,1.199,IDLE
-0.005,0.025,1.019,0.516,-2.284,1.199,IDLE
-0.005,0.025,1.019,0.525,-2.319,1.19,IDLE
-0.004,0.025,1.017,0.543,-2.328,1.155,IDLE
-0.006,0.025,1.018,0.49,-2.301,1.234,IDLE
-0.005,0.025,1.018,0.543,-2.284,1.19,IDLE
-0.004,0.025,1.019,0.507,-2.31,1.155,IDLE
-0.005,0.025,1.018,0.472,-2.336,1.225,IDLE
-0.004,0.024,1.017,0.525,-2.31,1.155,IDLE
-0.004,0.025,1.019,0.543,-2.293,1.19,IDLE
-0.005,0.025,1.017,0.464,-2.336,1.173,IDLE
-0.004,0.025,1.018,0.472,-2.275,1.199,IDLE
-0.005,0.025,1.017,0.507,-2.354,1.173,IDLE
-0.004,0.024,1.018,0.507,-2.31,1.146,IDLE
-0.005,0.025,1.017,0.551,-2.328,1.173,IDLE
-0.005,0.024,1.018,0.481,-2.301,1.19,IDLE
-0.006,0.025,1.018,0.507,-2.293,1.181,IDLE
-0.005,0.025,1.017,0.499,-2.301,1.19,IDLE
-0.005,0.025,1.017,0.516,-2.328,1.111,IDLE
-0.006,0.024,1.018,0.507,-2.319,1.181,IDLE
-0.005,0.025,1.019,0.525,-2.31,1.19,IDLE
-0.005,0.024,1.017,0.516,-2.336,1.181,IDLE
-0.004,0.024,1.019,0.499,-2.293,1.181,IDLE
-0.004,0.025,1.018,0.56,-2.293,1.146,IDLE
-0.005,0.025,1.019,0.551,-2.328,1.164,IDLE
-0.006,0.025,1.018,0.543,-2.31,1.199,IDLE
-0.005,0.025,1.02,0.507,-2.31,1.164,IDLE
-0.004,0.024,1.017,0.525,-2.293,1.173,IDLE
-0.005,0.025,1.017,0.56,-2.354,1.12,IDLE
-0.005,0.025,1.019,0.516,-2.266,1.146,IDLE
-0.005,0.025,1.017,0.525,-2.319,1.181,IDLE
-0.005,0.025,1.018,0.551,-2.31,1.173,IDLE
-0.005,0.025,1.017,0.543,-2.319,1.173,IDLE
-0.004,0.025,1.018,0.543,-2.301,1.181,IDLE
-0.005,0.025,1.017,0.604,-2.345,1.199,IDLE
-0.006,0.025,1.019,0.586,-2.31,1.207,IDLE
-0.004,0.025,1.019,0.534,-2.293,1.164,IDLE
-0.005,0.024,1.018,0.586,-2.301,1.146,IDLE
-0.005,0.025,1.019,0.569,-2.301,1.181,IDLE
-0.005,0.025,1.018,0.595,-2.328,1.216,IDLE
-0.004,0.024,1.018,0.586,-2.301,1.146,IDLE
-0.005,0.025,1.019,0.569,-2.319,1.173,IDLE
-0.005,0.025,1.018,0.507,-2.301,1.19,IDLE
-0.006,0.025,1.018,0.534,-2.31,1.146,IDLE
-0.004,0.025,1.017,0.516,-2.301,1.181,IDLE
-0.007,0.025,1.019,0.56,-2.328,1.164,IDLE
-0.005,0.025,1.018,0.49,-2.31,1.216,IDLE
-0.004,0.025,1.018,0.507,-2.31,1.181,IDLE
-0.004,0.026,1.018,0.577,-2.319,1.19,IDLE
-0.005,0.026,1.017,0.516,-2.301,1.173,IDLE
-0.004,0.025,1.016,0.525,-2.293,1.199,IDLE
-0.005,0.025,1.018,0.516,-2.328,1.225,IDLE
-0.005,0.024,1.019,0.49,-2.293,1.225,IDLE
-0.006,0.025,1.017,0.516,-2.301,1.19,IDLE
-0.005,0.025,1.02,0.543,-2.336,1.173,IDLE
-0.004,0.026,1.018,0.525,-2.319,1.207,IDLE
-0.005,0.024,1.019,0.577,-2.31,1.207,IDLE
-0.004,0.025,1.018,0.516,-2.275,1.181,IDLE
-0.005,0.026,1.019,0.569,-2.319,1.19,IDLE
-0.006,0.025,1.018,0.472,-2.31,1.225,IDLE
-0.004,0.026,1.017,0.49,-2.301,1.181,IDLE
-0.006,0.025,1.02,0.543,-2.319,1.207,IDLE
-0.005,0.025,1.018,0.516,-2.284,1.216,IDLE
-0.005,0.025,1.018,0.534,-2.301,1.199,IDLE
-0.006,0.025,1.017,0.525,-2.301,1.199,IDLE
-0.004,0.026,1.019,0.525,-2.319,1.216,IDLE
-0.005,0.026,1.018,0.543,-2.301,1.199,IDLE
-0.005,0.024,1.017,0.516,-2.257,1.181,IDLE
-0.003,0.026,1.02,0.543,-2.31,1.234,IDLE
-0.005,0.024,1.019,0.525,-2.293,1.181,IDLE
-0.005,0.025,1.019,0.543,-2.31,1.225,IDLE
-0.004,0.026,1.018,0.507,-2.284,1.181,IDLE
-0.006,0.026,1.019,0.551,-2.301,1.207,IDLE
-0.004,0.025,1.017,0.507,-2.31,1.242,IDLE
-0.005,0.026,1.017,0.534,-2.319,1.234,IDLE
-0.005,0.024,1.018,0.516,-2.328,1.199,IDLE
-0.005,0.025,1.019,0.551,-2.336,1.164,IDLE
-0.005,0.026,1.019,0.56,-2.345,1.199,IDLE
-0.006,0.024,1.017,0.543,-2.275,1.207,IDLE
-0.004,0.025,1.017,0.464,-2.319,1.216,IDLE
-0.005,0.025,1.017,0.516,-2.31,1.234,IDLE
-0.007,0.024,1.018,0.516,-2.31,1.234,IDLE
-0.004,0.025,1.019,0.534,-2.31,1.19,IDLE
-0.005,0.025,1.018,0.56,-2.266,1.199,IDLE
-0.005,0.025,1.018,0.525,-2.336,1.19,IDLE
-0.004,0.025,1.017,0.543,-2.328,1.234,IDLE
-0.003,0.025,1.017,0.577,-2.328,1.251,IDLE
-0.005,0.026,1.018,0.551,-2.275,1.207,IDLE
-0.005,0.025,1.018,0.481,-2.301,1.207,IDLE
-0.004,0.026,1.019,0.507,-2.345,1.199,IDLE
-0.004,0.025,1.017,0.569,-2.293,1.225,IDLE
-0.004,0.026,1.02,0.534,-2.301,1.216,IDLE
-0.004,0.026,1.019,0.56,-2.336,1.225,IDLE
-0.005,0.025,1.018,0.525,-2.354,1.207,IDLE
-0.006,0.026,1.018,0.56,-2.319,1.216,IDLE
-0.004,0.026,1.018,0.543,-2.31,1.19,IDLE
-0.006,0.026,1.017,0.516,-2.284,1.199,IDLE
-0.005,0.025,1.019,0.543,-2.31,1.19,IDLE
-0.005,0.025,1.019,0.525,-2.31,1.216,IDLE
-0.005,0.026,1.019,0.569,-2.301,1.19,IDLE
-0.006,0.025,1.018,0.499,-2.354,1.207,IDLE
-0.004,0.025,1.017,0.534,-2.31,1.216,IDLE
-0.004,0.026,1.018,0.534,-2.319,1.216,IDLE
-0.004,0.026,1.017,0.481,-2.293,1.216,IDLE
-0.005,0.025,1.018,0.499,-2.319,1.216,IDLE
-0.005,0.025,1.019,0.525,-2.266,1.251,IDLE
-0.004,0.025,1.019,0.516,-2.336,1.199,IDLE
-0.004,0.025,1.018,0.499,-2.31,1.173,IDLE
-0.005,0.025,1.017,0.507,-2.301,1.207,IDLE
-0.005,0.025,1.018,0.543,-2.275,1.216,IDLE
-0.007,0.026,1.018,0.516,-2.336,1.216,IDLE
-0.002,0.026,1.019,0.507,-2.328,1.234,IDLE
-0.004,0.025,1.017,0.534,-2.293,1.199,IDLE
-0.005,0.027,1.02,0.56,-2.31,1.225,IDLE
-0.004,0.026,1.018,0.499,-2.336,1.216,IDLE
-0.006,0.025,1.018,0.516,-2.275,1.216,IDLE
-0.005,0.024,1.018,0.516,-2.31,1.164,IDLE
-0.005,0.025,1.018,0.507,-2.301,1.199,IDLE
-0.005,0.024,1.018,0.534,-2.328,1.155,IDLE
-0.005,0.025,1.018,0.481,-2.284,1.234,IDLE
-0.006,0.025,1.019,0.507,-2.319,1.234,IDLE
-0.004,0.024,1.016,0.49,-2.328,1.242,IDLE
-0.004,0.024,1.017,0.543,-2.293,1.225,IDLE
-0.005,0.026,1.018,0.481,-2.319,1.242,IDLE
-0.006,0.025,1.018,0.543,-2.354,1.216,IDLE
-0.005,0.026,1.018,0.49,-2.336,1.19,IDLE
-0.004,0.026,1.019,0.543,-2.328,1.207,IDLE
-0.004,0.025,1.018,0.507,-2.24,1.181,IDLE
-0.004,0.025,1.018,0.499,-2.336,1.207,IDLE
-0.005,0.026,1.02,0.525,-2.336,1.19,IDLE
-0.004,0.025,1.017,0.595,-2.328,1.234,IDLE
-0.005,0.025,1.018,0.569,-2.328,1.225,IDLE
-0.005,0.025,1.018,0.569,-2.284,1.207,IDLE
-0.005,0.025,1.018,0.586,-2.319,1.207,IDLE
-0.005,0.025,1.017,0.577,-2.31,1.251,IDLE
-0.004,0.024,1.018,0.586,-2.31,1.295,IDLE
-0.004,0.025,1.018,0.604,-2.319,1.234,IDLE
-0.003,0.025,1.017,0.499,-2.301,1.269,IDLE
-0.004,0.026,1.02,0.543,-2.293,1.269,IDLE
-0.005,0.025,1.018,0.499,-2.275,1.269,IDLE
-0.006,0.025,1.02,0.534,-2.301,1.269,IDLE
-0.004,0.025,1.018,0.525,-2.31,1.216,IDLE
-0.005,0.026,1.019,0.499,-2.293,1.269,IDLE
-0.003,0.026,1.018,0.507,-2.275,1.278,IDLE
-0.005,0.025,1.017,0.534,-2.31,1.278,IDLE
-0.004,0.026,1.017,0.516,-2.293,1.225,IDLE
-0.005,0.025,1.018,0.543,-2.31,1.251,IDLE
-0.004,0.025,1.018,0.499,-2.266,1.26,IDLE
-0.005,0.025,1.018,0.534,-2.293,1.26,IDLE
-0.005,0.025,1.02,0.543,-2.328,1.225,IDLE
-0.004,0.024,1.017,0.551,-2.284,1.216,IDLE
-0.005,0.025,1.018,0.56,-2.284,1.242,IDLE
-0.004,0.025,1.017,0.569,-2.319,1.26,IDLE
-0.005,0.025,1.02,0.534,-2.293,1.286,IDLE
-0.005,0.026,1.018,0.56,-2.301,1.251,IDLE
-0.005,0.025,1.019,0.586,-2.293,1.242,IDLE
-0.004,0.025,1.019,0.525,-2.301,1.234,IDLE
-0.004,0.026,1.018,0.569,-2.257,1.216,IDLE
-0.005,0.026,1.018,0.516,-2.31,1.269,IDLE
-0.005,0.026,1.019,0.525,-2.319,1.278,IDLE
-0.005,0.025,1.019,0.525,-2.31,1.26,IDLE
-0.005,0.025,1.017,0.569,-2.31,1.278,IDLE
-0.005,0.025,1.019,0.56,-2.301,1.286,IDLE
-0.004,0.026,1.018,0.49,-2.319,1.278,IDLE
-0.006,0.026,1.018,0.543,-2.284,1.295,IDLE
-0.005,0.025,1.018,0.551,-2.319,1.225,IDLE
-0.004,0.025,1.018,0.543,-2.31,1.251,IDLE
-0.004,0.026,1.017,0.516,-2.328,1.278,IDLE
-0.005,0.026,1.018,0.577,-2.345,1.225,IDLE
-0.005,0.025,1.017,0.534,-2.301,1.242,IDLE
-0.006,0.025,1.018,0.481,-2.31,1.26,IDLE
-0.004,0.025,1.017,0.551,-2.284,1.286,IDLE
-0.005,0.025,1.018,0.507,-2.293,1.225,IDLE
-0.005,0.026,1.017,0.525,-2.275,1.278,IDLE
-0.004,0.025,1.019,0.481,-2.293,1.26,IDLE
-0.005,0.025,1.017,0.507,-2.328,1.286,IDLE
-0.004,0.026,1.019,0.577,-2.31,1.295,IDLE
-0.004,0.026,1.018,0.525,-2.31,1.295,IDLE
-0.005,0.025,1.019,0.569,-2.345,1.26,IDLE
-0.005,0.026,1.018,0.551,-2.284,1.26,IDLE
-0.004,0.025,1.018,0.507,-2.284,1.234,IDLE
-0.005,0.025,1.018,0.534,-2.293,1.251,IDLE
-0.005,0.026,1.018,0.551,-2.301,1.251,IDLE
-0.004,0.026,1.018,0.525,-2.301,1.278,IDLE
-0.004,0.025,1.018,0.516,-2.284,1.312,IDLE
-0.004,0.025,1.017,0.543,-2.345,1.242,IDLE
-0.005,0.026,1.02,0.525,-2.319,1.278,IDLE
-0.005,0.025,1.019,0.534,-2.301,1.278,IDLE
-0.004,0.025,1.018,0.499,-2.266,1.26,IDLE
-0.005,0.026,1.017,0.516,-2.301,1.26,IDLE
-0.005,0.025,1.019,0.525,-2.336,1.278,IDLE
-0.005,0.025,1.018,0.56,-2.293,1.312,IDLE
-0.005,0.025,1.018,0.551,-2.301,1.286,IDLE
-0.006,0.026,1.018,0.569,-2.301,1.26,IDLE
-0.005,0.026,1.018,0.507,-2.293,1.251,IDLE
-0.005,0.025,1.018,0.499,-2.319,1.269,IDLE
-0.004,0.025,1.019,0.525,-2.275,1.286,IDLE
-0.005,0.025,1.019,0.534,-2.31,1.26,IDLE
-0.005,0.025,1.017,0.534,-2.284,1.286,IDLE
-0.004,0.025,1.018,0.525,-2.301,1.278,IDLE
-0.005,0.025,1.017,0.551,-2.293,1.251,IDLE
-0.006,0.025,1.019,0.525,-2.362,1.269,IDLE
-0.004,0.025,1.018,0.534,-2.293,1.26,IDLE
-0.004,0.026,1.018,0.534,-2.275,1.278,IDLE
-0.005,0.025,1.018,0.525,-2.319,1.278,IDLE
-0.005,0.026,1.019,0.534,-2.275,1.278,IDLE
-0.005,0.025,1.018,0.56,-2.31,1.269,IDLE
-0.005,0.026,1.017,0.56,-2.319,1.242,IDLE
-0.005,0.026,1.019,0.543,-2.275,1.234,IDLE
-0.005,0.026,1.017,0.534,-2.354,1.225,IDLE
-0.005,0.026,1.019,0.551,-2.293,1.26,IDLE
-0.005,0.025,1.018,0.551,-2.319,1.251,IDLE
-0.005,0.026,1.018,0.481,-2.284,1.286,IDLE
-0.005,0.025,1.018,0.534,-2.284,1.26,IDLE
-0.004,0.025,1.018,0.569,-2.275,1.295,IDLE
-0.004,0.025,1.018,0.534,-2.31,1.278,IDLE
-0.005,0.025,1.017,0.551,-2.301,1.278,IDLE
-0.005,0.026,1.018,0.507,-2.266,1.312,IDLE
-0.005,0.025,1.018,0.569,-2.319,1.216,IDLE
-0.004,0.026,1.018,0.569,-2.345,1.242,IDLE
-0.004,0.026,1.018,0.56,-2.301,1.216,IDLE
-0.005,0.025,1.017,0.551,-2.301,1.251,IDLE
-0.004,0.026,1.019,0.551,-2.31,1.269,IDLE
-0.004,0.025,1.018,0.569,-2.319,1.304,IDLE
-0.004,0.025,1.019,0.56,-2.31,1.225,IDLE
-0.004,0.025,1.017,0.534,-2.328,1.26,IDLE
-0.004,0.024,1.019,0.525,-2.301,1.269,IDLE
-0.005,0.025,1.018,0.49,-2.266,1.251,IDLE
-0.004,0.026,1.018,0.56,-2.293,1.26,IDLE
-0.005,0.026,1.019,0.525,-2.345,1.269,IDLE
-0.005,0.025,1.017,0.499,-2.319,1.295,IDLE
-0.004,0.026,1.018,0.543,-2.275,1.286,IDLE
-0.005,0.026,1.019,0.534,-2.275,1.26,IDLE
-0.004,0.024,1.019,0.543,-2.319,1.312,IDLE
-0.006,0.026,1.018,0.516,-2.319,1.278,IDLE
-0.005,0.025,1.019,0.543,-2.319,1.26,IDLE
-0.005,0.026,1.017,0.446,-2.319,1.286,IDLE
-0.005,0.026,1.018,0.499,-2.293,1.234,IDLE
-0.004,0.026,1.019,0.516,-2.293,1.242,IDLE
-0.005,0.025,1.017,0.551,-2.284,1.286,IDLE
-0.004,0.026,1.017,0.595,-2.284,1.26,IDLE
-0.006,0.024,1.017,0.516,-2.293,1.225,IDLE
-0.003,0.026,1.019,0.49,-2.31,1.207,IDLE
-0.004,0.027,1.017,0.525,-2.293,1.26,IDLE
-0.006,0.025,1.017,0.534,-2.345,1.269,IDLE
-0.004,0.028,1.031,0.674,-2.284,1.295,ROLL
-0.008,0.025,1.014,0.455,-2.31,1.286,ROLL
-0.003,0.027,1.023,0.63,-2.293,1.286,ROLL
-0.003,0.025,1.016,0.507,-2.284,1.295,ROLL
-0.005,0.026,1.02,0.586,-2.275,1.295,ROLL
-0.005,0.025,1.018,0.49,-2.301,1.251,ROLL
-0.004,0.023,1.014,0.49,-2.284,1.251,ROLL
-0.005,0.024,1.009,0.49,-2.257,1.278,ROLL
-0.006,0.026,1.021,0.56,-2.284,1.269,ROLL
-0.003,0.026,1.021,0.586,-2.328,1.33,ROLL
-0.006,0.025,1.02,0.569,-2.301,1.304,ROLL
-0.004,0.026,1.016,0.49,-2.293,1.347,ROLL
-0.005,0.025,1.021,0.525,-2.319,1.278,ROLL
-0.005,0.026,1.016,0.49,-2.293,1.278,ROLL
-0.005,0.026,1.019,0.516,-2.31,1.295,ROLL
-0.005,0.025,1.019,0.551,-2.301,1.295,ROLL
-0.005,0.025,1.018,0.551,-2.284,1.278,ROLL
-0.004,0.025,1.019,0.499,-2.336,1.286,ROLL
-0.005,0.026,1.02,0.56,-2.31,1.26,ROLL
-0.005,0.026,1.017,0.534,-2.266,1.33,ROLL
-0.005,0.025,1.02,0.534,-2.275,1.286,ROLL
-0.005,0.026,1.018,0.56,-2.301,1.304,ROLL
-0.005,0.025,1.019,0.525,-2.293,1.26,ROLL
-0.004,0.026,1.018,0.516,-2.345,1.269,ROLL
-0.006,0.026,1.02,0.543,-2.275,1.304,ROLL
-0.005,0.026,1.019,0.56,-2.301,1.269,ROLL
-0.006,0.026,1.018,0.551,-2.293,1.33,ROLL
-0.005,0.026,1.019,0.525,-2.328,1.33,ROLL
-0.005,0.025,1.018,0.534,-2.293,1.304,ROLL
-0.005,0.026,1.018,0.613,-2.301,1.321,ROLL
-0.005,0.026,1.019,0.525,-2.301,1.26,ROLL
-0.006,0.026,1.017,0.507,-2.293,1.286,ROLL
-0.005,0.026,1.017,0.569,-2.275,1.242,ROLL
-0.005,0.026,1.019,0.551,-2.293,1.295,ROLL
-0.004,0.025,1.018,0.534,-2.319,1.251,ROLL
-0.003,0.025,1.019,0.534,-2.319,1.269,ROLL
-0.005,0.026,1.017,0.577,-2.301,1.26,ROLL
-0.005,0.025,1.019,0.534,-2.293,1.304,ROLL
-0.005,0.026,1.02,0.525,-2.301,1.304,ROLL
-0.004,0.025,1.018,0.525,-2.284,1.286,ROLL
-0.005,0.025,1.018,0.516,-2.293,1.269,ROLL
-0.004,0.027,1.019,0.543,-2.284,1.286,ROLL
-0.003,0.026,1.019,0.516,-2.284,1.278,ROLL
-0.004,0.026,1.016,0.525,-2.301,1.295,ROLL
-0.005,0.025,1.017,0.639,-2.362,1.304,ROLL
-0.005,0.026,1.018,0.604,-2.301,1.304,ROLL
-0.004,0.026,1.021,0.551,-2.301,1.269,ROLL
-0.011,0.055,1.017,0.543,-2.301,1.523,ROLL
-0.003,0.005,1.02,0.683,-2.257,10.325,ROLL
-0.001,0.024,1.019,0.56,-2.328,1.951,ROLL
-0.007,0.024,1.016,0.464,-2.31,1.89,ROLL
-0.001,0.02,1.016,0.525,-2.257,1.61,ROLL
-0.005,0.026,1.022,0.481,-2.293,1.312,ROLL
-0.004,0.025,1.013,0.376,-2.293,1.216,ROLL
-0.004,0.026,1.027,0.534,-2.301,0.613,ROLL
-0.002,0.024,1.013,0.446,-2.275,0.481,ROLL
0,0.034,1.021,0.464,-2.293,0.665,ROLL
0.003,0.042,1.018,0.289,-2.336,0.49,ROLL
-0.002,0.02,1.034,0.683,-2.328,3.378,ROLL
-0.009,0.019,1.018,0.534,-2.345,1.61,ROLL
-0.006,0.023,1.016,0.525,-2.328,1.365,ROLL
-0.005,0.025,1.02,0.507,-2.293,1.251,ROLL
-0.003,0.027,1.027,0.543,-2.293,1.225,ROLL
0.001,0.034,1.013,0.691,-2.406,5.39,ROLL
-0.006,-0.074,1.024,0.998,-2.38,3.588,ROLL
-0.022,0.025,1.111,0.446,-5.364,-0.105,ROLL
-0.013,0.043,1.076,-0.42,-37.914,2.223,ROLL
0.003,0.012,1.112,0.543,-67.113,0.254,ROLL
0.042,0,1.134,0.551,-106.006,-5.18,ROLL
0.14,0.112,0.959,1.872,-138.197,2.293,ROLL
0.182,0.045,0.925,3.351,-115.272,9.546,ROLL
0.205,-0.058,0.96,2.362,-100.459,8.47,ROLL
0.264,0.013,1.07,-1.181,-104.668,-2.485,ROLL
0.273,0.12,0.966,1.881,-137.209,4.629,ROLL
0.415,0.073,0.888,4.725,-122.841,11.445,ROLL
0.392,0.05,0.936,4.296,-121.223,11.34,ROLL
0.404,-0.025,0.954,4.139,-135.643,7.236,ROLL
0.568,0.015,0.924,11.086,-152.145,18.147,ROLL
0.68,0.019,0.73,-2.678,-158.296,0.166,ROLL
0.633,0.068,0.756,-2.249,-154.079,0.438,ROLL
0.673,-0.022,0.699,3.859,-166.294,7.464,ROLL
0.777,0.024,0.587,2.179,-138.932,4.497,ROLL
0.778,0.069,0.66,4.69,-142.958,6.799,ROLL
0.798,0.035,0.567,4.611,-162.514,6.492,ROLL
0.826,0.025,0.447,0.866,-193.874,4.506,ROLL
0.876,0.021,0.361,8.374,-225.505,8.295,ROLL
0.812,-0.054,0.265,-23.459,-285.504,-0.455,ROLL
0.829,-0.159,0.193,-40.757,-286.641,-0.84,ROLL
0.812,0.155,0.06,-10.938,-275.949,9.993,ROLL
0.903,0.059,-0.343,-6.562,-201.548,5.81,ROLL
0.92,0.062,-0.238,33.224,-88.891,-3.089,ROLL
0.93,0.061,-0.247,22.881,-60.961,-1.164,ROLL
0.951,-0.002,-0.245,-0.735,-24.5,1.986,ROLL
0.959,0.026,-0.284,-3.176,4.025,1.75,ROLL
1,0.113,-0.049,-3.859,57.243,4.9,ROLL
0.935,0.058,-0.195,-60.331,110.845,9.476,ROLL
0.952,-0.053,-0.219,-40.005,148.426,1.89,ROLL
0.969,-0.049,-0.137,-22.741,137.629,-0.123,ROLL
1.003,-0.138,0.06,-8.085,110.661,-4.629,ROLL
0.961,-0.162,0.102,-5.574,161.569,0.035,ROLL
1.009,0.095,0.254,-42.158,188.79,-2.074,ROLL
0.933,0.054,0.337,-56.263,213.614,8.767,ROLL
0.861,0.058,0.403,-44.126,242.253,20.51,ROLL
0.746,0.007,0.576,-11.419,263.471,22.33,ROLL
0.835,-0.102,0.612,-42.551,274.592,36.435,ROLL
0.729,-0.046,0.636,-50.829,286.685,35.726,ROLL
0.552,-0.089,0.618,-17.92,286.685,30.231,ROLL
0.455,-0.109,0.882,27.256,286.44,-1.908,ROLL
0.278,-0.154,0.907,13.869,243.661,3.299,ROLL
0.235,0.107,1,16.222,190.663,-5.381,ROLL
0.166,-0.031,1.106,32.743,185.622,-19.276,ROLL
0.044,-0.034,1.122,25.882,178.902,-18.576,ROLL
-0.012,-0.031,1.128,7.577,185.518,-4.41,ROLL
-0.072,-0.002,1.075,-3.054,218.216,-7.823,ROLL
-0.21,-0.005,1.114,-2.546,235.559,-15.409,ROLL
-0.284,-0.074,1.008,-22.295,242.48,-11.235,ROLL
-0.39,-0.073,0.926,-11.515,272.633,-2.38,ROLL
-0.402,-0.119,0.907,-23.424,283.439,2.371,ROLL
-0.624,-0.106,0.828,-29.855,282.774,12.486,ROLL
-0.569,0.064,0.612,-14.91,273.079,15.951,ROLL
-0.627,-0.029,0.512,22.19,220.754,27.142,ROLL
-0.72,0.015,0.511,32.051,192.089,33.11,ROLL
-0.863,-0.06,0.521,41.632,179.97,30.966,ROLL
-0.876,-0.055,0.376,22.129,217.289,16.065,ROLL
-0.911,-0.013,0.222,12.67,224.175,6.09,ROLL
-0.878,-0.045,0.184,10.841,221.235,-0.298,ROLL
-1.275,0.04,0.24,12.539,188.501,18.865,ROLL
-0.994,0.022,0.014,-16.397,208.154,-1.549,ROLL
-0.96,0.046,-0.097,-22.12,178.824,1.803,ROLL
-0.811,-0.008,-0.191,-25.611,165.961,3.771,ROLL
-0.99,-0.073,-0.262,-38.561,181.913,-18.603,ROLL
-0.86,0.09,-0.393,-37.695,162.934,-10.106,ROLL
-0.919,0.033,-0.448,-55.886,122.404,-21.901,ROLL
-0.886,-0.09,-0.451,-53.349,94.378,-17.465,ROLL
-0.929,0.014,-0.48,-27.23,56.245,-4.769,ROLL
-0.896,0.071,-0.5,-7.875,11.209,7.009,ROLL
-0.862,0.021,-0.536,-4.323,-26.521,5.224,ROLL
-0.901,0.022,-0.486,-4.541,-43.479,0.035,ROLL
-0.906,0.051,-0.512,-0.131,-86.835,-4.742,ROLL
-0.863,0.072,-0.445,4.769,-140.674,-11.069,ROLL
-1.023,0.086,-0.336,6.291,-184.091,-12.408,ROLL
-1.02,0.055,-0.266,2.818,-201.303,-7.166,ROLL
-1.028,-0.051,-0.053,14.919,-242.462,-8.137,ROLL
-0.982,-0.039,-0.054,10.762,-238.07,-16.651,ROLL
-0.794,-0.071,-0.049,0.009,-237.405,-21.096,ROLL
-0.843,-0.072,0.255,7.98,-237.212,-16.721,ROLL
-0.854,-0.046,0.347,-8.68,-256.707,-22.094,ROLL
-0.901,-0.166,0.52,5.189,-241.167,-24.229,ROLL
-0.813,-0.096,0.6,37.783,-256.699,-10.106,ROLL
-0.801,0.058,0.695,23.59,-270.069,3.561,ROLL
-0.647,0.038,0.723,33.486,-286.685,20.064,ROLL
-0.602,0.025,0.878,38.089,-286.685,23.704,ROLL
-0.495,0.028,0.992,4.568,-275.275,14.595,ROLL
-0.353,0.017,1.014,-11.646,-265.247,7.411,ROLL
-0.194,-0.019,0.962,-13.204,-233.607,12.688,ROLL
-0.149,0.05,0.972,-11.856,-210.884,16.608,ROLL
-0.045,0.103,0.923,-19.093,-241.85,1.138,ROLL
0.107,0.019,0.922,-22.4,-263.182,-5.88,ROLL
0.249,-0.051,1.006,-2.039,-227.973,-1.916,ROLL
0.274,-0.057,1.023,17.745,-166.206,4.629,ROLL
0.291,0.028,0.933,12.863,-138.128,6.09,ROLL
0.385,0.014,0.97,19.39,-157.036,5.346,ROLL
0.401,-0.052,0.965,16.371,-149.739,10.281,ROLL
0.516,-0.075,0.91,6.536,-137.2,12.276,ROLL
0.56,-0.057,0.915,-8.409,-140.674,15.391,ROLL
0.626,-0.073,0.84,-4.034,-138.583,14.534,ROLL
0.649,-0.028,0.763,3.588,-139.939,18.41,ROLL
0.673,-0.049,0.629,8.382,-123.882,8.076,ROLL
0.665,-0.09,0.635,4.27,-113.978,10.71,ROLL
0.998,-0.005,0.679,23.091,-106.575,4.883,ROLL
0.825,0,0.755,13.956,-144.121,1.75,ROLL
0.74,-0.019,0.474,-5.486,-178.185,1.365,ROLL
0.799,0.083,0.419,5.53,-166.031,-17.194,ROLL
0.895,-0.056,0.425,13.501,-151.9,-18.638,ROLL
0.896,-0.06,0.402,9.87,-145.486,-13.326,ROLL
1.027,0.056,0.383,-2.476,-148.995,-12.556,ROLL
0.922,0.019,0.242,-13.002,-156.31,0.595,ROLL
0.933,0.005,0.153,-24.938,-152.827,-0.131,ROLL
0.936,-0.063,0.074,-36.715,-171.553,1.391,ROLL
0.783,0.123,0.017,-32.638,-169.417,10.22,ROLL
0.994,0.111,-0.011,-41.667,-166.39,7.052,ROLL
0.929,0.042,-0.201,-43.68,-137.349,9.87,ROLL
0.97,0.033,-0.12,-6.405,-111.16,4.725,ROLL
0.933,0.061,-0.222,-24.981,-121.984,10.307,ROLL
0.89,0.083,-0.357,-38.421,-137.462,15.969,ROLL
0.846,-0.034,-0.433,-45.824,-141.96,22.173,ROLL
0.874,0.013,-0.445,-38.351,-132.659,22.452,ROLL
0.905,0.048,-0.486,-26.32,-88.419,17.763,ROLL
0.869,0.024,-0.496,-10.579,-61.6,9.45,ROLL
0.829,-0.017,-0.57,10.439,-37.424,-3.203,ROLL
0.851,-0.007,-0.522,16.074,-10.334,-8.4,ROLL
0.859,-0.015,-0.488,10.124,0.262,-4.55,ROLL
0.832,-0.014,-0.544,8.601,11.83,-3.544,ROLL
0.881,0.048,-0.559,8.741,35.026,-3.797,ROLL
0.893,-0.008,-0.54,27.886,93.634,-7.831,ROLL
0.857,0.035,-0.48,38.736,134.05,-1.916,ROLL
0.912,0.022,-0.424,42.131,159.206,-10.351,ROLL
0.916,-0.039,-0.323,36.347,162.811,7.49,ROLL
0.898,0.022,-0.277,19.994,170.66,15.514,ROLL
0.916,-0.039,-0.166,21.56,186.506,16.17,ROLL
0.902,-0.047,-0.053,37.529,209.956,9.896,ROLL
0.983,-0.072,0.079,36.986,170.879,10.587,ROLL
0.805,-0.049,0.064,58.118,240.441,-11.795,ROLL
0.807,0.034,0.162,68.39,258.834,-24.132,ROLL
0.743,-0.011,0.382,27.834,286.685,-48.51,ROLL
0.72,0.061,0.57,14.193,274.365,3.92,ROLL
0.669,-0.025,0.576,13.904,255.167,7.997,ROLL
0.656,-0.024,0.656,5.381,274.015,2.293,ROLL
0.502,0.003,0.812,-2.52,264.311,-6.003,ROLL
0.467,0.135,0.903,0.298,259.219,-0.411,ROLL
0.316,-0.013,0.968,-1.645,229.443,-3.246,ROLL
0.245,-0.048,0.992,-4.2,214.244,-10.911,ROLL
0.235,0.042,1.184,-14.123,191.135,-7.656,ROLL
0.127,0.068,1.125,-15.68,123.06,1.225,ROLL
0.081,0.02,1.044,-7.534,73.255,-3.579,ROLL
0.081,0.038,0.995,0.989,58.966,-2.074,ROLL
0.104,-0.002,1.072,-1.872,76.011,1.514,ROLL
0.038,0.013,1.155,-1.461,113.531,7.201,ROLL
0.013,0.032,1.161,-5.941,135.87,13.536,ROLL
-0.055,0.11,1.151,22.837,100.914,15.908,ROLL
-0.152,-0.061,1.047,3.176,116.034,14.271,ROLL
-0.175,0,1.013,0.07,127.864,0.289,ROLL
-0.222,0.029,0.999,0.359,141.225,-3.132,ROLL
-0.264,0.073,0.993,2.284,145.268,-6.676,ROLL
-0.377,-0.01,0.978,1.96,164.115,-5.338,ROLL
-0.445,-0.014,0.908,3.246,189.026,-6.073,ROLL
-0.496,0.021,0.903,1.269,205.599,-3.15,ROLL
-0.583,-0.028,0.764,0.56,233.459,-4.918,ROLL
-0.624,0.002,0.673,6.571,226.739,-7.49,ROLL
-0.727,0.009,0.579,6.134,226.188,-5.434,ROLL
-0.743,0.028,0.539,4.532,227.727,-3.605,ROLL
-0.827,0.036,0.421,4.48,205.607,-2.59,ROLL
-0.858,0.048,0.381,8.943,188.851,-3.955,ROLL
-0.903,0.052,0.255,10.797,187.617,-3.054,ROLL
-0.937,0.059,0.178,17.264,188.729,-3.955,ROLL
-0.959,-0.034,0.077,12.127,174.116,-1.531,ROLL
-0.976,-0.064,-0.01,-1.391,155.199,5.495,ROLL
-1.057,0.163,0.016,-16.214,153.878,-1.689,ROLL
-0.976,0.004,-0.149,-22.479,143.684,-3.693,ROLL
-0.956,0.042,-0.242,-13.974,128.065,1.391,ROLL
-0.926,0.007,-0.235,-6.528,117.784,-0.359,ROLL
-0.95,-0.027,-0.307,-6.79,98.516,-2.993,ROLL
-0.915,-0.024,-0.332,-6.501,93.257,0.56,ROLL
-0.924,-0.004,-0.361,-13.046,78.89,-1.286,ROLL
-0.936,0.05,-0.359,-19.294,67.06,-4.305,ROLL
-0.899,0.066,-0.422,-23.686,58.695,-6.702,ROLL
-0.879,0.024,-0.466,-21.989,54.932,-9.984,ROLL
-0.883,0.053,-0.455,-16.888,43.024,-5.67,ROLL
-0.892,-0.012,-0.452,-11.498,30.695,-3.456,ROLL
-0.882,-0.003,-0.491,1.146,18.419,3.535,ROLL
-0.867,0.031,-0.528,8.068,3.85,6.396,ROLL
-0.866,0.03,-0.516,9.984,-15.426,1.925,ROLL
-0.875,0.035,-0.526,11.953,-38.097,1.68,ROLL
-0.902,0.033,-0.505,10.92,-80.132,5.136,ROLL
-0.907,0.035,-0.47,7.28,-112.525,3.439,ROLL
-0.932,-0.02,-0.431,2.45,-164.754,-6.615,ROLL
-0.869,-0.019,-0.3,15.61,-200.725,-14.052,ROLL
-0.893,-0.015,-0.173,19.757,-225.934,-10.885,ROLL
-0.908,0.022,-0.096,16.625,-233.494,-12.023,ROLL
-0.982,-0.051,0.063,18.419,-204.61,0.954,ROLL
-0.842,-0.021,0.132,12.416,-249.27,10.299,ROLL
-0.833,0.076,0.322,15.172,-258.029,12.539,ROLL
-0.828,0.092,0.369,18.497,-254.249,9.975,ROLL
-0.743,0.029,0.427,21.525,-259.753,10.194,ROLL
-0.739,-0.088,0.537,12.014,-272.318,-3.631,ROLL
-0.602,0.053,0.782,9.319,-271.652,-4.104,ROLL
-0.613,0.025,0.817,7.586,-242.489,-4.331,ROLL
-0.529,-0.062,0.912,4.445,-187.163,-1.75,ROLL
-0.428,-0.024,0.87,0.516,-158.445,3.902,ROLL
-0.419,0.051,0.943,2.852,-155.986,-1.295,ROLL
-0.352,0.047,0.969,2.424,-147.306,-1.584,ROLL
-0.297,0.017,1.025,2.739,-130.244,-2.555,ROLL
-0.264,-0.017,1.008,1.304,-112.192,2.275,ROLL
-0.212,0.009,0.994,0.98,-112.018,3.237,ROLL
-0.141,0.031,1.019,1.251,-117.696,0.149,ROLL
-0.084,-0.015,1.067,0.665,-104.064,1.663,ROLL
-0.07,-0.02,1.059,-9.345,-94.622,8.382,ROLL
-0.036,0.002,1.06,-16.782,-90.991,9.398,ROLL
0.164,-0.004,0.9,-12.994,-74.655,5.705,ROLL
0.008,-0.02,1.025,0.166,-2.73,10.719,ROLL
-0.003,-0.009,1.07,3.194,-12.346,11.288,ROLL
-0.022,-0.008,1.057,4.392,-22.89,5.88,ROLL
0.006,0.008,1.057,7.298,-40.311,5.302,ROLL
0.029,0,1.037,11.926,-57.146,3.194,ROLL
0.034,0.046,1.082,12.828,-72.327,3.693,ROLL
0.057,0.024,1.107,12.512,-91.927,4.629,ROLL
0.135,0.011,1.063,7.061,-113.689,0.551,ROLL
0.172,0.042,1.055,2.695,-125.746,4.585,ROLL
0.233,0.011,1.053,3.211,-149.091,9.748,ROLL
0.264,0.009,1.042,2.056,-171.78,5.031,ROLL
0.339,0.032,0.942,-0.472,-198.844,-1.33,ROLL
0.461,0.048,0.856,-2.205,-209.274,-2.8,ROLL
0.557,-0.009,0.752,-8.977,-200.506,5.871,ROLL
0.579,0.063,0.741,2.642,-186.673,6.606,ROLL
0.643,0.041,0.703,10.01,-175.053,15.041,ROLL
0.735,0.031,0.619,15.391,-158.104,21.289,ROLL
0.734,-0.012,0.57,17.028,-145.714,16.642,ROLL
0.758,-0.028,0.587,13.528,-140.901,15.592,ROLL
0.842,0.031,0.506,0.298,-158.462,8.837,ROLL
0.887,0.029,0.384,2.126,-149.625,5.968,ROLL
0.889,0.039,0.377,12.11,-146.755,9.319,ROLL
0.924,-0.015,0.286,15.776,-135.87,6.3,ROLL
0.926,0.033,0.287,7.648,-126.018,3.938,ROLL
0.926,-0.046,0.206,-0.289,-139.878,0.936,ROLL
0.954,0.038,0.115,-1.12,-141.461,-5.653,ROLL
0.923,0.004,0.105,-22.689,-146.711,-0.096,ROLL
0.989,0.043,-0.24,-18.051,-145.101,5.512,ROLL
0.962,-0.013,-0.025,-26.548,-123.541,4.847,ROLL
0.962,0.03,-0.15,-12.722,-105.114,4.104,ROLL
0.919,0.001,-0.161,-15.584,-92.776,5.74,ROLL
0.959,0.04,-0.214,-15.269,-80.544,5.924,ROLL
0.968,0.005,-0.211,-24.132,-79.363,8.689,ROLL
0.964,0,-0.21,-8.811,-71.382,5.259,ROLL
0.935,-0.016,-0.326,-1.592,-59.938,3.185,ROLL
0.929,0.013,-0.385,5.6,-28.315,0.429,ROLL
0.943,0.018,-0.344,1.33,5.416,0.954,ROLL
0.93,0.022,-0.313,-0.788,21.052,1.601,ROLL
0.964,0.041,-0.292,-3.378,40.162,8.663,ROLL
0.953,0.031,-0.319,-5.259,59.106,15.671,ROLL
0.907,-0.048,-0.249,-5.617,92.776,19.486,ROLL
0.942,-0.023,-0.213,2.013,117.906,14.77,ROLL
0.954,0.004,-0.127,1.566,139.143,14.499,ROLL
0.933,0.003,-0.076,-4.891,152.626,16.581,ROLL
1.065,-0.057,-0.057,-3.658,135.327,10.29,ROLL
0.868,-0.016,-0.043,-1.146,168.648,3.736,ROLL
0.894,-0.096,0.197,2.249,210.709,-11.489,ROLL
0.924,0.023,0.332,-3.614,209.947,-8.715,ROLL
0.922,0.059,0.386,3.509,193.734,12.364,ROLL
0.786,0.025,0.32,5.749,212.704,6.405,ROLL
0.782,0.012,0.462,17.325,264.565,4.445,ROLL
0.688,-0.045,0.627,13.449,284.839,15.435,ROLL
0.551,-0.08,0.688,0.035,278.854,9.494,ROLL
0.474,-0.071,0.875,-4.471,282.59,3.92,ROLL
0.306,-0.046,0.984,-3.203,274.348,8.654,ROLL
0.191,-0.063,1.053,5.031,226.021,4.935,ROLL
0.248,-0.037,0.967,1.654,200.777,11.34,ROLL
0.088,-0.053,1.067,10.99,168.42,5.565,ROLL
0.025,0.017,1.136,5.766,131.644,-9.581,ROLL
-0.016,0.048,1.096,-2.336,100.494,-8.671,ROLL
-0.068,-0.02,1.092,0.945,82.136,-1.024,ROLL
-0.059,-0.019,1.15,23.538,-0.613,-8.199,ROLL
-0.021,0.02,1.001,12.985,2.765,-26.504,ROLL
-0.021,0.038,1.092,13.956,13.571,-9.328,ROLL
-0.006,0.015,1.057,2.642,17.657,-9.651,ROLL
-0.012,0.004,1.066,-1.549,27.108,-3.553,ROLL
-0.015,0.023,1.121,10.605,59.981,-1.995,ROLL
-0.064,-0.011,1.053,5.941,79.634,6.414,ROLL
-0.075,-0.027,1.062,8.698,92.234,0.98,ROLL
-0.139,0.011,1.032,0.665,106.628,-0.245,ROLL
-0.182,-0.064,0.982,-0.21,108.999,1.61,ROLL
-0.216,-0.043,1.007,-4.2,110.696,15.75,ROLL
-0.292,0.009,0.988,-2.257,119.875,8.321,ROLL
-0.331,0.092,0.975,-11.725,124.18,11.27,ROLL
-0.42,0.05,0.976,-3.876,148.82,5.635,ROLL
-0.468,0.066,0.945,-10.43,166.758,-5.679,ROLL
-0.477,0.056,0.851,-9.188,179.366,-7.779,ROLL
-0.588,0.06,0.834,-0.884,191.292,1.908,ROLL
-0.593,-0.214,0.613,-8.417,196.044,-3.132,ROLL
-0.682,-0.032,0.655,-0.647,183.68,4.139,ROLL
-0.768,0.003,0.56,-10.062,186.909,0.376,ROLL
-0.798,-0.013,0.498,-11.533,184.126,5.066,ROLL
-0.874,-0.068,0.37,-8.846,198.03,5.276,ROLL
-0.883,0.003,0.298,-12.267,206.859,2.861,ROLL
-0.885,-0.02,0.199,-5.67,194.092,-0.726,ROLL
-0.968,0.048,0.122,-6.912,179.077,10.062,ROLL
-0.925,0.013,0.072,-9.625,154.245,11.734,ROLL
-0.931,0.058,0.021,-4.812,151.533,13.904,ROLL
-1.226,0.008,-0.052,-2.494,132.107,23.529,ROLL
-0.923,0.034,-0.121,-14.411,134.339,-0.875,ROLL
-0.98,0.035,-0.199,-32.681,101.439,-4.454,ROLL
-0.916,0.007,-0.26,-16.94,100.844,-2.231,ROLL
-0.933,0.047,-0.303,-9.529,103.075,-0.989,ROLL
-0.917,-0.011,-0.352,-10.124,100.747,-1.732,ROLL
-0.894,0.008,-0.372,-15.243,100.756,-4.209,ROLL
-0.878,-0.004,-0.43,-19.075,104.256,-6.738,ROLL
-0.841,0.011,-0.431,-5.46,115.815,-0.656,ROLL
-0.861,0.116,-0.59,38.57,99.488,19.198,ROLL
-0.888,0.033,-0.488,18.952,52.605,9.905,ROLL
-0.859,-0.019,-0.527,-0.359,25.541,-4.296,ROLL
-0.841,-0.007,-0.571,3.85,18.961,-5.171,ROLL
-0.766,0.014,-0.596,24.115,27.676,-0.192,ROLL
-0.783,-0.004,-0.591,24.351,29.522,3.124,ROLL
-0.849,-0.008,-0.521,16.791,19.836,2.188,ROLL
-0.794,-0.018,-0.578,-1.173,-4.244,1.26,ROLL
-0.796,-0.021,-0.587,-7.613,-16.861,5.959,ROLL
-0.812,0.003,-0.595,-10.483,-30.188,7.193,ROLL
-0.865,0.05,-0.59,-21.298,-45.596,0.683,ROLL
-0.827,0.027,-0.691,-20.528,-68.635,-13.825,ROLL
-0.806,-0.011,-0.594,7.709,-89.162,-4.174,ROLL
-0.848,-0.017,-0.497,16.126,-102.419,2.52,ROLL
-0.914,0.029,-0.41,0,-126.376,-2.791,ROLL
-0.879,0.008,-0.381,-4.506,-141.321,-8.654,ROLL
-0.889,0.003,-0.29,5.39,-155.286,9.039,ROLL
-0.93,-0.058,-0.215,0.026,-156.564,17.272,ROLL
-0.992,-0.077,-0.191,-3.929,-158.322,16.677,ROLL
-0.897,-0.027,-0.157,10.176,-155.391,15.855,ROLL
-0.77,-0.14,-0.239,33.364,-118.799,4.043,ROLL
-1.006,0.034,0.205,43.522,-94.561,0.858,ROLL
-1.001,0.107,0.104,19.53,-130.804,1.278,ROLL
-0.939,0.012,0.12,13.589,-141.041,0.928,ROLL
-0.942,0.071,0.187,8.733,-152.617,0.569,ROLL
-0.919,0.068,0.267,4.34,-159.084,1.741,ROLL
-0.874,-0.004,0.332,12.224,-177.441,-1.584,ROLL
-0.786,-0.004,0.437,33.276,-212.231,-12.408,ROLL
-0.774,0.077,0.483,16.424,-241.264,-6.423,ROLL
-0.675,0.111,0.551,15.286,-270.095,-7.017,ROLL
-0.6,0.018,0.752,8.934,-277.209,-4.104,ROLL
-0.516,0.023,0.972,6.956,-259.149,0.254,ROLL
-0.467,0.022,0.862,1.164,-238.595,2.852,ROLL
-0.393,-0.02,0.953,-3.902,-222.163,12.906,ROLL
-0.354,0.04,1.025,-21.77,-204.356,19.827,ROLL
-0.233,0.017,1.063,-14.682,-163.126,8.024,ROLL
-0.222,-0.039,1.069,-17.483,-136.99,0.516,ROLL
-0.057,-0.069,1.037,-20.484,-122.474,3.999,ROLL
-0.095,0.05,1.037,-8.741,-100.257,5.32,ROLL
-0.02,-0.027,1.012,-3.588,-92.995,10.587,ROLL
0.11,-0.075,0.843,4.874,-86.257,4.874,ROLL
-0.07,-0.087,1.136,22.89,-2.747,16.091,ROLL
0,-0.031,1.013,4.883,-2.651,10.99,ROLL
-0.002,0.024,1.036,4.795,-4.988,10.815,ROLL
0.033,0.023,1.06,10.587,-20.247,12.609,ROLL
-0.012,0.005,1.091,8.409,-44.616,15.076,ROLL
-0.02,-0.013,1.098,4.016,-74.27,11.288,ROLL
0.036,0.006,1.131,5.556,-116.305,10.797,ROLL
0.075,0.077,1.105,7.105,-144.856,2.966,ROLL
0.146,-0.005,1.085,0.613,-179.095,-5.591,ROLL
0.222,-0.06,0.99,-8.137,-209.44,-16.433,ROLL
0.339,-0.02,0.944,-10.08,-223.309,-19.276,ROLL
0.455,0.02,0.832,-10.797,-226.975,-21.858,ROLL
0.504,0.015,0.719,-9.485,-214.935,-17.649,ROLL
0.601,0.097,0.725,6.134,-178.404,-10.57,ROLL
0.614,0.064,0.701,-3.491,-157.395,-0.814,ROLL
0.709,0.013,0.71,-5.985,-158.646,-2.546,ROLL
0.729,0.021,0.602,-2.625,-172.497,1.969,ROLL
0.812,0.097,0.572,-3.273,-158.506,1.601,ROLL
0.813,0.069,0.503,1.234,-150.01,9.861,ROLL
0.875,-0.045,0.469,9.424,-154.962,12.171,ROLL
0.898,0.037,0.394,4.489,-180.74,12.311,ROLL
0.873,0.015,0.293,6.37,-177.38,16.135,ROLL
0.942,-0.03,0.172,1.251,-168.438,11.358,ROLL
0.936,-0.042,0.095,-2.704,-164.658,4.69,ROLL
0.912,-0.019,0.048,2.275,-177.345,-1.242,ROLL
0.955,0.157,0.332,-13.641,-127.872,15.811,ROLL
0.93,-0.028,-0.136,-52.544,-139.624,4.279,ROLL
1.021,0.006,-0.244,-19.329,-88.121,-3.885,ROLL
0.91,-0.01,-0.215,-7.787,-130.777,-6.51,ROLL
0.981,0.062,-0.268,-3.876,-134.654,-1.986,ROLL
0.899,0.017,-0.244,-0.464,-132.405,4.427,ROLL
0.895,0.02,-0.331,-5.294,-126.052,7.289,ROLL
0.903,0.022,-0.432,-2.818,-110.723,4.839,ROLL
0.799,-0.019,-0.525,-1.269,-102.095,4.182,ROLL
0.675,-0.088,-0.654,3.596,-117.058,1.934,ROLL
0.743,0.073,-0.541,25.41,-138.679,-10.789,ROLL
0.804,0.112,-0.569,6.055,-126.901,-0.009,ROLL
0.794,-0.003,-0.659,1.374,-96.18,3.141,ROLL
0.892,-0.003,-0.6,12.828,-74.007,7.219,ROLL
0.818,0.024,-0.699,9.625,-36.951,6.449,ROLL
0.714,-0.009,-0.691,5.766,-13.169,16.153,ROLL
0.717,-0.008,-0.7,-2.966,6.974,18.2,ROLL
0.725,-0.012,-0.676,-9.17,20.667,15.741,ROLL
0.742,0.021,-0.667,-18.69,37.844,13.825,ROLL
0.838,0.005,-0.655,-15.33,65.231,10.097,ROLL
0.851,-0.016,-0.692,-8.496,115.658,11.462,ROLL
0.893,-0.058,-0.527,4.918,153.247,16.485,ROLL
0.876,-0.113,-0.376,-2.879,228.812,21.236,ROLL
0.839,-0.132,-0.451,13.58,269.806,24.299,ROLL
0.789,-0.033,-0.994,29.234,231.63,19.924,ROLL
0.788,-0.014,-0.257,13.134,161,17.833,ROLL
0.78,0.018,-0.195,-2.59,156.721,12.005,ROLL
1.006,0.014,0.055,0.577,116.926,-5.32,ROLL
1.049,0.008,-0.344,2.826,74.077,-29.698,ROLL
0.939,-0.048,0.147,49.91,42.822,-40.784,ROLL
0.985,-0.077,0.275,17.089,72.196,-34.169,ROLL
1.025,0.001,0.238,-13.755,92.006,-23.712,ROLL
0.957,0.023,0.27,-10.15,87.981,-20.606,ROLL
0.961,-0.017,0.16,9.931,102.261,-21.735,ROLL
0.88,-0.126,0.33,9.091,94.132,-0.359,ROLL
0.97,0.048,0.298,12.504,110.933,3.789,ROLL
0.921,0.086,0.316,7.787,111.431,1.732,ROLL
0.917,0.122,0.347,-11.891,108.334,-5.154,ROLL
0.892,0,0.426,-2.66,116.62,-2.424,ROLL
0.866,-0.026,0.409,8.496,131.924,3.517,ROLL
0.812,-0.009,0.519,24.894,143.719,13.142,ROLL
0.765,0.002,0.569,28.735,159.136,18.156,ROLL
0.714,0.053,0.604,18.471,176.312,13.729,ROLL
0.687,0.069,0.661,12.574,186.436,9.31,ROLL
0.523,0.009,0.786,6.213,186.883,5.241,ROLL
0.513,0.02,0.899,11.384,176.89,6.335,ROLL
0.47,0.026,0.869,6.134,159.311,9.538,ROLL
0.398,0.021,0.882,3.964,161.245,7.035,ROLL
0.349,0.016,0.945,2.179,168.831,5.95,ROLL
0.279,0.032,0.993,0.691,153.011,2.852,ROLL
0.178,0.018,1.057,1.628,142.992,5.898,ROLL
0.164,0.04,1.057,-1.015,126.21,0.009,ROLL
0.099,0.025,1.07,-0.595,100.931,-0.289,ROLL
0.056,0.015,1.045,-0.744,79.651,-3.211,ROLL
0.041,0.035,1.032,-0.394,68.311,-3.85,ROLL
0.036,0.014,1.002,-0.359,68.723,-5.425,ROLL
-0.091,0.108,0.758,-1.768,62.449,-1.321,ROLL
0.02,0.014,1.051,1.33,-2.888,3.938,ROLL
0.001,0.034,1.072,-3.526,0.647,1.347,ROLL
-0.036,-0.018,0.948,-7.28,2.564,1.111,ROLL
-0.012,0.025,1.041,0.499,-2.065,-3.658,ROLL
0.028,0.022,1.08,0.376,0.928,-5.154,ROLL
0.019,0.02,1.109,0.079,26.67,-7.726,ROLL
-0.014,0.017,1.082,-0.044,47.994,-8.33,ROLL
-0.009,0.02,1.076,0.814,68.084,-10.167,ROLL
-0.06,0.024,1.073,0.945,92.934,-10.273,ROLL
-0.12,0.046,1.062,2.467,114.975,-14.665,ROLL
-0.176,0.038,1.02,1.715,128.021,-10.097,ROLL
-0.235,0.004,1.015,4.769,127.584,-20.3,ROLL
-0.285,-0.025,0.984,5.827,138.224,-15.82,ROLL
-0.314,0.02,0.951,5.11,146.318,-14.236,ROLL
-0.445,0.114,0.934,9.52,151.428,-18.288,ROLL
-0.472,0.062,0.913,14.542,171.675,-25.147,ROLL
-0.548,-0.102,0.744,9.914,179.34,-13.913,ROLL
-0.592,-0.099,0.753,6.729,160.44,-9.958,ROLL
-0.623,0.035,0.736,5.311,160.274,-5.145,ROLL
-0.696,0.018,0.704,2.678,161.341,-1.908,ROLL
-0.772,-0.001,0.575,-2.257,172.506,2.214,ROLL
-0.807,0.003,0.485,0.21,167.676,0.254,ROLL
-0.913,0.017,0.423,6.851,146.029,-3.614,ROLL
-0.86,-0.01,0.394,0.543,135.791,-10.649,ROLL
-0.925,0.045,0.3,-0.613,131.967,-3.141,ROLL
-0.924,0.006,0.286,-1.732,123.366,-3.115,ROLL
-0.91,-0.005,0.238,-4.48,111.335,0.123,ROLL
-0.924,-0.022,0.158,-13.729,98.604,8.767,ROLL
-0.984,-0.008,0.068,-12.39,100.677,11.839,ROLL
-1.104,-0.019,0.105,-12.871,96.626,12.731,ROLL
-0.99,0.028,0.035,-6.466,88.769,1.601,ROLL
-0.986,0.042,0.035,-10.806,81.113,1.444,ROLL
-0.981,0.035,-0.065,-14.998,80.071,0.805,ROLL
-1.009,-0.02,-0.015,-4.646,75.408,-0.438,ROLL
-0.959,0.015,-0.109,-8.085,73.378,0.577,ROLL
-0.969,0.005,-0.141,-7.814,61.74,0.166,ROLL
-0.974,0.013,-0.158,-4.436,51.083,0.91,ROLL
-0.965,0.016,-0.192,-5.653,45.631,0.341,ROLL
-0.977,0.016,-0.211,-1.225,31.08,1.365,ROLL
-0.964,0.013,-0.225,0.009,17.08,1.479,ROLL
-0.97,0.017,-0.238,1.173,0.875,1.549,ROLL
-0.966,0.018,-0.238,-0.087,-13.318,1.269,ROLL
-0.965,0.015,-0.231,-4.165,-35.088,0.359,ROLL
-0.973,0.023,-0.184,-3.395,-62.702,1.111,ROLL
-0.967,0.019,-0.171,-1.977,-78.855,1.321,ROLL
-0.96,0.023,-0.11,-1.26,-102.165,1.706,ROLL
-0.977,0.016,-0.042,-6.134,-118.449,3.483,ROLL
-0.994,0.047,0.036,11.629,-93.24,1.619,ROLL
-0.984,0.016,0.002,0.849,-111.353,2.336,ROLL
-0.951,0.003,0.121,-4.008,-123.743,2.651,ROLL
-0.973,0.006,0.2,-13.125,-126.088,4.576,ROLL
-0.937,-0.013,0.253,-6.86,-128.8,4.323,ROLL
-0.939,0.015,0.266,-7.823,-132.895,4.76,ROLL
-0.902,0.008,0.342,-0.577,-141.925,3.036,ROLL
-0.878,0.031,0.374,5.644,-158.401,0.368,ROLL
-0.802,0.022,0.464,6.816,-175.735,-0.84,ROLL
-0.778,0.016,0.525,3.369,-191.004,1.347,ROLL
-0.664,-0.02,0.625,-1.242,-198.065,4.48,ROLL
-0.654,0.008,0.692,-0.989,-207.97,5.031,ROLL
-0.616,0.023,0.737,-0.98,-215.696,5.451,ROLL
-0.545,-0.002,0.795,-1.54,-217.516,8.234,ROLL
-0.452,-0.005,0.879,-11.086,-209.598,23.555,ROLL
-0.415,0.035,0.973,-17.64,-195.816,28.14,ROLL
-0.332,0.05,1.002,-26.049,-181.414,19.32,ROLL
-0.269,0.032,1.038,-18.786,-154.753,6.387,ROLL
-0.218,-0.01,1.049,-15.627,-123.76,-1.085,ROLL
-0.095,-0.049,0.983,-10.194,-99.584,7.193,ROLL
-0.087,-0.017,0.978,-0.184,-93.266,14.954,ROLL
-0.06,-0.019,1.056,4.2,-93.73,14.009,ROLL
-0.043,-0.024,1.06,-2.651,-85.838,11.113,ROLL
0.165,0.077,0.99,26.889,-42.709,10.903,ROLL
-0.106,0.005,1.125,25.541,-10.483,11.288,ROLL
-0.016,0.019,1.015,21.131,-27.79,5.128,ROLL
0.04,-0.011,1.043,16.074,-23.319,1.155,ROLL
0.033,0.012,1.039,6.694,-18.349,4.568,ROLL
0.047,-0.004,1.089,4.979,-26.189,6.177,ROLL
0.017,0.013,1.125,-2.581,-53.375,6.44,ROLL
0.051,0.014,1.068,-4.655,-86.537,-2.888,ROLL
0.11,0.001,1.023,-3.938,-98.709,-6.965,ROLL
0.144,-0.018,1.03,-6.79,-102.253,-12.618,ROLL
0.1,0.014,1.09,-12.18,-122.185,-23.292,ROLL
0.281,0.026,0.991,-10.351,-153.335,-29.435,ROLL
0.298,0.004,0.966,-5.705,-176.4,-31.684,ROLL
0.384,0.044,0.911,-4.655,-183.969,-29.382,ROLL
0.482,0.037,0.855,-3.185,-181.755,-13.09,ROLL
0.58,0.031,0.809,-3.168,-177.923,-2.931,ROLL
0.58,0.017,0.79,-2.809,-161.577,2.695,ROLL
0.64,0.033,0.76,-4.935,-159.985,5.162,ROLL
0.699,0.05,0.724,-7.989,-170.152,7.271,ROLL
0.752,0.008,0.579,-7.009,-177.17,11.279,ROLL
0.801,0.011,0.509,-12.11,-162.505,5.766,ROLL
0.817,-0.013,0.474,-7.017,-151.541,4.839,ROLL
0.864,0.012,0.43,1.024,-160.405,6.003,ROLL
0.904,-0.009,0.353,2.52,-159.18,6.099,ROLL
0.91,-0.023,0.295,2.949,-154.805,6.545,ROLL
0.948,0.002,0.217,4.375,-149.607,6.081,ROLL
0.963,0.004,0.163,5.267,-146.169,10.238,ROLL
0.96,-0.013,0.093,-0.962,-141.557,14.726,ROLL
0.924,-0.028,0.05,-1.942,-140.884,12.801,ROLL
0.941,-0.042,-0.085,-2.494,-115.509,-11.471,ROLL
0.954,-0.032,-0.093,-6.116,-120.802,-8.802,ROLL
0.97,0.03,-0.157,-5.224,-99.085,-10.509,ROLL
1.022,0.089,-0.091,-6.755,-105.7,-5.005,ROLL
0.92,0.014,-0.261,-19.705,-131.784,5.705,ROLL
0.927,0.034,-0.242,-22.173,-124.206,9.712,ROLL
0.888,-0.005,-0.348,-24.246,-116.751,11.637,ROLL
0.89,-0.016,-0.382,-22.12,-108.859,11.786,ROLL
0.914,-0.027,-0.398,-20.177,-99.645,8.26,ROLL
0.809,0.007,-0.483,-11.847,-94.264,-1.374,ROLL
0.849,0.075,-0.585,-9.24,-86.643,-8.654,ROLL
0.81,-0.007,-0.598,1.059,-73.43,2.082,ROLL
0.881,0.029,-0.526,9.415,-48.93,-3.832,ROLL
0.813,0.015,-0.564,6.519,-29.321,-2.074,ROLL
0.808,0.016,-0.573,4.191,-21.831,-0.262,ROLL
0.806,0.021,-0.608,5.198,-16.275,-0.499,ROLL
0.808,0.02,-0.589,5.679,-2.441,0.945,ROLL
0.812,0.015,-0.584,3.168,10.631,2.739,ROLL
0.806,0.025,-0.583,4.637,30.275,1.461,ROLL
0.796,0,-0.615,5.136,44.415,2.572,ROLL
0.841,0.011,-0.53,0.096,78.662,3.596,ROLL
0.856,-0.013,-0.49,4.13,99.934,1.383,ROLL
0.851,-0.02,-0.495,6.387,105.919,3.255,ROLL
0.869,0.015,-0.381,3.832,110.416,2.319,ROLL
0.917,0.003,-0.355,-6.606,116.287,1.067,ROLL
0.948,-0.01,-0.295,-8.137,126.936,7.219,ROLL
0.928,0.002,-0.252,-4.025,132.519,9.38,ROLL
0.931,-0.065,-0.205,7.245,144.83,0.962,ROLL
0.996,-0.064,-0.101,3.973,136.561,5.836,ROLL
0.952,0.034,-0.009,4.401,115.045,11.725,ROLL
1.148,0.013,0.013,14.717,111.729,0.761,ROLL
1.001,-0.006,0.007,21.516,119.42,-6.011,ROLL
0.975,0.043,0.132,2.371,148.557,-1.129,ROLL
0.923,0.002,0.193,1.251,143.973,-0.079,ROLL
0.856,-0.015,0.252,12.898,155.085,-4.235,ROLL
0.93,0.058,0.309,21.656,178.456,-11.182,ROLL
0.884,-0.012,0.388,6.239,178.876,-0.315,ROLL
0.862,0.049,0.452,11.961,180.626,8.54,ROLL
0.811,-0.002,0.537,16.45,179.069,14.569,ROLL
0.749,0.029,0.645,15.365,176.409,6.834,ROLL
0.612,-0.001,0.644,14.639,188.099,-6.142,ROLL
0.603,0.057,0.779,15.575,199.01,-7.464,ROLL
0.538,0.045,0.837,11.716,193.725,-0.052,ROLL
0.48,0.024,0.877,7.105,195.265,10.159,ROLL
0.393,0.048,0.939,6.624,179.742,11.646,ROLL
0.338,0.061,1.008,6.93,155.881,18.917,ROLL
0.269,0.002,1.064,6.965,129.518,19.731,ROLL
0.226,0.029,1.008,3.342,97.606,12.285,ROLL
0.198,-0.007,0.974,2.818,94.78,11.165,ROLL
0.151,0.007,0.963,0.07,100.467,5.285,ROLL
0.077,-0.01,0.981,0.175,112.717,4.988,ROLL
0.026,0.038,1.024,-2.529,119.796,0.744,ROLL
-0.009,0.032,1.114,-10.938,116.777,-3.666,ROLL
-0.032,0.073,0.901,-7.149,17.404,2.354,ROLL
0.02,-0.006,0.949,-0.149,-2.013,2.791,ROLL
-0.031,0.024,1.06,0.446,-2.555,-6.247,ROLL
-0.025,0.02,1.033,1.085,-2.31,-4.681,ROLL
-0.025,0.036,1.023,0.341,-2.179,-3.938,ROLL
-0.008,0.021,1.034,0.866,-2.328,-7.035,ROLL
-0.007,0.035,1.004,0.368,-1.96,-9.905,ROLL
0.012,0.005,1.079,-0.018,-0.56,-7.516,ROLL
0.027,0.027,1.107,0.245,16.905,-9.826,ROLL
0.009,0.007,1.117,-0.464,50.199,-6.125,ROLL
-0.015,0.02,1.134,0.28,90.659,-8.225,ROLL
-0.056,0.03,1.045,1.12,125.221,-10.885,ROLL
-0.178,0.039,1.077,2.616,142.791,-14.306,ROLL
-0.234,-0.028,1.006,4.008,166.705,-19.364,ROLL
-0.306,0.023,0.962,4.952,174.93,-13.16,ROLL
-0.355,0.024,0.905,6.799,179.428,-13.86,ROLL
-0.428,0.044,0.867,7.945,182.569,-14.735,ROLL
-0.503,0.003,0.828,12.81,175.997,-21.245,ROLL
-0.595,0.015,0.812,9.931,168.577,-15.986,ROLL
-0.599,0.003,0.764,8.916,159.171,-7.866,ROLL
-0.699,-0.016,0.683,6.738,156.861,-5.889,ROLL
-0.739,0.036,0.608,9.432,150.649,-7.42,ROLL
-0.81,0.005,0.549,12.539,140.831,-8.96,ROLL
-0.807,0.012,0.528,13.029,146.895,-7.875,ROLL
-0.861,0.014,0.45,12.854,145.863,-6.65,ROLL
-0.911,0.009,0.401,8.715,141.899,-7.963,ROLL
-0.884,-0.025,0.336,5.005,137.585,-8.453,ROLL
-0.927,-0.018,0.29,4.148,139.536,-2.17,ROLL
-0.983,0.02,0.21,2.59,137.497,0.315,ROLL
-0.955,0.01,0.139,-6.948,135.59,-4.996,ROLL
-0.958,-0.036,0.065,-12.425,129.176,-3.71,ROLL
-0.958,0.024,0.034,-21.061,128.266,1.811,ROLL
-1.136,-0.033,-0.039,-17.964,122.929,9.196,ROLL
-0.947,0.053,-0.039,-17.202,121.363,8.741,ROLL
-0.961,0.028,-0.191,-22.68,103.994,-0.98,ROLL
-0.956,0.009,-0.237,-20.816,92.26,-1.199,ROLL
-0.966,0.036,-0.241,-17.01,70.315,2.03,ROLL
-0.945,0.04,-0.298,-9.424,49.647,4.506,ROLL
-0.952,0.035,-0.307,-2.949,19.88,1.295,ROLL
-0.948,0.021,-0.322,0.779,1.645,1.19,ROLL
-0.95,0.008,-0.323,4.637,-27.396,0.516,ROLL
-0.957,0.048,-0.294,3.553,-62.799,-3.246,ROLL
-0.956,-0.004,-0.27,-2.713,-83.956,-1.899,ROLL
-0.956,-0.008,-0.274,7.753,-119.061,3.658,ROLL
-0.949,0.017,-0.159,7.551,-137.016,2.835,ROLL
-0.822,-0.037,0.161,-0.954,-147.726,4.568,ROLL
-1.027,-0.025,-0.013,-3.64,-129.036,2.074,ROLL
-0.993,-0.014,0.069,-3.666,-156.117,3.273,ROLL
-0.917,0.024,0.184,-15.269,-178.404,5.32,ROLL
-0.894,0.017,0.283,-17.806,-202.169,7.726,ROLL
-0.852,0.035,0.31,-8.05,-226.354,6.125,ROLL
-0.806,0.025,0.413,-3.57,-256.358,5.521,ROLL
-0.773,0.046,0.546,-4.121,-273.508,7.149,ROLL
-0.678,0.011,0.635,-9.249,-283.693,7.324,ROLL
-0.609,-0.048,0.73,-11.953,-275.914,3.815,ROLL
-0.529,-0.051,0.797,-12.477,-269.859,15.269,ROLL
-0.437,-0.005,0.948,-13.711,-253.663,16.354,ROLL
-0.36,0.014,1.041,-22.164,-215.652,10.614,ROLL
-0.291,0.023,1.09,-21.376,-200.27,11.795,ROLL
-0.148,-0.009,1.067,-21.219,-183.951,12.101,ROLL
-0.071,-0.018,1.076,-22.855,-161.49,8.68,ROLL
-0.018,-0.009,1.04,-16.249,-137.55,3.465,ROLL
0.06,0.004,1.026,-1.041,-113.592,9.835,ROLL
0.068,-0.031,1.07,10.491,-113.654,17.657,ROLL
0.059,0.048,1.109,31.089,-49.324,16.03,ROLL
0.122,-0.028,1.059,20.221,-62.974,17.378,ROLL
0.099,-0.013,1.075,23.441,-74.357,19.407,ROLL
0.145,-0.001,1.041,14.945,-86.739,13.528,ROLL
0.211,-0.018,1.057,10.097,-102.139,12.302,ROLL
0.249,-0.029,1.01,5.11,-119.787,10.797,ROLL
0.351,-0.016,0.958,3.491,-119.936,9.529,ROLL
0.26,0.006,0.993,5.714,-125.177,10.544,ROLL
0.393,0.019,0.926,6.344,-146.667,0.577,ROLL
0.393,0.033,0.918,8.286,-153.965,3.806,ROLL
0.517,-0.021,0.814,-10.106,-152.092,-2.415,ROLL
0.552,0.026,0.786,-3.622,-145.206,-2.905,ROLL
0.627,-0.004,0.802,-5.556,-136.859,-4.358,ROLL
0.65,-0.026,0.755,-7.315,-143.78,-4.839,ROLL
0.702,0.016,0.692,-12.898,-154.84,-8.557,ROLL
0.781,0.035,0.604,-16.782,-159.854,-3.579,ROLL
0.787,0.008,0.572,-12.346,-162.05,2.756,ROLL
0.835,0.029,0.539,-12.845,-169.304,5.416,ROLL
0.847,-0.001,0.452,-16.914,-176.059,11.734,ROLL
0.879,-0.023,0.295,-23.048,-173.731,4.988,ROLL
0.914,-0.024,0.218,-17.395,-163.984,1.33,ROLL
0.933,-0.009,0.174,-14.823,-159.381,-1.199,ROLL
0.952,0,0.164,-9.292,-165.104,5.136,ROLL
0.932,-0.071,0.058,-15.076,-183.881,15.733,ROLL
1.003,-0.069,0.071,-16.538,-145.39,-18.673,ROLL
1.015,-0.004,-0.073,-20.282,-162.986,-4.996,ROLL
0.938,-0.015,-0.331,-14.07,-133.035,2.293,ROLL
0.952,-0.001,-0.207,8.68,-123.393,1.12,ROLL
0.945,-0.009,-0.25,9.047,-130.944,0.814,ROLL
0.87,0.007,-0.324,0.56,-138.014,3.946,ROLL
0.829,-0.015,-0.456,-21.271,-146.466,11.401,ROLL
0.89,-0.039,-0.486,-23.511,-123.165,12.696,ROLL
0.826,-0.024,-0.519,-20.667,-108.456,0.945,ROLL
0.824,0.032,-0.583,-14.569,-92.558,-4.218,ROLL
0.784,0.055,-0.674,1.601,-66.771,-9.765,ROLL
0.891,-0.052,-0.541,4.891,-36.881,-7.42,ROLL
0.809,-0.056,-0.618,6.676,-18.191,-1.601,ROLL
0.804,-0.001,-0.59,4.463,-0.639,2.818,ROLL
0.76,-0.033,-0.574,3.098,7.429,4.952,ROLL
0.81,0.03,-0.658,8.243,34.449,-4.559,ROLL
0.817,-0.01,-0.62,12.932,57.584,-6.282,ROLL
0.893,-0.019,-0.544,15.496,97.834,-4.174,ROLL
0.861,-0.008,-0.511,20.65,137.27,3.579,ROLL
0.85,-0.029,-0.431,25.524,161.14,4.436,ROLL
0.865,0.011,-0.312,18.034,163.52,7.079,ROLL
0.927,-0.005,-0.212,8.698,166.32,3.334,ROLL
0.941,-0.087,-0.262,3.85,171.01,0.98,ROLL
0.959,-0.096,-0.161,-0.298,175.21,15.041,ROLL
0.947,-0.01,-0.1,-7.289,186.673,20.239,ROLL
1.02,-0.01,0.041,-6.974,164.78,-5.372,ROLL
0.95,-0.057,0.137,6.44,175.385,-3.316,ROLL
0.911,-0.045,0.179,14.936,162.155,-1.697,ROLL
0.948,-0.047,0.257,18.55,156.511,0.289,ROLL
0.882,0,0.323,16.45,149.223,2.249,ROLL
0.84,-0.076,0.373,0.928,158.034,-7.262,ROLL
0.8,0.034,0.451,6.816,176.794,-13.501,ROLL
0.759,0,0.575,-1.26,184.45,-26.609,ROLL
0.721,0.019,0.653,7.061,183.348,-17.605,ROLL
0.659,0.003,0.717,6.562,177.564,-7.315,ROLL
0.557,-0.025,0.713,6.064,185.771,-6.904,ROLL
0.537,-0.006,0.811,6.895,197.181,-4.734,ROLL
0.539,0.025,0.882,2.109,202.23,-8.479,ROLL
0.386,0.002,0.968,-5.504,197.943,5.294,ROLL
0.371,0.013,0.979,-7.341,182.77,6.983,ROLL
0.267,0.041,0.979,3.36,163.485,15.943,ROLL
0.177,0.032,1.057,12.46,138.241,12.556,ROLL
0.061,0.022,1.069,7.367,114.599,9.774,ROLL
0.064,-0.002,1.082,4.427,99.479,6.318,ROLL
0.049,0.005,1.01,-3.579,88.76,0.271,ROLL
0.004,0.008,1.009,-3.544,87.658,-0.525,ROLL
-0.239,0.06,1.21,15.977,49.744,-0.368,ROLL
0.014,-0.019,1.093,0.56,-2.301,4.961,ROLL
0.001,0.003,1.004,-0.184,-2.38,-2.651,ROLL
-0.006,0.033,1.019,2.205,-0.018,-4.996,ROLL
-0.055,0.009,1.049,0.971,2.362,-7.245,ROLL
-0.011,0.014,1.045,0.21,8.908,-6.099,ROLL
-0.007,0.022,1.116,-0.035,28.647,-6.851,ROLL
-0.031,0.023,1.107,0.543,61.022,-11.06,ROLL
-0.054,0.001,1.088,0.962,89.819,-13.554,ROLL
-0.096,0.016,1.077,1.872,107.048,-13.738,ROLL
-0.137,0.034,1.043,3.456,126.691,-19.924,ROLL
-0.22,0.003,1.01,5.066,142.406,-22.391,ROLL
-0.248,-0.03,0.997,5.364,155.277,-14.752,ROLL
-0.317,0.01,0.949,5.644,157.509,-13.291,ROLL
-0.406,0.032,0.932,6.711,165.821,-13.624,ROLL
-0.5,0.034,0.899,9.047,178.85,-20.939,ROLL
-0.529,0.007,0.828,5.416,182.49,-24.841,ROLL
-0.532,-0.059,0.722,6.869,162.575,-12.39,ROLL
-0.686,0.011,0.753,6.108,156.616,0.359,ROLL
-0.701,0.024,0.633,-2.432,163.012,0.7,ROLL
-0.765,0.011,0.615,0.175,170.179,1.19,ROLL
-0.766,0.035,0.523,-2.467,173.268,-4.532,ROLL
-0.826,0.021,0.415,3.115,162.986,-1.741,ROLL
-0.875,0.007,0.344,6.387,151.742,3.299,ROLL
-0.916,0.004,0.294,5.355,150.246,7.385,ROLL
-0.939,-0.018,0.179,1.837,148.803,1.951,ROLL
-0.953,0.017,0.157,-3.386,156.17,1.312,ROLL
-0.974,0.012,0.056,-1.12,143.535,0.84,ROLL
-0.98,-0.04,-0.017,-6.108,136.133,1.05,ROLL
-0.978,0.032,-0.033,-7.508,126.018,0.919,ROLL
-1.026,0.02,-0.127,-20.466,114.774,-0.061,ROLL
-0.917,0.007,-0.185,-8.155,99.164,0.709,ROLL
-0.974,0.022,-0.185,-10.167,87.684,-0.166,ROLL
-0.977,0.018,-0.181,-17.22,75.757,-1.741,ROLL
-0.937,0.021,-0.247,-13.86,72.301,-1.619,ROLL
-0.947,0.028,-0.28,-13.842,75.215,-2.082,ROLL
-0.933,0.006,-0.293,-12.932,71.19,-1.96,ROLL
-0.934,0.014,-0.297,-9.555,73.806,-1.444,ROLL
-0.92,0.029,-0.319,-12.136,78.925,-2.196,ROLL
-0.891,0.011,-0.364,-11.961,94.272,-2.529,ROLL
-0.861,0.033,-0.452,-9.485,98.394,-0.665,ROLL
-0.814,0.065,-0.525,-12.233,98.402,-2.59,ROLL
-0.852,0.031,-0.526,2.004,80.885,-1.759,ROLL
-0.884,0.005,-0.526,0.971,64.479,1.558,ROLL
-0.809,-0.014,-0.596,5.381,36.619,3.378,ROLL
-0.825,0.009,-0.583,14.656,24.552,8.75,ROLL
-0.802,0.01,-0.592,13.913,12.014,8.802,ROLL
-0.81,0.024,-0.586,8.225,4.454,6.414,ROLL
-0.818,0.03,-0.587,-2.362,-8.199,2.249,ROLL
-0.81,0.019,-0.591,-5.556,-18.655,-2.205,ROLL
-0.804,0.009,-0.595,-0.945,-27.37,1.129,ROLL
-0.815,0.017,-0.623,1.89,-37.135,1.785,ROLL
-0.821,0.014,-0.597,4.821,-61.232,4.13,ROLL
-0.872,0.014,-0.525,1.347,-94.666,3.675,ROLL
-0.859,-0.018,-0.483,-2.275,-125.09,1.356,ROLL
-0.867,0.02,-0.444,-0.298,-137.322,1.514,ROLL
-0.882,0.001,-0.386,3.649,-150.544,0.954,ROLL
-0.922,0.018,-0.27,10.194,-157.307,3.194,ROLL
-0.923,0.029,-0.229,12.81,-170.109,4.191,ROLL
-0.935,-0.017,-0.141,8.549,-178.202,3.203,ROLL
-0.952,0.016,-0.041,0.315,-189.245,3.15,ROLL
-0.989,0.033,-0.01,-0.604,-148.304,2.135,ROLL
-0.956,0.046,0.046,-1.916,-178.106,3.369,ROLL
-0.929,0.021,0.131,-7.017,-186.568,3.78,ROLL
-0.915,-0.019,0.268,-4.594,-200.725,4.489,ROLL
-0.863,0.028,0.368,-1.033,-193.891,3.439,ROLL
-0.858,0.047,0.414,-3.474,-190.452,5.084,ROLL
-0.784,0.023,0.495,-5.031,-198.004,6.405,ROLL
-0.72,0.005,0.546,-8.802,-214.594,10.062,ROLL
-0.667,-0.013,0.692,-9.502,-235.051,12.688,ROLL
-0.623,-0.006,0.709,-13.948,-231.796,19.766,ROLL
-0.511,-0.001,0.884,-10.693,-237.624,21.42,ROLL
-0.452,-0.005,0.955,-20.72,-219.643,16.048,ROLL
-0.39,0.003,0.989,-26.548,-188.143,7.341,ROLL
-0.331,0.024,1.009,-24.552,-165.629,0.56,ROLL
-0.254,0.027,1.008,-16.677,-136.955,-3.658,ROLL
-0.169,0.005,1.009,-7.954,-115.299,-2.196,ROLL
-0.1,-0.013,1.013,3.719,-94.045,3.316,ROLL
-0.09,-0.035,1.042,13.475,-81.007,7.945,ROLL
-0.054,-0.043,1.051,10.334,-72.835,8.899,ROLL
-0.054,0,1.06,5.311,-78.759,7.577,ROLL
-0.018,-0.021,1.034,2.546,-90.353,3.045,ROLL
0.049,-0.053,1.002,-2.73,-79.144,-2.608,ROLL
-0.079,0.025,1.045,14.779,0.656,3.439,ROLL
0.001,-0.012,1.011,9.135,-8.146,-1.636,ROLL
0.03,0.005,1.024,9.415,-7.245,-1.304,ROLL
0.037,-0.008,1.012,7.814,-7.551,-1.724,ROLL
-0.003,0.01,1.027,5.582,-5.539,-2.135,ROLL
-0.033,0.027,1.042,3.71,-6.44,-5.031,ROLL
0.017,0.011,1.004,0.683,-9.24,-7.464,ROLL
0.025,0.012,1.034,8.794,-12.906,-0.989,ROLL
-0.002,0.019,1.063,3.395,-18.218,-2.949,ROLL
0.064,-0.012,1.037,-1.925,-24.535,-4.182,ROLL
0.092,-0.053,1.055,3.631,-37.721,3.727,ROLL
-0.252,0.246,1.019,4.874,-55.099,22.514,ROLL
0.095,0.053,1.144,15.041,-97.134,0.123,ROLL
0.15,0.034,1.078,2.642,-133.175,5.18,ROLL
0.212,0.029,1.074,3.185,-154.648,6.37,ROLL
0.281,0.023,1.03,3.132,-184.476,7.403,ROLL
0.309,0.023,1.004,-1.146,-218.383,-2.38,ROLL
0.448,-0.034,0.908,-2.135,-252.096,-2.529,ROLL
0.461,-0.036,0.771,-14.866,-265.064,0.21,ROLL
0.587,0.015,0.706,-2.966,-256.069,1.015,ROLL
0.691,0.063,0.652,-8.172,-252.84,-2.52,ROLL
0.738,0.051,0.529,-14.403,-269.596,-4.253,ROLL
0.771,0.034,0.429,-14.84,-270.865,-2.511,ROLL
0.835,0.04,0.318,-4.664,-254.126,3.64,ROLL
0.933,0.045,0.116,11.244,-224.98,8.199,ROLL
0.971,0.077,0.132,13.449,-198.292,16.686,ROLL
0.986,0.022,0.01,8.243,-190.164,21.77,ROLL
1.167,0.129,-0.163,-0.306,-147.621,14.096,ROLL
0.939,-0.063,-0.198,-1.041,-140.753,13.939,ROLL
0.971,-0.042,-0.135,0.262,-122.474,19.784,ROLL
0.909,-0.007,-0.167,-0.945,-133.499,24.308,ROLL
0.918,-0.078,-0.321,-19.058,-136.202,25.077,ROLL
0.883,-0.002,-0.356,-33.005,-135.721,29.208,ROLL
0.856,-0.065,-0.414,-25.323,-115.211,21.726,ROLL
0.832,-0.06,-0.363,-32.917,-102.874,13.983,ROLL
0.834,-0.07,-0.377,-33.845,-111.177,8.733,ROLL
0.83,0.012,-0.498,-30.94,-120.382,-0.28,ROLL
0.783,0.046,-0.506,-31.824,-118.606,1.977,ROLL
0.696,-0.115,-0.676,-31.64,-107.599,-5.145,ROLL
0.829,0.005,-0.674,-11.489,-68.512,-4.445,ROLL
0.75,-0.054,-0.681,0.306,-32.156,-1.138,ROLL
0.799,0.007,-0.625,16.958,-17.692,-9.984,ROLL
0.754,0.01,-0.648,22.417,-2.826,-9.66,ROLL
0.741,-0.007,-0.675,7.245,10.903,2.905,ROLL
0.735,-0.015,-0.674,2.704,27.851,3.054,ROLL
0.749,0.02,-0.703,-4.182,46.708,2.747,ROLL
0.816,-0.009,-0.624,-0.849,78.348,0.411,ROLL
0.909,0.005,-0.463,5.81,113.872,-1.732,ROLL
0.899,-0.019,-0.49,14.744,144.165,-2.879,ROLL
0.784,-0.017,-0.533,16.564,154.551,-1.697,ROLL
0.855,-0.008,-0.443,19.478,141.768,-5.267,ROLL
0.896,0.008,-0.31,25.62,127.908,-7.464,ROLL
0.933,0.023,-0.25,14.639,133.333,-5.276,ROLL
0.954,-0.018,-0.209,8.208,131.504,-1.487,ROLL
0.918,-0.028,-0.174,8.024,142.678,3.027,ROLL
0.97,0.022,-0.03,9.573,149.494,4.847,ROLL
0.999,-0.015,-0.025,11.839,152.154,4.926,ROLL
0.933,-0.05,0,11.086,157.307,4.699,ROLL
0.972,-0.007,0.11,15.033,149.152,-8.269,ROLL
0.925,-0.01,0.209,20.064,166.915,-7.315,ROLL
0.928,0.029,0.332,16.231,170.94,-7.464,ROLL
0.904,-0.012,0.386,5.093,166.425,6.037,ROLL
0.775,-0.022,0.421,8.977,169.024,-1.794,ROLL
0.852,0.054,0.485,1.575,193.497,-12.346,ROLL
0.765,0.036,0.558,-0.096,205.66,-5.075,ROLL
0.716,0.035,0.658,-1.925,199.264,5.101,ROLL
0.647,0.015,0.733,3.456,186.296,17.229,ROLL
0.467,-0.085,0.75,7.289,192.964,16.083,ROLL
0.503,0.004,0.899,14.542,194.967,0.087,ROLL
0.468,0.042,0.949,2.223,175.219,0.63,ROLL
0.334,-0.012,0.982,0.84,159.128,5.941,ROLL
0.318,0.034,0.993,-3.211,142.126,12.163,ROLL
0.27,0.02,0.95,4.226,132.37,23.301,ROLL
0.203,0.015,0.954,11.882,120.382,24.439,ROLL
0.113,0.003,1.019,15.382,109.795,16.896,ROLL
0.12,0.022,1.053,16.074,95.874,4.62,ROLL
0.039,0.012,1.055,12.635,88.139,3.614,ROLL
0.035,0.023,1.064,8.304,82.486,-2.739,ROLL
-0.008,0.021,1.018,2.678,80.762,-2.529,ROLL
-0.115,-0.04,0.885,-0.438,-1.829,-4.279,ROLL
0.02,-0.053,0.934,-4.06,0.507,-5.241,ROLL
-0.011,0.023,1.033,0.472,-2.214,-3.832,ROLL
0.012,-0.016,1.026,0.761,-2.214,-5.495,ROLL
-0.027,0.003,1.026,0.35,-2.179,-1.759,ROLL
-0.039,-0.006,1.028,-0.175,-1.82,-9.424,ROLL
0.035,0.029,1.012,0.061,-1.829,-9.467,ROLL
0.033,0.065,1.182,0.21,20.851,-13.667,ROLL
0.025,-0.007,1.177,-0.499,60.708,-14.017,ROLL
-0.046,0.033,1.131,0.971,112.044,-13.055,ROLL
-0.092,0.006,1.078,1.986,155.304,-21.892,ROLL
-0.16,0.01,1.006,4.069,188.991,-23.1,ROLL
-0.214,0.005,0.969,3.474,196.402,-25.13,ROLL
-0.3,0.037,0.909,-5.775,171.395,-20.86,ROLL
-0.384,0.043,0.998,-1.173,180.792,-13.799,ROLL
-0.497,0.018,0.806,-4.419,198.467,-11.48,ROLL
-0.541,0.037,0.759,-0.814,191.091,-14.936,ROLL
-0.612,0.028,0.792,15.234,186.515,-9.704,ROLL
-0.644,-0.043,0.671,15.557,207.611,-8.461,ROLL
-0.769,-0.052,0.512,4.489,189.639,2.056,ROLL
-0.855,-0.038,0.472,1.4,169.102,6.256,ROLL
-0.921,-0.007,0.479,-1.811,156.214,5.145,ROLL
-0.865,0.005,0.405,-6.204,176.295,-0.298,ROLL
-0.877,-0.015,0.307,-7.639,175.473,2.564,ROLL
-0.949,0.004,0.247,-12.014,175.219,1.173,ROLL
-0.928,-0.006,0.1,-22.199,172.821,-0.805,ROLL
-0.974,0.04,0.063,-13.536,147.376,4.944,ROLL
-0.981,0.004,-0.034,-5.679,138.285,2.791,ROLL
-1.025,-0.011,0.037,-16.765,116.83,21.665,ROLL
-1.035,0.128,-0.176,-21.166,121.756,13.151,ROLL
-0.954,0.017,-0.234,-19.749,117.548,-1.741,ROLL
-0.94,0.005,-0.253,-20.431,103.128,-2.459,ROLL
-0.929,0.014,-0.271,-22.934,101.57,-4.716,ROLL
-0.924,0.02,-0.306,-14.927,100.389,-3.334,ROLL
-0.898,0.001,-0.36,-0.315,108.649,0.805,ROLL
-0.893,0.022,-0.426,-1.54,115.605,0.184,ROLL
-0.876,0.022,-0.44,-10.299,112.079,-4.051,ROLL
-0.847,0.04,-0.479,-12.329,124.206,-5.154,ROLL
-0.784,0.085,-0.591,29.19,105.761,14.586,ROLL
-0.92,-0.016,-0.549,41.694,106.277,9.371,ROLL
-0.814,-0.058,-0.581,21.639,70.831,-8.488,ROLL
-0.791,-0.019,-0.612,8.636,28.683,-5.801,ROLL
-0.755,-0.02,-0.635,-0.403,-1.155,2.957,ROLL
-0.76,-0.023,-0.626,-7.21,-11.051,5.031,ROLL
-0.782,0.006,-0.628,-12.066,-20.58,5.871,ROLL
-0.785,0.013,-0.647,-12.889,-30.161,5.224,ROLL
-0.796,0.019,-0.643,-10.465,-47.731,4.086,ROLL
-0.829,0.051,-0.611,-5.259,-69.772,7.534,ROLL
-0.871,-0.013,-0.477,13.151,-101.824,11.182,ROLL
-0.872,-0.018,-0.485,2.914,-135.467,3.745,ROLL
-0.86,0,-0.416,-0.507,-153.939,2.266,ROLL
-0.771,0.054,-0.633,9.529,-164.106,5.023,ROLL
-0.895,0.036,-0.319,20.353,-161.438,5.574,ROLL
-0.93,0.048,-0.212,2.704,-155.015,-1.006,ROLL
-0.913,0.003,-0.166,-3.098,-157.299,-1.654,ROLL
-0.946,-0.013,-0.056,3.106,-164.789,8.724,ROLL
-0.724,0.038,0.102,1.584,-141.908,3.946,ROLL
-0.965,0.002,-0.048,0.665,-132.729,1.794,ROLL
-0.99,0.016,0.036,8.654,-149.634,2.17,ROLL
-0.927,0.018,0.143,11.541,-156.712,0.569,ROLL
-0.918,0.027,0.259,8.409,-164.106,0.577,ROLL
-0.9,0.032,0.364,9.03,-166.285,-0.009,ROLL
-0.845,0.042,0.423,21.044,-168.542,-5.819,ROLL
-0.831,0.055,0.466,19.539,-183.951,-6.702,ROLL
-0.765,0.05,0.514,8.444,-206.159,-1.549,ROLL
-0.698,-0.027,0.628,-2.66,-228.034,6.624,ROLL
-0.66,-0.011,0.726,-3.342,-226.345,7.499,ROLL
-0.588,0.014,0.761,-3.553,-205.389,8.829,ROLL
-0.499,-0.011,0.813,-6.169,-203.271,13.405,ROLL
-0.514,-0.034,0.833,-3.281,-197.374,11.672,ROLL
-0.377,-0.001,0.958,-2.844,-181.029,10.771,ROLL
-0.322,0.064,1.044,-0.683,-151.909,7.595,ROLL
-0.256,0.03,1.022,1.671,-114.494,-0.49,ROLL
-0.24,0.04,0.983,1.829,-103.075,2.109,ROLL
-0.186,0.017,0.977,1.505,-104.554,0.551,ROLL
-0.105,-0.007,1.027,0.831,-107.529,3.631,ROLL
-0.041,0.007,1.062,-1.251,-99.094,9.161,ROLL
-0.078,0.018,1.022,-8.286,-97.493,9.765,ROLL
-0.043,-0.001,1.029,-12.355,-106.864,4.392,ROLL
-0.098,0.032,1.088,3.596,-2.345,5.259,ROLL
-0.028,0.004,0.998,3.351,-5.136,4.156,ROLL
-0.013,0.025,1.053,3.885,-2.957,3.132,ROLL
0.044,0.008,1.003,4.305,-6.633,3.203,ROLL
-0.081,-0.004,1.108,-1.102,-5.294,2.494,ROLL
-0.036,-0.014,1.099,-21.324,-8.733,-11.629,ROLL
0.012,0.036,1.102,-21.157,-28.744,-14.98,ROLL
0.031,0.004,1.029,-22.199,-51.17,-7.849,ROLL
0.108,-0.07,1.066,-11.637,-73.902,-2.223,ROLL
0.066,-0.061,1.066,-18.812,-79.152,2.686,ROLL
0.039,-0.063,1.073,-17.841,-95.664,8.759,ROLL
0.11,0.013,1.083,-7.009,-130.777,3.666,ROLL
0.31,-0.082,1.004,34.16,-163.511,11.305,ROLL
0.24,-0.059,1.043,21.394,-173.154,13.405,ROLL
0.31,-0.035,1.01,14.087,-180.329,20.834,ROLL
0.387,0.017,0.901,1.4,-182.788,16.056,ROLL
0.542,0.002,0.848,1.531,-187.18,10.675,ROLL
0.564,-0.024,0.741,21.805,-174.449,12.661,ROLL
0.618,-0.036,0.761,28.201,-176.33,15.347,ROLL
0.692,-0.026,0.651,32.559,-186.585,12.127,ROLL
0.76,0.056,0.639,32.463,-187.049,8.698,ROLL
0.793,0.038,0.552,21.683,-187.758,5.355,ROLL
0.833,-0.022,0.422,20.405,-173.556,7.14,ROLL
0.883,-0.069,0.443,29.811,-171.518,4.883,ROLL
0.895,0.005,0.369,24.972,-178.902,11.76,ROLL
0.925,-0.011,0.275,14.735,-194.512,17.334,ROLL
0.918,0.024,0.164,-9.642,-182.928,15.111,ROLL
0.99,0.007,0.081,-1.785,-159.661,13.344,ROLL
0.965,0.002,0.003,-6.545,-146.738,15.549,ROLL
1.089,0.03,-0.003,-7.394,-124.889,2.861,ROLL
0.952,-0.016,-0.045,13.3,-128.783,0.079,ROLL
0.938,0.048,-0.119,-7.595,-103.32,-0.438,ROLL
0.95,0.014,-0.168,-11.314,-89.162,-10.544,ROLL
1.044,0.007,-0.239,-12.189,-94.308,-7.577,ROLL
0.927,-0.042,-0.309,-9.852,-105.683,5.206,ROLL
0.878,-0.004,-0.292,-10.448,-103.408,7.551,ROLL
0.919,0.01,-0.322,-11.401,-100.677,7.157,ROLL
0.91,-0.015,-0.402,-11.498,-102.454,6.545,ROLL
0.862,0.03,-0.432,-5.863,-104.213,6.379,ROLL
0.886,-0.003,-0.458,-5.145,-101.106,5.871,ROLL
0.855,-0.009,-0.48,-11.568,-99.006,11.148,ROLL
0.762,0.02,-0.557,-19.014,-100.546,14.613,ROLL
0.82,-0.013,-0.638,-33.408,-100.8,25.725,ROLL
0.81,-0.008,-0.576,-20.895,-89.74,21.394,ROLL
0.736,0.005,-0.727,-10.439,-63.612,15.164,ROLL
0.797,-0.043,-0.664,-7.359,-40.618,10.238,ROLL
0.714,-0.031,-0.694,-2.572,-21.525,7.096,ROLL
0.724,-0.004,-0.677,-1.216,-17.736,5.093,ROLL
0.729,0.015,-0.666,0.481,-15.925,2.765,ROLL
0.711,-0.005,-0.699,0.928,-7.997,1.426,ROLL
0.715,0.002,-0.696,0.324,1.286,1.803,ROLL
0.73,-0.012,-0.684,-1.295,10.517,0,ROLL
0.722,-0.003,-0.68,-0.901,16.441,0.919,ROLL
0.719,0.013,-0.706,-4.375,29.382,2.118,ROLL
0.77,-0.029,-0.667,-4.392,50.146,1.286,ROLL
0.802,-0.014,-0.628,4.209,72.931,-0.726,ROLL
0.809,-0.006,-0.596,13.562,90.213,-6.449,ROLL
0.781,-0.009,-0.592,29.802,108.159,-14.341,ROLL
0.801,0.007,-0.521,24.343,111.221,-10.22,ROLL
0.838,0.008,-0.445,7.7,106.094,-3.027,ROLL
0.869,0.006,-0.421,4.655,108.859,-4.41,ROLL
0.904,0.004,-0.375,7.088,116.174,-5.766,ROLL
0.926,-0.003,-0.245,-2.328,125.878,-0.385,ROLL
0.924,-0.054,-0.256,-12.302,125.081,7.945,ROLL
0.907,-0.006,-0.259,-15.234,120.391,8.881,ROLL
0.952,0.036,-0.169,-4.655,124.469,0.175,ROLL
0.966,-0.047,-0.071,1.479,127.103,-1.199,ROLL
0.984,-0.021,-0.035,1.846,119.647,2.896,ROLL
1.023,0.054,0.068,5.863,98.21,-14.656,ROLL
0.97,-0.029,0.057,12.127,116.419,-9.24,ROLL
0.962,0.009,0.158,14.91,121.231,-7.254,ROLL
0.953,0.052,0.174,8.61,112.262,-6.475,ROLL
0.946,0.027,0.232,9.441,112.114,-5.924,ROLL
0.961,0.013,0.282,12.057,125.213,-2.319,ROLL
0.897,0.067,0.296,9.074,151.148,1.452,ROLL
0.896,0.041,0.348,1.715,163.529,-2.739,ROLL
0.82,0.045,0.444,-0.245,182.21,-2.214,ROLL
0.712,0.005,0.505,7.569,227.876,1.837,ROLL
0.655,0.025,0.64,12.574,250.548,9.196,ROLL
0.576,0.013,0.79,10.281,247.048,6.702,ROLL
0.531,0.032,0.849,1.05,217.814,-0.683,ROLL
0.452,0.026,0.92,-3.588,196.656,-6.536,ROLL
0.406,0.04,0.935,-6.536,159.731,-12.259,ROLL
0.386,0.041,0.979,-3.334,144.471,-7.175,ROLL
0.318,0.048,0.924,0.752,127.881,2.31,ROLL
0.23,0.043,0.974,1.041,137.926,4.751,ROLL
0.174,0.034,1.004,-0.201,125.956,5.206,ROLL
0.106,0.017,1.015,0.525,120.636,4.891,ROLL
0.054,0.032,1.042,-0.98,116.454,-2.704,ROLL
0.016,0.013,1.071,-0.429,101.299,-1.347,ROLL
-0.099,0.104,0.643,-2.1,73.098,-1.514,ROLL
0.011,0.03,1.058,4.077,-4.497,6.221,ROLL
-0.015,0.009,0.999,0.726,-2.214,-1.076,ROLL
-0.007,0.017,0.989,0.052,-2.223,-1.75,ROLL
-0.004,0.009,1.053,-0.079,-1.855,1.129,ROLL
-0.01,0.011,1.02,-8.785,3.85,1.619,ROLL
-0.003,0.038,1.047,-4.716,1.102,-2.835,ROLL
0.001,0.047,1.11,0.691,9.047,-1.732,ROLL
0.036,0.019,1.113,-0.254,40.548,-5.906,ROLL
-0.016,0.004,1.096,0.035,51.669,-4.016,ROLL
-0.053,-0.001,1.104,0.228,80.946,-4.209,ROLL
-0.095,0.045,1.089,0.472,112.831,-4.699,ROLL
-0.144,0.037,1.056,1.199,142.258,-12.031,ROLL
-0.195,0.013,1.021,2.013,157.43,-12.302,ROLL
-0.276,0.02,0.991,3.929,169.129,-13.09,ROLL
-0.362,0.026,0.985,5.582,190.312,-13.274,ROLL
-0.442,0.011,0.917,7.77,210.534,-15.339,ROLL
-0.558,-0.014,0.74,6.431,218.872,-9.905,ROLL
-0.594,0.017,0.738,6.081,185.299,-7.831,ROLL
-0.665,0.014,0.645,5.224,167.387,-5.093,ROLL
-0.703,0.014,0.676,5.696,153.256,-4.594,ROLL
-0.773,0.02,0.576,7.875,157.342,-5.924,ROLL
-0.815,0.009,0.508,8.295,150.762,-5.057,ROLL
-0.853,0.013,0.441,8.636,137.673,-4.156,ROLL
-0.888,0.013,0.416,12.994,129.867,-5.801,ROLL
-0.905,-0.011,0.35,12.11,129.211,-3.342,ROLL
-0.933,0.039,0.278,11.498,115.194,0.254,ROLL
-0.952,0.004,0.264,6.247,101.351,-1.995,ROLL
-0.959,-0.012,0.213,1.435,100.231,-0.892,ROLL
-0.977,0.025,0.162,-2.669,95.384,4.419,ROLL
-0.977,0.011,0.13,-1.942,90.3,3.246,ROLL
-0.984,0.034,0.093,-0.717,89.801,4.532,ROLL
-0.979,0.025,0.066,-0.315,87.736,2.336,ROLL
-0.974,0.029,0.015,-4.209,92.645,-0.446,ROLL
-1.039,0.018,0.081,-4.926,74.988,-16.433,ROLL
-0.995,0.019,-0.074,-7.175,77.324,0.123,ROLL
-0.992,0.021,-0.079,-2.371,65.756,1.085,ROLL
-0.963,-0.023,-0.087,-6.956,76.239,0,ROLL
-0.98,0.021,-0.183,-7.735,75.241,0.271,ROLL
-0.952,0.013,-0.174,-9.275,74.279,-0.569,ROLL
-0.97,0.018,-0.199,-8.557,75.451,-0.665,ROLL
-0.949,0.015,-0.268,-7.315,68.346,-0.604,ROLL
-0.93,0.018,-0.31,-7.525,67.384,-1.015,ROLL
-0.939,0.017,-0.322,-9.056,70.91,-1.645,ROLL
-0.89,0.01,-0.384,-8.89,75.014,-1.872,ROLL
-0.892,0.032,-0.395,-11.865,82.215,-3.045,ROLL
-0.859,0.004,-0.481,-15.514,79.695,-5.766,ROLL
-0.867,0.016,-0.489,-12.941,72.695,-5.346,ROLL
-0.847,0.008,-0.522,-7.814,59.964,-2.616,ROLL
-0.871,0.026,-0.518,-10.78,44.257,-1.803,ROLL
-0.845,0.045,-0.544,-0.368,27.423,0.324,ROLL
-0.86,-0.001,-0.537,1.689,15.802,-1.33,ROLL
-0.83,0.031,-0.551,1.908,5.591,1.986,ROLL
-0.829,0.02,-0.556,-0.254,-1.601,0.228,ROLL
-0.835,0.015,-0.544,-1.155,-8.015,-0.192,ROLL
-0.835,0.017,-0.544,0.543,-12.171,1.207,ROLL
-0.85,0.019,-0.547,6.247,-22.4,5.11,ROLL
-0.848,0.011,-0.562,12.635,-39.2,8.435,ROLL
-0.867,0.011,-0.538,12.985,-68.241,8.155,ROLL
-0.843,0.022,-0.519,13.169,-86.896,7.044,ROLL
-0.875,0.038,-0.452,7.927,-103.512,4.305,ROLL
-0.882,0.032,-0.402,5.582,-116.401,1.461,ROLL
-0.873,0.023,-0.392,20.274,-131.057,9.52,ROLL
-0.937,0.042,-0.273,31.185,-138.11,13.44,ROLL
-0.951,0.042,-0.18,8.12,-157.421,4.314,ROLL
-0.935,-0.007,-0.146,-5.495,-165.016,1.452,ROLL
-0.955,-0.007,-0.063,-8.592,-165.69,2.336,ROLL
-1.061,-0.049,0.008,-14.892,-116.777,2.144,ROLL
-0.96,-0.01,0.005,3.824,-135.301,2.126,ROLL
-0.957,0,0.133,4.436,-143.78,1.916,ROLL
-0.937,0.006,0.201,9.021,-145.863,0.858,ROLL
-0.914,-0.018,0.284,9.695,-143.701,-0.157,ROLL
-0.905,-0.035,0.341,19.688,-149.38,-3.832,ROLL
-0.879,0.038,0.413,27.265,-149.117,-8.706,ROLL
-0.876,0.091,0.392,22.566,-150.938,-7.997,ROLL
-0.829,0.02,0.444,7.201,-168.779,-0.56,ROLL
-0.762,0.042,0.525,-5.512,-198.494,7.735,ROLL
-0.715,0.05,0.624,-1.461,-223.335,10.36,ROLL
-0.623,0.021,0.731,4.086,-226.958,14.551,ROLL
-0.669,0.024,0.882,-0.525,-216.151,15.566,ROLL
-0.479,0.025,0.83,-14.061,-187.477,8.164,ROLL
-0.405,0.089,0.978,-7.332,-198.424,14.665,ROLL
-0.322,-0.011,0.968,-2.284,-183.173,15.592,ROLL
-0.244,0.045,1.071,-4.725,-162.155,10.701,ROLL
-0.205,-0.063,1.092,-0.376,-121.467,13.16,ROLL
-0.205,0.024,1.028,-1.444,-95.445,14,ROLL
-0.173,0.041,0.995,-0.796,-89.556,8.785,ROLL
-0.076,-0.026,1.032,0.131,-89.416,5.119,ROLL
-0.036,-0.033,1.014,-0.884,-86.511,7.157,ROLL
-0.024,-0.014,0.993,-6.108,-99.584,12.653,ROLL
0.2,0.044,1.006,15.295,-74.996,12.836,ROLL
0.007,-0.006,0.998,0.018,-2.293,-0.438,ROLL
0.018,0.032,1.05,10.561,-8.645,0.472,ROLL
0.009,0.044,0.993,12.337,-10.369,4.34,ROLL
0.002,0.006,1.088,0.577,-11.541,3.596,ROLL
-0.012,0.024,1.076,0.761,-30.616,1.592,ROLL
0.031,0.03,1.072,0.866,-52.062,4.699,ROLL
0.039,0.009,1.086,1.671,-69.283,7.201,ROLL
0.073,0.014,1.096,0.674,-95.261,1.356,ROLL
0.085,0.032,1.087,2.144,-127.129,4.41,ROLL
0.169,0.002,1.076,3.115,-159.679,4.165,ROLL
0.211,0.02,1,-0.166,-173.994,-0.044,ROLL
0.273,0.041,0.943,-0.647,-181.746,-2.739,ROLL
0.401,0.046,0.912,-3.027,-182.962,-5.39,ROLL
0.444,0.065,0.851,-2.415,-191.555,-2.074,ROLL
0.557,0.038,0.85,-12.898,-183.234,1.908,ROLL
0.59,0.027,0.769,0.604,-168.534,4.602,ROLL
0.684,0.048,0.726,-1.339,-174.589,5.145,ROLL
0.709,0.024,0.635,-0.805,-172.393,6.746,ROLL
0.777,0.031,0.627,-1.383,-170.975,5.889,ROLL
0.821,0.036,0.509,-2.756,-176.715,7.831,ROLL
0.864,0.037,0.452,-4.847,-180.661,12.959,ROLL
0.888,0.01,0.373,-15.881,-182.962,17.491,ROLL
0.866,-0.061,0.237,-18.524,-162.435,14.682,ROLL
0.957,0.035,0.315,-4.778,-152.311,13.081,ROLL
0.914,-0.027,0.177,-4.812,-161.079,21.7,ROLL
0.958,-0.027,0.152,-7.017,-166.53,21.175,ROLL
0.933,-0.036,0.057,-19.014,-173.792,29.864,ROLL
1.035,-0.018,0.066,-0.989,-152.801,10.439,ROLL
0.921,-0.027,-0.203,-7.219,-147.262,11.366,ROLL
1.019,0,-0.128,-18.699,-114.397,18.795,ROLL
0.899,-0.091,-0.222,-27.388,-104.317,11.165,ROLL
0.919,-0.114,-0.236,-13.939,-109.095,-3.141,ROLL
0.878,-0.02,-0.336,-15.278,-115.404,-7.936,ROLL
0.891,-0.039,-0.391,-19.74,-117.556,-9.153,ROLL
0.975,-0.061,-0.371,-12.399,-115.325,-9.975,ROLL
0.885,-0.053,-0.448,-7.621,-117.136,-5.959,ROLL
0.771,-0.011,-0.588,-10.299,-114.293,0.577,ROLL
0.729,0.022,-0.682,-23.634,-104.081,-0.831,ROLL
0.846,-0.037,-0.542,-28.525,-92.015,0.735,ROLL
0.725,-0.01,-0.663,0.779,-69.746,-8.689,ROLL
0.802,0.005,-0.608,2.293,-47.635,-1.094,ROLL
0.792,0.017,-0.616,1.304,-36.278,2.354,ROLL
0.744,0.001,-0.658,7.035,-32.051,5.512,ROLL
0.738,-0.004,-0.682,7.726,-22.837,6.869,ROLL
0.73,-0.02,-0.673,9.66,-11.786,5.6,ROLL
0.733,-0.012,-0.669,6.72,-2.441,4.218,ROLL
0.731,-0.017,-0.69,1.558,11.734,2.713,ROLL
0.772,-0.02,-0.679,1.741,33.031,1.015,ROLL
0.791,-0.017,-0.69,6.256,63.472,0.788,ROLL
0.813,-0.033,-0.629,15.557,91.577,-0.516,ROLL
0.872,-0.04,-0.534,17.202,135.223,1.759,ROLL
0.76,-0.015,-0.536,35.35,164.675,-1.487,ROLL
0.766,-0.044,-0.437,30.538,150.885,4.76,ROLL
0.889,-0.033,-0.347,15.435,147.464,9.669,ROLL
0.9,-0.013,-0.382,22.995,165.97,9.398,ROLL
0.866,-0.031,-0.313,38.596,189.21,6.396,ROLL
0.877,-0.068,-0.231,33.11,206.727,7.149,ROLL
0.873,-0.087,-0.05,43.103,226.152,10.43,ROLL
1.014,-0.112,-0.002,20.562,178.762,-7.236,ROLL
0.894,-0.032,0.037,42.026,225.4,-8.155,ROLL
0.883,-0.026,0.217,32.34,242.646,-14.578,ROLL
0.835,-0.031,0.341,31.903,259.385,-15.68,ROLL
0.735,-0.043,0.518,25.454,249.97,-21.289,ROLL
0.723,0.029,0.625,21.175,244.562,-26.302,ROLL
0.666,0.063,0.671,14.245,245.158,-18.699,ROLL
0.608,0.012,0.752,6.501,247.205,-8.627,ROLL
0.535,-0.059,0.832,-2.625,239.951,-10.903,ROLL
0.407,-0.025,0.95,-5.582,230.536,-12.626,ROLL
0.344,-0.015,0.995,-5.845,208.845,-9.24,ROLL
0.274,0.005,1.026,-6.318,182.271,-4.244,ROLL
0.21,0.024,1.084,-3.631,149.135,0.21,ROLL
0.131,0.017,1.038,-4.279,121.669,0.656,ROLL
0.102,0.031,1.049,-1.969,114.363,-3.483,ROLL
0.059,0.048,1.044,3.22,108.552,-10.649,ROLL
-0.015,0.086,1.058,11.646,103.014,-18.358,ROLL
-0.081,-0.001,1.082,15.663,98.35,-16.66,ROLL
-0.021,0.016,1.044,1.671,7.359,-13.002,ROLL
0.021,-0.029,1.122,0.726,28.219,-25.13,ROLL
-0.036,-0.034,1.077,0.656,61.556,-10.203,ROLL
-0.082,-0.003,1.063,1.12,82.95,-11.042,ROLL
-0.09,0.014,1.053,1.356,90.869,-5.39,ROLL
-0.241,-0.016,1.046,1.663,113.916,-6.108,ROLL
-0.168,0.05,1.063,1.4,136.938,-9.275,ROLL
-0.263,0.062,1.016,3.894,162.977,-11.699,ROLL
-0.249,0.031,0.997,4.812,179.804,-11.55,ROLL
-0.393,-0.038,0.857,0.595,188.256,-1.759,ROLL
-0.461,0.014,0.872,-6.711,178.894,10.281,ROLL
-0.538,-0.003,0.785,-1.05,177.266,-0.928,ROLL
-0.615,0.058,0.776,7.919,172.086,-9.931,ROLL
-0.691,0.026,0.671,5.95,176.61,-5.548,ROLL
-0.748,0.008,0.617,7.656,173.696,-5.898,ROLL
-0.766,0.008,0.604,6.396,180.644,-2.152,ROLL
-0.818,-0.084,0.496,-0.551,195.746,0.472,ROLL
-0.849,-0.043,0.363,-6.956,218.391,3.115,ROLL
-0.926,0.053,0.2,6.948,204.094,-2.599,ROLL
-0.934,0.08,0.184,6.16,177.599,-1.321,ROLL
-0.953,0.05,0.114,3.666,161.376,-0.376,ROLL
-1.013,0.005,0.094,-4.699,158.393,3.544,ROLL
-0.983,0.079,-0.064,-9.958,178.71,7.543,ROLL
-0.954,0.059,-0.078,-8.496,161.971,-12.241,ROLL
-0.932,0.014,-0.203,-4.961,126.385,0.228,ROLL
-0.965,0.028,-0.264,-10.868,98.052,-0.761,ROLL
-0.943,0.017,-0.256,-15.636,82.652,-2.354,ROLL
-0.94,0.014,-0.275,-13.851,81.848,-2.205,ROLL
-0.926,-0.006,-0.342,-3.981,91.77,1.759,ROLL
-0.895,0.024,-0.41,-2.642,84.35,4.244,ROLL
-0.899,0.028,-0.474,0.788,64.969,3.036,ROLL
-0.903,-0.021,-0.49,-0.954,38.972,0.052,ROLL
-0.894,0.042,-0.475,4.515,12.714,1.864,ROLL
-0.881,-0.001,-0.505,3.596,-11.042,0.735,ROLL
-0.886,0.042,-0.486,6.816,-31.028,-3.71,ROLL
-0.903,0.001,-0.409,-1.085,-50.452,0.157,ROLL
-0.912,0.023,-0.447,8.802,-72.24,4.891,ROLL
-0.917,0.049,-0.312,7.131,-106.724,3.675,ROLL
-0.908,0.034,-0.401,4.463,-131.119,2.45,ROLL
-0.934,0.001,-0.228,2.634,-139.79,2.17,ROLL
-0.968,0.017,-0.103,-8.076,-146.195,0.472,ROLL
-0.938,0.071,-0.115,-15.094,-169.251,1.138,ROLL
-0.869,0.001,-0.036,-10.281,-180.705,3.246,ROLL
-0.974,0.006,0.017,-3.29,-116.874,1.934,ROLL
-1.008,0.027,0.092,0.936,-140.28,2.599,ROLL
-0.93,-0.003,0.135,4.865,-169.19,1.794,ROLL
-0.941,0.034,0.222,8.943,-178.238,1.006,ROLL
-0.862,0.041,0.326,2.695,-192.019,2.389,ROLL
-0.813,0.026,0.387,-0.359,-209.3,3.553,ROLL
-0.758,-0.005,0.493,-5.539,-242.856,7.989,ROLL
-0.674,-0.031,0.483,-12.574,-270.025,13.108,ROLL
-0.665,0.025,0.682,-11.051,-285.346,5.784,ROLL
-0.668,-0.045,0.851,-32.926,-280.245,0.192,ROLL
-0.519,-0.05,0.922,-47.88,-250.285,-3.649,ROLL
-0.477,-0.003,0.953,-41.895,-220.211,-3.832,ROLL
-0.387,-0.025,1.017,-33.364,-188.501,0.577,ROLL
-0.261,-0.058,1.018,-28.98,-170.249,-5.145,ROLL
-0.19,-0.089,1.064,-24.859,-167.318,-2.082,ROLL
-0.093,-0.082,1.111,-11.515,-153.991,-1.111,ROLL
-0.034,-0.069,1.093,-8.663,-123.401,-3.491,ROLL
0.021,-0.055,1.001,-2.345,-101.85,-1.452,ROLL
0.074,-0.078,1.037,-3.465,-108.535,7.236,ROLL
0.069,-0.117,1.033,-5.582,-119.639,4.384,ROLL
0.173,-0.115,0.999,-5.162,-111.099,-1.601,ROLL
0.148,-0.109,1,-0.954,-110.53,3.15,ROLL
0.391,-0.139,1.002,8.05,-80.64,1.365,ROLL
0.274,-0.101,1.047,6.764,-80.815,0.569,ROLL
0.317,-0.085,0.978,2.503,-96.775,-1.435,ROLL
0.38,-0.095,0.93,6.624,-101.019,-1.111,ROLL
0.38,-0.119,0.924,10.238,-103.022,-1.531,ROLL
0.414,-0.103,0.942,13.16,-114.266,-6.204,ROLL
0.435,-0.088,0.925,9.809,-129.474,-8.733,ROLL
0.531,-0.066,0.873,6.624,-148.173,-11.462,ROLL
0.551,-0.08,0.842,9.432,-149.065,-11.953,ROLL
0.591,-0.025,0.771,8.155,-152.539,-7.201,ROLL
0.71,-0.036,0.732,11.261,-149.712,-4.716,ROLL
0.706,-0.038,0.67,6.878,-156.091,-6.869,ROLL
0.754,0.009,0.674,7.525,-154.018,-5.924,ROLL
0.748,0.008,0.581,-0.551,-169.697,-13.02,ROLL
0.83,-0.091,0.459,1.181,-180.985,-13.002,ROLL
0.862,-0.061,0.407,-12.95,-196.901,-15.995,ROLL
0.853,0.015,0.32,-15.969,-195.352,-13.055,ROLL
0.934,0.023,0.23,-12.766,-173.154,-17.657,ROLL
0.932,0.015,0.163,0.516,-153.667,-7.341,ROLL
0.99,0.004,0.101,1.33,-154.936,-0.998,ROLL
1.016,0.025,0.033,5.224,-150.439,2.783,ROLL
1.039,-0.052,-0.298,-0.49,-113.89,-7.079,ROLL
0.958,-0.018,-0.124,6.291,-103.504,1.715,ROLL
0.954,-0.003,-0.115,1.05,-69.169,3.622,ROLL
0.944,0.027,-0.104,-6.554,-68.162,5.574,ROLL
0.981,0.005,-0.155,-3.544,-69.361,7.639,ROLL
0.982,-0.065,-0.193,-3.736,-72.048,7.219,ROLL
0.9,0.008,-0.203,-8.391,-92.925,5.836,ROLL
0.924,0.006,-0.252,-8.776,-93.844,3.316,ROLL
0.905,-0.013,-0.315,-14.639,-95.812,0.621,ROLL
0.955,0.024,-0.397,-22.146,-85.995,3.43,ROLL
0.909,-0.017,-0.408,-7.674,-62.44,3.106,ROLL
0.925,0.012,-0.425,-1.96,-38.377,2.389,ROLL
0.896,0.008,-0.459,2.223,-5.477,1.925,ROLL
0.894,0.004,-0.437,2.888,15.645,3.395,ROLL
0.909,0.009,-0.412,4.707,27.353,5.95,ROLL
0.95,0.025,-0.41,8.391,57.549,6.318,ROLL
0.906,0.01,-0.394,19.267,94.229,7.245,ROLL
0.939,0.034,-0.31,23.319,132.93,9.756,ROLL
0.908,0.011,-0.269,16.013,154.84,13.379,ROLL
0.941,-0.032,-0.146,-4.121,163.765,20.134,ROLL
0.918,-0.048,-0.042,-8.68,170.126,18.095,ROLL
0.999,-0.05,0.034,-12.477,135.363,-4.655,ROLL
0.933,-0.063,0.005,3.211,138.154,0.35,ROLL
0.968,-0.04,0.128,5.329,153.274,-0.499,ROLL
0.921,-0.05,0.269,3.062,157.421,-5.416,ROLL
0.857,0.004,0.319,4.296,144.708,-2.336,ROLL
0.902,-0.013,0.407,7.175,138.775,-5.259,ROLL
0.887,-0.001,0.489,3.43,126.052,3.745,ROLL
0.852,-0.047,0.444,-1.706,122.649,6.694,ROLL
0.817,-0.075,0.496,-1.872,134.803,2.888,ROLL
0.742,-0.011,0.503,1.715,149.931,2.398,ROLL
0.743,-0.046,0.611,4.051,181.458,5.04,ROLL
0.619,-0.022,0.643,5.863,202.387,7.079,ROLL
0.585,-0.09,0.691,5.985,229.801,3.229,ROLL
0.552,0.004,0.897,7.201,245.324,-1.033,ROLL
0.435,-0.022,0.985,0.114,234.273,7.429,ROLL
0.272,-0.07,0.976,-12.854,199.885,14.49,ROLL
0.287,-0.061,1,-14.306,164.273,2.94,ROLL
0.202,-0.045,1.073,-14.131,146.099,-0.569,ROLL
0.188,-0.066,1.028,-14.403,124.688,-4.751,ROLL
0.072,-0.051,0.978,-0.429,107.144,-4.427,ROLL
-0.017,-0.045,1.065,11.06,87.675,-6.843,ROLL
-0.061,-0.036,1.059,7.332,65.599,2.432,ROLL
-0.03,-0.057,1.01,0.971,49.507,3.01,ROLL
0.1,0.013,1.156,28.77,13.781,-2.161,ROLL
-0.045,-0.079,1.067,18.532,30.494,-2.52,ROLL
-0.016,-0.062,1.083,14.91,52.876,-0.892,ROLL
-0.012,-0.057,1.078,13.799,75.075,9.529,ROLL
-0.13,-0.007,1.058,18.611,97.842,13.948,ROLL
-0.106,-0.005,1.057,16.205,109.655,13.825,ROLL
-0.176,0.008,1.067,12.609,129.202,9.538,ROLL
-0.269,0.019,0.989,13.204,150.955,6.23,ROLL
-0.319,-0.007,0.972,17.08,172.148,6.02,ROLL
-0.406,0.037,1.008,8.82,174.081,5.39,ROLL
-0.463,0.007,0.847,-0.761,175.621,1.356,ROLL
-0.508,0.056,0.828,-0.271,174.554,0.63,ROLL
-0.58,0.028,0.784,2.179,159.154,-2.879,ROLL
-0.636,0.034,0.786,7.35,162.444,-7.648,ROLL
-0.699,0.017,0.644,10.246,180.477,-9.257,ROLL
-0.75,0.002,0.599,7,165.594,-5.215,ROLL
-0.791,-0.008,0.532,3.22,169.75,-1.732,ROLL
-0.838,0.015,0.456,-0.455,169.488,0.647,ROLL
-0.877,0.014,0.375,-12.679,162.514,6.134,ROLL
-0.919,0.016,0.279,-5.399,158.97,2.389,ROLL
-0.938,0.015,0.235,2.494,143.771,0.201,ROLL
-0.96,-0.004,0.129,9.546,139.79,-0.586,ROLL
-0.963,0.009,0.125,17.876,134.383,1.146,ROLL
-0.966,0.034,0.054,19.259,121.59,-7.858,ROLL
-0.986,0.054,0.022,19.267,118.204,0.429,ROLL
-1.117,0.053,-0.076,22.321,105.63,2.345,ROLL
-0.943,-0.052,-0.148,19.968,103.39,1.829,ROLL
-1.001,0.009,-0.132,12.705,82.959,2.818,ROLL
-0.955,0.013,-0.141,11.401,89.539,2.852,ROLL
-0.983,0.034,-0.193,4.524,90.335,2.021,ROLL
-0.938,0.012,-0.263,-2.205,94.5,0.105,ROLL
-0.936,-0.013,-0.276,-4.48,88.34,-0.385,ROLL
-0.943,0.007,-0.294,-7.193,80.876,-2.608,ROLL
-0.928,-0.006,-0.329,-7.341,74.812,-1.671,ROLL
-0.897,-0.005,-0.399,-3.15,69.755,0.962,ROLL
-0.875,0.031,-0.419,-0.446,66.316,1.444,ROLL
-0.883,0.035,-0.43,-4.148,68.049,-1.207,ROLL
-0.847,0.026,-0.479,-3.789,68.854,-0.298,ROLL
-0.821,-0.001,-0.504,-3.465,72.59,1.278,ROLL
-0.801,0.001,-0.59,-0.691,79.188,2.993,ROLL
-0.837,0.051,-0.652,13.379,72.205,4.961,ROLL
-1,0.073,-0.422,1.111,39.498,1.715,ROLL
-0.787,0.011,-0.609,-1.4,12.661,3.334,ROLL
-0.793,0.036,-0.608,-0.429,4.261,3.614,ROLL
-0.788,0.026,-0.599,-0.884,0.595,-0.018,ROLL
-0.796,0.023,-0.61,1.067,-5.224,1.347,ROLL
-0.794,0.022,-0.631,1.225,-18.497,1.251,ROLL
-0.797,0.014,-0.631,-1.076,-38.045,0.105,ROLL
-0.816,-0.022,-0.613,5.486,-52.955,3.649,ROLL
-0.838,0.029,-0.561,14.193,-80.115,9.074,ROLL
-0.883,0.038,-0.502,12.6,-101.92,8.776,ROLL
-0.846,0.052,-0.512,1.768,-124.04,0.525,ROLL
-0.874,0.002,-0.418,-6.492,-128.459,-3.876,ROLL
-0.9,0.027,-0.428,-11.113,-136.99,-6.738,ROLL
-0.89,-0.022,-0.349,6.396,-150.019,3.999,ROLL
-0.924,-0.005,-0.232,15.094,-164.509,5.023,ROLL
-0.937,0.021,-0.163,5.416,-169.872,3.08,ROLL
-0.932,-0.012,-0.118,3.701,-186.926,2.686,ROLL
-0.978,-0.044,0.017,-5.793,-136.378,2.441,ROLL
-0.948,0.041,0.036,5.128,-149.389,1.732,ROLL
-0.967,0.012,0.095,-1.934,-172.41,2.791,ROLL
-0.934,0.033,0.277,4.323,-183.286,2.275,ROLL
-0.873,0.057,0.325,6.256,-181.834,0.84,ROLL
-0.893,0.044,0.345,3.902,-186.988,1.61,ROLL
-0.824,0.01,0.415,1.391,-202.011,2.695,ROLL
-0.768,-0.01,0.475,-3.92,-234.57,6.711,ROLL
-0.691,-0.015,0.699,-3.421,-233.695,7.026,ROLL
-0.63,-0.006,0.704,-4.445,-220.762,8.417,ROLL
-0.608,0.063,0.841,-5.582,-218.137,12.031,ROLL
-0.473,0.007,0.896,-7.122,-217.682,17.141,ROLL
-0.404,0.019,0.994,-4.086,-186.06,13.326,ROLL
-0.397,0.037,1.014,-16.345,-167.02,17.552,ROLL
-0.268,0.04,1.02,-24.833,-149.109,10.203,ROLL
-0.239,-0.048,1.027,-33.618,-140.534,7.411,ROLL
-0.208,-0.088,0.962,-33.206,-134.724,4.786,ROLL
-0.163,-0.044,1.032,-18.34,-140.175,2.747,ROLL
-0.141,-0.021,1.08,-21.936,-165.944,-7.656,ROLL
0.009,-0.03,1.081,-26.425,-171.981,-13.519,ROLL
0.16,0.168,1.242,17.019,-52.675,-1.741,ROLL
0.058,-0.086,0.989,3.666,-73.544,4.261,ROLL
0.087,-0.018,1.071,13.23,-97.519,-3.001,ROLL
0.184,-0.087,0.976,13.081,-110.652,-7.849,ROLL
0.16,-0.095,1.027,20.851,-115.211,-15.724,ROLL
0.244,-0.029,1.082,20.685,-140.551,-11.786,ROLL
0.322,-0.014,1.056,15.619,-172.97,-1.628,ROLL
0.357,-0.016,0.952,7.691,-197.951,5.731,ROLL
0.466,-0.04,0.825,4.559,-206.605,-0.219,ROLL
0.505,-0.023,0.78,3.447,-203.298,-3.902,ROLL
0.624,0.007,0.69,23.669,-188.099,-4.427,ROLL
0.719,0.06,0.732,37.494,-186.462,0.411,ROLL
0.726,0.015,0.709,11.48,-201.731,11.769,ROLL
0.709,-0.003,0.594,3.412,-254.87,7.438,ROLL
0.829,0.028,0.332,3.544,-249.279,7.044,ROLL
0.897,0.058,0.304,23.564,-193.41,13.265,ROLL
0.898,0.022,0.296,23.083,-189.63,11.611,ROLL
0.944,0.036,0.236,18.751,-181.335,13.615,ROLL
0.943,-0.016,0.082,16.257,-183.339,14.411,ROLL
0.99,0.029,-0.044,7.945,-154.822,16.616,ROLL
0.848,0.104,-0.145,4.769,-120.444,19.574,ROLL
0.961,-0.058,-0.113,5.74,-114.52,7.963,ROLL
0.983,0.057,-0.098,4.568,-105.201,8.89,ROLL
0.982,-0.017,-0.165,1.82,-125.283,12.609,ROLL
0.933,-0.03,-0.194,-1.636,-133.928,10.465,ROLL
0.901,-0.031,-0.289,-4.874,-141.496,11.498,ROLL
0.862,-0.022,-0.348,-15.689,-142.266,14.166,ROLL
0.836,0.012,-0.382,-14.096,-136.518,13.58,ROLL
0.827,-0.025,-0.411,-12.32,-119.359,13.011,ROLL
0.829,-0.009,-0.506,-6.606,-103.53,9.791,ROLL
0.813,-0.019,-0.548,3.115,-95.707,2.424,ROLL
0.818,-0.059,-0.534,4.069,-85.505,1.663,ROLL
0.741,0.004,-0.492,-17.99,-75.145,5.758,ROLL
0.859,-0.045,-0.77,-35.621,-58.66,10.377,ROLL
0.855,-0.089,-0.686,-2.861,-28.254,4.602,ROLL
0.744,-0.024,-0.735,-5.469,-5.6,9.984,ROLL
0.807,-0.022,-0.626,1.829,11.305,12.547,ROLL
0.759,-0.006,-0.688,5.39,27.344,11.62,ROLL
0.761,-0.074,-0.696,15.934,58.354,3.307,ROLL
0.828,-0.051,-0.635,18.314,82.189,-0.507,ROLL
0.803,-0.048,-0.613,25.069,118.79,-4.349,ROLL
0.785,-0.044,-0.541,39.821,140.516,-10.194,ROLL
0.821,-0.006,-0.397,49.761,140.639,-17.605,ROLL
0.88,-0.015,-0.35,43.103,132.755,-15.172,ROLL
0.902,-0.03,-0.33,24.946,132.134,-8.199,ROLL
0.9,-0.081,-0.283,23.292,152.959,-10.395,ROLL
0.886,0.005,-0.196,14.551,154.367,-10.115,ROLL
0.936,-0.003,-0.108,6.93,156.756,-11.979,ROLL
0.922,-0.13,-0.084,1.383,172.226,-8.19,ROLL
1.053,-0.037,-0.045,-4.786,159.128,-30.1,ROLL
0.951,0.029,0.103,0.315,181.904,-30.879,ROLL
0.959,0.062,0.229,-6.65,182.333,-29.05,ROLL
0.891,-0.011,0.278,-3.509,179.637,-22.076,ROLL
0.866,0.022,0.397,-16.879,168.866,-8.015,ROLL
0.88,0.064,0.388,-14.123,168.341,-8.164,ROLL
0.819,0.018,0.426,-8.776,186.76,-6.466,ROLL
0.735,0.015,0.6,-9.275,203.122,-8.417,ROLL
0.681,0.008,0.673,-3.273,196.473,-4.769,ROLL
0.639,0.025,0.719,-6.921,196.394,-8.881,ROLL
0.577,0.009,0.771,-9.406,194.775,-12.749,ROLL
0.562,0.079,0.936,-5.259,192.64,-24.972,ROLL
0.426,0.057,0.921,-7.324,178.334,-13.029,ROLL
0.371,0.051,0.944,-3.325,166.057,-4.165,ROLL
0.238,-0.031,1.007,-1.129,157.299,-3.491,ROLL
0.244,0.015,1.004,-3.614,135.625,-10.036,ROLL
0.194,0.004,1.034,-2.546,123.393,-9.467,ROLL
0.133,0.022,1.048,-2.8,115.491,-10.386,ROLL
0.104,0.051,1.079,-1.155,95.147,-7.971,ROLL
0.06,0.07,1.076,-0.945,70.884,-8.916,ROLL
0.051,0.025,1.042,-0.411,51.065,-4.2,ROLL
0.038,0.001,1.04,-0.157,45.465,-2.494,ROLL
0.012,0.031,1.02,-0.009,39.725,-3.237,ROLL
-0.048,0.036,1.017,-21.096,14.175,0.385,ROLL
0.008,0.003,1.067,1.671,19.609,-6.3,ROLL
-0.033,0.017,1.111,-0.814,37.389,-8.4,ROLL
-0.065,0.031,1.029,-6.457,60.428,-7.551,ROLL
-0.052,0.023,1.065,0.543,71.61,-8.251,ROLL
-0.088,0.005,1.07,1.111,92.514,-4.637,ROLL
-0.131,0.031,1.045,0.245,105.385,-2.669,ROLL
-0.184,-0.002,1.062,0.805,130.55,-5.18,ROLL
-0.249,-0.007,1,1.102,148.689,-3.404,ROLL
-0.359,-0.007,0.958,-1.146,170.205,3.631,ROLL
-0.363,0.012,0.945,-1.908,178.789,3.483,ROLL
-0.45,-0.02,0.876,-1.461,188.729,2.432,ROLL
-0.512,0.064,0.859,-4.445,192.762,5.372,ROLL
-0.595,0.045,0.78,-1.645,195.484,1.663,ROLL
-0.66,0.053,0.66,0.499,202.816,-0.892,ROLL
-0.719,0.014,0.595,-0.315,201.171,0.262,ROLL
-0.826,0.034,0.462,2.765,196.289,-1.645,ROLL
-0.825,0.01,0.44,3.299,186.821,-1.418,ROLL
-0.869,0.009,0.404,14.105,185.885,-6.239,ROLL
-0.91,0.008,0.258,14.744,181.405,-4.795,ROLL
-0.924,0,0.206,13.939,175.761,-3.132,ROLL
-0.955,-0.043,0.11,11.917,161.341,-1.811,ROLL
-0.967,-0.04,0.079,10.929,156.581,-0.831,ROLL
-1.05,-0.005,0.004,0.315,141.864,-5.469,ROLL
-1.071,0.118,-0.033,-8.479,124.145,13.108,ROLL
-0.965,0.082,-0.15,-0.271,134.636,0.647,ROLL
-0.957,0.012,-0.211,0.052,115.859,0.796,ROLL
-0.946,0.015,-0.252,-0.822,99.908,0.499,ROLL
-0.935,0.032,-0.3,-14.341,92.628,-3.701,ROLL
-0.916,0.019,-0.335,-9.231,89.302,-2.056,ROLL
-0.938,0.008,-0.34,-3.281,86.817,0.262,ROLL
-0.893,0.004,-0.376,-4.751,85.759,-1.33,ROLL
-0.917,0.018,-0.408,-8.864,83.886,-2.336,ROLL
-0.849,0.022,-0.426,-7.122,84.849,-0.394,ROLL
-0.849,0.002,-0.471,-3.789,97.991,2.616,ROLL
-0.752,-0.019,-0.567,10.972,117.757,7.761,ROLL
-0.75,0.01,-0.593,15.767,127.584,12.337,ROLL
-0.757,0.009,-0.66,12.565,125.265,11.156,ROLL
-0.745,0.021,-0.739,0.052,103.766,0.262,ROLL
-0.84,-0.005,-0.662,-8.986,68.338,-8.636,ROLL
-0.758,-0.007,-0.716,-8.041,20.974,-5.6,ROLL
-0.719,0.053,-0.742,-4.874,2.931,1.969,ROLL
-0.67,0.04,-0.729,2.398,-9.835,8.024,ROLL
-0.679,0.045,-0.717,3.001,-8.26,4.279,ROLL
-0.697,0.028,-0.714,0.613,-10.981,0.044,ROLL
-0.704,0.019,-0.712,1.645,-15.698,-0.63,ROLL
-0.704,0.024,-0.711,2.765,-24.833,-0.586,ROLL
-0.734,0,-0.706,1.523,-35.971,1.173,ROLL
-0.77,0.011,-0.696,2.756,-62.781,2.678,ROLL
-0.775,0.007,-0.706,1.251,-88.839,1.986,ROLL
-0.809,-0.005,-0.6,5.705,-123.646,-1.251,ROLL
-0.759,0.083,-0.638,-6.519,-152.136,-4.559,ROLL
-0.757,0.036,-0.586,-9.284,-165.41,-1.715,ROLL
-0.848,0.008,-0.492,1.89,-171.929,1.365,ROLL
-0.942,0.028,-0.27,-1.82,-188.466,1.347,ROLL
-0.804,0.086,-0.491,-20.239,-201.512,-9.529,ROLL
-0.905,-0.002,-0.232,-18.235,-199.535,-4.445,ROLL
-0.925,0.034,-0.159,-14.297,-215.924,-8.75,ROLL
-1.097,-0.023,0.078,-4.655,-169.969,17.378,ROLL
-0.937,0.014,0.078,7.446,-178.421,1.558,ROLL
-0.949,0.005,0.155,4.375,-186.322,1.794,ROLL
-0.891,0.001,0.263,3.815,-185.273,9.8,ROLL
-0.863,0.05,0.371,12.224,-166.819,10.413,ROLL
-0.878,0.07,0.474,12.241,-150.211,-2.249,ROLL
-0.826,0.042,0.438,2.546,-157.062,1.96,ROLL
-0.81,0.046,0.521,1.33,-171.57,2.844,ROLL
-0.753,0.02,0.565,1.601,-190.155,2.459,ROLL
-0.639,0.026,0.633,2.45,-212.161,1.75,ROLL
-0.644,-0.006,0.698,2.126,-232.321,0.788,ROLL
-0.525,0.011,0.818,6.064,-231.648,-0.368,ROLL
-0.472,-0.003,0.885,4.76,-210.315,-2.809,ROLL
-0.397,-0.019,0.945,2.564,-188.107,-0.866,ROLL
-0.324,-0.012,0.994,0.052,-171.938,4.664,ROLL
-0.262,0.052,1.045,0.245,-148.479,5.285,ROLL
-0.209,0.008,1.062,2.949,-119.989,-3.351,ROLL
-0.164,-0.005,1.047,2.503,-95.113,-4.681,ROLL
-0.15,0.008,1.02,1.592,-86.214,-3.01,ROLL
-0.09,0.017,1.048,0.192,-83.746,-3.194,ROLL
-0.043,-0.02,1.013,-9.573,-82.924,0.14,ROLL
-0.009,-0.014,1.007,-8.076,-89.705,7.446,ROLL
0.184,0.053,0.879,12.836,-78.908,7.193,ROLL
-0.026,0.027,1.115,10.439,-35.525,10.404,ROLL
0.065,0.017,1.053,8.645,-58.966,16.747,ROLL
0.021,0.019,1.056,2.809,-76.116,20.423,ROLL
0.069,0.017,1.088,3.5,-88.48,22.575,ROLL
0.126,0.047,1.091,5.206,-118.886,23.424,ROLL
0.133,0.025,1.095,6.895,-154.613,25.392,ROLL
0.214,-0.017,1.032,5.206,-188.72,14.98,ROLL
0.288,-0.011,0.984,3.596,-204.47,9.791,ROLL
0.373,0.019,0.892,1.628,-224.193,4.874,ROLL
0.481,0.082,0.88,-2.888,-216.536,0.026,ROLL
0.533,0.037,0.759,-2.896,-181.633,-0.84,ROLL
0.627,0.032,0.753,-0.796,-168.184,2.118,ROLL
0.636,0.063,0.765,-3.745,-177.109,-0.009,ROLL
0.757,0.035,0.586,-4.366,-192.08,-0.087,ROLL
0.795,0.012,0.494,7.271,-181.466,8.505,ROLL
0.857,0.018,0.47,7.061,-168.77,8.47,ROLL
0.946,0.03,0.359,-10.062,-142.336,14.079,ROLL
0.912,-0.014,0.349,-10.299,-121.905,24.964,ROLL
0.915,0.041,0.313,-6.773,-123.865,25.681,ROLL
0.914,-0.016,0.326,5.136,-124.302,25.279,ROLL
0.922,-0.04,0.214,8.557,-137.349,23.266,ROLL
0.947,-0.046,0.159,7.613,-130.27,16.739,ROLL
0.914,0.009,0.124,4.935,-133.193,14.446,ROLL
0.936,-0.029,0.046,0.087,-138.066,10.587,ROLL
1.092,-0.042,0.037,12.04,-120.225,-16.021,ROLL
0.906,-0.061,-0.208,7.665,-111.676,-2.879,ROLL
0.993,-0.005,-0.124,5.758,-91.201,-5.049,ROLL
0.922,-0.007,-0.155,6.641,-101.789,-4.384,ROLL
0.933,-0.008,-0.22,-11.069,-110.399,-1.549,ROLL
0.908,-0.028,-0.275,-6.344,-108.115,-3.36,ROLL
0.936,-0.036,-0.313,-2.511,-109.952,-6.93,ROLL
0.891,-0.003,-0.349,-3.684,-104.554,-3.902,ROLL
0.882,0.024,-0.443,-2.695,-79.564,1.26,ROLL
0.917,0.045,-0.413,-7.753,-63.849,-1.444,ROLL
0.85,0.004,-0.512,-8.794,-44.896,2.826,ROLL
0.92,0.029,-0.464,-5.644,-24.167,-1.426,ROLL
0.853,-0.005,-0.474,-2.73,-6.116,-0.289,ROLL
0.883,0.005,-0.5,-3.299,4.515,1.592,ROLL
0.865,0.005,-0.491,-2.529,11.935,2.87,ROLL
0.869,-0.009,-0.48,-0.962,23.914,3.929,ROLL
0.891,-0.014,-0.484,-1.085,41.379,4.952,ROLL
0.899,-0.017,-0.457,1.969,62.344,7.726,ROLL
0.895,-0.003,-0.431,5.775,74.2,8.356,ROLL
0.905,-0.013,-0.362,11.182,87.736,7.052,ROLL
0.916,0.001,-0.308,9.608,98.088,7.341,ROLL
0.91,-0.01,-0.27,9.485,104.493,4.148,ROLL
0.935,-0.046,-0.207,6.379,107.853,3.474,ROLL
0.942,-0.017,-0.19,3.168,119.569,1.435,ROLL
0.961,-0.037,-0.105,-6.247,137.961,1.19,ROLL
0.968,-0.016,-0.051,-5.128,150.973,3.15,ROLL
0.986,-0.047,0.074,-2.082,114.188,-13.991,ROLL
0.93,-0.012,0.122,5.128,112.122,-18.603,ROLL
0.955,0.014,0.172,5.854,104.799,-13.624,ROLL
0.927,0.047,0.182,0.499,100.853,-15.111,ROLL
0.941,0.033,0.266,-12.941,79.835,-17.211,ROLL
0.906,-0.018,0.23,-11.979,74.611,-21.114,ROLL
0.959,0.001,0.303,-24.351,83.711,-7.35,ROLL
0.912,0.01,0.298,-32.235,92.286,-10.15,ROLL
0.911,0.016,0.361,-10.561,115.124,-4.55,ROLL
0.88,0.021,0.412,-7.026,131.626,-4.016,ROLL
0.829,0.015,0.459,-3.832,144.077,-2.896,ROLL
0.815,0.022,0.534,-1.155,151.41,-1.908,ROLL
0.749,0.013,0.605,-1.409,154.201,-2.345,ROLL
0.712,0.05,0.669,-0.569,153.519,-1.724,ROLL
0.657,0.034,0.726,0.333,152.329,-0.691,ROLL
0.625,0.048,0.756,4.48,152.136,3.955,ROLL
0.563,0.029,0.806,8.374,150.666,9.931,ROLL
0.504,0.03,0.869,7.726,152.565,8.164,ROLL
0.436,0.025,0.916,5.819,144.253,10.203,ROLL
0.39,-0.002,0.945,3.404,138.696,6.475,ROLL
0.329,0.016,0.953,0.315,131.128,1.024,ROLL
0.253,0.024,1.014,-1.111,126.332,-2.599,ROLL
0.21,0.001,0.988,-2.747,118.326,-9.494,ROLL
0.187,0.051,1.025,-3.036,114.677,-8.584,ROLL
0.134,0.075,1.027,-1.015,106.514,-5.775,ROLL
0.093,-0.036,1.01,-0.647,102.077,-0.481,ROLL
0.02,0.003,1.031,-1.015,100.984,-6.204,ROLL
-0.022,0.023,1.052,-5.364,97.79,-10.448,ROLL
0.038,0.095,1.171,-2.616,1.033,-4.935,ROLL
0.002,0.024,1.108,0.228,42,-13.781,ROLL
-0.062,-0.014,1.073,-0.324,57.706,-17.894,ROLL
-0.067,-0.054,1.034,0.752,73.246,-3.57,ROLL
-0.096,0.031,1.023,-0.21,76.746,8.312,ROLL
-0.108,0.03,1.076,-0.175,90.134,0.998,ROLL
-0.183,0.032,1.06,0.472,107.625,1.908,ROLL
-0.209,0.032,1.054,-0.507,137.883,-0.928,ROLL
-0.293,0.023,0.996,-0.018,166.023,0.35,ROLL
-0.354,0.003,0.949,1.251,184.424,-2.398,ROLL
-0.433,0.031,0.924,-1.312,197.094,2.205,ROLL
-0.481,0.015,0.873,-4.279,222.136,6.554,ROLL
-0.564,0,0.713,-13.221,223.519,14.665,ROLL
-0.671,0.001,0.633,-17.246,212.861,16.494,ROLL
-0.725,0.034,0.603,-15.269,204.085,13.16,ROLL
-0.788,0.019,0.474,-17.71,193.025,12.101,ROLL
-0.832,0.027,0.467,-12.285,184.117,7.07,ROLL
-0.847,0.008,0.366,-8.347,186.559,3.745,ROLL
-0.912,0.012,0.26,-3.789,178.124,1.645,ROLL
-0.951,0.028,0.178,12.801,156.87,-2.984,ROLL
-0.959,0.004,0.136,27.064,138.871,-4.541,ROLL
-0.971,0.003,0.089,32.279,127.934,-3.141,ROLL
-0.969,0.054,0.087,30.809,122.946,-1.33,ROLL
-0.985,-0.003,-0.067,20.317,118.545,24.649,ROLL
-1.005,-0.005,-0.148,-2.126,118.037,-3.859,ROLL
-0.937,0.025,-0.131,-2.24,96.6,-6.151,ROLL
-0.986,0.044,-0.163,-4.611,84.28,-10.377,ROLL
-0.967,0.043,-0.207,-4.725,82.364,0.49,ROLL
-0.948,-0.017,-0.232,-0.368,84.823,1.05,ROLL
-0.959,0.011,-0.263,1.995,71.89,1.102,ROLL
-0.943,0.004,-0.345,-0.14,59.176,1.452,ROLL
-0.951,0.011,-0.313,-2.126,45.299,1.173,ROLL
-0.928,0.013,-0.325,0.884,40.329,1.697,ROLL
-0.916,0.008,-0.361,3.675,39.445,3.421,ROLL
-0.922,0.03,-0.36,-0.472,39.209,1.234,ROLL
-0.906,0.017,-0.396,-3.089,35.901,0.954,ROLL
-0.907,0.016,-0.431,-0.105,26.757,1.111,ROLL
-0.901,0.017,-0.449,3.369,14.403,2.651,ROLL
-0.904,0.017,-0.438,-0.91,-7.157,0.376,ROLL
-0.905,0.017,-0.42,1.155,-19.792,1.558,ROLL
-0.91,0.024,-0.416,3.684,-30.888,2.564,ROLL
-0.917,0.02,-0.401,5.425,-46.506,2.931,ROLL
-0.917,0.036,-0.395,-1.899,-65.459,0.499,ROLL
-0.922,0.007,-0.362,-6.414,-88.244,-0.814,ROLL
-0.926,0.01,-0.265,-4.559,-108.001,0.814,ROLL
-0.965,0.016,-0.181,-3.596,-118.195,1.155,ROLL
-0.935,-0.006,-0.224,6.851,-131.46,2.914,ROLL
-0.959,0.031,-0.107,0.543,-138.268,1.837,ROLL
-0.945,0.019,-0.093,1.969,-149.188,3.719,ROLL
-0.978,-0.094,-0.046,14.682,-109.9,2.861,ROLL
-0.985,0.026,0.01,12.206,-137.034,1.995,ROLL
-0.928,-0.037,0.153,-0.472,-162.26,2.572,ROLL
-0.938,-0.004,0.221,-6.965,-164.089,4.524,ROLL
-0.906,-0.016,0.282,-2.651,-161.315,3.5,ROLL
-0.896,0.035,0.321,-3.544,-166.617,4.113,ROLL
-0.87,0.046,0.399,-11.305,-187.95,8.908,ROLL
-0.831,0.045,0.465,-15.094,-197.199,11.323,ROLL
-0.759,0.042,0.554,-4.463,-202.755,6.79,ROLL
-0.688,-0.04,0.617,-0.385,-207.357,4.06,ROLL
-0.621,0.023,0.73,-1.33,-209.37,5.521,ROLL
-0.621,0.023,0.879,-1.505,-211.549,7.674,ROLL
-0.518,0,0.865,-3.229,-201.477,9.783,ROLL
-0.428,0.035,0.936,-0.14,-184.074,5.74,ROLL
-0.372,0.005,0.985,-0.858,-167.125,4.401,ROLL
-0.312,0.018,0.983,-3.876,-155.557,4.218,ROLL
-0.225,0,1.054,-6.177,-135.03,5.556,ROLL
-0.214,-0.007,1.059,-16.879,-119.866,11.034,ROLL
-0.113,0.019,1.034,-18.576,-100.713,2.879,ROLL
-0.102,0.01,1.029,-9.485,-85.689,1.969,ROLL
-0.086,-0.011,1.043,-5.084,-77.175,0.683,ROLL
-0.047,-0.054,1.024,-8.041,-75.276,4.655,ROLL
-0.026,0.003,1.053,-6.72,-86.293,9.625,ROLL
0.068,0.133,1.224,34.528,-34.484,10.273,ROLL
0.027,-0.014,1.058,13.466,-48.335,8.916,ROLL
0.052,0.002,1.065,13.309,-70.254,11.751,ROLL
0.099,0.001,1.062,8.251,-83.93,20.843,ROLL
0.121,0.01,1.069,7.665,-93.529,21.289,ROLL
0.154,-0.012,1.032,6.099,-109.471,17.386,ROLL
0.17,-0.002,1.067,6.991,-130.226,11.646,ROLL
0.226,0.017,1.049,1.094,-152.521,9.31,ROLL
0.296,0.009,1.011,-4.699,-165.305,6.738,ROLL
0.364,0.009,0.961,-12.757,-188.099,1.041,ROLL
0.483,-0.039,0.85,-13.475,-203.464,-1.138,ROLL
0.505,-0.008,0.803,-8.488,-195.011,-6.309,ROLL
0.526,-0.012,0.775,-5.617,-185.806,-10.605,ROLL
0.654,0.011,0.766,7.122,-192.526,-15.47,ROLL
0.641,-0.069,0.747,-22.041,-225.671,-20.186,ROLL
0.85,-0.046,0.534,-37.931,-241.316,-8.794,ROLL
0.85,0.014,0.378,-44.809,-226.756,5.827,ROLL
0.866,0.06,0.295,-31.517,-189.219,13.055,ROLL
0.962,0.087,0.284,-13.983,-153.702,13.186,ROLL
0.953,-0.009,0.261,-17.728,-156.966,22.636,ROLL
0.942,-0.062,0.17,-8.269,-159.617,30.249,ROLL
0.933,-0.075,0.01,-4.2,-144.576,29.33,ROLL
0.978,-0.107,-0.054,2.336,-115.544,16.616,ROLL
1.107,-0.074,-0.001,3.045,-99.68,10.299,ROLL
0.954,-0.067,-0.069,5.259,-111.405,3.307,ROLL
0.968,-0.097,-0.099,7.84,-102.681,-1.505,ROLL
0.934,-0.038,-0.188,9.31,-108.544,-2.739,ROLL
0.983,-0.125,-0.206,1.339,-94.728,-2.074,ROLL
0.923,-0.072,-0.228,-4.06,-92.111,6.685,ROLL
0.958,-0.057,-0.272,-4.69,-78.724,3.509,ROLL
0.88,-0.121,-0.289,-12.171,-83.598,5.653,ROLL
0.9,0.008,-0.297,-8.435,-90.659,6.702,ROLL
0.83,-0.132,-0.448,-10.972,-93.249,0.455,ROLL
0.865,-0.092,-0.397,-17.395,-90.029,1.732,ROLL
0.881,-0.041,-0.426,-17.815,-77.245,0.254,ROLL
0.941,-0.035,-0.467,-11.743,-57.461,0.481,ROLL
0.874,-0.038,-0.508,-3.054,-30.222,4.489,ROLL
0.843,-0.052,-0.526,1.409,-20.125,5.766,ROLL
0.843,-0.061,-0.531,2.126,-7.122,4.629,ROLL
0.832,-0.064,-0.528,1.969,-0.009,3.08,ROLL
0.863,-0.008,-0.549,4.576,11.83,-3.509,ROLL
0.864,-0.063,-0.531,6.3,31.176,-2.398,ROLL
0.851,-0.053,-0.536,9.494,50.006,-1.312,ROLL
0.892,-0.074,-0.47,8.776,60.305,0.971,ROLL
0.902,-0.041,-0.442,15.269,81.226,-0.805,ROLL
0.892,-0.043,-0.346,13.274,96.591,3.841,ROLL
0.913,-0.062,-0.353,12.46,99.382,5.241,ROLL
0.923,-0.071,-0.304,2.275,89.556,7.096,ROLL
0.909,-0.086,-0.286,2.161,93.896,3.902,ROLL
0.961,-0.122,-0.196,1.706,106.592,4.673,ROLL
0.952,-0.064,-0.14,2.957,108.806,7.779,ROLL
0.965,-0.095,-0.087,6.738,112.088,5.469,ROLL
0.961,-0.065,-0.102,0.954,134.496,7.613,ROLL
1.05,0.019,0.138,-2.476,127.488,-7.262,ROLL
0.972,-0.072,-0.06,-4.471,139.86,-7.691,ROLL
0.996,-0.07,0.147,-1.584,170.083,-3.754,ROLL
0.849,-0.066,0.178,7.446,182.026,-0.481,ROLL
0.858,-0.094,0.317,34.606,188.641,-14.525,ROLL
0.879,-0.059,0.369,37.914,189.473,-18.077,ROLL
0.795,-0.035,0.416,31.535,204.365,-15.129,ROLL
0.784,-0.046,0.529,26.154,228.008,-16.03,ROLL
0.676,0.026,0.672,17.754,247.152,-7.709,ROLL
0.565,-0.068,0.721,12.451,254.485,-2.739,ROLL
0.541,-0.037,0.915,8.024,225.348,-7.989,ROLL
0.467,0.009,0.965,0.262,198.949,-2.004,ROLL
0.38,-0.002,0.952,-8.041,177.406,3.159,ROLL
0.346,0.006,0.952,-3.246,160.256,4.279,ROLL
0.272,0.004,1.02,0.42,128.389,6.449,ROLL
0.211,0.008,1.068,-3.404,108.115,-4.086,ROLL
0.203,-0.002,1.06,3.675,110.863,-6.878,ROLL
0.144,-0.03,1.038,-1.059,122.938,-11.935,ROLL
0.075,-0.037,1.022,-8.216,134.391,-4.979,ROLL
0.01,-0.003,1.075,-5.74,133.761,-4.489,ROLL
0.003,-0.042,1.078,1.47,133.857,-7.595,ROLL
-0.095,-0.061,1.047,-0.551,139.02,-6.151,ROLL
-0.087,0.035,1.136,16.931,59.526,4.883,ROLL
-0.175,-0.021,1.053,16.503,83.808,-3.412,ROLL
-0.184,-0.026,1.061,13.72,100.074,-4.375,ROLL
-0.275,0.037,1.014,14.079,116.48,-8.733,ROLL
-0.288,0.04,1.062,17.159,139.151,-10.99,ROLL
-0.421,-0.003,0.972,6.79,151.664,-17.614,ROLL
-0.472,-0.059,0.9,9.012,176.365,-18.629,ROLL
-0.501,0.001,0.832,7.735,195.93,-14.123,ROLL
-0.599,0.103,0.833,13.405,204.96,-18.83,ROLL
-0.618,-0.021,0.721,6.79,194.337,-8.111,ROLL
-0.703,-0.048,0.681,8.041,206.124,-7.761,ROLL
-0.706,-0.036,0.616,9.135,226.126,-7.184,ROLL
-0.779,0.031,0.496,9.529,218.575,-5.889,ROLL
-0.845,0.017,0.393,-1.837,204.855,1.111,ROLL
-0.901,0.059,0.285,-7.7,191.923,4.69,ROLL
-0.926,0.046,0.266,-6.983,181.256,20.659,ROLL
-0.963,-0.004,0.151,-7.07,159.679,21.691,ROLL
-0.947,0.026,0.031,-5.32,148.969,12.67,ROLL
-0.972,0.043,0.009,1.409,144.585,2.432,ROLL
-0.925,0.179,-0.093,9.266,121.503,-9.222,ROLL
-0.942,0.031,-0.147,4.594,127.549,-12.95,ROLL
-0.944,0.043,-0.199,5.696,100.118,-20.09,ROLL
-0.967,-0.018,-0.159,-5.451,93.529,-1.304,ROLL
-0.964,0.028,-0.257,7.245,81.244,3.098,ROLL
-0.956,-0.006,-0.261,-7.254,65.546,-0.175,ROLL
-0.949,-0.004,-0.287,0.962,57.435,1.942,ROLL
-0.94,0.033,-0.255,4.051,63.236,2.704,ROLL
-0.937,0.014,-0.311,-8.199,72.52,-1.146,ROLL
-0.921,0.002,-0.353,-10.36,65.59,-2.73,ROLL
-0.91,0.021,-0.367,-2.118,49.595,0.315,ROLL
-0.919,-0.005,-0.41,-10.369,65.406,-3.342,ROLL
-0.848,0.034,-0.468,-14.534,35.91,-3.789,ROLL
-0.869,0.021,-0.38,-28.849,73.238,-8.199,ROLL
-0.874,0.029,-0.46,-24.019,92.811,-1.732,ROLL
-0.826,0.04,-0.494,-5.863,101.202,4.235,ROLL
-0.762,0.032,-0.6,-15.47,117.346,0.236,ROLL
-0.789,0.074,-0.654,10.246,66.938,-8.82,ROLL
-0.848,-0.01,-0.599,-0.018,49.709,-15.785,ROLL
-0.782,0.021,-0.664,-1.461,21.612,-6.116,ROLL
-0.748,0.003,-0.676,2.73,3.797,3.124,ROLL
-0.724,-0.004,-0.675,3.491,-1.864,3.745,ROLL
-0.74,0.011,-0.667,3.561,-5.329,4.69,ROLL
-0.745,0.031,-0.658,-1.278,-7.481,3.22,ROLL
-0.753,0.019,-0.652,-0.131,-11.699,2.336,ROLL
-0.758,0.018,-0.656,4.883,-17.841,3.666,ROLL
-0.76,0.023,-0.658,4.935,-22.321,3.815,ROLL
-0.762,0.005,-0.652,4.287,-36.61,1.601,ROLL
-0.792,0.005,-0.633,9.844,-54.136,8.146,ROLL
-0.822,-0.008,-0.56,12.337,-80.946,8.654,ROLL
-0.872,0.028,-0.527,4.716,-103.757,-0.166,ROLL
-0.791,0.147,-0.473,-22.837,-131.994,-21.087,ROLL
-0.805,0.036,-0.51,-24.833,-168.971,-14.586,ROLL
-0.843,-0.107,-0.537,-7.324,-185.824,5.198,ROLL
-0.879,-0.025,-0.368,10.08,-170.529,7.796,ROLL
-0.934,-0.041,-0.14,3.57,-177.572,4.235,ROLL
-0.931,0.037,-0.13,4.182,-188.895,2.957,ROLL
-0.868,-0.021,-0.051,-3.027,-197.286,9.432,ROLL
-1.032,-0.02,0.063,-5.11,-164.833,2.328,ROLL
-0.933,-0.056,0.036,4.287,-194.583,2.564,ROLL
-0.891,0.002,0.209,-1.619,-213.973,3.098,ROLL
-0.882,0.087,0.353,0.735,-221.253,3.203,ROLL
-0.838,0.027,0.327,-3.141,-217.516,4.996,ROLL
-0.773,0.062,0.469,-4.918,-246.908,6.956,ROLL
-0.589,0.087,0.548,-15.82,-279.125,16.126,ROLL
-0.554,0.008,0.719,-18.314,-286.169,23.109,ROLL
-0.553,-0.014,0.872,-12.898,-286.685,31.955,ROLL
-0.532,-0.118,1.015,-20.545,-271.53,9.634,ROLL
-0.358,0.004,0.948,-33.959,-230.16,-1.102,ROLL
-0.277,0.03,1.054,-29.689,-197.383,-3.964,ROLL
-0.241,0.018,1.035,-29.103,-180.443,-8.374,ROLL
-0.187,-0.029,1.056,-16.817,-193.121,2.091,ROLL
-0.023,-0.068,1.167,-6.685,-216.396,2.494,ROLL
0.03,-0.074,1.158,7.481,-171.798,3.027,ROLL
0.043,-0.007,1.09,-2.144,-156.538,3.08,ROLL
0.473,-0.039,0.782,4.2,-162.111,0.936,ROLL
0.233,-0.014,1.041,30.048,-119.857,10.684,ROLL
0.232,-0.038,1.055,9.809,-133.639,2.284,ROLL
0.324,-0.06,1,0.709,-137.734,-3.395,ROLL
0.383,-0.002,0.915,2.406,-144.821,-1.908,ROLL
0.41,-0.023,0.918,9.196,-152.066,9.765,ROLL
0.56,-0.083,0.838,10.15,-149.275,14.752,ROLL
0.543,-0.054,0.799,12.154,-142.441,16.564,ROLL
0.619,0.017,0.823,26.757,-137.506,21.254,ROLL
0.646,0.01,0.846,18.165,-149.17,31.614,ROLL
0.637,-0.001,0.793,10.754,-174.283,30.73,ROLL
0.689,-0.068,0.676,7.682,-190.943,25.384,ROLL
0.749,0.03,0.562,11.007,-204.741,16.695,ROLL
0.831,-0.115,0.439,0.096,-202.151,7.997,ROLL
0.826,-0.108,0.394,-1.986,-193.008,2.074,ROLL
0.869,-0.028,0.349,-12.023,-186.34,-2.861,ROLL
1.005,0.012,0.173,-6.177,-181.659,-2.249,ROLL
0.956,-0.036,0.113,3.973,-170.914,13.659,ROLL
0.976,-0.056,0.03,-1.356,-149.327,11.629,ROLL
0.981,-0.032,0.025,-5.285,-130.489,11.48,ROLL
0.938,-0.003,-0.032,-7.639,-105.647,-9.634,ROLL
0.94,-0.104,-0.036,-6.291,-118.484,-9.87,ROLL
0.96,-0.022,-0.104,-7.271,-123.891,-9.564,ROLL
0.954,0.052,-0.172,-5.81,-127.68,-4.83,ROLL
0.988,-0.048,-0.25,-12.906,-148.523,-0.455,ROLL
0.9,-0.016,-0.376,-16.817,-140.989,3.194,ROLL
0.836,-0.035,-0.395,-22.041,-133.289,8.724,ROLL
0.787,-0.013,-0.404,-25.743,-121.459,10.176,ROLL
0.861,-0.078,-0.444,-22.085,-130.602,6.282,ROLL
0.823,0.051,-0.544,-19.346,-110.801,0.131,ROLL
0.844,0.099,-0.63,-21.858,-104.396,3.264,ROLL
0.831,-0.034,-0.613,-18.856,-67.891,0.647,ROLL
0.84,-0.051,-0.675,-13.431,-42.254,8.908,ROLL
0.794,-0.018,-0.663,-4.778,-12.618,8.26,ROLL
0.804,-0.024,-0.624,-2.214,1.199,9.739,ROLL
0.751,0.004,-0.685,5.407,13.466,3.797,ROLL
0.787,-0.012,-0.662,10.238,31.57,-0.595,ROLL
0.822,-0.017,-0.615,14.087,58.826,-0.35,ROLL
0.858,-0.005,-0.57,16.782,85.243,0.446,ROLL
0.831,-0.001,-0.567,25.218,118.344,3.299,ROLL
0.852,-0.016,-0.466,25.83,135.152,7.77,ROLL
0.883,-0.009,-0.448,31.929,141.855,9.861,ROLL
0.87,-0.036,-0.357,32.41,142.896,11.55,ROLL
0.879,-0.1,-0.294,16.389,147.105,12.845,ROLL
0.922,-0.078,-0.25,3.045,166.285,15.225,ROLL
0.933,-0.026,-0.137,-1.024,179.454,14.63,ROLL
0.966,-0.066,-0.025,10.57,191.966,13.501,ROLL
0.979,-0.092,0.113,0.446,157.57,-2.826,ROLL
0.904,-0.131,0.043,11.576,203.893,0.639,ROLL
0.927,-0.03,0.17,7.875,220.15,-0.77,ROLL
0.871,-0.112,0.242,10.946,223.361,-1.47,ROLL
0.801,-0.063,0.373,9.993,225.033,-6.177,ROLL
0.778,-0.046,0.447,7.332,239.365,-15.076,ROLL
0.695,-0.044,0.549,17.876,247.546,-18.708,ROLL
0.638,0.015,0.721,12.556,234.509,-24.99,ROLL
0.586,0.01,0.734,22.225,212.643,-21.823,ROLL
0.484,-0.016,0.875,13.948,231.822,-21.359,ROLL
0.402,-0.034,0.904,7.639,234.255,-22.916,ROLL
0.325,0.011,1.075,-2.021,227.938,-17.246,ROLL
0.273,0.016,1.066,-4.918,181.878,-11.699,ROLL
0.146,0.019,1.099,-4.515,136.876,-5.653,ROLL
0.105,0.004,1.038,-1.409,116.077,-4.734,ROLL
0.058,0.014,1.058,1.741,103.381,-10.439,ROLL
0.045,0.007,1.105,5.381,99.321,-12.18,ROLL
-0.005,0.06,1.063,6.633,102.113,-10.211,ROLL
-0.007,0.04,1.041,12.932,103.478,-5.486,ROLL
-0.073,-0.04,1.054,8.706,114.87,-5.066,ROLL
-0.04,-0.061,1.12,1.689,35.91,-4.655,ROLL
-0.136,-0.029,1.027,1.391,58.809,1.916,ROLL
-0.162,0.055,1.072,0.429,72.949,-3.841,ROLL
-0.203,0.02,1.051,2.021,99.689,-9.231,ROLL
-0.202,0.008,1.054,1.768,121.59,-7.7,ROLL
-0.291,0.005,1.046,1.033,151.016,-2.66,ROLL
-0.356,-0.013,1.027,1.304,177.555,-3.211,ROLL
-0.408,0.002,0.964,4.847,219.223,-11.865,ROLL
-0.532,-0.045,0.85,8.645,265.869,-14.044,ROLL
-0.571,0.016,0.76,5.11,269.535,-7.341,ROLL
-0.645,-0.032,0.617,4.253,279.099,-5.066,ROLL
-0.702,0.03,0.522,8.671,283.019,-6.878,ROLL
-0.754,0.063,0.343,10.938,279.562,-5.871,ROLL
-0.83,0.068,0.338,16.118,263.533,-6.641,ROLL
-0.896,0.037,0.234,17.745,230.878,-4.305,ROLL
-0.931,0.055,0.109,15.627,212.503,-1.925,ROLL
-0.962,0.039,-0.052,5.941,187.521,0.271,ROLL
-1.024,-0.047,-0.007,7.481,182.796,-0.455,ROLL
-0.881,-0.033,-0.258,-5.39,170.511,0.026,ROLL
-0.915,0.048,-0.334,-5.128,147.989,0.534,ROLL
-0.903,0.046,-0.357,-1.96,143.08,1.977,ROLL
-0.86,0.003,-0.379,-3.693,142.791,1.54,ROLL
-0.826,-0.027,-0.491,1.96,135.319,-0.131,ROLL
-0.807,-0.009,-0.562,-2.922,146.536,-0.481,ROLL
-0.776,0.018,-0.598,-15.068,134.26,-9.266,ROLL
-0.779,0.072,-0.644,-5.854,123.55,-1.846,ROLL
-0.739,0.082,-0.646,12.976,101.658,8.488,ROLL
-0.844,-0.027,-0.633,19.005,86.52,6.886,ROLL
-0.9,-0.006,-0.642,20.816,51.389,-4.874,ROLL
-0.739,0.015,-0.683,19.688,27.965,-1.295,ROLL
-0.711,-0.02,-0.699,12.556,6.685,7.254,ROLL
-0.685,-0.01,-0.696,9.319,0.21,7.332,ROLL
-0.692,0.004,-0.697,-2.721,-3.15,3.868,ROLL
-0.712,0.002,-0.712,-3.658,-4.952,3.439,ROLL
-0.722,-0.002,-0.702,2.31,-12.731,7.77,ROLL
-0.707,-0.002,-0.713,-5.285,-27.265,5.67,ROLL
-0.749,0.03,-0.68,-2.896,-40.119,6.545,ROLL
-0.72,-0.02,-0.716,2.87,-53.025,5.031,ROLL
-0.788,0.021,-0.698,4.55,-77.831,7.166,ROLL
-0.855,0,-0.568,6.755,-112.052,2.922,ROLL
-0.871,0.036,-0.602,0.236,-140.91,-5.285,ROLL
-0.766,0.011,-0.571,-0.271,-169.557,-11.979,ROLL
-0.85,-0.012,-0.441,6.711,-165.795,-4.287,ROLL
-0.809,0.027,-0.273,16.511,-178.098,3.859,ROLL
-0.888,0.03,-0.237,7.613,-200.655,12.959,ROLL
-0.919,0.021,-0.217,-5.504,-223.764,8.584,ROLL
-0.918,-0.014,-0.114,6.186,-214.952,5.758,ROLL
-1.039,-0.155,-0.101,37.17,-150.675,31.246,ROLL
-0.954,0.024,0.132,46.664,-154.411,3.316,ROLL
-0.953,0.037,0.173,8.89,-190.951,1.505,ROLL
-0.856,-0.022,0.313,-5.731,-198.074,4.585,ROLL
-0.885,0.01,0.333,-7.009,-186.568,5.443,ROLL
-0.851,0.009,0.445,0.831,-176.531,3.15,ROLL
-0.835,0.016,0.431,-1.418,-167.169,4.025,ROLL
-0.765,-0.037,0.56,-3.071,-179.445,5.486,ROLL
-0.687,0.023,0.667,-17.579,-190.348,17.43,ROLL
-0.71,0.006,0.665,-13.274,-185.36,15.706,ROLL
-0.619,0.095,0.709,-10.929,-186.734,16.188,ROLL
-0.585,0.046,0.871,-7.63,-204.663,18.541,ROLL
-0.531,-0.047,0.867,-13.773,-191.747,27.282,ROLL
-0.474,0.01,0.94,-10.964,-175.831,26.425,ROLL
-0.434,0.059,1.029,-9.765,-140.473,22.129,ROLL
-0.286,0.003,0.963,-17.675,-114.713,14.901,ROLL
-0.198,0.036,0.936,3.281,-109.944,15.006,ROLL
-0.292,0.033,0.993,19.784,-125.965,20.913,ROLL
-0.096,-0.112,1.119,21.035,-141.251,21.096,ROLL
-0.138,0.006,1.075,4.296,-161.63,20.632,ROLL
-0.119,0.052,1.051,-8.374,-193.637,8.592,ROLL
0.076,-0.015,1.068,-10.29,-206.614,9.109,ROLL
0.302,0.229,0.835,22.26,-89.67,5.863,ROLL
0.188,0.099,1.021,1.811,-86.091,9.669,ROLL
0.134,0.08,1.062,4.34,-102.882,14.525,ROLL
0.218,0.034,0.993,1.173,-109.856,13.711,ROLL
0.287,0.015,1.01,4.935,-124.618,10.666,ROLL
0.338,-0.011,0.991,2.345,-144.366,7.017,ROLL
0.371,0.045,1.042,1.365,-163.774,7.543,ROLL
0.433,0.048,0.923,1.461,-210.158,21.446,ROLL
0.572,0,0.797,20.37,-241.579,22.663,ROLL
0.609,-0.013,0.684,19.722,-244.344,25.935,ROLL
0.676,0.012,0.583,24.045,-240.94,26.635,ROLL
0.725,0.014,0.585,20.58,-218.435,19.819,ROLL
0.789,0.038,0.452,17.841,-216.606,15.269,ROLL
0.849,-0.009,0.363,11.725,-224.525,9.704,ROLL
0.893,0.007,0.274,8.444,-202.79,7.508,ROLL
0.959,0.048,0.153,6.519,-179.646,5.889,ROLL
0.985,0.115,0.121,1.05,-144.419,8.916,ROLL
1.004,-0.028,0.122,-5.617,-124.793,16.835,ROLL
0.974,-0.027,-0.021,-22.146,-121.056,23.17,ROLL
1.132,-0.033,-0.02,-15.461,-114.721,20.597,ROLL
1.03,-0.054,0.012,-9.581,-80.316,-1.505,ROLL
0.933,-0.096,-0.035,-15.094,-97.536,3.141,ROLL
0.981,0.037,-0.045,-15.855,-97.886,-0.087,ROLL
0.961,0.036,-0.158,-2.993,-132.545,-2.126,ROLL
0.905,-0.039,-0.206,10.246,-144.559,2.179,ROLL
0.92,-0.021,-0.295,1.225,-134.015,3.378,ROLL
0.865,0.017,-0.414,-6.554,-120.461,6.773,ROLL
0.863,0.012,-0.428,-14.98,-115.194,14.796,ROLL
0.816,-0.017,-0.585,-17.211,-126.569,21.376,ROLL
0.864,0.003,-0.548,-16.704,-127.951,22.522,ROLL
0.879,-0.05,-0.447,-9.389,-95.707,11.349,ROLL
0.785,-0.055,-0.624,-16.118,-72.546,3.307,ROLL
0.875,0.064,-0.589,-23.721,-69.457,9.467,ROLL
0.872,-0.043,-0.632,-22.12,-49.289,6.247,ROLL
0.779,0.002,-0.682,-3.71,-32.077,3.588,ROLL
0.764,0,-0.649,0.543,-9.266,0.569,ROLL
0.752,0.001,-0.648,2.205,1.321,0.717,ROLL
0.759,-0.001,-0.65,1.356,7.954,0.639,ROLL
0.778,0.004,-0.652,2.144,25.112,1.715,ROLL
0.791,0.006,-0.626,2.984,41.746,3.421,ROLL
0.804,0.009,-0.592,8.54,58.284,4.445,ROLL
0.813,0.004,-0.605,10.544,71.129,4.751,ROLL
0.854,0.008,-0.531,14.542,94.456,6.475,ROLL
0.834,-0.035,-0.533,21.7,118.046,1.715,ROLL
0.876,-0.051,-0.406,25.06,119.49,5.364,ROLL
0.886,-0.046,-0.407,29.444,121.266,6.029,ROLL
0.894,0,-0.318,25.471,142.852,8.75,ROLL
0.91,0.001,-0.284,19.39,166.346,4.323,ROLL
0.899,-0.079,-0.209,7.219,178.929,3.264,ROLL
0.946,-0.051,-0.114,-5.329,173.381,6.562,ROLL
1.067,0.001,-0.063,-10.806,170.643,10.938,ROLL
1.001,-0.064,-0.097,1.111,161.149,1.523,ROLL
0.915,-0.104,0.045,12.005,192.666,0.245,ROLL
0.892,-0.068,0.25,-1.199,192.378,0.368,ROLL
0.878,-0.017,0.425,-26.679,184.791,-3.465,ROLL
0.861,-0.099,0.323,-29.321,201.197,-6.23,ROLL
0.771,-0.09,0.377,-20.781,230.352,-11.699,ROLL
0.725,0.018,0.563,4.576,236.836,-1.724,ROLL
0.649,-0.076,0.615,-0.035,247.363,-2.179,ROLL
0.576,-0.14,0.712,3.001,254.511,-0.254,ROLL
0.443,-0.012,0.819,9.432,249.384,0.656,ROLL
0.402,0.051,0.977,31.763,241.798,7.674,ROLL
0.35,0.04,0.976,33.513,209.781,36.129,ROLL
0.194,-0.067,1.048,42.621,167.729,72.336,ROLL
-0.014,-0.269,1.097,41.807,135.45,28.009,ROLL
0.271,-0.078,1.166,28.026,96.854,-23.362,ROLL
0.14,0.062,1.042,8.916,75.294,-26.688,ROLL
0.105,0.082,1.028,15.19,62.746,-22.286,ROLL
0.083,0.06,1.043,15.243,58.529,-13.431,ROLL
0.036,0.036,1.032,0.586,61.408,-3.124,ROLL
0.006,0.017,0.992,0.018,61.67,-5.425,ROLL
-0.057,0.132,0.576,-3.535,61.04,-9.66,ROLL
-0.075,0.03,1.062,-14.087,6.624,-2.949,ROLL
0.017,0.024,1.026,1.234,-2.59,-9.774,ROLL
0.02,0.017,1.055,0.368,-1.094,-8.785,ROLL
0.031,-0.042,1.096,0.166,17.981,3.062,ROLL
-0.049,-0.067,1.067,0.306,30.739,-8.724,ROLL
-0.066,-0.018,1.088,1.461,54.39,-24.185,ROLL
-0.112,0.122,1.099,1.575,75.276,-21.866,ROLL
-0.063,0.056,1.122,1.68,112.84,-18.244,ROLL
-0.108,0.046,1.084,2.642,135.844,-16.555,ROLL
-0.168,0.029,1.016,2.625,162.391,-13.221,ROLL
-0.294,-0.013,0.902,1.986,166.075,-6.291,ROLL
-0.334,0.009,0.868,-5.985,135.835,-9.336,ROLL
-0.329,-0.037,0.889,-6.134,117.679,-8.085,ROLL
-0.388,0.027,0.964,-0.543,136.973,6.956,ROLL
-0.546,0.033,0.928,5.889,164.754,17.246,ROLL
-0.655,0.012,0.766,-10.596,160.886,-1.347,ROLL
-0.689,0.023,0.71,15.759,151.008,-17.351,ROLL
-0.658,-0.065,0.739,16.975,169.654,-16.564,ROLL
-0.772,-0.029,0.576,9.94,196.928,-8.382,ROLL
-0.793,-0.009,0.489,7.551,198.354,-5.644,ROLL
-0.816,-0.004,0.456,21.411,206.798,-12.337,ROLL
-0.85,-0.045,0.346,31.719,229.057,-13.939,ROLL
-0.867,0.018,0.241,20.353,229.005,-6.282,ROLL
-0.933,0.057,0.15,17.972,217.805,-3.876,ROLL
-0.957,0.082,0.05,12.241,195.16,-1.269,ROLL
-1.041,0.036,-0.037,0.534,171.701,-4.121,ROLL
-0.951,0.014,-0.098,-2.17,185.421,0.647,ROLL
-0.9,0.026,-0.226,-2.056,152.583,1.102,ROLL
-0.952,0.004,-0.24,7.63,112.298,2.791,ROLL
-0.949,0.017,-0.332,3.902,93.87,3.159,ROLL
-0.902,0.015,-0.315,-0.079,83.09,0.018,ROLL
-0.91,-0.014,-0.366,2.144,86.529,2.179,ROLL
-0.894,0.018,-0.394,2.362,91.639,2.966,ROLL
-0.889,0.022,-0.405,-1.006,79.021,0.656,ROLL
-0.901,-0.015,-0.439,-10.876,72.354,-3.325,ROLL
-0.862,0.006,-0.46,-13.352,68.661,-5.302,ROLL
-0.829,0.022,-0.496,-6.755,74.305,-2.783,ROLL
-0.837,0.046,-0.588,0.411,71.418,-1.33,ROLL
-0.859,0.031,-0.519,0.989,50.61,-2.966,ROLL
-0.831,-0.018,-0.562,-1.636,39.112,-0.271,ROLL
-0.81,-0.007,-0.578,-2.73,30.765,-0.884,ROLL
-0.781,0.002,-0.616,6.073,26.609,5.539,ROLL
-0.772,0.007,-0.629,10.894,23.669,10.01,ROLL
-0.799,0.031,-0.613,6.125,12.547,5.959,ROLL
-0.785,-0.02,-0.619,0.507,2.223,1.951,ROLL
-0.768,0.022,-0.636,-0.507,-7.227,0.262,ROLL
-0.776,0.03,-0.646,3.57,-14.639,3.797,ROLL
-0.776,0.012,-0.655,11.41,-25.961,10.579,ROLL
-0.785,-0.009,-0.661,15.523,-51.8,12.294,ROLL
-0.818,-0.03,-0.621,21.035,-88.156,16.66,ROLL
-0.829,-0.014,-0.589,18.812,-112.56,16.188,ROLL
-0.833,0.006,-0.526,9.879,-143.579,8.461,ROLL
-0.857,-0.011,-0.444,0.394,-164.798,1.085,ROLL
-0.899,0.03,-0.322,7.009,-188.02,4.156,ROLL
-0.891,0.03,-0.268,3.281,-203.254,1.75,ROLL
-0.906,0.076,-0.16,1.645,-208.425,5.285,ROLL
-0.918,0.086,-0.063,-8.347,-211.199,6.003,ROLL
-1.07,0.07,0.152,-2.669,-151.104,2.109,ROLL
-0.933,-0.014,-0.072,3.902,-166.469,1.881,ROLL
-0.949,0.048,0.171,14.42,-183.129,0.586,ROLL
-0.915,0.018,0.296,5.81,-168.805,1.628,ROLL
-0.861,-0.037,0.368,6.702,-174.79,0.595,ROLL
-0.888,0.033,0.345,7.236,-181.081,0.219,ROLL
-0.768,0.029,0.505,15.733,-213.194,-4.812,ROLL
-0.71,-0.048,0.573,-5.364,-230.913,7.718,ROLL
-0.622,-0.038,0.646,-15.102,-246.671,17.841,ROLL
-0.597,0.01,0.714,-17.649,-252.184,26.005,ROLL
-0.546,0.009,0.773,-18.62,-247.31,31.789,ROLL
-0.489,0.023,0.924,-6.274,-233.17,25.786,ROLL
-0.426,0.03,0.913,-8.802,-201.6,14.989,ROLL
-0.289,0.022,1.035,-4.742,-188.3,16.205,ROLL
-0.224,0.027,1.108,-7.761,-154.298,19.548,ROLL
-0.189,0.041,1.088,-11.445,-166.959,20.3,ROLL
-0.13,0.042,1.143,3.01,-178.587,23.021,ROLL
0.012,0.009,1.101,-3.071,-183.837,19.276,ROLL
0.101,0.001,1.03,-4.235,-166.294,20.72,ROLL
0.171,0.162,0.917,35.193,-104.309,23.109,ROLL
0.108,0.05,1.14,30.564,-73.071,26.591,ROLL
0.157,0.015,1.079,7.779,-90.606,30.039,ROLL
0.197,0.042,1.018,7.403,-109.209,30.371,ROLL
0.227,0.023,1.075,7.682,-132.667,23.45,ROLL
0.306,0.024,1.042,8.164,-158.515,23.817,ROLL
0.377,-0.001,0.944,10.605,-190.523,24.028,ROLL
0.443,0.018,0.9,10.946,-206.22,21.525,ROLL
0.486,0,0.736,-2.266,-209.256,16.791,ROLL
0.578,0.038,0.766,5.276,-199.325,9.73,ROLL
0.628,0.022,0.738,11.27,-204.855,14.849,ROLL
0.703,-0.02,0.615,10.5,-211.216,12.679,ROLL
0.779,0.049,0.539,-1.418,-209.755,3.299,ROLL
0.823,0.046,0.445,-3.579,-210.079,2.45,ROLL
0.859,0.018,0.359,-3.885,-204.663,2.957,ROLL
0.904,0.028,0.266,-4.883,-198.161,3.273,ROLL
0.946,0.028,0.158,-1.645,-188.107,6.151,ROLL
0.966,0.025,0.115,0.368,-180.075,10.456,ROLL
0.96,0.001,0.011,1.461,-166.197,11.97,ROLL
0.998,0.049,0.087,4.086,-141.794,9.8,ROLL
0.929,0.027,-0.202,-11.961,-155.794,-6.423,ROLL
0.963,0.024,-0.199,-6.738,-129.325,-3.378,ROLL
0.927,0.025,-0.249,-15.776,-126.604,0.157,ROLL
0.927,-0.022,-0.302,-9.441,-107.135,5.399,ROLL
0.877,-0.028,-0.332,-10.307,-119.096,6.624,ROLL
0.904,0.005,-0.333,-12.792,-124.933,8.969,ROLL
0.913,0.043,-0.389,-16.958,-121.853,10.474,ROLL
0.868,-0.008,-0.484,-26.407,-109.882,12.565,ROLL
0.827,-0.01,-0.511,-31.657,-102.165,6.597,ROLL
0.851,0.084,-0.515,-19.442,-83.545,1.855,ROLL
0.849,0.117,-0.526,-16.091,-71.251,-9.66,ROLL
0.819,0.022,-0.579,-18.007,-57.557,-10.351,ROLL
0.761,-0.006,-0.608,-23.301,-54.941,-9.975,ROLL
0.767,0.05,-0.598,-21.429,-47.46,-0.333,ROLL
0.814,0.149,-0.642,-8.365,-27.667,0.079,ROLL
0.748,0.048,-0.71,12.67,8.068,-8.837,ROLL
0.759,0.005,-0.673,22.487,32.279,-2.275,ROLL
0.726,-0.004,-0.715,21.735,52.22,8.89,ROLL
0.794,0.037,-0.613,26.6,67.786,15.505,ROLL
0.825,0.038,-0.552,30.809,85.785,18.646,ROLL
0.894,0.042,-0.51,24.876,97.44,20.003,ROLL
0.856,0.045,-0.523,11.506,98.586,14.927,ROLL
0.784,0.025,-0.459,10.229,121.257,9.31,ROLL
0.865,0.027,-0.401,20.667,128.039,1.741,ROLL
0.891,-0.017,-0.351,8.094,141.628,0.149,ROLL
0.921,-0.067,-0.288,1.19,156.774,4.961,ROLL
0.912,-0.029,-0.236,19.399,175.262,2.66,ROLL
0.92,-0.011,-0.142,2.756,210.122,6.948,ROLL
1.061,0.003,0.049,-11.541,199.509,-17.859,ROLL
0.962,-0.03,-0.058,23.074,174.212,-2.984,ROLL
0.954,0.01,0.184,14.866,202.694,-1.68,ROLL
0.942,0.076,0.249,1.829,210.158,9.275,ROLL
0.852,-0.013,0.328,-1.619,213.57,13.309,ROLL
0.778,-0.037,0.459,11.515,214.182,7.761,ROLL
0.763,0.044,0.556,15.216,218.925,5.329,ROLL
0.681,0.014,0.604,9.494,228.209,1.794,ROLL
0.586,-0.029,0.697,9.047,237.178,5.049,ROLL
0.542,-0.011,0.851,-0.674,239.286,0.814,ROLL
0.454,-0.03,0.889,-6.983,230.387,4.646,ROLL
0.343,-0.102,0.86,-7.438,202.011,1.461,ROLL
0.352,0.053,0.998,6.274,181.387,-10.377,ROLL
0.207,-0.004,1.023,5.766,159.136,-12.731,ROLL
0.209,0.034,1.061,20.72,129.955,-14.28,ROLL
0.181,0.041,1.126,25.743,125.107,-15.33,ROLL
0.135,0.038,1.09,16.949,127.26,-10.762,ROLL
0.049,0.041,1.044,8.365,137.375,-13.676,ROLL
-0.001,0.002,1.061,8.365,138.723,-18.524,ROLL
-0.118,0.035,0.995,5.416,135.783,-12.355,ROLL
-0.086,0.034,1.06,-25.174,38.649,-9.083,ROLL
-0.077,0.021,1.065,3.5,48.458,-15.295,ROLL
-0.208,0.031,1.014,5.53,59.78,-13.387,ROLL
-0.163,0.024,1.04,6.213,69.44,-18.865,ROLL
-0.179,-0.01,1.033,-8.199,82.871,-13.186,ROLL
-0.239,-0.012,1.061,1.654,104.711,-7.359,ROLL
-0.346,-0.036,1.032,-2.004,142.572,7.026,ROLL
-0.333,0.043,1.042,-2.293,169.348,5.469,ROLL
-0.452,0.033,0.967,-1.374,204.374,1.636,ROLL
-0.479,0.051,0.804,4.13,224.595,-7.324,ROLL
-0.566,0.018,0.774,1.138,210.227,-3.098,ROLL
-0.605,-0.009,0.769,2.957,216.851,-3.159,ROLL
-0.662,0.01,0.69,11.375,232.33,-10.238,ROLL
-0.712,-0.015,0.526,9.835,241.342,-7.044,ROLL
-0.82,-0.017,0.425,1.024,218.75,-0.569,ROLL
-0.843,-0.035,0.317,9.712,235.795,-4.244,ROLL
-0.914,0.065,0.226,16.065,229.758,-3.334,ROLL
-0.942,0.057,0.121,11.856,206.587,-0.009,ROLL
-0.964,0.019,0.013,10.028,183.986,9.993,ROLL
-1.126,0.033,-0.055,7.324,178.482,14.542,ROLL
-0.94,0.03,-0.152,-2.59,176.208,-2.161,ROLL
-0.937,0.026,-0.28,0.359,137.279,-8.82,ROLL
-0.965,0.01,-0.292,-4.559,125.729,-6.921,ROLL
-0.952,-0.012,-0.313,1.566,101.859,2.467,ROLL
-0.93,0.039,-0.329,-2.896,81.909,5.075,ROLL
-0.909,0.01,-0.371,-1.312,69.659,1.531,ROLL
-0.908,0.008,-0.397,1.383,64.986,2.774,ROLL
-0.891,0.026,-0.423,2.984,58.485,7.052,ROLL
-0.885,0.039,-0.452,-5.372,47.46,0.052,ROLL
-0.874,0.017,-0.464,-1.811,36.846,-1.041,ROLL
-0.89,0.02,-0.46,0.464,32.716,3.955,ROLL
-0.883,0.018,-0.482,1.041,23.844,7.026,ROLL
-0.86,0.023,-0.519,2.783,13.956,4.305,ROLL
-0.862,0.03,-0.537,1.925,-8.4,1.881,ROLL
-0.857,0.025,-0.539,4.156,-22.312,1.768,ROLL
-0.877,0.032,-0.511,5.259,-50.094,1.872,ROLL
-0.884,0.007,-0.479,6.344,-76.764,2.765,ROLL
-0.897,0.011,-0.452,8.129,-105.052,3.64,ROLL
-0.913,0.03,-0.403,10.64,-125.702,7.613,ROLL
-0.896,0.035,-0.375,6.125,-155.242,15.488,ROLL
-0.906,-0.006,-0.271,11.664,-172.708,20.536,ROLL
-0.899,-0.001,-0.131,13.667,-198.669,18.436,ROLL
-0.966,0.038,-0.097,3.351,-215.364,8.785,ROLL
-0.898,-0.049,0.025,-6.046,-178.133,-29.181,ROLL
-0.929,0.047,0.108,0.822,-197.339,-12.495,ROLL
-0.932,0.08,0.161,-8.627,-223.492,-1.173,ROLL
-0.888,0.057,0.279,-3.246,-235.655,3.168,ROLL
-0.808,-0.04,0.399,-5.635,-241.36,7.621,ROLL
-0.75,-0.001,0.523,-10.824,-248.246,7.866,ROLL
-0.692,0.022,0.601,-17.579,-247.03,16.546,ROLL
-0.645,0.005,0.697,-13.895,-242.673,18.874,ROLL
-0.615,0.005,0.815,-18.734,-222.731,22.741,ROLL
-0.534,0.005,0.921,-13.965,-189.245,25.436,ROLL
-0.526,0.017,0.951,-16.161,-160.178,24.806,ROLL
-0.417,0.073,0.956,-21.14,-127.488,19.119,ROLL
-0.358,0.018,0.927,-18.804,-119.691,9.292,ROLL
-0.335,-0.013,0.958,-11.051,-115.701,11.148,ROLL
-0.251,-0.008,0.978,-11.462,-119.438,0.7,ROLL
-0.177,-0.008,1.046,-8.986,-113.488,-9.52,ROLL
-0.238,-0.033,1.015,-25.69,-108.78,-11.121,ROLL
-0.21,0.09,1.067,-8.733,-103.793,12.53,ROLL
-0.108,-0.119,1.052,18.13,-114.188,-12.766,ROLL
-0.066,-0.096,1.054,25.524,-133.166,-13.116,ROLL
0.003,-0.063,1.042,8.584,-160.773,-11.349,ROLL
0.205,-0.064,0.739,-11.051,-176.085,-0.595,ROLL
0.06,0.114,1.183,29.426,-96.924,9.266,ROLL
0.175,-0.059,1.004,17.964,-115.579,8.619,ROLL
0.214,0.087,1.031,30.205,-126.857,8.601,ROLL
0.303,0.038,1.012,8.243,-133.42,17.517,ROLL
0.338,0.051,0.963,8.059,-148.321,20.038,ROLL
0.436,0.033,0.891,13.484,-152.486,29.146,ROLL
0.434,0.021,0.939,16.292,-147.796,37.888,ROLL
0.496,0.005,0.845,14.394,-150.544,34.046,ROLL
0.558,-0.013,0.808,17.701,-141.732,26.74,ROLL
0.646,-0.002,0.851,25.349,-138.661,25.55,ROLL
0.639,0.035,0.804,20.851,-166.88,24.815,ROLL
0.75,0.004,0.675,2.87,-193.506,21.691,ROLL
0.744,0.014,0.557,-5.836,-193.331,18.638,ROLL
0.823,-0.01,0.514,-6.589,-183.794,14.219,ROLL
0.821,-0.003,0.468,-17.395,-190.234,9.651,ROLL
0.872,-0.003,0.319,-28.289,-185.789,3.561,ROLL
0.918,0.011,0.251,-30.196,-181.344,2.424,ROLL
1.024,-0.031,0.068,-35.21,-151.673,11.462,ROLL
0.975,-0.021,0.08,-39.428,-118.606,17.833,ROLL
0.93,-0.03,0.09,-40.635,-120.741,21.394,ROLL
0.933,-0.025,0.024,-37.59,-126.621,18.191,ROLL
1.02,-0.024,-0.115,-37.713,-113.444,2.021,ROLL
1.001,-0.054,0.022,-26.775,-119.21,-0.744,ROLL
0.969,-0.059,-0.192,-28.516,-105.175,-2.739,ROLL
0.919,0.021,-0.143,-27.221,-96.556,-1.829,ROLL
0.867,0.05,-0.179,-23.844,-94.649,1.54,ROLL
0.903,-0.036,-0.28,-24.404,-106.129,-3.789,ROLL
0.894,-0.016,-0.301,-31.92,-100.223,-4.121,ROLL
1.032,-0.126,-0.334,-24.36,-90.974,-5.416,ROLL
0.909,-0.037,-0.374,-16.301,-88.086,-8.05,ROLL
0.878,0.053,-0.394,-13.151,-87.01,-9.354,ROLL
0.93,0.064,-0.486,-14.158,-93.704,6.912,ROLL
0.816,0.035,-0.49,-15.908,-87.946,8.899,ROLL
0.8,-0.015,-0.511,-2.328,-98.919,6.597,ROLL
0.787,0.016,-0.566,-9.73,-95.287,8.339,ROLL
0.795,-0.011,-0.634,-9.66,-78.26,8.426,ROLL
0.849,0.011,-0.545,-6.79,-56.438,6.081,ROLL
0.8,-0.021,-0.624,-3.57,-33.127,4.988,ROLL
0.771,0.001,-0.642,2.17,-17.596,2.826,ROLL
0.769,0.012,-0.634,0.831,-9.555,5.932,ROLL
0.767,0,-0.659,2.065,-2.8,6.247,ROLL
0.769,0.02,-0.68,5.731,13.545,5.32,ROLL
0.764,-0.004,-0.723,4.812,42.7,2.293,ROLL
0.774,-0.006,-0.68,5.722,71.855,0.586,ROLL
0.825,-0.044,-0.593,10.517,107.686,-2.17,ROLL
0.847,-0.055,-0.507,21.236,136.264,-2.503,ROLL
0.883,-0.001,-0.43,39.261,166.556,-10.946,ROLL
0.886,-0.027,-0.397,43.138,179.095,1.041,ROLL
0.864,0.015,-0.323,36.234,190.05,6.702,ROLL
0.929,-0.043,-0.231,21.236,172.69,11.821,ROLL
0.885,-0.099,-0.135,22.496,173.696,8.251,ROLL
0.954,-0.048,-0.111,16.083,187.136,5.075,ROLL
1.004,-0.031,-0.025,2.126,193.734,13.632,ROLL
1.02,0.053,0.157,14.814,194.39,-0.849,ROLL
0.927,-0.086,0.133,19.469,199.482,16.476,ROLL
0.879,-0.037,0.234,11.471,207.148,12.127,ROLL
0.852,-0.098,0.499,22.61,223.991,7.096,ROLL
0.725,-0.011,0.55,19.95,212.774,13.099,ROLL
0.738,-0.047,0.65,17.483,200.699,13.16,ROLL
0.698,-0.073,0.684,8.015,205.546,3.614,ROLL
0.627,-0.017,0.778,12.127,207.699,-6.151,ROLL
0.629,0.027,0.828,28.149,212.852,-9.135,ROLL
0.528,-0.067,0.886,24.815,215.337,-2.66,ROLL
0.481,-0.03,0.942,11.953,213.334,-8.172,ROLL
0.343,-0.072,0.987,21,234.185,1.076,ROLL
0.159,-0.02,1.024,21.026,225.531,-6.466,ROLL
0.07,-0.016,0.969,10.64,213.342,-11.699,ROLL
-0.02,-0.014,0.963,10.824,194.775,-13.851,ROLL
-0.1,0.062,0.97,10.097,174.204,-7.858,ROLL
-0.152,0.042,1.032,15.759,157.762,-6.405,ROLL
-0.218,-0.023,1.063,18.882,150.176,1.995,ROLL
-0.265,-0.011,1.048,7.945,152.416,-3.115,ROLL
-0.31,0.145,1.111,-0.525,31.579,5.617,ROLL
-0.251,-0.027,0.961,7.84,71.802,-12.924,ROLL
-0.334,-0.002,0.927,11.716,66.946,-11.034,ROLL
-0.364,0.03,0.944,7.56,57.864,-9.826,ROLL
-0.409,-0.002,0.866,-12.898,56.315,-8.523,ROLL
-0.38,0.014,1.073,1.768,47.6,-1.671,ROLL
-0.378,0.014,1.002,0.91,77.507,-0.901,ROLL
-0.449,-0.008,0.901,-0.044,96.915,0.481,ROLL
-0.484,0.013,0.905,0.368,101.552,0.184,ROLL
-0.493,0.028,0.898,0.481,118.948,-0.691,ROLL
-0.556,0.03,0.856,0.875,133.796,-0.131,ROLL
-0.614,0.044,0.799,9.511,144.244,-11.051,ROLL
-0.639,-0.002,0.791,16.923,168.753,-17.272,ROLL
-0.709,0.048,0.684,19.425,207.288,-16.975,ROLL
-0.694,-0.052,0.641,18.629,224.42,-13.624,ROLL
-0.79,-0.015,0.462,6.668,221.944,-3.946,ROLL
-0.862,0.006,0.378,6.912,205.039,-2.642,ROLL
-0.895,0.006,0.255,11.506,199.736,-3.299,ROLL
-0.943,0.01,0.135,7.026,193.62,-1.383,ROLL
-0.966,-0.012,0.004,5.346,172.83,-0.254,ROLL
-0.977,-0.031,-0.02,16.065,155.881,-0.123,ROLL
-1.103,0.078,-0.07,10.841,140.665,0.42,ROLL
-0.971,0.02,-0.034,7.035,161.779,-1.592,ROLL
-0.935,-0.007,-0.168,13.422,163.45,8.706,ROLL
-0.916,0.018,-0.289,11.506,141.899,6.711,ROLL
-0.938,0.028,-0.315,5.276,117.827,2.809,ROLL
-0.911,0.007,-0.35,4.786,107.905,-1.356,ROLL
-0.888,-0.026,-0.4,-1.094,100.844,-7.892,ROLL
-0.847,-0.022,-0.47,-12.521,107.52,-5.084,ROLL
-0.805,0.03,-0.509,-15.995,117.819,-8.094,ROLL
-0.779,0.081,-0.538,-24.649,125.387,-14.551,ROLL
-0.774,0.118,-0.595,-9.625,133.613,-5.985,ROLL
-0.642,0.033,-0.749,-14.551,122.911,-11.953,ROLL
-0.677,-0.039,-0.812,-2.739,122.342,-3.342,ROLL
-0.812,-0.003,-0.712,11.637,92.592,5.609,ROLL
-0.86,0.053,-0.66,-4.156,45.028,-2.774,ROLL
-0.725,0.06,-0.775,-17.789,1.54,-9.634,ROLL
-0.677,0.01,-0.756,-15.557,-9.783,-10.658,ROLL
-0.67,-0.047,-0.76,-15.837,-27.379,-11.979,ROLL
-0.702,0.009,-0.754,1.986,-38.736,2.17,ROLL
-0.859,0.05,-0.657,5.626,-73.929,6.869,ROLL
-0.866,0.031,-0.606,4.952,-108.01,6.554,ROLL
-0.819,-0.066,-0.611,4.742,-170.835,5.39,ROLL
-0.843,-0.043,-0.515,-6.633,-221.2,-8.216,ROLL
-0.797,0.055,-0.536,6.414,-235.988,-2.415,ROLL
-0.929,0.005,-0.572,-14.052,-204.592,-8.575,ROLL
-0.848,0.07,-0.387,-8.75,-145.486,-11.454,ROLL
-0.827,0.019,-0.212,-4.655,-182.175,-0.219,ROLL
-0.919,-0.039,-0.13,-7.184,-207.051,3.693,ROLL
-0.975,-0.055,-0.111,-5.67,-202.247,-5.189,ROLL
-0.893,-0.048,0.003,2.59,-206.456,-6.204,ROLL
-1.011,0.008,0.304,1.312,-218.584,20.519,ROLL
-0.95,-0.011,0.235,2.039,-221.226,19.635,ROLL
-0.907,0,0.271,6.309,-231.586,3.395,ROLL
-0.829,0.003,0.373,1.829,-248.036,-6.51,ROLL
-0.764,0.087,0.561,-7.665,-257.163,-15.627,ROLL
-0.753,0.086,0.573,-13.895,-244.344,-23.608,ROLL
-0.611,0.052,0.656,-20.003,-257.022,-19.784,ROLL
-0.48,-0.045,0.821,3.421,-282.581,-3.719,ROLL
-0.369,-0.121,1.037,7.481,-255.439,-2.144,ROLL
-0.351,-0.117,0.971,-10.106,-195.318,9.669,ROLL
-0.295,-0.039,0.965,-24.115,-166.871,2.275,ROLL
-0.152,-0.011,1.013,-9.494,-162.592,-3.334,ROLL
-0.191,-0.08,1.04,-5.959,-149.214,8.794,ROLL
-0.079,-0.076,1.106,-6.431,-131.889,8.076,ROLL
0.07,-0.085,1.287,16.126,-69.3,9.642,ROLL
-0.103,0.044,1.07,28.516,-28.91,-4.769,ROLL
0.036,-0.091,0.9,20.519,-64.514,6.405,ROLL
0.012,-0.049,0.887,4.568,-126.402,6.344,ROLL
0.194,-0.052,0.739,5.477,-154.438,-9.914,ROLL
0.07,0.024,1.119,11.585,-75.425,0.884,ROLL
0.132,-0.014,1.031,22.234,-113.741,1.645,ROLL
0.141,0.012,1.047,23.546,-121.012,5.758,ROLL
0.225,-0.026,1.008,13.842,-123.445,9.432,ROLL
0.302,-0.003,0.963,7.543,-123.471,0.858,ROLL
0.36,0.042,0.992,9.8,-130.673,4.191,ROLL
0.417,0.044,0.972,7.131,-145.434,9.94,ROLL
0.432,0.036,0.891,11.611,-157.867,13.65,ROLL
0.49,0.014,0.839,14.131,-162.872,13.422,ROLL
0.579,-0.041,0.778,4.637,-135.87,9.73,ROLL
0.604,0.064,0.815,4.952,-129.553,8.312,ROLL
0.7,0.033,0.698,12.521,-139.055,16.083,ROLL
0.721,-0.002,0.655,16.327,-128.599,17.876,ROLL
0.747,0.01,0.711,11.655,-137.27,14.341,ROLL
0.758,0.012,0.654,6.431,-157.745,16.301,ROLL
0.799,0.001,0.501,2.065,-165.979,11.524,ROLL
0.822,0.008,0.499,-2.013,-160.93,6.326,ROLL
0.851,0.001,0.395,-2.205,-162.05,0.77,ROLL
0.929,0.02,0.268,-9.52,-151.121,-1.592,ROLL
0.945,0.035,0.268,-9.328,-134.181,-0.849,ROLL
0.95,0.032,0.244,-2.66,-142.205,8.374,ROLL
0.976,0.007,0.083,-4.427,-140.376,12.355,ROLL
0.951,0.007,0.077,-2.774,-108.202,6.379,ROLL
0.978,0.004,0.013,-12.259,-98.061,0.49,ROLL
1.14,-0.008,0.002,-11.042,-87.412,0.726,ROLL
0.924,-0.011,0.092,-1.82,-65.905,11.27,ROLL
0.973,-0.006,-0.007,-9.791,-79.38,3.763,ROLL
0.968,0.024,-0.099,-10.806,-83.073,5.075,ROLL
0.97,0.019,-0.156,-12.189,-71.995,4.839,ROLL
0.963,-0.007,-0.237,-10.342,-69.081,4.699,ROLL
0.949,-0.007,-0.241,-5.705,-43.829,1.706,ROLL
0.959,-0.025,-0.244,-4.06,-26.049,1.977,ROLL
0.962,0.009,-0.24,-1.864,-6.318,2.432,ROLL
0.969,0.014,-0.254,-3.098,8.164,4.244,ROLL
0.956,0.001,-0.233,-1.96,31.132,6.615,ROLL
0.976,-0.031,-0.211,1.855,53.428,7.648,ROLL
0.976,-0.048,-0.178,4.113,86.905,9.8,ROLL
0.959,0.025,-0.151,3.605,104.256,10.106,ROLL
0.986,0.022,-0.035,7.193,116.2,10.736,ROLL
0.972,-0.048,0.072,6.58,80.22,-0.998,ROLL
0.964,-0.033,-0.094,10.946,114.485,-10.658,ROLL
0.988,-0.003,0.15,1.146,137.979,-13.58,ROLL
0.944,-0.019,0.202,-1.785,133.796,-11.252,ROLL
0.976,-0.002,0.242,-6.492,151.077,-12.967,ROLL
0.973,0.047,0.252,-12.757,176.251,-3.622,ROLL
0.892,0.042,0.359,-19.128,192.447,1.295,ROLL
0.823,-0.001,0.468,-6.624,193.9,13.335,ROLL
0.804,-0.053,0.486,-9.021,192.062,16.153,ROLL
0.75,-0.027,0.55,-13.641,206.71,16.013,ROLL
0.649,-0.053,0.574,-30.468,231.884,0.962,ROLL
0.607,-0.02,0.761,-32.839,259.534,2.047,ROLL
0.454,-0.008,0.864,-30.45,259.052,8.365,ROLL
0.428,-0.006,0.903,-6.475,238.849,19.075,ROLL
0.307,-0.126,1.009,20.02,207.471,19.346,ROLL
0.087,-0.188,1.152,14.875,164.281,6.142,ROLL
0.148,-0.036,1.023,-12.941,116.427,-12.959,ROLL
0.054,-0.047,1.031,6.37,99.041,-8.706,ROLL
0.026,-0.025,1.039,23.021,84.035,-1.033,ROLL
-0.002,-0.026,1.061,29.96,87.754,-2.616,ROLL
-0.036,-0.081,1.064,18.174,87.622,-9.004,ROLL
0.013,-0.049,1.004,3.089,93.293,-11.48,ROLL
0.042,0.082,1.204,39.743,12.67,2.818,ROLL
-0.088,-0.056,1.081,22.767,32.55,-5.32,ROLL
-0.087,-0.008,1.032,16.791,33.95,-4.839,ROLL
-0.053,-0.001,1.116,5.548,42.236,-6.86,ROLL
-0.081,-0.002,1.078,0.551,71.234,-5.416,ROLL
-0.105,0.019,1.068,0.577,99.26,-1.986,ROLL
-0.138,0.023,1.093,0.262,129.5,-1.671,ROLL
-0.224,0.029,1.04,0.455,152.932,-5.066,ROLL
-0.251,-0.019,1.019,2.52,182.586,-6.711,ROLL
-0.393,0.007,0.939,1.855,206.307,-3.894,ROLL
-0.449,0.035,0.934,4.401,236.845,-9.599,ROLL
-0.564,0.038,0.866,6.536,257.101,-11.261,ROLL
-0.589,0.016,0.69,7.14,253.592,-8.514,ROLL
-0.696,0.002,0.595,6.195,249.104,-5.25,ROLL
-0.73,0.018,0.518,13.379,243.688,-10.264,ROLL
-0.823,-0.021,0.408,19.775,232.409,-10.483,ROLL
-0.933,0.037,0.278,19.049,208.766,-14.052,ROLL
-0.943,0.019,0.224,12.932,179.97,-25.174,ROLL
-0.919,-0.022,0.143,10.325,159.548,-22.934,ROLL
-0.96,-0.023,0.061,7.77,129.185,-11.069,ROLL
-0.957,-0.057,0.016,14.7,123.777,-2.1,ROLL
-1.063,-0.008,-0.06,11.778,113.426,3.929,ROLL
-1.065,-0.041,-0.046,-6.72,110.04,9.126,ROLL
-0.972,0,-0.136,-11.655,92.592,15.05,ROLL
-0.959,0.036,-0.179,-8.426,90.939,12.775,ROLL
-0.968,0.061,-0.166,-8.776,89.46,9.065,ROLL
-0.973,0.006,-0.163,-9.949,89.39,-0.21,ROLL
-0.952,0.013,-0.245,-13.3,101.911,1.05,ROLL
-0.913,0.03,-0.32,-3.631,104.519,0.026,ROLL
-0.941,0.041,-0.338,-15.409,89.285,-4.27,ROLL
-0.897,0,-0.463,-27.37,74.961,-9.476,ROLL
-0.877,-0.004,-0.488,-22.925,57.164,-8.759,ROLL
-0.893,0.019,-0.464,-6.633,44.249,-1.19,ROLL
-0.881,0.045,-0.48,-4.244,25.646,0.403,ROLL
-0.882,0.025,-0.48,-4.69,16.651,0.192,ROLL
-0.875,0.022,-0.494,-0.298,3.736,0.919,ROLL
-0.879,0.022,-0.49,0.543,-10.929,-0.551,ROLL
-0.88,0.015,-0.481,2.17,-26.136,1.916,ROLL
-0.884,0.021,-0.482,5.233,-38.99,3.29,ROLL
-0.906,-0.015,-0.448,4.427,-65.853,3.447,ROLL
-0.905,0.006,-0.411,4.769,-97.562,3.325,ROLL
-0.913,0.017,-0.376,5.469,-116.253,2.581,ROLL
-0.919,0.045,-0.342,1.584,-135.091,1.934,ROLL
-0.922,0.02,-0.277,2.362,-156.188,1.995,ROLL
-0.925,0.066,-0.188,-7.464,-176.908,0.105,ROLL
-0.928,-0.005,-0.106,-10.579,-194.005,-1.339,ROLL
-1.092,-0.007,0.018,-3.736,-155.339,7.464,ROLL
-0.91,-0.047,0.106,16.24,-184.52,3.868,ROLL
-0.916,0.057,0.195,0.438,-218.006,2.642,ROLL
-0.889,0.063,0.251,1.479,-234.439,-4.585,ROLL
-0.788,0.001,0.351,7.472,-245.788,0.42,ROLL
-0.749,0.041,0.515,12.04,-268.931,-0.884,ROLL
-0.66,0.015,0.599,1.444,-286.624,2.564,ROLL
-0.684,0.032,0.673,-0.525,-285.539,3.447,ROLL
-0.635,-0.025,0.863,-16.809,-270.244,-0.752,ROLL
-0.534,-0.071,0.928,-23.747,-240.765,-5.749,ROLL
-0.403,-0.028,0.934,-34.326,-191.091,-14.079,ROLL
-0.243,0.097,0.987,-7.779,-159.18,13.58,ROLL
-0.284,-0.01,1.066,8.479,-144.909,13.212,ROLL
-0.2,-0.095,0.982,26.215,-139.169,2.17,ROLL
-0.091,0.015,1.066,32.357,-126.315,8.794,ROLL
-0.106,0.027,1.076,19.635,-94.316,2.844,ROLL
-0.075,0.019,1.071,18.489,-95.069,4.279,ROLL
-0.037,0.008,1.053,9.573,-104.37,5.512,ROLL
0.036,-0.028,1.017,1.496,-117.661,7.569,ROLL
0.024,0.001,1.025,-11.226,-116.716,-1.076,ROLL
0.269,0.084,0.727,-1.216,-119.009,-3.43,ROLL
0.023,-0.014,1.019,3.29,-65.966,7.009,ROLL
0.19,0.013,1.013,2.319,-78.82,7.28,ROLL
0.177,0.042,1.006,2.511,-78.654,8.698,ROLL
0.305,0.025,1.014,2.467,-86.231,7.761,ROLL
0.319,0.055,1.036,4.664,-114.564,13.624,ROLL
0.326,0.017,0.973,6.291,-142.546,16.503,ROLL
0.367,0.011,0.954,6.073,-153.003,14.105,ROLL
0.433,0.013,0.865,4.113,-152.827,8.733,ROLL
0.503,0.028,0.847,2.774,-145.661,5.784,ROLL
0.548,0.005,0.799,-1.531,-139.247,10.841,ROLL
0.544,0.047,0.849,5.189,-136.307,9.231,ROLL
0.627,0.074,0.789,6.86,-154.341,10.334,ROLL
0.715,-0.003,0.647,-6.86,-148.794,-3.404,ROLL
0.769,0.027,0.589,-7.963,-134.741,-3.535,ROLL
0.781,0.002,0.585,-11.078,-130.235,-5.25,ROLL
0.792,0.007,0.566,-16.459,-134.348,-7.376,ROLL
0.837,0.032,0.533,-20.597,-148.934,-7.586,ROLL
0.827,0.032,0.482,-30.31,-178.369,-9.826,ROLL
0.844,0.034,0.415,-31.587,-193.865,-7.648,ROLL
0.92,-0.013,0.201,-36.592,-198.494,-4.979,ROLL
0.955,-0.024,0.087,-25.585,-184.826,-0.061,ROLL
0.954,0.073,0.036,-1.663,-168.893,4.209,ROLL
1.011,0.079,0.008,16.188,-169.881,5.031,ROLL
1.022,0.127,0.086,46.217,-112.857,-0.989,ROLL
0.958,-0.043,-0.027,39.034,-133.726,-0.166,ROLL
0.942,-0.008,-0.215,25.62,-137.655,0.639,ROLL
0.954,0.021,-0.288,15.733,-111.361,0.149,ROLL
0.893,-0.03,-0.342,1.619,-110.162,6.983,ROLL
0.925,0.014,-0.316,2.074,-97.309,2.205,ROLL
0.919,0.031,-0.342,-4.392,-88.279,2.257,ROLL
0.893,0.027,-0.437,-5.267,-80.649,4.594,ROLL
0.864,0.024,-0.462,-8.172,-73.229,6.72,ROLL
0.855,0.033,-0.478,-17.806,-72.354,12.233,ROLL
0.871,0.013,-0.482,-16.257,-62.904,11.751,ROLL
0.896,0.016,-0.438,-19.556,-54.766,14.472,ROLL
0.848,-0.003,-0.535,-16.056,-33.967,12.031,ROLL
0.86,-0.005,-0.52,-5.451,-9.887,5.346,ROLL
0.846,0.008,-0.517,0.56,2.721,1.496,ROLL
0.861,0.044,-0.566,1.558,13.764,1.452,ROLL
0.86,0.031,-0.52,16.8,28.901,7.367,ROLL
0.835,0,-0.467,18.839,50.592,8.015,ROLL
0.907,-0.029,-0.504,7.131,75.066,1.942,ROLL
0.913,-0.035,-0.388,23.074,100.537,-1.024,ROLL
0.899,-0.05,-0.395,31.089,118.921,1.794,ROLL
0.903,0.008,-0.323,18.576,124.171,7.044,ROLL
0.93,-0.004,-0.356,15.006,140.831,10.281,ROLL
0.941,-0.041,-0.217,11.182,159.215,20.335,ROLL
0.941,-0.023,-0.147,-5.88,175.359,28.192,ROLL
0.95,-0.035,-0.08,-3.99,177.354,25.541,ROLL
0.944,-0.088,0.123,19.014,158.121,22.733,ROLL
0.911,-0.14,0.072,21.333,188.667,13.318,ROLL
0.884,-0.074,0.218,19.521,204.846,7.831,ROLL
0.871,-0.1,0.24,17.535,193.909,8.986,ROLL
0.823,-0.071,0.354,13.073,199.5,1.356,ROLL
0.818,-0.03,0.518,16.966,193.2,0.096,ROLL
0.76,-0.053,0.613,21.263,169.356,6.58,ROLL
0.679,-0.073,0.606,22.61,164.141,-0.429,ROLL
0.676,-0.055,0.7,24.062,175.753,-10.124,ROLL
0.608,-0.038,0.768,22.006,170.258,-12.828,ROLL
0.614,-0.032,0.812,19.626,159.364,-17.719,ROLL
0.559,0.025,0.957,22.654,145.381,-13.011,ROLL
0.432,-0.06,0.913,19.618,126.35,-1.409,ROLL
0.403,0.024,0.906,17.421,119.473,-13.913,ROLL
0.387,0.056,0.975,18.34,115.631,-9.993,ROLL
0.316,0.022,0.984,18.034,109.839,-3.29,ROLL
0.287,0.023,0.986,15.899,109.751,-0.534,ROLL
0.244,-0.005,0.999,-0.998,105.481,-2.074,ROLL
0.172,0.022,1.043,-1.33,94.281,-5.854,ROLL
0.164,0.065,1.042,-2.467,81.104,-8.89,ROLL
0.134,0.03,1.022,-1.96,63.368,-10.491,ROLL
0.124,0.025,1.011,1.794,59.29,-6.528,ROLL
0.127,0.05,1.01,12.696,62.02,-5.959,ROLL
0.103,0.037,1.107,11.988,79.625,-4.2,ROLL
0.028,0.031,1.074,1.934,111.099,-9.852,ROLL
-0.015,0.009,1.058,-0.516,123.445,-7.472,ROLL
-0.196,0.018,1.008,-17.071,71.995,-14.691,ROLL
-0.046,0.002,1.033,2.188,77.035,-16.485,ROLL
-0.137,0.027,1.035,-10.089,92.838,-19.066,ROLL
-0.182,0.006,1.028,3.369,98.429,-14.586,ROLL
-0.196,-0.003,1.027,4.55,110.058,-17.99,ROLL
-0.25,0.031,1.017,9.415,120.759,-29.199,ROLL
-0.319,0.011,0.987,9.634,135.616,-26.128,ROLL
-0.352,-0.01,0.919,8.715,147.56,-18.979,ROLL
-0.445,0.007,0.893,9.118,150.115,-21.306,ROLL
-0.51,0.052,0.902,13.816,160.676,-22.181,ROLL
-0.648,0.081,0.854,18.419,196.411,-27.16,ROLL
-0.627,0.034,0.701,23.415,210.026,-25.603,ROLL
-0.705,0.002,0.652,16.538,211.977,-15.199,ROLL
-0.733,-0.061,0.564,6.405,217.446,-4.594,ROLL
-0.818,0.021,0.442,-10.115,212.03,5.801,ROLL
-0.864,0.061,0.337,-22.409,206.867,10.185,ROLL
-0.908,0.066,0.299,-17.868,191.861,7.332,ROLL
-0.915,0.043,0.228,-1.138,167.309,0.507,ROLL
-0.976,0.072,0.193,-1.304,135.616,-0.744,ROLL
-0.961,-0.171,0.103,14.814,126.376,-22.986,ROLL
-1.033,0.008,0.017,1.304,126.026,-12.46,ROLL
-0.994,0.009,0.16,-5.626,118.081,6.3,ROLL
-0.947,0.032,-0.118,-7.604,95.27,2.914,ROLL
-0.975,-0.013,-0.105,-9.083,72.984,0.472,ROLL
-1,0.014,-0.083,-7.394,67.113,2.537,ROLL
-0.991,0.001,-0.127,-8.068,70.149,3.089,ROLL
-1,0.024,-0.155,-18.909,68.276,6.44,ROLL
-0.963,0.009,-0.268,-19.39,63.717,5.644,ROLL
-0.964,0.018,-0.271,-11.69,55.361,4.839,ROLL
-0.953,0.016,-0.265,-10.579,40.259,-1.085,ROLL
-0.961,0.021,-0.257,-9.608,31.605,-0.805,ROLL
-0.957,0.018,-0.248,-6.79,33.705,-0.604,ROLL
-0.943,0.006,-0.305,-1.356,35.096,0.77,ROLL
-0.928,0.01,-0.39,-1.986,24.946,0.735,ROLL
-0.934,0.017,-0.401,0.157,-2.371,1.251,ROLL
-0.94,0.028,-0.365,-1.111,-36.111,0.28,ROLL
-0.942,0.014,-0.334,-1.663,-55.895,0.936,ROLL
-0.932,0.007,-0.325,5.294,-80.124,3.132,ROLL
-0.948,0.006,-0.283,13.764,-106.26,7.997,ROLL
-0.943,0.021,-0.245,13.58,-130.497,9.573,ROLL
-0.953,0.021,-0.149,-3.483,-170.371,5.985,ROLL
-0.745,0.053,-0.036,1.391,-178.325,-4.874,ROLL
-0.953,-0.023,0.035,-0.56,-149.152,2.065,ROLL
-0.984,0.032,0.023,11.62,-170.852,1.846,ROLL
-0.91,0.078,0.181,2.389,-199.876,2.389,ROLL
-0.874,0.058,0.283,17.692,-233.319,-2.1,ROLL
-0.737,-0.021,0.454,21.096,-259.717,-0.595,ROLL
-0.697,-0.017,0.466,25.104,-277.445,4.279,ROLL
-0.678,-0.012,0.564,8.514,-272.081,6.431,ROLL
-0.638,0.046,0.747,0.831,-256.874,5.836,ROLL
-0.663,-0.016,0.899,-2.581,-229.679,5.827,ROLL
-0.536,0.002,0.866,-14.578,-205.914,0.892,ROLL
-0.409,0.083,0.91,-2.223,-195.064,8.96,ROLL
-0.356,0.035,1.009,-0.289,-173.521,4.27,ROLL
-0.319,-0.006,1.019,1.041,-141.584,1.654,ROLL
-0.302,0.002,1.013,-0.376,-122.946,7.543,ROLL
-0.202,0.04,1.064,-0.044,-99.558,7.543,ROLL
-0.16,0.021,1.057,0.271,-76.72,7.367,ROLL
-0.13,0.018,1.068,0.166,-57.006,8.619,ROLL
-0.122,0.019,1.046,-0.359,-45.185,11.279,ROLL
-0.073,0.057,1.013,7.061,-40.311,12.416,ROLL
-0.083,-0.03,0.996,12.075,-45.684,13.956,ROLL
-0.086,-0.02,1.005,2.844,-50.173,11.121,ROLL
-0.047,0.027,1.026,-4.445,-55.221,9.214,ROLL
-0.024,0.04,1.032,3.85,-67.541,4.926,ROLL
0.115,0.063,0.744,4.253,-68.04,5.88,ROLL
-0.043,0.077,1.103,0.814,-35.604,5.25,ROLL
0.022,0.047,1.083,2.039,-68.128,9.328,ROLL
0.058,-0.008,1.039,1.558,-83.195,9.363,ROLL
0.116,-0.014,1.04,0.919,-100.704,-2.118,ROLL
0.131,0.042,1.043,-0.21,-109.436,-9.432,ROLL
0.227,0.076,1.02,-0.455,-126.411,-5.39,ROLL
0.292,0.048,1.035,1.207,-145.101,1.584,ROLL
0.345,0.011,0.983,3.85,-167.344,11.095,ROLL
0.344,0.042,0.974,7.464,-180.486,15.356,ROLL
0.431,0.038,0.884,6.073,-188.545,12.136,ROLL
0.572,0.005,0.761,-3.544,-181.143,12.871,ROLL
0.605,0.025,0.772,9.573,-166.915,14.595,ROLL
0.674,0.034,0.697,12.233,-168.577,16.616,ROLL
0.672,0.011,0.726,17.115,-161.271,18.839,ROLL
0.73,0.019,0.626,16.135,-167.081,16.319,ROLL
0.788,0.026,0.506,12.653,-156.161,11.839,ROLL
0.897,0.069,0.559,16.634,-140.656,21.595,ROLL
0.872,-0.002,0.425,6.466,-155.645,27.247,ROLL
0.905,-0.003,0.308,0.455,-139.046,20.195,ROLL
0.895,0.008,0.393,5.093,-142.056,20.396,ROLL
0.901,-0.012,0.336,0.42,-149.459,19.906,ROLL
0.962,-0.007,0.144,-7.411,-145.294,17.946,ROLL
0.969,-0.009,0.05,-5.014,-129.605,13.886,ROLL
1.005,-0.069,0.023,-3.483,-115.176,12.924,ROLL
0.983,-0.033,0.036,-4.559,-108.929,13.956,ROLL
1.062,-0.084,-0.039,4.148,-75.128,-1.689,ROLL
0.981,-0.058,-0.008,1.444,-100.529,3.806,ROLL
0.973,-0.058,-0.101,-10.273,-114.397,5.495,ROLL
0.945,-0.066,-0.129,-27.72,-120.225,7,ROLL
0.948,-0.051,-0.185,-24.246,-112.516,4.532,ROLL
0.928,-0.003,-0.265,-17.421,-93.135,0.56,ROLL
0.904,-0.028,-0.302,-23.494,-84.359,1.216,ROLL
0.941,-0.01,-0.321,-23.923,-84.14,4.646,ROLL
0.896,-0.002,-0.36,-8.663,-76.037,3.307,ROLL
0.913,-0.025,-0.41,-14.052,-82.836,6.738,ROLL
0.902,-0.045,-0.388,-10.36,-81.497,7.464,ROLL
0.915,-0.019,-0.499,-12.547,-76.396,10.964,ROLL
0.775,0.01,-0.495,-11.996,-61.959,13.177,ROLL
0.806,-0.049,-0.513,-6.773,-42.507,13.274,ROLL
0.911,-0.033,-0.563,-5.819,-28.131,14.158,ROLL
0.832,-0.042,-0.543,1.794,-7.201,11.113,ROLL
0.842,-0.056,-0.523,5.626,1.549,9.599,ROLL
0.841,-0.063,-0.567,7.184,19.136,7.105,ROLL
0.867,-0.076,-0.563,11.27,36.925,5.591,ROLL
0.879,-0.053,-0.479,17.01,63.831,6.081,ROLL
0.893,-0.044,-0.464,21.744,94.404,5.793,ROLL
0.864,-0.059,-0.411,23.153,113.155,8.094,ROLL
0.908,-0.013,-0.358,18.611,123.804,10.517,ROLL
0.91,-0.073,-0.258,19.906,133.35,11.462,ROLL
0.909,-0.123,-0.129,20.571,151.568,9.118,ROLL
0.875,-0.149,-0.118,12.11,175.613,9.354,ROLL
0.907,-0.131,-0.185,1.855,182,10.15,ROLL
0.893,-0.05,-0.128,7.009,129.789,-10.404,ROLL
1,-0.088,-0.036,23.039,121.66,-3.666,ROLL
0.93,-0.083,0.136,40.162,175.989,-1.278,ROLL
0.86,-0.064,0.247,42.341,172.253,-3.395,ROLL
0.902,-0.086,0.356,32.217,143.5,-20.475,ROLL
0.888,-0.172,0.301,18.121,135.327,-27.808,ROLL
0.833,-0.09,0.388,15.969,140.28,-38.754,ROLL
0.866,0.028,0.563,17.308,132.256,-47.285,ROLL
0.832,0.042,0.647,10.404,99.444,-33.022,ROLL
0.819,-0.011,0.544,-2.765,75.74,-33.731,ROLL
0.842,0.031,0.509,-11.016,90.055,-37.564,ROLL
0.766,0.055,0.666,-19.381,106.409,-15.785,ROLL
0.741,-0.008,0.668,-6.274,94.141,-5.819,ROLL
0.737,0.033,0.61,-3.815,98.726,-3.71,ROLL
0.647,0.038,0.699,1.05,116.427,0.429,ROLL
0.602,0.049,0.759,-4.34,138.504,-5.941,ROLL
0.558,0.004,0.85,0.875,133.508,-1.015,ROLL
0.489,0.009,0.897,3.29,117.679,1.584,ROLL
0.5,0.022,0.877,-0.49,111.029,-0.096,ROLL
0.469,0.066,0.886,2.774,111.939,5.049,ROLL
0.396,-0.011,0.95,2.931,106.26,6.589,ROLL
0.346,0.006,0.971,1.365,97.423,2.695,ROLL
0.32,0.042,0.938,-0.298,96.81,-0.096,ROLL
0.261,0.025,0.983,0.989,98.884,3.911,ROLL
0.237,0.038,0.985,0.543,99.566,1.759,ROLL
0.199,0.026,1.016,-0.919,96.294,-0.446,ROLL
0.129,0.032,1.044,-0.21,86.485,1.155,ROLL
0.087,0.037,1.021,-0.866,72.923,-2.984,ROLL
0.087,0.042,1,-0.656,71.444,-2.406,ROLL
0.092,0.042,0.986,-0.271,76.781,2.695,ROLL
0.035,-0.027,0.938,-0.052,88.865,8.636,ROLL
0.01,0.087,1.007,-3.098,1.339,-0.919,ROLL
-0.033,-0.055,1.092,0.516,5.644,-12.836,ROLL
0.014,-0.033,1.122,0.018,20.326,-0.07,ROLL
-0.018,0.028,1.16,-0.149,66.911,0.298,ROLL
-0.066,0.016,1.086,-0.411,111.738,3.57,ROLL
-0.131,-0.047,1.019,-0.236,132.352,2.957,ROLL
-0.195,-0.045,1.015,0.044,138.486,-0.717,ROLL
-0.223,0.044,1.007,1.111,161.98,-8.146,ROLL
-0.3,0.044,0.939,6.361,173.04,-17.316,ROLL
-0.386,0.105,0.881,10.885,163.861,-23.782,ROLL
-0.422,0.049,0.871,14.315,154.087,-27.177,ROLL
-0.477,0.02,0.844,16.135,148.076,-24.71,ROLL
-0.592,0.039,0.828,22.173,139.939,-30.45,ROLL
-0.622,0.011,0.786,23.354,122.404,-27.011,ROLL
-0.668,-0.018,0.763,21.866,132.038,-23.704,ROLL
-0.703,-0.037,0.669,22.024,146.274,-20.353,ROLL
-0.785,0.002,0.632,19.451,157.071,-15.234,ROLL
-0.769,-0.009,0.582,17.246,173.967,-11.489,ROLL
-0.792,-0.006,0.556,14.805,184.214,-8.382,ROLL
-0.876,0.007,0.328,-0.359,191.012,0.429,ROLL
-0.926,-0.005,0.253,-1.251,171.85,0.954,ROLL
-0.935,0.012,0.213,-3.307,156.59,1.347,ROLL
-0.969,-0.002,0.137,-6.886,141.505,2.301,ROLL
-0.985,-0.011,0.05,-10.938,122.579,-2.835,ROLL
-1.034,0.045,0.046,-11.042,105.779,2.179,ROLL
-1.012,0.041,-0.024,-6.545,99.103,6.344,ROLL
-0.979,0.006,-0.047,-9.783,90.213,3.579,ROLL
-0.945,0.041,-0.065,-16.415,76.44,-7.14,ROLL
-1.028,-0.007,0.013,-9.188,65.406,5.74,ROLL
-1,0.006,-0.125,-5.985,79.065,2.739,ROLL
-0.986,0.03,-0.19,-0.411,71.864,1.566,ROLL
-0.95,-0.001,-0.197,-3.08,66.964,1.102,ROLL
-0.967,0.018,-0.204,-3.832,63.998,0.525,ROLL
-0.955,0.013,-0.243,-3.246,61.119,0.691,ROLL
-0.941,0.011,-0.329,-4.471,50.986,0.814,ROLL
-0.949,0.017,-0.287,-2.896,43.216,0.359,ROLL
-0.928,0.019,-0.314,-7.508,47.434,-0.228,ROLL
-0.947,0.033,-0.301,-5.653,49.368,2.503,ROLL
-0.907,0.015,-0.349,-6.423,52.307,1.837,ROLL
-0.904,0.02,-0.399,-7.298,57.654,2.896,ROLL
-0.886,0.029,-0.425,-6.326,46.952,1.776,ROLL
-0.895,0.027,-0.429,-4.235,41.939,2.879,ROLL
-0.878,0.039,-0.472,-8.444,32.305,0.639,ROLL
-0.88,0.019,-0.464,-8.785,21.359,-3.99,ROLL
-0.877,0.017,-0.488,-4.279,9.161,-2.179,ROLL
-0.878,0.012,-0.475,-1.855,-0.892,-0.009,ROLL
-0.873,0.031,-0.493,1.977,-20.694,0.621,ROLL
-0.881,0.009,-0.467,-5.871,-31.946,0.543,ROLL
-0.897,0.029,-0.461,1.295,-43.549,2.922,ROLL
-0.902,0.03,-0.4,3.85,-47.985,5.53,ROLL
-0.888,0.034,-0.443,-0.114,-60.331,3.386,ROLL
-0.92,0.027,-0.376,5.626,-75.285,0.105,ROLL
-0.918,0.019,-0.378,8.811,-90.073,1.391,ROLL
-0.932,0.031,-0.322,7.866,-103.145,1.418,ROLL
-0.941,0.041,-0.272,1.916,-125.011,-1.199,ROLL
-0.934,0.01,-0.156,-7.595,-155.724,-0.586,ROLL
-0.956,0.011,-0.09,-0.735,-178.185,6.256,ROLL
-0.791,0.108,-0.03,1.811,-186.935,3.194,ROLL
-0.968,-0.01,0.037,-2.38,-131.661,1.846,ROLL
-0.975,-0.011,0.154,-10.614,-149.844,3.78,ROLL
-0.942,-0.009,0.157,-15.592,-158.34,4.611,ROLL
-0.925,0.03,0.239,1.977,-168.919,2.091,ROLL
-0.891,0.03,0.315,4.401,-173.32,1.837,ROLL
-0.862,0.033,0.409,26.653,-183.181,-8.698,ROLL
-0.873,0.04,0.422,29.47,-174.151,-12.092,ROLL
-0.799,0.013,0.527,10.211,-168.98,-2.888,ROLL
-0.745,0.036,0.59,2.161,-174.501,1.803,ROLL
-0.701,0.019,0.65,10.43,-183.584,-5.372,ROLL
-0.614,-0.028,0.727,8.829,-188.799,-5.224,ROLL
-0.6,0.003,0.851,4.104,-193.602,0.989,ROLL
-0.481,0.019,0.9,1.558,-189.219,2.87,ROLL
-0.407,0.039,0.898,1.645,-174.212,0.884,ROLL
-0.358,0.017,0.936,2.17,-171.491,-0.586,ROLL
-0.329,-0.004,0.994,1.129,-159.031,3.938,ROLL
-0.242,-0.026,0.995,-0.849,-142.319,7.682,ROLL
-0.198,0.041,1.027,-0.516,-130.322,12.04,ROLL
-0.135,0.03,1.041,-0.306,-119.14,10.85,ROLL
-0.075,0.038,1.001,0.271,-113.409,13.038,ROLL
-0.049,-0.004,1.05,10.386,-115.281,12.477,ROLL
-0.013,-0.001,0.827,10.22,-94.745,11.454,ROLL
-0.123,0.028,1.145,1.015,-5.495,2.118,ROLL
-0.023,0.011,1.044,-0.096,-37.275,4.629,ROLL
0.009,0.024,1.028,0.438,-48.291,4.926,ROLL
0.088,0.008,1.086,1.514,-70.131,5.81,ROLL
0.046,0.038,1.088,1.278,-90.466,5.451,ROLL
0.125,0.044,1.06,2.013,-123.76,5.95,ROLL
0.178,-0.015,1.043,4.218,-146.562,9.756,ROLL
0.201,0.031,1.005,2.494,-158.856,3.938,ROLL
0.284,0.011,0.952,2.599,-162.523,6.011,ROLL
0.381,0.031,0.918,4.786,-158.445,11.095,ROLL
0.47,0.004,0.885,6.081,-162.671,13.667,ROLL
0.458,0.063,0.865,10.946,-172.952,19.145,ROLL
0.575,0.019,0.75,2.249,-162.654,18.62,ROLL
0.616,0.01,0.756,9.021,-150.491,20.562,ROLL
0.673,0.015,0.7,9.214,-147.359,16.712,ROLL
0.701,0.037,0.697,13.807,-151.235,18.366,ROLL
0.742,0.044,0.631,18.629,-174.379,13.571,ROLL
0.797,-0.009,0.549,14.385,-174.449,15.076,ROLL
0.811,-0.005,0.529,10.413,-169.671,10.097,ROLL
0.856,0.021,0.462,9.975,-182.315,9.791,ROLL
0.926,0.025,0.274,16.817,-180.101,14.201,ROLL
0.98,0.041,0.232,18.882,-163.415,26.241,ROLL
0.987,0.002,0.13,13.335,-145.232,32.156,ROLL
0.966,-0.061,0.156,2.31,-142.651,37.669,ROLL
0.942,-0.008,0.013,-1.663,-134.908,34.475,ROLL
1.042,-0.117,-0.081,8.015,-117.285,20.851,ROLL
0.992,-0.005,-0.021,12.67,-94.5,-7.525,ROLL
0.954,0.014,-0.076,7.831,-106.829,-4.043,ROLL
0.985,-0.039,-0.114,0.254,-111.134,-0.928,ROLL
0.96,-0.067,-0.157,0.061,-124.154,-0.184,ROLL
0.945,-0.007,-0.244,-15.129,-121.03,1.006,ROLL
0.936,-0.03,-0.296,-24.815,-120.522,9.231,ROLL
0.898,-0.013,-0.37,-24.237,-113.216,11.471,ROLL
0.851,-0.062,-0.371,-35.166,-115.281,14.569,ROLL
0.867,-0.028,-0.468,-29.286,-100.179,6.029,ROLL
0.892,0.022,-0.47,-34.956,-105.857,12.311,ROLL
0.849,0.013,-0.568,-18.218,-93.257,10.29,ROLL
0.852,-0.031,-0.585,-8.164,-53.375,4.148,ROLL
0.836,-0.027,-0.601,-4.524,-31.281,1.706,ROLL
0.816,-0.026,-0.592,3.789,0.157,-0.157,ROLL
0.811,-0.024,-0.603,5.968,12.906,-0.822,ROLL
0.811,-0.03,-0.582,11.778,27.851,-1.383,ROLL
0.836,-0.031,-0.579,13.571,39.077,-1.505,ROLL
0.861,-0.029,-0.509,14.919,57.26,0.28,ROLL
0.838,-0.028,-0.487,16.608,66.929,0.534,ROLL
0.867,-0.028,-0.44,10.561,79.109,-1.54,ROLL
0.864,-0.049,-0.421,9.118,84.262,-3.964,ROLL
0.895,-0.033,-0.417,5.18,91.586,-6.379,ROLL
0.917,-0.033,-0.315,-2.503,106.225,-4.497,ROLL
0.945,-0.002,-0.21,-3.658,108.386,-2.467,ROLL
0.946,-0.046,-0.252,-7.691,105.849,2.826,ROLL
0.948,-0.064,-0.227,-2.091,128.476,1.102,ROLL
0.984,0.019,-0.082,-2.494,133.333,5.224,ROLL
0.971,-0.055,-0.076,-2.669,120.488,12.294,ROLL
1.017,-0.066,-0.078,-8.566,136.29,4.568,ROLL
1.019,-0.061,-0.015,-17.596,128.887,-9.651,ROLL
0.934,0.063,0.122,-8.444,172.261,-11.655,ROLL
0.969,-0.039,0.22,-7.551,166.723,-6.939,ROLL
0.947,-0.044,0.303,-11.375,150.885,0.77,ROLL
0.875,-0.055,0.301,-5.906,145.74,3.491,ROLL
0.877,-0.026,0.368,2.135,152.486,-5.145,ROLL
0.831,-0.049,0.482,21.831,143.176,-1.312,ROLL
0.803,-0.011,0.557,25.891,139.466,2.494,ROLL
0.755,0.054,0.613,20.37,139.055,3.973,ROLL
0.687,0.005,0.593,27.466,145.898,8.671,ROLL
0.675,-0.035,0.617,26.171,169.181,-1.925,ROLL
-0.006,0.028,1.034,0.717,-2.284,1.496,PITCH
-0.003,0.026,1.011,0.586,-2.275,1.487,PITCH
-0.006,0.028,1.027,0.621,-2.257,1.558,PITCH
-0.008,0.023,1.020,0.595,-2.275,1.697,PITCH
-0.005,0.025,1.018,0.481,-2.301,1.505,PITCH
-0.004,0.026,1.021,0.551,-2.266,1.435,PITCH
-0.005,0.024,1.009,0.464,-2.293,1.461,PITCH
-0.009,0.028,1.028,0.683,-2.257,1.461,PITCH
-0.003,0.026,1.018,0.507,-2.240,1.435,PITCH
-0.004,0.027,1.022,0.647,-2.275,1.470,PITCH
-0.005,0.027,1.018,0.516,-2.284,1.461,PITCH
-0.004,0.027,1.021,0.586,-2.257,1.523,PITCH
-0.006,0.027,1.019,0.525,-2.257,1.794,PITCH
-0.007,0.022,1.019,0.586,-2.310,2.013,PITCH
-0.006,0.024,1.020,0.613,-2.345,1.645,PITCH
-0.007,0.026,1.018,0.560,-2.249,2.179,PITCH
-0.002,0.030,1.022,0.543,-2.231,2.214,PITCH
-0.002,0.029,1.019,0.551,-2.257,1.452,PITCH
0.001,0.034,1.020,0.560,-2.240,1.514,PITCH
-0.009,0.022,1.020,0.586,-2.266,2.485,PITCH
-0.005,0.025,1.009,0.901,-2.223,1.592,PITCH
0.001,0.028,1.045,0.472,-2.301,1.549,PITCH
-0.009,0.023,1.039,0.683,-2.310,1.470,PITCH
-0.016,0.009,0.995,0.333,-2.249,3.334,PITCH
0.002,0.028,1.019,0.359,-2.214,1.951,PITCH
0.050,0.084,1.015,0.403,-2.214,4.287,PITCH
-0.007,0.051,1.012,0.228,-2.275,12.932,PITCH
-0.004,0.043,1.021,0.744,-2.152,19.653,PITCH
0.003,0.069,1.021,0.481,-2.240,19.819,PITCH
-0.049,-0.050,1.021,0.403,-2.161,15.557,PITCH
-0.058,0.039,1.012,0.595,-2.362,2.975,PITCH
-0.140,0.039,1.006,1.173,-2.336,-24.736,PITCH
0.120,0.007,0.990,1.129,-2.398,-29.645,PITCH
-0.028,-0.070,1.016,0.604,-1.969,-14.884,PITCH
0.087,-0.046,1.017,0.630,-2.223,-26.399,PITCH
-0.002,0.028,1.024,1.295,-2.065,-17.369,PITCH
0.003,0.053,1.030,29.347,-1.164,-6.781,PITCH
-0.006,0.049,1.034,51.739,-0.752,-1.855,PITCH
0.003,0.063,1.035,91.980,0.114,-0.009,PITCH
-0.020,0.125,1.024,138.154,1.059,-5.696,PITCH
-0.017,0.178,0.994,163.529,-1.391,-7.166,PITCH
-0.065,0.335,0.949,167.982,-0.717,-4.532,PITCH
-0.007,0.403,0.919,176.146,-2.835,-8.164,PITCH
-0.009,0.463,0.890,184.581,-2.196,-4.524,PITCH
-0.063,0.430,0.888,181.361,-4.261,-6.834,PITCH
0.012,0.555,0.841,183.619,-10.132,-15.330,PITCH
0.005,0.663,0.740,183.260,3.080,1.207,PITCH
0.052,0.714,0.689,187.679,-3.027,0.796,PITCH
0.002,0.799,0.614,193.506,4.113,7.560,PITCH
-0.004,0.755,0.614,156.643,15.855,6.046,PITCH
-0.011,0.848,0.557,121.853,0.621,5.722,PITCH
0.005,0.859,0.492,98.473,5.871,5.644,PITCH
-0.023,0.903,0.437,104.834,13.134,9.695,PITCH
-0.017,0.934,0.352,102.139,13.510,8.837,PITCH
-0.015,0.928,0.377,100.695,10.938,6.668,PITCH
-0.004,0.952,0.303,88.121,8.365,5.241,PITCH
-0.031,0.943,0.313,85.864,13.869,6.720,PITCH
-0.048,0.959,0.359,85.470,12.775,6.046,PITCH
-0.010,0.978,0.236,69.090,-4.480,0.726,PITCH
-0.001,1.001,0.207,43.269,-1.155,1.706,PITCH
-0.021,0.977,0.195,32.191,1.295,2.284,PITCH
-0.028,0.991,0.165,25.708,-3.395,1.505,PITCH
-0.013,1.011,0.165,4.847,-0.385,2.021,PITCH
-0.014,1.008,0.164,-25.506,-2.844,1.759,PITCH
-0.059,1.001,0.213,-42.096,-6.029,1.155,PITCH
-0.002,0.997,0.223,-76.720,-16.817,-1.505,PITCH
0.020,1.000,0.294,-113.654,-22.426,4.218,PITCH
0.046,1.038,0.285,-126.674,-15.969,18.716,PITCH
0.014,0.925,0.363,-155.076,-11.944,26.460,PITCH
0.000,0.746,0.424,-144.629,6.650,20.729,PITCH
-0.015,0.884,0.545,-167.440,16.712,7.052,PITCH
0.013,0.825,0.548,-171.640,1.321,10.552,PITCH
0.032,0.769,0.615,-179.611,17.089,8.986,PITCH
-0.015,0.675,0.759,-134.846,15.225,11.891,PITCH
-0.014,0.641,0.801,-152.477,0.464,4.165,PITCH
-0.032,0.656,0.808,-154.271,-6.134,5.145,PITCH
0.077,0.579,0.826,-128.048,-14.980,10.596,PITCH
0.041,0.459,0.903,-119.446,-12.233,14.796,PITCH
0.020,0.424,0.904,-145.495,-9.984,22.067,PITCH
-0.025,0.358,0.854,-146.055,5.075,7.367,PITCH
0.033,0.349,0.924,-126.376,2.993,4.681,PITCH
0.055,0.331,1.078,-140.096,-13.431,9.328,PITCH
0.090,0.339,1.104,-131.311,-22.006,16.074,PITCH
0.066,0.178,1.086,-114.896,-40.836,18.323,PITCH
0.066,0.157,1.088,-129.395,-41.834,18.480,PITCH
0.051,0.112,1.137,-169.208,-42.630,25.427,PITCH
0.070,0.136,1.069,-159.950,-9.642,21.910,PITCH
0.050,0.122,1.091,-121.118,3.736,18.524,PITCH
0.084,-0.201,1.047,-157.307,11.104,25.384,PITCH
0.047,-0.174,0.923,-139.423,-7.472,17.167,PITCH
0.110,-0.216,1.032,-128.363,-5.364,12.871,PITCH
0.097,-0.227,0.971,-130.926,3.124,14.665,PITCH
0.083,-0.367,0.891,-144.900,7.621,18.034,PITCH
0.066,-0.482,0.847,-125.738,-4.156,11.366,PITCH
0.092,-0.441,0.912,-115.334,-6.379,14.910,PITCH
0.086,-0.491,0.860,-120.846,-6.545,20.081,PITCH
0.084,-0.535,0.841,-119.656,-0.228,16.826,PITCH
0.046,-0.669,0.885,-105.980,15.557,16.782,PITCH
0.032,-0.731,0.651,-106.103,10.544,16.564,PITCH
0.026,-0.679,0.586,-84.954,7.674,12.486,PITCH
0.073,-0.708,0.615,-49.577,9.686,7.262,PITCH
0.047,-0.738,0.679,-34.370,-1.067,6.956,PITCH
0.009,-0.741,0.686,-27.484,-0.613,7.193,PITCH
0.005,-0.707,0.582,-4.043,3.929,6.948,PITCH
-0.004,-0.706,0.582,23.616,5.469,-0.070,PITCH
0.033,-0.757,0.651,45.124,2.546,-4.331,PITCH
0.045,-0.739,0.667,53.463,-0.779,-5.093,PITCH
0.037,-0.695,0.685,77.262,8.846,-8.715,PITCH
0.024,-0.657,0.765,117.696,-1.260,-13.913,PITCH
0.020,-0.653,0.823,119.464,1.986,-17.028,PITCH
0.045,-0.581,0.811,119.122,4.795,-17.981,PITCH
0.018,-0.494,0.805,129.754,4.559,-26.504,PITCH
0.009,-0.495,0.784,144.891,16.642,-30.433,PITCH
0.049,-0.422,0.859,155.768,12.477,-24.841,PITCH
0.042,-0.313,0.891,156.660,4.086,-15.444,PITCH
0.044,-0.165,0.995,156.511,7.341,-13.939,PITCH
0.048,-0.089,1.023,172.620,20.212,-14.411,PITCH
0.007,-0.062,1.016,177.809,20.291,-11.042,PITCH
0.051,-0.006,1.047,169.452,8.951,-6.265,PITCH
0.030,0.119,1.118,166.014,-0.980,-1.374,PITCH
0.022,0.234,1.096,163.555,-11.165,-1.899,PITCH
0.035,0.216,1.150,167.667,5.171,-2.511,PITCH
0.038,0.263,1.013,149.992,4.331,-4.637,PITCH
0.031,0.391,0.947,147.298,-14.691,-3.955,PITCH
0.024,0.389,1.005,139.886,-10.561,-8.908,PITCH
0.014,0.443,0.932,124.749,1.260,-7.175,PITCH
0.030,0.480,0.930,120.916,13.930,-9.677,PITCH
0.025,0.509,0.855,117.162,10.579,-8.339,PITCH
0.026,0.561,0.840,108.036,14.324,-3.404,PITCH
0.019,0.603,0.807,107.809,16.371,-0.945,PITCH
0.016,0.678,0.855,103.582,11.882,-3.054,PITCH
0.011,0.680,0.772,105.114,-2.529,-3.981,PITCH
-0.007,0.690,0.755,110.372,-4.200,-3.299,PITCH
-0.025,0.732,0.684,117.959,-1.584,0.157,PITCH
-0.000,0.747,0.682,120.391,-0.411,1.067,PITCH
-0.005,0.806,0.593,114.555,-1.619,0.647,PITCH
-0.028,0.832,0.546,125.799,-2.756,-0.280,PITCH
-0.013,0.863,0.495,123.209,-6.720,-2.441,PITCH
-0.005,0.901,0.444,119.236,-5.722,-1.339,PITCH
-0.016,0.954,0.387,124.381,2.432,1.951,PITCH
0.026,0.910,0.352,145.477,23.065,0.324,PITCH
-0.039,0.923,0.331,149.406,27.160,2.905,PITCH
-0.038,0.983,0.224,128.100,10.955,-0.543,PITCH
-0.071,0.992,0.207,109.585,-0.131,-1.759,PITCH
-0.001,1.017,0.107,96.810,3.797,-4.891,PITCH
-0.021,1.005,0.087,90.449,10.203,-10.745,PITCH
-0.030,0.979,0.021,94.570,13.939,-14.980,PITCH
-0.055,1.011,-0.023,87.132,6.912,-12.521,PITCH
-0.042,0.971,-0.052,77.927,2.188,-9.502,PITCH
-0.048,0.993,-0.099,72.354,-1.636,-7.017,PITCH
-0.028,0.983,-0.086,64.584,4.664,-5.661,PITCH
-0.053,0.970,-0.147,60.646,15.164,-4.253,PITCH
-0.076,0.966,-0.195,31.754,11.506,4.847,PITCH
-0.105,1.006,-0.171,20.108,-0.184,7.560,PITCH
-0.052,0.980,-0.178,-1.024,-5.941,7.472,PITCH
-0.050,0.976,-0.162,-12.871,-3.631,7.193,PITCH
-0.052,0.982,-0.171,-21.962,-1.094,9.520,PITCH
-0.059,0.993,-0.160,-46.856,-0.096,14.087,PITCH
-0.061,1.001,-0.109,-84.586,-2.013,17.448,PITCH
-0.027,1.032,-0.053,-119.770,-0.262,21.560,PITCH
0.015,0.988,-0.082,-148.190,-2.004,22.802,PITCH
0.054,1.021,0.174,-190.365,-0.980,8.925,PITCH
0.028,0.950,0.152,-226.923,-11.664,1.295,PITCH
0.034,0.957,0.301,-216.807,0.858,0.052,PITCH
0.017,0.893,0.397,-209.370,8.278,6.659,PITCH
0.009,0.849,0.355,-225.321,0.105,3.483,PITCH
-0.015,0.798,0.606,-226.406,-15.365,-4.812,PITCH
-0.009,0.743,0.642,-214.436,-12.635,-4.270,PITCH
-0.023,0.749,0.722,-195.720,-21.026,-9.914,PITCH
-0.023,0.672,0.739,-142.678,-26.740,0.429,PITCH
-0.027,0.505,0.816,-183.006,2.678,-14.052,PITCH
0.026,0.548,0.867,-120.304,-4.209,1.645,PITCH
-0.016,0.485,0.872,-75.198,-2.389,5.049,PITCH
0.020,0.425,0.938,-111.064,-1.102,6.965,PITCH
-0.025,0.362,0.928,-144.944,-4.532,-3.430,PITCH
-0.027,0.360,0.928,-123.673,-5.215,5.775,PITCH
0.028,0.274,0.987,-126.324,-3.920,7.289,PITCH
-0.025,0.304,0.989,-90.808,-3.307,3.456,PITCH
-0.011,0.254,1.018,-71.085,-3.876,5.609,PITCH
0.015,0.207,1.086,-94.570,-11.533,5.766,PITCH
0.020,0.112,1.273,-123.786,-34.055,12.075,PITCH
0.031,0.117,1.175,-181.484,-44.257,21.499,PITCH
0.017,0.103,0.952,-159.924,-29.925,21.210,PITCH
0.031,-0.035,1.014,-136.019,-15.627,13.729,PITCH
0.029,-0.007,1.084,-125.808,-17.097,9.529,PITCH
0.041,-0.170,1.058,-129.447,-12.005,6.825,PITCH
0.069,-0.200,1.105,-126.175,-12.600,1.934,PITCH
0.041,-0.271,0.986,-134.164,-4.716,4.883,PITCH
0.066,-0.312,0.940,-125.886,6.475,6.991,PITCH
0.073,-0.363,1.033,-125.501,12.127,11.296,PITCH
0.055,-0.380,0.966,-140.350,-6.965,7.166,PITCH
0.053,-0.486,0.922,-126.359,-9.756,3.360,PITCH
0.042,-0.558,0.798,-117.486,3.981,9.292,PITCH
0.019,-0.543,0.829,-114.713,2.747,4.847,PITCH
0.030,-0.626,0.826,-116.716,-17.237,-4.436,PITCH
0.050,-0.699,0.805,-111.808,-23.853,-9.861,PITCH
0.053,-0.745,0.630,-125.904,-18.979,-0.210,PITCH
0.053,-0.678,0.650,-114.923,-0.262,12.259,PITCH
0.057,-0.737,0.652,-112.516,8.024,5.863,PITCH
0.020,-0.804,0.535,-110.180,5.346,-0.184,PITCH
0.033,-0.806,0.466,-98.411,-1.181,3.001,PITCH
0.064,-0.801,0.476,-87.692,0.892,9.389,PITCH
0.063,-0.775,0.465,-88.261,9.835,14.000,PITCH
0.023,-0.804,0.379,-92.470,10.124,12.722,PITCH
0.027,-0.842,0.348,-91.184,-0.656,3.299,PITCH
0.007,-0.897,0.308,-91.446,2.721,1.496,PITCH
0.009,-0.967,0.260,-67.183,13.011,3.185,PITCH
0.017,-0.982,0.257,-55.318,16.065,1.592,PITCH
0.024,-1.029,0.179,-40.478,11.042,0.114,PITCH
0.019,-1.051,0.194,-16.397,11.996,2.275,PITCH
0.038,-1.041,0.184,-1.085,14.761,5.941,PITCH
0.035,-1.004,0.199,13.510,5.110,7.963,PITCH
0.000,-0.997,0.232,26.355,4.008,3.054,PITCH
0.006,-0.973,0.259,42.219,8.995,2.074,PITCH
0.007,-0.966,0.281,50.846,13.913,7.420,PITCH
0.007,-0.926,0.291,79.336,16.765,10.316,PITCH
0.000,-0.933,0.283,105.884,15.234,11.778,PITCH
-0.010,-0.866,0.357,129.019,16.660,8.208,PITCH
-0.024,-0.772,0.362,140.744,13.877,3.517,PITCH
0.008,-0.805,0.445,138.119,8.837,3.491,PITCH
-0.015,-0.705,0.541,131.583,-3.850,10.351,PITCH
-0.038,-0.722,0.541,151.996,-0.709,9.222,PITCH
-0.057,-0.696,0.621,164.675,4.104,8.417,PITCH
-0.068,-0.623,0.686,144.664,-1.908,0.866,PITCH
-0.037,-0.562,0.758,144.156,-0.105,3.342,PITCH
-0.047,-0.571,0.944,172.777,4.226,10.850,PITCH
-0.037,-0.460,0.997,143.964,7.464,10.386,PITCH
-0.059,-0.355,0.899,116.445,10.395,5.469,PITCH
-0.055,-0.368,0.991,138.408,1.899,1.908,PITCH
-0.042,-0.266,1.113,140.936,-10.229,2.608,PITCH
-0.040,-0.191,1.048,136.640,-21.919,-0.009,PITCH
-0.002,-0.232,1.071,142.643,-14.271,0.543,PITCH
-0.000,-0.061,0.984,130.655,-1.199,5.644,PITCH
-0.034,-0.028,0.971,148.461,7.499,6.160,PITCH
-0.027,-0.045,1.038,156.616,6.755,3.456,PITCH
-0.049,-0.011,1.180,142.030,8.864,3.824,PITCH
-0.029,0.097,1.111,118.414,-2.511,4.839,PITCH
-0.038,0.169,1.035,114.389,-0.892,1.120,PITCH
-0.015,0.197,1.042,123.279,-1.155,1.076,PITCH
-0.033,0.244,0.966,144.830,-4.016,-0.333,PITCH
-0.027,0.334,1.014,143.885,-20.291,-8.059,PITCH
-0.034,0.373,1.006,124.688,-22.312,-10.342,PITCH
-0.064,0.490,1.089,106.978,-17.579,-7.350,PITCH
-0.051,0.492,0.908,57.566,-6.624,-9.502,PITCH
-0.014,0.462,0.892,70.569,-4.865,-3.658,PITCH
-0.004,0.447,0.908,62.781,-6.318,-7.525,PITCH
-0.007,0.510,0.883,64.768,-4.830,-1.409,PITCH
-0.019,0.549,0.839,68.014,-4.795,-1.487,PITCH
-0.003,0.586,0.810,85.619,-2.188,2.091,PITCH
0.006,0.580,0.818,99.934,-1.085,3.010,PITCH
0.019,0.611,0.795,104.694,4.681,3.614,PITCH
0.008,0.688,0.734,97.309,-0.306,2.704,PITCH
-0.012,0.704,0.717,99.216,-0.691,1.365,PITCH
-0.020,0.729,0.683,102.900,-3.430,-1.146,PITCH
-0.011,0.771,0.646,106.610,-6.151,-3.456,PITCH
0.043,0.860,0.469,133.884,-5.443,-0.149,PITCH
0.024,0.932,0.335,122.395,-8.899,-4.069,PITCH
-0.042,0.821,0.581,149.555,3.763,4.524,PITCH
0.026,0.898,0.431,137.812,2.651,3.027,PITCH
-0.002,0.919,0.372,129.264,10.824,6.492,PITCH
-0.005,0.948,0.335,115.211,18.130,8.278,PITCH
-0.007,0.940,0.289,110.101,23.949,9.363,PITCH
-0.052,0.965,0.312,120.829,23.179,7.709,PITCH
-0.038,0.978,0.202,95.323,12.661,0.455,PITCH
-0.008,0.979,0.143,91.621,9.336,-1.444,PITCH
0.019,0.982,0.137,86.152,10.229,-1.584,PITCH
-0.024,0.993,0.091,86.284,7.971,-9.249,PITCH
0.016,0.854,-0.046,95.130,8.347,-9.931,PITCH
-0.013,0.995,-0.016,79.310,0.674,6.624,PITCH
-0.003,1.021,-0.039,69.379,-4.690,6.755,PITCH
-0.046,1.032,0.023,70.630,-15.286,-6.773,PITCH
-0.012,1.008,-0.089,77.569,-10.281,-10.255,PITCH
0.000,1.003,-0.115,56.123,4.699,-10.395,PITCH
-0.071,0.969,-0.189,27.816,3.483,-4.786,PITCH
-0.062,0.974,-0.194,6.510,3.640,5.679,PITCH
0.001,0.970,-0.148,6.624,-7.157,1.977,PITCH
-0.020,0.964,-0.160,4.812,-0.411,1.977,PITCH
-0.038,0.984,-0.157,-8.094,5.434,5.854,PITCH
-0.041,0.986,-0.163,-41.545,9.467,13.493,PITCH
-0.099,1.017,-0.132,-93.940,13.930,16.048,PITCH
-0.031,0.987,-0.065,-108.762,13.029,16.608,PITCH
0.010,1.056,-0.034,-132.869,1.094,3.789,PITCH
0.008,1.025,0.056,-194.539,-11.953,1.339,PITCH
0.014,0.989,0.138,-247.266,-17.019,-0.175,PITCH
0.025,0.947,0.189,-267.251,-37.537,-6.571,PITCH
-0.005,0.819,0.486,-242.436,-17.859,-3.098,PITCH
-0.035,0.862,0.427,-210.595,-5.320,0.464,PITCH
-0.069,0.845,0.557,-217.350,-27.011,-15.977,PITCH
-0.050,0.797,0.665,-219.686,-24.439,-12.005,PITCH
-0.001,0.662,0.712,-159.355,-3.806,5.521,PITCH
-0.031,0.665,0.805,-157.290,4.375,6.711,PITCH
-0.029,0.614,0.788,-166.749,-4.375,1.155,PITCH
-0.033,0.568,0.830,-148.479,-4.497,5.539,PITCH
-0.047,0.538,0.884,-109.594,-3.098,8.776,PITCH
-0.035,0.428,0.900,-120.488,-3.369,5.399,PITCH
-0.006,0.369,0.941,-152.609,-4.034,7.298,PITCH
0.002,0.384,0.924,-152.915,-4.156,1.811,PITCH
-0.021,0.249,0.964,-130.497,-2.170,-9.030,PITCH
-0.013,0.176,1.007,-102.200,-3.141,3.369,PITCH
0.015,0.081,1.007,-113.137,-1.321,-5.932,PITCH
0.003,0.052,0.991,-122.981,-5.460,-4.349,PITCH
0.004,0.094,0.897,-82.320,24.395,-10.386,PITCH
0.025,0.153,1.144,-28.691,-17.894,5.950,PITCH
0.023,-0.048,0.971,-63.656,-41.414,15.759,PITCH
-0.021,0.035,1.174,-0.744,0.324,3.745,PITCH
0.010,-0.013,1.163,-59.369,0.936,9.791,PITCH
0.019,-0.006,1.116,-88.217,-3.885,15.523,PITCH
-0.022,-0.050,1.068,-111.151,-4.646,9.826,PITCH
-0.002,-0.135,1.019,-137.357,-6.379,13.632,PITCH
-0.036,-0.156,1.036,-134.864,-7.131,15.689,PITCH
-0.031,-0.243,1.002,-138.460,-20.510,11.900,PITCH
0.006,-0.312,0.934,-130.235,-27.816,15.417,PITCH
0.028,-0.341,1.048,-127.610,-15.689,14.910,PITCH
0.005,-0.337,0.853,-147.753,-15.584,17.771,PITCH
-0.031,-0.463,0.725,-85.846,-15.811,6.414,PITCH
0.043,-0.484,0.832,-59.719,-24.308,7.184,PITCH
0.040,-0.505,0.917,-51.118,-28.298,9.292,PITCH
0.045,-0.555,0.938,-63.901,-26.014,11.734,PITCH
0.026,-0.548,0.900,-68.679,-28.122,10.727,PITCH
0.014,-0.562,0.833,-69.982,-19.600,7.411,PITCH
-0.008,-0.588,0.726,-59.377,3.815,4.244,PITCH
0.043,-0.628,0.719,-38.719,1.575,1.969,PITCH
0.027,-0.643,0.809,-33.967,-18.331,5.206,PITCH
0.044,-0.676,0.852,-40.941,-22.566,4.576,PITCH
0.044,-0.658,0.752,-39.393,-14.446,2.161,PITCH
0.063,-0.661,0.668,-32.839,-7.543,1.575,PITCH
0.065,-0.688,0.725,-23.529,-1.768,3.456,PITCH
0.061,-0.708,0.732,-16.126,3.150,3.010,PITCH
0.057,-0.702,0.737,-12.066,1.216,2.362,PITCH
0.048,-0.693,0.663,-8.234,2.415,2.651,PITCH
0.042,-0.685,0.651,2.345,2.056,2.695,PITCH
0.053,-0.698,0.687,11.751,4.191,1.995,PITCH
0.038,-0.685,0.636,28.070,0.324,-0.954,PITCH
0.019,-0.648,0.598,67.865,10.054,-3.430,PITCH
0.065,-0.608,0.685,97.423,10.938,-4.436,PITCH
0.076,-0.595,0.791,104.912,11.226,-6.501,PITCH
0.055,-0.594,0.903,111.799,1.654,-5.609,PITCH
0.026,-0.589,0.887,92.794,-3.115,-4.191,PITCH
0.013,-0.500,0.858,90.808,-2.922,-9.590,PITCH
0.013,-0.426,0.917,102.865,-1.321,-12.889,PITCH
0.039,-0.386,0.944,94.098,-0.884,-14.368,PITCH
0.057,-0.351,0.993,89.556,3.920,-10.762,PITCH
0.066,-0.337,1.021,84.394,6.020,-8.286,PITCH
0.047,-0.303,1.030,79.529,9.170,-5.670,PITCH
0.032,-0.236,0.996,68.285,11.454,-7.840,PITCH
0.062,-0.214,0.977,63.376,7.980,-7.140,PITCH
0.053,-0.185,0.969,69.247,0.507,-5.031,PITCH
0.040,-0.197,1.009,71.444,-3.036,-4.550,PITCH
0.040,-0.179,1.014,67.305,-1.916,-1.697,PITCH
0.056,-0.097,1.055,60.209,-2.660,-1.881,PITCH
0.056,-0.103,1.049,53.673,-1.514,-2.170,PITCH
0.056,-0.086,1.023,52.028,4.585,-3.850,PITCH
0.027,-0.045,1.035,51.415,2.345,-1.934,PITCH
0.030,-0.039,1.024,50.584,0.420,-1.645,PITCH
0.032,-0.034,1.027,52.246,-1.916,-2.747,PITCH
0.038,0.014,1.055,51.572,-5.688,-2.555,PITCH
0.043,0.049,1.009,44.826,1.680,-0.621,PITCH
0.044,0.070,0.998,62.650,-7.070,0.245,PITCH
0.053,0.059,1.040,69.991,-11.226,-3.745,PITCH
0.053,0.097,1.028,50.199,13.580,-9.083,PITCH
0.031,0.153,1.019,40.539,17.211,-5.180,PITCH
0.022,0.152,0.998,48.746,15.925,-4.331,PITCH
0.014,0.159,1.006,50.584,16.931,-3.071,PITCH
-0.008,0.202,0.988,48.230,15.680,-3.264,PITCH
-0.016,0.222,1.095,63.350,15.181,-2.993,PITCH
-0.009,0.220,0.992,64.645,-0.333,-4.244,PITCH
-0.011,0.280,0.970,71.794,0.472,-4.401,PITCH
-0.026,0.300,0.963,94.220,2.957,-4.742,PITCH
-0.019,0.359,0.947,103.530,7.096,-10.124,PITCH
0.004,0.403,0.935,101.395,3.439,-11.095,PITCH
-0.008,0.437,0.907,111.265,4.427,-14.472,PITCH
-0.029,0.485,0.878,114.240,5.162,-14.551,PITCH
-0.034,0.532,0.850,117.959,6.405,-16.170,PITCH
-0.034,0.573,0.824,112.595,6.738,-15.776,PITCH
-0.044,0.608,0.787,112.831,8.610,-10.640,PITCH
-0.050,0.643,0.753,124.268,10.579,-7.682,PITCH
-0.070,0.681,0.713,123.821,10.281,-10.833,PITCH
-0.077,0.708,0.682,124.539,10.806,-12.556,PITCH
-0.061,0.766,0.645,125.545,13.029,-12.101,PITCH
-0.098,0.834,0.598,108.876,7.429,-9.984,PITCH
-0.107,0.848,0.552,105.971,10.001,-3.080,PITCH
-0.110,0.840,0.525,97.948,8.050,0.201,PITCH
-0.115,0.868,0.478,100.686,9.748,4.323,PITCH
-0.115,0.924,0.458,99.916,7.332,2.328,PITCH
-0.099,0.928,0.379,91.061,5.311,3.054,PITCH
-0.108,0.935,0.364,104.711,17.535,2.336,PITCH
-0.100,0.942,0.342,112.849,16.844,5.477,PITCH
-0.106,0.954,0.256,103.119,9.494,1.339,PITCH
-0.121,0.965,0.207,92.286,5.854,0.219,PITCH
-0.088,0.978,0.174,89.198,5.302,0.805,PITCH
-0.112,0.965,0.133,86.730,4.707,3.990,PITCH
-0.108,1.001,0.102,71.759,3.412,3.946,PITCH
-0.106,1.001,0.069,56.219,3.159,5.224,PITCH
-0.122,0.991,0.063,46.112,0.910,3.325,PITCH
-0.131,0.977,0.044,16.599,-3.876,0.087,PITCH
-0.117,0.979,0.053,-24.719,-10.946,1.916,PITCH
-0.102,1.053,0.073,-63.228,-19.784,7.044,PITCH
-0.096,1.088,0.109,-77.324,-24.719,9.835,PITCH
-0.111,1.066,0.256,-98.980,-31.141,9.415,PITCH
-0.091,1.035,0.302,-145.880,-17.946,4.113,PITCH
-0.084,1.027,0.285,-171.640,-33.845,9.441,PITCH
-0.078,0.887,0.392,-192.465,-55.431,5.609,PITCH
-0.066,0.843,0.506,-199.876,-51.581,8.059,PITCH
-0.054,0.804,0.579,-202.440,-38.579,9.984,PITCH
-0.022,0.742,0.730,-211.470,-21.945,15.488,PITCH
-0.053,0.761,0.538,-231.805,-17.141,14.114,PITCH
-0.028,0.628,0.713,-180.241,-27.764,16.301,PITCH
-0.013,0.566,0.883,-172.541,-31.999,11.454,PITCH
0.002,0.508,1.039,-200.568,-29.671,9.739,PITCH
0.006,0.480,0.880,-241.622,-5.250,9.100,PITCH
0.015,0.430,0.753,-161.656,-1.995,16.564,PITCH
-0.013,0.336,1.047,-112.018,3.973,13.650,PITCH
0.003,0.291,1.068,-123.506,4.646,18.226,PITCH
-0.011,0.171,1.066,-164.981,-6.878,18.926,PITCH
-0.035,0.211,0.943,-158.366,-3.465,11.489,PITCH
0.026,0.110,0.933,-100.266,1.986,8.645,PITCH
-0.004,0.054,1.012,-90.230,3.588,10.535,PITCH
-0.006,-0.070,1.093,-126.586,1.934,7.359,PITCH
0.016,-0.070,0.996,-160.598,-14.070,4.279,PITCH
-0.009,-0.113,0.954,-153.816,-18.253,3.211,PITCH
0.004,-0.131,0.939,-142.887,-15.846,3.517,PITCH
0.002,-0.223,1.001,-120.969,-4.436,-0.569,PITCH
0.032,-0.325,0.818,-119.840,-1.566,1.295,PITCH
0.013,-0.396,0.976,-76.755,-6.475,1.129,PITCH
0.018,-0.406,1.051,-72.205,-2.966,5.696,PITCH
-0.004,-0.411,0.955,-65.004,6.230,6.860,PITCH
-0.009,-0.452,0.844,-53.139,4.235,-1.724,PITCH
0.003,-0.482,0.801,-49.228,-8.706,-1.479,PITCH
0.022,-0.492,0.832,-50.234,-11.909,2.354,PITCH
0.017,-0.542,0.884,-36.155,-21.866,0.315,PITCH
0.031,-0.534,0.852,-35.184,-22.951,0.656,PITCH
0.032,-0.555,0.827,-27.370,-4.637,1.540,PITCH
0.021,-0.540,0.820,-19.364,-6.423,1.418,PITCH
0.044,-0.573,0.870,-25.261,-19.128,-1.837,PITCH
0.051,-0.591,0.866,-27.702,-21.770,-2.257,PITCH
0.061,-0.589,0.844,-24.955,-18.445,-1.645,PITCH
0.062,-0.581,0.813,-22.190,-11.384,-0.262,PITCH
0.060,-0.608,0.835,-29.558,-12.364,0.228,PITCH
0.058,-0.619,0.823,-25.086,-13.510,0.061,PITCH
0.057,-0.624,0.813,-24.666,-10.334,-0.184,PITCH
0.069,-0.627,0.762,-20.090,-6.466,0.035,PITCH
0.067,-0.635,0.731,-7.464,-4.909,-1.024,PITCH
0.073,-0.601,0.714,10.719,0.472,-2.100,PITCH
0.079,-0.558,0.677,38.938,3.290,-1.251,PITCH
0.072,-0.531,0.693,94.885,7.429,-3.378,PITCH
0.045,-0.536,0.778,131.512,32.331,4.847,PITCH
0.025,-0.553,0.901,119.963,57.636,12.215,PITCH
0.007,-0.504,0.950,106.619,56.280,13.834,PITCH
-0.002,-0.434,0.960,98.884,54.434,11.795,PITCH
-0.008,-0.443,1.059,102.585,38.054,4.340,PITCH
-0.027,-0.271,0.942,100.091,21.228,7.324,PITCH
-0.075,-0.282,0.917,119.997,21.464,13.055,PITCH
-0.073,-0.154,0.914,139.598,4.008,18.629,PITCH
-0.091,-0.131,0.962,140.394,6.344,13.326,PITCH
-0.082,-0.113,1.047,138.626,1.776,9.958,PITCH
-0.073,-0.034,1.072,137.051,-1.409,6.974,PITCH
-0.079,0.052,1.008,130.786,-10.203,10.028,PITCH
-0.052,0.116,0.983,127.951,-7.770,11.226,PITCH
-0.058,0.143,1.051,136.587,-16.861,11.471,PITCH
-0.082,0.177,1.091,151.401,-19.372,9.345,PITCH
-0.041,0.317,1.030,123.533,-16.686,6.387,PITCH
-0.028,0.361,0.955,100.984,-8.619,2.179,PITCH
-0.036,0.343,0.971,116.244,-4.883,-0.210,PITCH
-0.021,0.377,0.914,120.986,-6.921,-2.888,PITCH
-0.017,0.457,0.907,108.255,-3.334,-2.144,PITCH
-0.037,0.552,0.871,110.259,-4.559,-1.225,PITCH
-0.038,0.503,0.848,131.792,-3.876,-3.579,PITCH
-0.027,0.550,0.874,143.535,-19.565,-4.900,PITCH
-0.032,0.724,0.821,110.092,-9.284,-7.656,PITCH
-0.008,0.731,0.721,111.081,-2.030,-6.309,PITCH
-0.023,0.717,0.735,125.685,3.605,-2.345,PITCH
-0.033,0.748,0.697,118.169,6.414,-3.955,PITCH
-0.045,0.816,0.636,107.441,-4.226,-6.414,PITCH
-0.029,0.827,0.570,108.754,-2.004,-3.920,PITCH
-0.041,0.834,0.608,109.016,-5.259,-0.359,PITCH
-0.033,0.864,0.524,101.692,-0.586,1.794,PITCH
-0.036,0.916,0.450,101.255,-7.665,0.438,PITCH
-0.031,0.885,0.450,104.475,-2.721,-2.809,PITCH
-0.030,0.885,0.428,97.396,0.324,1.059,PITCH
-0.014,0.940,0.345,85.094,-1.916,-0.744,PITCH
-0.039,0.912,0.299,81.882,-4.602,-0.123,PITCH
-0.050,0.965,0.309,77.464,-9.415,-0.070,PITCH
-0.032,0.986,0.247,69.335,-10.736,-1.435,PITCH
-0.035,0.974,0.245,69.204,-11.427,-3.071,PITCH
-0.035,1.012,0.222,58.651,-4.988,-5.049,PITCH
-0.038,1.040,0.173,61.197,0.446,-6.492,PITCH
-0.064,0.993,0.153,64.181,3.946,-11.217,PITCH
-0.073,0.935,0.173,51.065,5.285,-11.462,PITCH
-0.072,0.955,0.088,28.035,3.868,-2.888,PITCH
-0.068,1.010,0.071,27.650,-3.920,1.908,PITCH
-0.072,1.010,0.101,25.524,-10.019,2.957,PITCH
-0.054,0.959,0.132,16.354,-11.279,2.835,PITCH
-0.065,0.975,0.135,-16.188,-6.641,2.467,PITCH
-0.043,1.019,0.110,-33.294,-0.779,9.354,PITCH
-0.062,0.983,0.132,-29.382,6.423,11.594,PITCH
-0.070,1.021,0.159,-46.699,2.091,10.762,PITCH
-0.049,1.032,0.170,-86.704,-6.764,10.684,PITCH
-0.046,0.989,0.132,-101.614,-18.086,8.715,PITCH
-0.038,0.985,0.248,-98.551,-17.185,11.655,PITCH
-0.038,0.950,0.243,-91.289,-15.645,11.839,PITCH
-0.017,0.986,0.328,-96.985,-12.294,7.796,PITCH
-0.025,1.050,0.361,-101.168,-11.672,3.710,PITCH
-0.017,0.900,0.434,-91.490,-1.470,2.039,PITCH
-0.015,0.923,0.470,-100.319,-1.960,6.720,PITCH
-0.039,0.885,0.512,-108.544,-5.075,7.508,PITCH
-0.013,0.844,0.483,-130.445,-11.375,3.334,PITCH
0.034,0.780,0.539,-140.184,-14.516,8.085,PITCH
-0.022,0.870,0.702,-130.401,-13.948,13.300,PITCH
-0.023,0.769,0.628,-120.059,-12.267,14.429,PITCH
0.005,0.667,0.666,-125.195,-12.434,16.013,PITCH
0.002,0.725,0.748,-127.925,-11.498,15.706,PITCH
-0.009,0.673,0.817,-120.916,-14.280,8.986,PITCH
-0.007,0.588,0.804,-112.787,6.029,-1.794,PITCH
0.019,0.492,0.795,-102.165,14.534,-2.809,PITCH
-0.002,0.538,0.896,-111.641,0.647,1.076,PITCH
-0.008,0.469,0.926,-102.226,6.116,-1.050,PITCH
-0.013,0.381,0.899,-93.152,4.707,-3.990,PITCH
-0.004,0.348,0.868,-86.327,5.084,-2.275,PITCH
0.001,0.331,0.995,-90.125,-0.761,2.345,PITCH
0.005,0.330,0.959,-83.527,-1.785,2.494,PITCH
-0.007,0.267,0.902,-69.956,4.218,4.086,PITCH
-0.007,0.206,0.953,-73.168,7.464,4.235,PITCH
0.025,0.239,1.022,-87.010,22.593,10.106,PITCH
0.001,0.192,1.046,-75.294,7.481,13.265,PITCH
-0.026,0.135,1.052,-75.688,-5.863,14.481,PITCH
0.005,0.039,1.151,-108.596,-16.940,15.829,PITCH
-0.029,0.076,1.059,-106.286,-7.525,19.845,PITCH
-0.014,-0.001,0.983,-104.029,-8.943,15.540,PITCH
-0.013,-0.073,1.012,-111.107,-12.863,16.284,PITCH
-0.006,-0.090,1.025,-118.746,-2.809,19.722,PITCH
0.007,-0.171,1.071,-119.324,7.586,19.425,PITCH
-0.047,-0.218,0.886,-139.965,-9.922,15.059,PITCH
-0.041,-0.256,0.987,-118.466,-9.800,13.615,PITCH
-0.012,-0.313,0.944,-122.911,3.544,5.696,PITCH
-0.063,-0.374,0.990,-85.986,4.445,2.809,PITCH
-0.042,-0.391,1.013,-98.683,0.971,-0.420,PITCH
-0.027,-0.464,1.002,-129.167,-0.236,-4.113,PITCH
0.004,-0.512,0.746,-156.056,-1.059,-1.225,PITCH
-0.004,-0.581,0.847,-92.461,5.591,-4.629,PITCH
-0.056,-0.560,0.814,-84.000,-3.237,-7.280,PITCH
-0.024,-0.579,0.823,-83.886,-3.439,-9.161,PITCH
-0.016,-0.612,0.735,-77.971,4.480,-6.755,PITCH
-0.027,-0.692,0.729,-65.581,12.828,-6.860,PITCH
-0.020,-0.697,0.737,-59.972,7.403,-4.952,PITCH
-0.006,-0.748,0.704,-54.215,-5.801,-2.844,PITCH
-0.006,-0.713,0.684,-52.342,-13.685,0.184,PITCH
-0.002,-0.779,0.609,-46.550,-17.176,0.735,PITCH
0.001,-0.786,0.591,-45.640,-23.354,2.642,PITCH
0.000,-0.763,0.638,-32.778,-19.714,3.981,PITCH
-0.020,-0.773,0.570,-20.860,-13.965,1.514,PITCH
-0.014,-0.698,0.579,1.803,-6.352,-1.033,PITCH
-0.005,-0.718,0.576,28.228,-2.476,0.403,PITCH
0.003,-0.666,0.521,70.464,8.829,0.350,PITCH
-0.022,-0.687,0.595,115.535,24.150,5.819,PITCH
-0.015,-0.727,0.733,125.221,24.885,5.215,PITCH
-0.044,-0.704,0.799,126.324,21.192,5.854,PITCH
0.001,-0.630,0.865,135.240,6.921,7.726,PITCH
-0.016,-0.537,0.816,125.790,-5.390,13.125,PITCH
-0.034,-0.458,0.942,141.671,-2.406,14.805,PITCH
-0.046,-0.455,0.990,130.497,-1.837,11.953,PITCH
-0.057,-0.326,0.852,112.569,-7.779,8.251,PITCH
-0.043,-0.280,0.905,150.369,-19.661,1.225,PITCH
-0.031,-0.247,0.985,169.794,-16.721,0.901,PITCH
-0.018,-0.228,1.124,158.226,-13.571,-4.874,PITCH
-0.011,-0.121,1.095,127.085,-4.113,-0.157,PITCH
-0.023,-0.062,0.995,100.879,10.474,3.727,PITCH
-0.026,-0.001,1.030,112.262,10.141,1.890,PITCH
-0.013,0.012,1.001,107.319,-2.301,-1.312,PITCH
-0.040,0.017,1.008,92.549,-1.750,4.576,PITCH
-0.006,0.076,1.095,81.463,-1.741,4.690,PITCH
0.002,0.090,1.075,79.634,-4.979,5.565,PITCH
-0.006,0.158,1.006,73.762,-9.459,5.705,PITCH
-0.008,0.167,0.977,72.826,-10.080,1.592,PITCH
0.003,0.205,1.010,82.731,-10.938,0.822,PITCH
0.008,0.224,1.017,82.416,-7.534,1.750,PITCH
0.009,0.286,1.005,81.603,-10.780,2.993,PITCH
0.009,0.387,0.999,84.534,-14.350,3.176,PITCH
0.022,0.453,1.016,74.480,16.861,-6.886,PITCH
-0.035,0.375,0.923,80.885,-2.931,-4.690,PITCH
-0.021,0.412,0.917,77.726,-5.451,-8.304,PITCH
-0.018,0.510,0.881,109.821,-6.457,-10.587,PITCH
-0.001,0.448,0.895,143.693,-7.516,-11.690,PITCH
-0.012,0.540,0.838,116.734,-5.005,-5.688,PITCH
-0.014,0.607,0.814,107.905,-2.695,-1.409,PITCH
-0.016,0.641,0.797,99.942,-4.576,-0.534,PITCH
-0.083,0.670,0.742,100.634,2.091,4.130,PITCH
-0.050,0.681,0.737,103.390,0.998,2.161,PITCH
0.017,0.718,0.692,111.641,-2.275,-2.310,PITCH
0.035,0.776,0.646,103.101,-7.648,-4.707,PITCH
0.071,0.798,0.645,93.257,-4.235,-5.556,PITCH
0.000,0.835,0.614,90.965,4.506,-4.944,PITCH
-0.014,0.807,0.566,94.325,14.796,-0.822,PITCH
-0.026,0.846,0.475,103.460,12.355,10.404,PITCH
-0.026,0.885,0.452,107.336,7.298,14.184,PITCH
-0.011,0.901,0.430,107.931,3.701,13.002,PITCH
-0.005,0.946,0.391,118.177,2.949,4.865,PITCH
-0.023,0.914,0.291,110.749,10.229,1.969,PITCH
0.009,0.986,0.295,108.010,11.821,-2.179,PITCH
-0.015,0.964,0.244,104.317,14.158,-7.149,PITCH
0.007,1.044,0.201,114.433,6.221,-1.129,PITCH
-0.036,0.987,0.135,98.560,5.591,-0.052,PITCH
-0.052,1.000,0.086,88.287,4.760,4.095,PITCH
-0.060,1.007,0.107,74.646,4.550,2.336,PITCH
-0.060,0.989,0.069,64.120,9.625,2.065,PITCH
-0.063,0.986,0.020,68.723,6.650,8.776,PITCH
-0.030,1.026,-0.011,70.726,3.693,11.200,PITCH
-0.035,0.948,-0.053,54.154,0.674,6.668,PITCH
-0.014,1.003,-0.098,34.388,3.797,7.000,PITCH
-0.037,1.012,-0.083,6.825,5.495,1.636,PITCH
-0.011,1.019,-0.124,-12.609,1.549,1.330,PITCH
-0.004,1.027,-0.102,-43.496,-2.774,1.759,PITCH
-0.004,1.016,-0.059,-84.770,-4.410,1.951,PITCH
-0.001,0.993,0.037,-103.696,-2.756,0.228,PITCH
0.015,1.007,0.058,-108.911,1.671,1.899,PITCH
-0.009,1.021,0.094,-150.841,19.425,4.480,PITCH
-0.025,0.995,0.115,-188.151,3.780,3.404,PITCH
-0.011,0.923,0.300,-204.470,-9.310,0.429,PITCH
-0.023,0.904,0.354,-196.262,-8.199,0.534,PITCH
-0.031,0.886,0.451,-206.290,-20.230,-5.758,PITCH
-0.006,0.763,0.610,-224.857,-30.923,-14.875,PITCH
0.003,0.774,0.587,-189.875,-16.958,-7.936,PITCH
0.002,0.722,0.685,-177.363,-19.862,-12.005,PITCH
0.016,0.658,0.738,-184.590,-21.507,-14.910,PITCH
-0.018,0.639,0.810,-157.833,-4.104,-0.280,PITCH
0.013,0.558,0.834,-140.000,-3.517,3.036,PITCH
0.006,0.467,0.886,-135.476,-5.512,-0.481,PITCH
-0.029,0.502,0.876,-131.443,-5.889,-1.837,PITCH
0.015,0.356,0.944,-143.553,-3.395,5.180,PITCH
-0.014,0.334,0.959,-138.924,-3.605,3.806,PITCH
-0.010,0.275,0.979,-117.635,-3.159,5.276,PITCH
0.001,0.247,0.994,-103.092,-3.141,4.121,PITCH
0.010,0.098,0.972,-111.685,-1.487,14.123,PITCH
-0.006,0.112,1.003,-130.751,-2.100,14.998,PITCH
-0.034,0.164,1.036,-93.686,-2.774,11.104,PITCH
-0.029,0.078,1.022,-61.381,-2.581,-1.619,PITCH
0.016,0.110,1.065,-39.252,-2.896,-9.118,PITCH
0.030,-0.002,1.392,-26.854,-10.806,-2.476,PITCH
-0.001,-0.005,1.112,-88.069,-7.464,0.464,PITCH
0.030,-0.057,1.047,-109.952,-8.488,1.654,PITCH
0.015,-0.060,1.177,-131.548,-7.787,11.375,PITCH
0.006,-0.156,1.103,-159.215,-7.385,12.259,PITCH
-0.030,-0.166,0.982,-152.565,-29.942,12.775,PITCH
0.007,-0.232,0.995,-142.721,-37.678,2.896,PITCH
0.045,-0.283,0.935,-119.823,-16.599,0.149,PITCH
0.048,-0.356,0.875,-109.725,-9.852,5.381,PITCH
0.046,-0.479,0.951,-97.370,-9.380,8.417,PITCH
0.023,-0.556,0.949,-124.766,-5.189,11.743,PITCH
0.028,-0.498,0.840,-125.099,-9.188,8.557,PITCH
0.022,-0.538,0.774,-122.622,-8.435,2.135,PITCH
0.045,-0.577,0.730,-116.147,-10.614,2.205,PITCH
0.043,-0.693,0.768,-106.671,-9.012,0.464,PITCH
0.046,-0.714,0.771,-107.809,-14.875,0.621,PITCH
0.058,-0.737,0.676,-103.399,-17.894,1.715,PITCH
0.085,-0.705,0.644,-103.338,-19.163,3.920,PITCH
0.055,-0.785,0.615,-99.111,-0.315,3.307,PITCH
0.051,-0.822,0.582,-91.586,11.611,7.114,PITCH
0.067,-0.897,0.550,-91.122,12.906,6.134,PITCH
0.026,-0.843,0.474,-89.364,0.630,4.104,PITCH
0.049,-0.854,0.425,-84.131,0.324,3.132,PITCH
0.026,-0.901,0.409,-78.619,-0.796,5.241,PITCH
0.055,-0.919,0.394,-70.105,2.336,9.634,PITCH
0.046,-0.933,0.371,-64.881,5.617,9.783,PITCH
0.045,-0.933,0.289,-50.312,4.471,5.049,PITCH
0.021,-0.939,0.236,-39.900,0.770,3.806,PITCH
0.021,-0.950,0.191,-6.668,7.280,4.209,PITCH
0.026,-0.934,0.198,24.544,12.626,6.300,PITCH
0.023,-0.890,0.258,53.077,20.108,8.706,PITCH
0.025,-0.885,0.264,73.806,24.614,8.461,PITCH
0.001,-0.850,0.314,116.918,29.575,4.043,PITCH
-0.005,-0.930,0.389,137.795,34.781,-1.409,PITCH
-0.006,-0.853,0.435,136.622,27.379,4.340,PITCH
-0.024,-0.769,0.548,140.411,11.427,3.404,PITCH
-0.027,-0.732,0.553,162.312,3.509,-5.198,PITCH
-0.002,-0.648,0.689,160.895,3.237,-9.966,PITCH
0.009,-0.650,0.746,152.416,-10.946,-7.823,PITCH
-0.032,-0.583,0.867,156.923,-11.427,-5.023,PITCH
-0.014,-0.525,0.916,146.309,-13.895,-4.270,PITCH
-0.026,-0.535,1.064,153.921,8.645,-3.229,PITCH
-0.001,-0.476,1.048,139.667,21.175,0.595,PITCH
-0.006,-0.333,0.911,132.711,14.472,0.368,PITCH
-0.031,-0.242,0.889,168.298,14.648,-0.543,PITCH
0.013,-0.251,1.113,165.253,16.608,8.864,PITCH
-0.029,-0.180,1.049,124.652,18.541,13.807,PITCH
-0.046,-0.085,1.066,120.698,8.986,13.667,PITCH
-0.026,-0.086,1.023,115.824,4.856,12.364,PITCH
-0.042,-0.007,1.022,106.978,8.811,17.587,PITCH
-0.064,0.004,1.028,115.439,-0.656,19.285,PITCH
-0.060,0.081,1.058,107.756,-12.460,12.285,PITCH
-0.038,0.058,1.041,93.319,-10.132,10.167,PITCH
-0.036,0.147,0.974,92.024,-3.509,5.162,PITCH
-0.072,0.178,0.993,91.306,-6.011,4.025,PITCH
0.003,0.264,1.076,63.184,-42.639,2.432,PITCH
-0.020,0.211,1.071,70.753,-6.064,0.079,PITCH
-0.023,0.233,0.935,57.312,-1.383,0.394,PITCH
-0.001,0.258,0.970,50.925,-8.453,2.424,PITCH
-0.010,0.325,0.966,50.995,-2.082,-0.683,PITCH
0.001,0.354,0.944,69.466,-1.199,1.199,PITCH
-0.012,0.344,0.956,69.632,-0.105,4.182,PITCH
-0.019,0.412,0.926,74.918,-0.201,3.588,PITCH
-0.037,0.459,0.905,117.521,-0.726,0.779,PITCH
-0.004,0.460,0.895,142.774,-4.926,-8.295,PITCH
0.004,0.529,0.850,119.954,-7.429,-9.966,PITCH
0.005,0.538,0.859,107.677,-5.941,-6.860,PITCH
0.013,0.595,0.895,94.351,-2.135,-3.106,PITCH
-0.022,0.632,0.789,87.535,2.581,-1.067,PITCH
-0.006,0.685,0.736,91.753,5.854,-0.822,PITCH
0.001,0.677,0.735,99.908,7.753,-0.717,PITCH
-0.029,0.663,0.748,94.255,3.719,1.916,PITCH
-0.020,0.747,0.684,87.281,1.768,0.752,PITCH
-0.012,0.793,0.663,87.404,9.004,-3.168,PITCH
-0.050,0.858,0.534,79.791,8.663,-5.819,PITCH
-0.036,0.826,0.558,86.336,10.824,-5.084,PITCH
-0.030,0.857,0.535,92.277,5.863,-5.705,PITCH
-0.039,0.869,0.489,84.717,8.619,-4.043,PITCH
-0.051,0.875,0.464,89.696,-0.219,-2.818,PITCH
-0.040,0.906,0.429,91.438,4.979,-5.040,PITCH
-0.045,0.904,0.370,90.300,5.390,-4.786,PITCH
-0.042,0.955,0.373,77.455,4.182,-0.061,PITCH
-0.080,0.953,0.323,61.897,5.128,1.803,PITCH
-0.067,0.958,0.286,48.737,7.227,3.299,PITCH
-0.053,0.955,0.273,33.189,1.435,6.633,PITCH
-0.054,0.973,0.279,19.066,1.872,9.074,PITCH
-0.060,0.953,0.256,14.123,6.387,7.682,PITCH
-0.022,1.013,0.275,1.558,-2.432,13.274,PITCH
-0.046,0.995,0.247,-29.347,-0.175,12.434,PITCH
-0.057,0.962,0.234,-53.349,-1.969,12.171,PITCH
-0.036,0.963,0.311,-91.630,0.892,13.291,PITCH
-0.031,0.930,0.356,-111.256,-2.922,12.941,PITCH
-0.029,0.949,0.375,-149.301,-8.698,15.916,PITCH
0.007,0.822,0.414,-204.768,-16.721,12.443,PITCH
-0.016,0.769,0.526,-264.478,-6.974,5.014,PITCH
0.015,0.696,0.652,-242.620,-16.520,-8.706,PITCH
0.007,0.712,0.798,-203.455,-6.624,2.756,PITCH
-0.026,0.614,0.789,-166.311,-3.509,3.596,PITCH
-0.018,0.493,0.868,-165.480,-2.966,5.136,PITCH
-0.035,0.528,0.919,-141.190,-1.654,7.674,PITCH
-0.032,0.530,0.898,-99.418,8.899,5.898,PITCH
-0.033,0.310,0.900,-97.974,9.800,6.055,PITCH
0.011,0.235,0.945,-121.082,-12.574,4.436,PITCH
-0.008,0.403,1.080,-102.349,-11.016,12.556,PITCH
0.024,0.323,1.033,-105.525,-3.797,7.298,PITCH
-0.025,0.174,0.992,-122.229,-10.903,-1.033,PITCH
-0.002,0.144,1.234,-114.144,-5.267,-1.837,PITCH
0.028,0.099,1.180,-130.524,16.056,-4.725,PITCH
0.026,0.018,1.020,-154.788,3.999,-3.299,PITCH
-0.018,-0.004,1.005,-150.806,1.505,-2.406,PITCH
-0.029,-0.069,1.075,-143.622,-18.664,-3.255,PITCH
-0.012,-0.140,1.068,-179.182,-46.401,1.645,PITCH
0.038,-0.193,0.792,-174.064,-11.979,9.056,PITCH
0.026,-0.304,1.010,-129.019,-7.630,6.729,PITCH
0.014,-0.366,1.008,-114.336,-24.229,6.387,PITCH
0.026,-0.398,0.964,-127.199,-40.504,5.670,PITCH
0.049,-0.409,0.973,-131.617,-44.800,4.104,PITCH
0.041,-0.482,0.808,-137.357,-42.438,4.847,PITCH
0.052,-0.496,0.771,-99.785,-22.426,2.625,PITCH
0.034,-0.610,0.817,-79.511,-6.886,-1.085,PITCH
0.044,-0.640,0.832,-83.501,-4.550,-0.210,PITCH
0.061,-0.650,0.742,-84.473,-2.126,-1.846,PITCH
0.058,-0.739,0.734,-78.566,-3.027,-5.504,PITCH
0.092,-0.726,0.767,-77.052,-12.049,-3.684,PITCH
0.092,-0.727,0.690,-88.436,-18.708,1.479,PITCH
0.073,-0.731,0.617,-80.106,-8.794,6.011,PITCH
0.114,-0.793,0.551,-74.839,-5.390,11.602,PITCH
0.104,-0.811,0.684,-72.573,-25.655,9.205,PITCH
0.098,-0.865,0.596,-76.808,-26.145,8.076,PITCH
0.080,-0.849,0.508,-80.902,-16.835,13.029,PITCH
0.087,-0.842,0.546,-73.675,-11.104,14.333,PITCH
0.090,-0.872,0.480,-68.381,-4.401,19.530,PITCH
0.055,-0.905,0.401,-68.399,1.934,21.683,PITCH
0.063,-0.878,0.373,-64.260,5.399,22.435,PITCH
0.045,-0.883,0.324,-54.355,7.088,18.917,PITCH
0.052,-0.913,0.292,-41.055,7.980,14.350,PITCH
0.059,-0.937,0.334,-29.129,13.659,14.026,PITCH
0.018,-0.938,0.294,-18.331,15.330,14.875,PITCH
0.020,-0.920,0.286,-5.836,14.472,10.413,PITCH
0.042,-0.931,0.302,1.671,13.020,9.406,PITCH
0.014,-0.934,0.290,11.209,8.776,6.239,PITCH
0.006,-0.935,0.305,20.659,1.330,-1.540,PITCH
-0.023,-0.969,0.286,38.710,2.485,-8.435,PITCH
-0.006,-0.915,0.302,58.179,5.959,-9.030,PITCH
0.010,-0.875,0.301,82.504,17.780,-6.790,PITCH
0.028,-0.784,0.350,146.764,17.028,-14.149,PITCH
0.011,-0.815,0.426,183.706,22.986,-17.701,PITCH
0.017,-0.823,0.461,176.645,28.962,-14.779,PITCH
0.007,-0.703,0.584,182.490,20.142,-14.350,PITCH
0.035,-0.624,0.691,184.791,11.795,-19.084,PITCH
0.011,-0.630,0.787,165.576,2.599,-6.256,PITCH
-0.000,-0.582,0.840,148.741,2.993,-5.154,PITCH
0.035,-0.482,0.918,148.960,-8.172,-14.761,PITCH
0.029,-0.422,1.025,138.232,-24.325,-10.693,PITCH
0.048,-0.351,1.067,117.416,-37.354,-8.654,PITCH
0.094,-0.340,1.243,125.387,-9.459,0.604,PITCH
0.044,-0.326,1.110,109.463,28.026,-8.461,PITCH
0.048,-0.258,0.969,89.609,24.614,-8.881,PITCH
0.052,-0.136,1.004,91.971,24.202,-0.840,PITCH
0.054,-0.117,0.987,90.624,24.841,3.806,PITCH
0.038,-0.127,1.021,101.281,24.719,9.800,PITCH
0.009,-0.044,1.036,107.433,20.632,8.663,PITCH
0.008,-0.022,1.043,100.861,15.068,7.367,PITCH
-0.016,0.011,1.023,97.134,17.544,6.571,PITCH
-0.023,0.072,1.038,104.834,7.227,7.140,PITCH
-0.028,0.110,1.068,113.111,-10.640,9.975,PITCH
-0.022,0.130,1.062,88.375,-11.252,6.256,PITCH
-0.010,0.185,1.005,72.669,3.316,4.883,PITCH
-0.088,0.233,1.066,69.842,-4.182,7.997,PITCH
-0.022,0.258,1.016,39.393,-2.362,6.134,PITCH
0.005,0.238,0.959,45.045,-1.269,5.023,PITCH
-0.008,0.233,0.989,34.072,-1.592,2.179,PITCH
-0.022,0.260,0.993,52.176,-0.998,4.559,PITCH
-0.013,0.272,0.966,55.029,-0.945,3.491,PITCH
-0.012,0.301,0.957,37.301,-1.234,4.218,PITCH
-0.027,0.343,0.971,30.257,-1.601,2.170,PITCH
-0.035,0.362,0.959,76.055,-0.744,2.800,PITCH
-0.009,0.349,0.941,73.710,-1.689,-1.444,PITCH
-0.006,0.413,0.923,59.850,-2.503,-2.651,PITCH
0.002,0.434,0.918,53.708,-2.581,-2.415,PITCH
-0.006,0.461,0.908,63.210,-0.884,-2.196,PITCH
-0.020,0.477,0.889,73.132,-2.555,-4.436,PITCH
-0.009,0.500,0.883,78.155,-4.086,-5.740,PITCH
-0.009,0.548,0.868,74.988,0.735,-5.372,PITCH
-0.012,0.578,0.827,91.927,6.694,-4.918,PITCH
-0.024,0.570,0.804,112.516,4.602,-6.274,PITCH
-0.025,0.636,0.755,104.598,-2.739,-5.294,PITCH
-0.027,0.690,0.732,91.446,-7.044,-4.480,PITCH
-0.013,0.732,0.686,108.929,-6.361,-4.550,PITCH
-0.015,0.738,0.656,99.628,0.359,-8.120,PITCH
-0.025,0.763,0.662,96.591,-4.795,-4.436,PITCH
-0.041,0.780,0.619,93.826,7.630,-8.024,PITCH
-0.038,0.819,0.574,110.259,1.523,-6.974,PITCH
-0.038,0.850,0.522,100.765,6.177,-1.697,PITCH
-0.041,0.866,0.505,93.870,10.474,-0.595,PITCH
-0.042,0.876,0.443,102.620,7.753,-0.586,PITCH
-0.046,0.919,0.409,105.823,6.011,-1.759,PITCH
-0.039,0.934,0.393,93.118,14.971,-3.185,PITCH
-0.064,0.950,0.332,88.454,17.351,-4.716,PITCH
-0.057,0.945,0.284,87.666,17.964,-5.950,PITCH
-0.079,0.964,0.228,84.210,14.236,-2.888,PITCH
-0.082,0.980,0.204,73.482,9.363,-0.822,PITCH
-0.077,0.978,0.191,55.965,5.810,1.120,PITCH
-0.093,0.997,0.142,51.931,3.946,2.931,PITCH
-0.066,1.003,0.143,32.147,4.077,5.626,PITCH
-0.054,0.994,0.135,11.524,7.219,6.589,PITCH
-0.026,1.035,0.121,-25.051,8.111,5.093,PITCH
-0.120,1.012,0.158,-47.924,8.663,9.074,PITCH
-0.066,0.997,0.172,-70.569,5.215,3.316,PITCH
-0.071,1.046,0.241,-81.533,4.926,1.470,PITCH
-0.066,1.032,0.264,-108.640,10.824,4.655,PITCH
-0.073,0.964,0.327,-162.015,2.931,4.497,PITCH
-0.047,0.894,0.327,-217.753,-7.236,2.065,PITCH
-0.043,0.826,0.392,-213.535,-28.481,3.106,PITCH
-0.055,0.774,0.583,-195.816,-59.246,0.420,PITCH
-0.031,0.797,0.778,-228.576,-21.044,-9.546,PITCH
-0.036,0.710,0.688,-228.716,-11.244,-14.691,PITCH
-0.016,0.580,0.781,-199.255,-19.294,-5.722,PITCH
-0.058,0.518,0.882,-179.865,3.920,-5.722,PITCH
-0.054,0.477,0.943,-179.655,17.631,-4.358,PITCH
-0.083,0.424,0.864,-192.771,21.507,-4.900,PITCH
-0.059,0.337,0.908,-168.105,0.175,-1.654,PITCH
-0.088,0.268,0.997,-117.941,-21.840,6.090,PITCH
-0.057,0.196,0.984,-138.337,-12.390,3.019,PITCH
-0.033,0.150,0.978,-141.837,-20.860,1.872,PITCH
-0.033,0.131,1.032,-130.576,-32.638,4.707,PITCH
-0.021,0.026,0.988,-121.835,-25.524,5.477,PITCH
-0.024,-0.039,0.987,-104.650,-3.465,5.171,PITCH
-0.024,-0.042,0.985,-59.868,-13.212,7.324,PITCH
-0.037,-0.080,0.968,-51.958,-13.685,7.709,PITCH
-0.002,-0.160,1.030,-76.405,-11.252,4.734,PITCH
-0.035,-0.164,1.052,-63.936,-13.431,6.554,PITCH
-0.032,-0.170,0.956,-61.049,-20.737,1.242,PITCH
0.001,-0.230,0.945,-62.029,-15.068,-2.730,PITCH
0.011,-0.268,0.990,-69.842,-3.999,-2.861,PITCH
0.032,-0.312,1.080,-69.702,-2.467,1.960,PITCH
0.022,-0.321,1.112,-81.287,-7.691,4.314,PITCH
0.023,-0.300,1.134,-100.853,-20.247,1.829,PITCH
0.045,-0.357,1.093,-124.574,-31.990,1.085,PITCH
0.043,-0.420,0.968,-140.122,-12.880,9.538,PITCH
-0.005,-0.453,0.965,-141.986,-5.758,14.368,PITCH
0.007,-0.544,0.903,-132.440,-9.538,8.767,PITCH
0.006,-0.535,0.899,-122.448,-1.969,10.658,PITCH
0.015,-0.564,0.733,-124.022,1.111,5.504,PITCH
0.027,-0.623,0.728,-120.951,-0.604,3.316,PITCH
0.016,-0.756,0.700,-116.664,-12.565,3.447,PITCH
0.000,-0.758,0.653,-109.244,-28.700,-0.376,PITCH
0.002,-0.701,0.595,-109.419,-21.411,-1.487,PITCH
0.031,-0.744,0.550,-124.451,-14.674,-2.310,PITCH
0.020,-0.835,0.505,-121.686,-6.387,-3.089,PITCH
0.018,-0.857,0.456,-101.771,-4.077,-6.300,PITCH
0.029,-0.815,0.377,-104.134,2.362,-6.387,PITCH
0.054,-0.823,0.377,-99.575,8.356,-4.725,PITCH
0.102,-0.985,0.339,-98.805,5.714,1.059,PITCH
0.075,-0.977,0.259,-114.231,-6.702,6.064,PITCH
0.054,-0.957,0.285,-129.911,-7.709,6.169,PITCH
0.033,-1.035,0.171,-91.219,-12.521,4.445,PITCH
0.042,-0.977,0.167,-64.706,-15.846,4.716,PITCH
0.063,-1.014,0.188,-59.553,-10.946,7.035,PITCH
0.062,-1.030,0.109,-58.056,-24.771,11.226,PITCH
0.016,-1.031,0.139,-46.778,-16.940,10.868,PITCH
0.020,-0.970,0.070,-35.333,0.569,10.028,PITCH
0.015,-0.972,0.016,-29.811,2.152,6.983,PITCH
0.012,-0.981,0.019,-22.470,2.590,5.189,PITCH
0.007,-0.992,-0.023,-6.711,7.814,4.532,PITCH
0.016,-1.003,-0.016,13.204,13.291,4.445,PITCH
0.027,-0.965,-0.006,26.976,11.821,3.054,PITCH
0.032,-0.974,0.038,31.535,8.750,3.517,PITCH
0.024,-1.010,0.080,39.524,10.290,3.229,PITCH
0.010,-1.039,0.037,53.541,9.214,3.045,PITCH
0.021,-1.015,0.050,61.504,14.472,1.225,PITCH
0.020,-1.000,0.120,86.975,9.494,7.166,PITCH
-0.015,-0.990,0.065,125.982,-7.219,2.152,PITCH
-0.000,-0.884,0.182,202.361,-9.809,-10.316,PITCH
0.028,-0.843,0.318,221.042,-3.736,-14.481,PITCH
0.031,-0.766,0.440,202.178,4.506,-12.530,PITCH
0.076,-0.713,0.498,169.076,6.492,-3.815,PITCH
0.006,-0.679,0.546,154.140,-7.796,-7.341,PITCH
0.018,-0.616,0.724,161.980,-2.432,-16.538,PITCH
0.062,-0.650,0.777,150.736,5.049,-15.111,PITCH
0.030,-0.644,0.818,134.374,5.661,-11.611,PITCH
0.025,-0.590,0.918,131.950,17.692,-11.007,PITCH
0.062,-0.509,0.910,147.035,15.724,-4.436,PITCH
0.073,-0.508,0.917,164.176,13.090,-1.942,PITCH
0.054,-0.380,1.003,163.958,10.159,-0.350,PITCH
0.031,-0.298,1.031,172.699,10.491,9.047,PITCH
0.016,-0.259,1.073,158.681,34.781,9.573,PITCH
-0.001,-0.157,1.040,145.521,35.936,11.699,PITCH
-0.032,-0.065,0.986,151.988,20.326,11.069,PITCH
-0.014,-0.097,1.067,160.239,7.753,9.065,PITCH
-0.010,-0.028,1.081,135.100,4.699,8.435,PITCH
-0.020,0.105,0.980,133.919,4.427,8.461,PITCH
-0.023,0.127,1.090,140.175,-6.274,8.741,PITCH
-0.024,0.178,1.073,124.731,1.356,5.863,PITCH
-0.022,0.247,1.023,118.107,14.166,1.549,PITCH
-0.012,0.313,0.963,126.298,0.490,-0.472,PITCH
-0.030,0.328,1.078,119.210,-1.374,-2.293,PITCH
-0.037,0.440,0.984,93.896,6.361,-4.559,PITCH
-0.039,0.414,0.951,109.156,1.531,-1.969,PITCH
-0.092,0.435,1.068,109.979,-2.993,-4.559,PITCH
-0.043,0.472,0.908,105.866,-6.746,-9.608,PITCH
-0.049,0.539,0.881,114.380,3.675,-8.225,PITCH
-0.025,0.542,0.834,118.799,3.447,-6.528,PITCH
-0.050,0.590,0.742,109.979,6.423,-3.264,PITCH
-0.054,0.670,0.736,122.649,-17.010,-1.426,PITCH
-0.019,0.696,0.761,140.613,-15.715,-2.651,PITCH
-0.043,0.772,0.661,133.359,-5.784,-1.120,PITCH
-0.045,0.842,0.618,138.154,-12.154,-2.651,PITCH
-0.012,0.857,0.532,135.494,-0.998,-2.039,PITCH
-0.028,0.799,0.589,122.474,25.375,1.584,PITCH
-0.021,0.945,0.420,123.183,20.921,2.074,PITCH
-0.045,0.927,0.448,132.029,19.311,-3.141,PITCH
-0.080,0.828,0.410,114.415,12.224,-1.444,PITCH
-0.067,0.943,0.332,106.934,8.496,-1.514,PITCH
-0.053,0.927,0.297,95.287,12.521,-3.194,PITCH
-0.072,0.928,0.258,69.247,13.930,-1.645,PITCH
-0.101,1.000,0.204,66.868,5.976,-0.534,PITCH
-0.070,0.979,0.190,55.125,-0.166,-0.315,PITCH
-0.074,0.990,0.180,45.369,3.290,2.957,PITCH
-0.092,0.962,0.149,23.433,4.716,6.711,PITCH
-0.079,1.007,0.153,6.738,-1.872,7.490,PITCH
-0.063,0.997,0.148,-1.706,-2.634,4.209,PITCH
-0.057,0.996,0.147,-15.566,-4.340,5.110,PITCH
-0.079,0.956,0.166,-41.195,-4.200,4.034,PITCH
-0.075,1.002,0.207,-65.660,-7.201,5.871,PITCH
-0.046,0.966,0.229,-79.555,-4.436,4.463,PITCH
0.114,1.089,0.221,-132.335,4.707,-4.637,PITCH
-0.051,1.003,0.369,-178.307,-6.650,10.833,PITCH
-0.035,0.866,0.405,-205.161,-7.525,-1.024,PITCH
-0.052,0.865,0.485,-213.316,-16.433,3.203,PITCH
-0.050,0.847,0.665,-212.231,-16.135,-0.980,PITCH
-0.044,0.731,0.740,-181.134,4.043,-10.491,PITCH
-0.062,0.648,0.688,-194.583,4.427,-13.825,PITCH
-0.069,0.652,0.804,-184.336,-8.908,-10.640,PITCH
-0.071,0.558,0.891,-155.645,0.184,-3.535,PITCH
-0.060,0.503,0.882,-153.274,3.378,-2.870,PITCH
-0.041,0.467,0.786,-133.630,-32.121,1.951,PITCH
-0.025,0.385,0.930,-129.124,-14.472,5.049,PITCH
-0.071,0.348,1.099,-113.059,17.981,3.824,PITCH
-0.054,0.327,1.087,-126.201,-18.471,2.826,PITCH
-0.017,0.243,0.950,-183.208,-48.554,-0.333,PITCH
-0.005,0.178,1.000,-206.421,-45.124,1.977,PITCH
-0.018,0.060,1.127,-176.426,-31.955,7.219,PITCH
-0.016,-0.016,0.984,-147.849,-55.064,8.199,PITCH
0.024,-0.062,0.962,-152.932,-45.412,10.238,PITCH
0.040,-0.167,1.037,-172.410,-31.552,9.809,PITCH
0.082,-0.210,1.195,-161.140,-36.908,6.851,PITCH
0.095,-0.240,1.057,-204.697,-27.554,18.821,PITCH
0.068,-0.266,0.807,-210.875,-26.346,28.910,PITCH
0.086,-0.371,0.749,-150.325,-33.521,21.683,PITCH
-0.012,-0.538,0.944,-109.961,-30.853,17.351,PITCH
0.053,-0.517,0.884,-112.936,9.546,11.042,PITCH
0.023,-0.581,0.772,-129.911,16.931,7.901,PITCH
0.070,-0.577,0.782,-125.073,2.494,6.011,PITCH
0.073,-0.710,0.720,-123.217,-6.274,3.447,PITCH
0.059,-0.785,0.669,-123.305,2.966,11.069,PITCH
0.076,-0.758,0.662,-119.044,-8.908,8.899,PITCH
0.082,-0.729,0.692,-128.074,-20.414,0.210,PITCH
0.039,-0.794,0.536,-132.466,-18.384,-1.732,PITCH
0.065,-0.936,0.379,-131.101,-6.807,4.594,PITCH
0.068,-1.000,0.467,-105.175,2.467,-0.079,PITCH
0.137,-0.809,0.539,-108.482,-16.450,-2.082,PITCH
0.082,-0.928,0.332,-139.449,-31.483,2.993,PITCH
0.057,-0.975,0.244,-121.284,-24.141,7.044,PITCH
0.074,-0.942,0.272,-110.136,-19.075,11.235,PITCH
0.089,-0.978,0.252,-105.166,-11.812,12.722,PITCH
0.090,-0.940,0.178,-109.235,-17.097,7.796,PITCH
0.041,-0.994,0.102,-110.372,-20.361,7.481,PITCH
0.092,-1.000,0.011,-106.094,-19.705,12.469,PITCH
0.042,-0.972,0.049,-96.644,-15.531,20.554,PITCH
0.065,-0.986,-0.026,-92.619,-5.976,17.605,PITCH
0.010,-0.947,-0.122,-88.043,0.779,9.984,PITCH
0.040,-0.984,-0.176,-82.119,1.102,11.524,PITCH
0.043,-1.005,-0.198,-66.448,-8.024,12.425,PITCH
0.015,-0.956,-0.219,-54.084,-0.875,11.007,PITCH
0.001,-0.970,-0.241,-36.671,15.417,8.627,PITCH
0.022,-1.006,-0.351,-26.801,18.497,12.101,PITCH
0.004,-0.997,-0.328,-4.524,4.865,11.261,PITCH
0.032,-0.975,-0.328,21.604,6.755,6.606,PITCH
0.009,-0.924,-0.266,41.484,7.079,1.111,PITCH
-0.009,-0.963,-0.281,54.049,10.299,1.006,PITCH
0.006,-0.974,-0.272,80.272,20.247,0.954,PITCH
0.002,-0.937,-0.161,114.389,23.222,3.483,PITCH
0.016,-0.901,-0.131,130.051,24.343,2.021,PITCH
0.042,-0.915,-0.095,145.591,25.034,-0.298,PITCH
0.044,-0.841,0.061,159.574,19.145,-7.088,PITCH
0.033,-0.894,0.073,149.284,7.858,-11.550,PITCH
0.038,-0.905,0.157,138.635,1.523,-12.084,PITCH
0.059,-0.841,0.300,132.466,-2.922,-7.219,PITCH
0.049,-0.885,0.334,112.105,-12.233,-1.496,PITCH
0.008,-0.884,0.438,99.348,-17.080,0.516,PITCH
0.030,-0.908,0.440,94.054,-16.450,-0.464,PITCH
0.040,-0.893,0.545,88.235,-3.797,1.645,PITCH
0.046,-0.873,0.568,72.249,-3.474,1.050,PITCH
0.016,-0.862,0.499,84.236,-0.131,-2.109,PITCH
0.055,-0.795,0.585,95.200,7.648,-4.856,PITCH
0.065,-0.757,0.700,97.134,12.276,-2.713,PITCH
0.063,-0.779,0.635,85.864,14.245,0.507,PITCH
0.038,-0.862,0.781,96.915,4.830,0.551,PITCH
0.106,-0.831,0.862,105.481,-17.062,-4.524,PITCH
0.061,-0.697,0.822,92.234,-20.545,-5.556,PITCH
0.058,-0.692,0.742,90.169,-14.569,0.087,PITCH
0.055,-0.604,0.761,112.052,-12.714,3.990,PITCH
0.046,-0.510,0.707,130.305,-7.262,2.056,PITCH
0.034,-0.495,0.802,158.891,9.354,-1.820,PITCH
0.113,-0.511,0.999,155.610,28.105,4.550,PITCH
0.045,-0.411,0.975,145.224,28.394,4.165,PITCH
0.067,-0.394,0.926,153.396,17.071,8.068,PITCH
0.047,-0.361,0.971,136.351,16.048,7.429,PITCH
0.011,-0.196,1.013,135.231,10.124,0.796,PITCH
0.007,-0.168,0.999,146.440,4.323,-3.307,PITCH
0.009,-0.127,1.014,153.160,6.142,-9.249,PITCH
0.035,0.014,1.068,166.145,10.377,-9.940,PITCH
0.034,0.081,1.095,175.193,10.448,-10.115,PITCH
-0.012,0.127,1.091,165.629,13.939,-9.398,PITCH
-0.018,0.227,1.042,166.128,9.642,-9.677,PITCH
0.006,0.317,0.994,164.771,4.244,-9.546,PITCH
-0.003,0.353,0.951,176.671,0.472,-7.088,PITCH
0.003,0.381,0.986,161.656,8.102,-9.345,PITCH
-0.024,0.460,0.867,156.634,9.669,-11.288,PITCH
-0.006,0.556,0.789,156.467,14.962,-10.876,PITCH
0.006,0.576,0.860,164.885,15.234,-7.184,PITCH
-0.031,0.617,0.759,153.449,17.325,-6.816,PITCH
-0.075,0.668,0.691,112.114,-1.689,4.148,PITCH
-0.101,0.731,0.661,100.853,-5.565,-7.455,PITCH
-0.047,0.771,0.671,116.882,-6.221,-8.855,PITCH
-0.045,0.764,0.701,116.366,4.786,-7.613,PITCH
-0.040,0.790,0.577,81.620,13.554,-5.057,PITCH
-0.130,0.774,0.637,104.921,7.709,0.271,PITCH
-0.066,0.862,0.521,103.897,-0.131,-4.734,PITCH
-0.062,0.877,0.494,101.281,3.666,-2.774,PITCH
-0.076,0.913,0.403,89.364,6.116,-2.503,PITCH
-0.078,0.888,0.371,97.326,-2.135,-2.082,PITCH
-0.081,0.933,0.340,95.287,-14.403,-2.870,PITCH
-0.094,0.969,0.290,97.169,-21.630,-6.160,PITCH
-0.067,0.958,0.271,99.033,-24.351,-9.179,PITCH
-0.078,0.967,0.230,86.643,-13.834,-1.181,PITCH
-0.075,0.980,0.190,80.789,-14.394,-0.971,PITCH
-0.083,0.990,0.159,74.988,-13.641,-1.601,PITCH
-0.080,0.989,0.130,78.934,-13.405,-3.570,PITCH
-0.078,0.986,0.101,57.085,-7.875,2.056,PITCH
-0.080,1.025,0.063,24.710,1.951,8.382,PITCH
-0.104,1.009,0.086,7.044,3.535,7.831,PITCH
-0.059,0.993,0.058,4.016,0.490,1.881,PITCH
-0.051,1.005,0.054,-14.035,-3.378,4.086,PITCH
-0.072,1.010,0.088,-42.289,-5.801,9.502,PITCH
-0.090,1.007,0.109,-58.310,-2.249,9.389,PITCH
-0.045,1.041,0.088,-69.055,6.335,13.204,PITCH
0.005,0.982,0.099,-87.369,18.209,10.229,PITCH
-0.031,1.023,0.056,-124.723,32.585,13.029,PITCH
-0.039,0.950,0.294,-158.891,38.202,12.224,PITCH
-0.044,0.921,0.327,-187.364,28.298,12.101,PITCH
-0.057,0.864,0.513,-171.509,12.180,9.126,PITCH
-0.073,0.819,0.516,-176.820,-4.996,13.055,PITCH
-0.093,0.855,0.636,-192.622,-15.137,9.126,PITCH
-0.049,0.831,0.762,-169.864,-12.512,7.420,PITCH
-0.045,0.685,0.734,-153.545,11.576,3.824,PITCH
-0.028,0.625,0.676,-167.667,-4.244,4.952,PITCH
-0.016,0.602,0.845,-178.955,-31.404,11.349,PITCH
-0.052,0.595,0.964,-161.516,-3.229,2.572,PITCH
-0.049,0.431,0.870,-152.303,13.807,-4.559,PITCH
-0.021,0.369,0.782,-147.315,-15.199,-3.176,PITCH
0.003,0.330,0.950,-133.018,-35.105,4.944,PITCH
-0.006,0.347,1.065,-100.984,-14.796,7.499,PITCH
0.019,0.240,0.935,-123.375,-24.439,8.820,PITCH
0.038,0.195,0.900,-123.086,-42.403,9.126,PITCH
0.023,0.158,1.100,-106.076,-38.255,12.460,PITCH
0.032,0.123,1.096,-105.210,-14.201,8.111,PITCH
0.060,-0.008,0.963,-147.096,-4.471,6.702,PITCH
0.052,0.030,0.890,-140.560,-18.375,5.189,PITCH
0.042,-0.010,1.088,-109.471,-30.240,6.729,PITCH
0.084,-0.105,1.193,-111.930,-25.069,8.120,PITCH
0.120,-0.168,1.128,-134.680,-14.665,15.881,PITCH
0.120,-0.203,1.034,-166.355,-13.641,17.710,PITCH
0.096,-0.211,0.985,-178.710,-22.435,17.413,PITCH
0.085,-0.323,0.995,-182.980,-19.679,21.333,PITCH
0.044,-0.428,0.895,-125.982,-18.524,16.406,PITCH
0.081,-0.445,0.862,-128.214,-20.125,19.005,PITCH
0.066,-0.458,0.752,-138.451,-10.316,12.731,PITCH
0.051,-0.601,0.768,-123.209,-6.606,6.807,PITCH
0.088,-0.701,0.824,-75.539,11.515,6.195,PITCH
0.086,-0.634,0.831,-89.801,24.649,12.294,PITCH
0.068,-0.692,0.641,-99.934,21.079,13.921,PITCH
0.029,-0.820,0.679,-106.864,18.454,17.754,PITCH
0.028,-0.770,0.709,-102.489,29.312,21.866,PITCH
0.045,-0.768,0.611,-104.738,28.700,18.112,PITCH
0.025,-0.766,0.558,-104.195,10.028,15.627,PITCH
-0.003,-0.842,0.514,-101.614,8.496,16.397,PITCH
0.021,-0.840,0.559,-100.293,0.446,10.666,PITCH
-0.018,-1.000,0.402,-119.298,-2.047,-1.444,PITCH
0.003,-0.877,0.417,-106.120,-10.273,-6.641,PITCH
0.009,-0.971,0.312,-88.637,-14.262,-9.083,PITCH
0.020,-0.891,0.340,-82.101,-17.413,-7.560,PITCH
0.041,-0.967,0.307,-105.831,-50.514,-11.664,PITCH
0.007,-0.972,0.186,-87.832,-49.814,-11.804,PITCH
0.014,-0.944,0.202,-70.298,-27.116,-11.349,PITCH
0.053,-0.934,0.206,-75.145,-23.205,-11.637,PITCH
0.037,-0.996,0.129,-83.099,-30.135,-14.227,PITCH
0.059,-1.008,0.081,-59.369,-20.615,-10.500,PITCH
0.097,-0.993,0.097,-56.359,-20.300,-8.347,PITCH
0.079,-1.000,0.101,-62.659,-26.233,-7.823,PITCH
0.087,-1.021,-0.002,-63.114,-19.854,-8.137,PITCH
0.079,-1.035,-0.024,-43.951,-12.626,-3.395,PITCH
0.087,-0.991,-0.061,-45.789,-9.642,-3.185,PITCH
0.073,-1.005,-0.012,-59.028,-9.887,-5.066,PITCH
0.107,-0.956,-0.082,-62.195,1.549,-5.836,PITCH
0.104,-0.959,-0.076,-37.100,4.226,-1.006,PITCH
0.120,-0.999,-0.099,-42.175,5.110,3.447,PITCH
0.128,-1.006,-0.066,-66.780,-7.761,1.479,PITCH
0.101,-0.977,-0.061,-83.283,-8.015,-1.592,PITCH
0.105,-0.998,-0.110,-82.863,-19.513,-2.660,PITCH
0.115,-0.944,-0.138,-102.848,-17.859,-1.374,PITCH
0.105,-0.977,-0.178,-105.735,-20.195,0.770,PITCH
0.123,-0.936,-0.344,-119.639,-28.385,4.043,PITCH
0.091,-0.887,-0.371,-130.042,-43.890,3.203,PITCH
0.036,-0.854,-0.465,-122.946,-38.920,2.625,PITCH
0.060,-0.805,-0.496,-120.269,-29.855,3.981,PITCH
0.041,-0.750,-0.568,-119.866,-26.224,10.141,PITCH
0.012,-0.732,-0.657,-102.480,-12.040,2.152,PITCH
0.048,-0.687,-0.648,-102.279,-11.454,2.503,PITCH
0.014,-0.678,-0.709,-122.334,-4.664,0.490,PITCH
0.018,-0.703,-0.751,-102.217,-7.000,2.949,PITCH
0.027,-0.637,-0.737,-85.951,12.863,11.804,PITCH
0.063,-0.623,-0.782,-77.306,25.445,15.137,PITCH
0.082,-0.574,-0.788,-72.415,22.802,6.519,PITCH
0.093,-0.571,-0.804,-75.119,11.349,2.476,PITCH
0.082,-0.574,-0.882,-69.274,1.759,0.998,PITCH
0.087,-0.579,-0.891,-54.031,-6.764,0.849,PITCH
0.068,-0.538,-0.896,-37.170,-12.267,1.015,PITCH
0.042,-0.505,-0.847,-34.851,-11.025,1.006,PITCH
0.054,-0.494,-0.869,-24.771,-5.311,4.034,PITCH
0.048,-0.509,-0.911,-18.392,-1.041,5.819,PITCH
0.057,-0.502,-0.927,-4.979,5.985,7.884,PITCH
0.058,-0.469,-0.959,-9.328,16.546,12.337,PITCH
0.088,-0.461,-1.006,4.786,17.159,12.434,PITCH
0.088,-0.495,-1.112,38.745,19.792,6.790,PITCH
0.050,-0.543,-1.127,87.106,15.549,-4.279,PITCH
0.067,-0.565,-1.026,119.516,27.090,-11.323,PITCH
0.111,-0.561,-0.990,164.894,37.188,-7.070,PITCH
0.092,-0.570,-0.962,189.682,32.594,-0.455,PITCH
0.093,-0.563,-0.739,203.980,25.069,0.114,PITCH
0.107,-0.602,-0.653,225.225,36.776,7.604,PITCH
0.125,-0.661,-0.531,249.970,26.679,7.525,PITCH
0.142,-0.590,-0.294,234.981,30.546,7.044,PITCH
0.122,-0.688,-0.236,225.426,34.239,11.331,PITCH
0.135,-0.790,-0.080,210.420,31.439,20.388,PITCH
0.136,-0.849,-0.018,221.856,24.640,28.639,PITCH
0.128,-0.884,0.104,233.905,21.753,24.806,PITCH
0.127,-0.859,0.232,210.761,12.644,32.428,PITCH
0.089,-0.865,0.280,205.144,47.057,39.121,PITCH
0.086,-0.852,0.366,220.369,51.476,57.120,PITCH
0.046,-0.931,0.474,229.670,54.836,53.655,PITCH
0.061,-0.897,0.560,191.669,52.036,37.292,PITCH
0.004,-0.869,0.607,175.420,53.909,34.037,PITCH
-0.010,-0.827,0.634,174.738,44.914,31.343,PITCH
-0.075,-0.696,0.827,175.656,20.528,27.641,PITCH
-0.139,-0.643,0.839,170.459,0.280,22.995,PITCH
-0.078,-0.591,0.879,119.105,-0.875,5.985,PITCH
-0.057,-0.565,0.857,104.090,-7.210,5.206,PITCH
0.001,-0.518,0.780,108.465,-23.809,9.424,PITCH
-0.034,-0.435,0.963,96.889,-37.004,11.279,PITCH
-0.018,-0.439,0.899,58.459,-50.943,2.993,PITCH
-0.022,-0.501,0.922,66.412,-41.571,-0.368,PITCH
-0.024,-0.473,0.973,57.199,-27.772,-8.619,PITCH
0.006,-0.430,1.063,36.549,-14.359,-15.199,PITCH
0.015,-0.506,1.119,21.009,14.123,-14.507,PITCH
0.005,-0.482,0.950,13.221,19.346,-5.110,PITCH
0.015,-0.423,0.849,44.240,14.333,-3.938,PITCH
-0.006,-0.358,0.924,76.720,4.008,-10.001,PITCH
-0.001,-0.349,0.858,92.864,-12.294,-11.314,PITCH
-0.008,-0.360,0.886,119.884,-23.774,-5.679,PITCH
-0.002,-0.296,0.978,159.014,-27.606,0.096,PITCH
0.027,-0.150,0.991,158.445,-16.222,-10.946,PITCH
0.034,-0.043,0.932,159.609,-0.604,-19.819,PITCH
0.060,0.024,1.018,177.616,8.514,-16.529,PITCH
0.073,0.052,1.081,192.745,5.521,-5.031,PITCH
-0.004,0.109,1.125,170.686,14.079,-10.876,PITCH
0.012,0.238,1.101,149.949,18.900,-18.847,PITCH
0.017,0.319,0.990,143.754,24.272,-17.439,PITCH
0.011,0.312,0.929,152.101,35.735,-7.621,PITCH
-0.029,0.372,0.898,141.794,20.125,-4.445,PITCH
-0.031,0.435,0.882,135.074,18.016,-3.273,PITCH
0.009,0.571,0.841,123.620,8.802,1.059,PITCH
-0.046,0.599,0.883,143.771,4.384,9.625,PITCH
-0.075,0.658,0.826,142.721,9.336,6.361,PITCH
-0.039,0.698,0.820,141.488,14.035,2.844,PITCH
-0.053,0.706,0.726,149.065,20.449,3.465,PITCH
-0.050,0.764,0.651,136.771,-2.625,5.819,PITCH
-0.026,0.814,0.551,157.867,-6.746,6.729,PITCH
-0.032,0.824,0.636,162.330,-4.287,5.548,PITCH
-0.027,0.852,0.523,146.230,11.725,5.443,PITCH
-0.056,0.891,0.392,144.935,13.711,6.099,PITCH
-0.020,0.913,0.348,164.824,26.285,5.740,PITCH
-0.069,0.963,0.352,156.048,18.559,3.701,PITCH
-0.035,0.992,0.280,154.070,17.692,-2.118,PITCH
-0.039,0.835,0.094,167.038,16.257,-18.069,PITCH
-0.081,0.945,0.033,165.883,11.375,-19.504,PITCH
-0.065,1.128,0.017,152.259,9.476,-7.096,PITCH
0.011,0.984,-0.038,114.048,9.608,-9.170,PITCH
-0.071,0.980,-0.071,97.562,1.592,-2.756,PITCH
-0.093,1.009,-0.161,118.904,4.725,7.070,PITCH
-0.078,0.982,-0.226,108.658,5.582,11.095,PITCH
-0.069,0.965,-0.276,81.567,1.059,2.284,PITCH
-0.075,0.951,-0.267,58.231,3.334,-3.211,PITCH
-0.071,0.978,-0.287,50.934,6.300,-1.846,PITCH
-0.088,0.935,-0.317,43.645,7.017,-1.505,PITCH
-0.079,0.937,-0.329,26.897,3.404,0.752,PITCH
-0.087,0.916,-0.333,7.403,0.788,3.666,PITCH
-0.084,0.881,-0.340,1.829,-2.511,1.365,PITCH
-0.017,0.973,-0.374,-20.116,-5.198,-0.560,PITCH
-0.084,0.968,-0.340,-39.856,-6.659,7.980,PITCH
-0.091,0.969,-0.302,-71.137,-11.025,9.100,PITCH
-0.072,0.985,-0.253,-93.152,-10.448,10.762,PITCH
-0.057,1.026,-0.180,-146.195,-1.426,8.986,PITCH
0.003,1.013,-0.132,-181.510,-6.081,4.305,PITCH
-0.021,0.954,-0.058,-178.596,-13.414,-7.367,PITCH
-0.033,0.985,-0.030,-173.539,-1.365,0.507,PITCH
-0.112,1.021,0.186,-192.710,-1.872,-0.683,PITCH
-0.055,0.915,0.245,-199.745,-6.247,-12.154,PITCH
-0.079,0.901,0.346,-173.320,1.811,-7.044,PITCH
-0.086,0.919,0.385,-171.999,-8.943,-7.884,PITCH
-0.094,0.869,0.507,-205.476,-14.744,-13.396,PITCH
-0.102,0.827,0.563,-167.589,-1.487,-12.381,PITCH
-0.092,0.709,0.665,-190.435,-11.646,-14.507,PITCH
-0.094,0.732,0.694,-204.225,-41.737,-9.144,PITCH
-0.086,0.737,0.825,-175.901,-27.974,-8.347,PITCH
-0.071,0.657,0.837,-179.165,-25.567,-3.351,PITCH
-0.056,0.532,0.721,-165.961,-34.921,-1.242,PITCH
-0.061,0.513,0.845,-171.071,-17.255,-6.729,PITCH
-0.044,0.460,0.989,-171.614,0.656,-6.589,PITCH
-0.047,0.407,0.949,-114.004,-14.560,2.257,PITCH
-0.069,0.367,0.900,-114.179,-8.706,-1.278,PITCH
-0.087,0.238,0.963,-138.355,-12.206,-8.085,PITCH
-0.034,0.211,1.073,-118.842,-20.746,-4.532,PITCH
-0.044,0.161,0.984,-113.864,-7.866,-1.523,PITCH
-0.065,0.094,0.932,-124.268,-5.915,-5.075,PITCH
-0.064,0.051,0.997,-125.554,-16.721,-5.758,PITCH
-0.001,0.017,1.057,-94.561,-24.640,3.036,PITCH
-0.021,-0.109,1.024,-99.986,-9.091,7.595,PITCH
-0.022,-0.076,1.011,-127.662,-9.196,1.234,PITCH
-0.005,-0.181,1.190,-171.071,-38.553,0.000,PITCH
-0.008,-0.205,1.194,-188.186,-46.804,6.606,PITCH
0.081,-0.302,0.985,-209.930,-36.173,14.490,PITCH
0.037,-0.344,0.928,-210.315,-13.738,21.210,PITCH
-0.017,-0.446,0.671,-185.841,-5.504,20.816,PITCH
0.016,-0.529,0.874,-125.090,-17.483,8.592,PITCH
0.039,-0.561,0.914,-147.158,-34.466,1.024,PITCH
0.063,-0.635,0.804,-165.725,-39.533,-5.154,PITCH
0.027,-0.675,0.743,-153.825,-32.795,-4.095,PITCH
0.054,-0.760,0.664,-134.575,-15.417,-9.161,PITCH
0.076,-0.733,0.578,-144.025,-12.057,-6.711,PITCH
0.046,-0.820,0.543,-147.761,-19.670,-6.860,PITCH
0.114,-0.917,0.598,-123.664,-32.847,-12.057,PITCH
0.085,-0.894,0.458,-125.204,-42.779,-12.696,PITCH
0.066,-0.862,0.339,-124.644,-34.195,-7.472,PITCH
0.112,-0.902,0.319,-111.921,-22.278,-5.276,PITCH
0.095,-0.894,0.296,-109.576,-16.546,-4.874,PITCH
0.112,-0.939,0.214,-104.702,-15.540,-6.807,PITCH
0.102,-0.933,0.157,-93.476,-16.669,-12.749,PITCH
0.169,-0.941,0.170,-98.831,-28.612,-11.988,PITCH
0.161,-0.958,0.149,-96.442,-24.264,-8.216,PITCH
0.176,-0.987,0.066,-88.410,-7.455,-3.194,PITCH
0.146,-0.964,0.079,-93.109,-5.863,0.613,PITCH
0.151,-0.976,0.012,-100.957,-13.169,1.094,PITCH
0.145,-0.997,0.003,-104.702,-12.618,-2.459,PITCH
0.162,-0.980,-0.074,-95.095,3.080,-0.954,PITCH
0.193,-0.981,-0.124,-94.404,0.096,4.358,PITCH
0.184,-0.973,-0.139,-99.698,3.001,3.894,PITCH
0.158,-0.986,-0.211,-98.026,6.510,6.344,PITCH
0.168,-0.963,-0.285,-91.035,-4.620,6.807,PITCH
0.180,-0.921,-0.319,-94.622,-14.884,0.262,PITCH
0.128,-0.915,-0.372,-85.531,-23.984,0.175,PITCH
0.124,-0.906,-0.414,-67.095,-12.600,3.675,PITCH
0.106,-0.882,-0.426,-47.670,4.821,4.121,PITCH
0.125,-0.909,-0.510,-30.642,15.461,2.065,PITCH
0.155,-0.857,-0.527,-5.171,21.919,-0.499,PITCH
0.129,-0.823,-0.581,20.615,19.915,-8.820,PITCH
0.158,-0.861,-0.576,51.021,18.541,-13.177,PITCH
0.212,-0.853,-0.543,62.239,14.507,-9.284,PITCH
0.208,-0.898,-0.528,76.475,5.320,-5.057,PITCH
0.195,-0.887,-0.319,108.640,13.422,-2.581,PITCH
0.179,-0.849,-0.326,106.216,13.676,6.309,PITCH
0.191,-0.963,-0.271,125.283,12.845,8.426,PITCH
0.149,-0.929,-0.131,137.462,22.951,-0.569,PITCH
0.206,-0.902,-0.058,137.786,35.193,7.709,PITCH
0.204,-0.941,0.006,129.631,19.591,11.305,PITCH
0.212,-1.014,-0.017,131.652,14.333,9.502,PITCH
0.194,-0.943,0.146,137.541,4.900,14.271,PITCH
0.187,-0.978,0.117,126.473,-21.560,16.153,PITCH
0.165,-0.931,0.231,134.837,-23.468,19.381,PITCH
0.117,-0.845,0.358,137.716,-12.075,15.444,PITCH
0.174,-0.876,0.381,137.935,1.207,11.576,PITCH
0.148,-0.876,0.425,148.234,3.089,18.970,PITCH
0.108,-0.843,0.566,143.491,0.630,24.386,PITCH
0.114,-0.846,0.574,127.094,3.544,22.750,PITCH
0.129,-0.819,0.552,109.541,13.869,18.183,PITCH
0.123,-0.791,0.598,108.798,24.561,16.581,PITCH
0.104,-0.798,0.647,113.995,29.724,17.701,PITCH
0.080,-0.774,0.809,116.340,23.065,17.850,PITCH
0.076,-0.680,0.824,123.769,4.673,10.141,PITCH
0.062,-0.667,0.724,123.812,3.517,1.207,PITCH
0.045,-0.628,0.763,124.731,6.492,-1.942,PITCH
0.071,-0.545,0.799,123.690,-2.511,-3.841,PITCH
0.055,-0.483,0.893,118.886,-5.924,-0.604,PITCH
0.060,-0.475,0.941,104.676,2.555,0.429,PITCH
0.075,-0.475,0.984,94.421,6.834,3.150,PITCH
0.077,-0.428,0.934,90.169,0.123,2.529,PITCH
0.089,-0.306,0.901,101.290,-1.006,3.483,PITCH
0.056,-0.345,0.891,109.961,7.910,7.315,PITCH
0.085,-0.334,0.907,134.365,9.984,0.035,PITCH
0.058,-0.229,1.059,141.829,19.180,-16.249,PITCH
0.050,-0.090,1.027,155.890,26.154,-19.583,PITCH
0.035,-0.042,1.032,152.854,30.581,-5.994,PITCH
0.015,-0.044,1.035,137.839,20.256,0.044,PITCH
0.012,0.085,1.052,109.944,-5.101,13.318,PITCH
0.048,0.059,1.053,135.056,-9.748,4.139,PITCH
0.011,0.170,0.996,135.992,15.531,-3.544,PITCH
0.012,0.250,0.949,126.402,21.569,-10.106,PITCH
0.014,0.334,0.991,158.961,25.611,-7.718,PITCH
0.012,0.350,0.991,153.921,20.772,-7.586,PITCH
-0.014,0.381,0.909,139.335,2.196,-10.238,PITCH
-0.036,0.492,0.982,144.086,-2.091,-6.650,PITCH
-0.057,0.524,0.894,135.870,-5.338,-6.720,PITCH
-0.035,0.583,0.797,130.121,-12.889,-4.358,PITCH
-0.053,0.620,0.854,125.457,-11.410,-4.104,PITCH
-0.037,0.667,0.766,124.189,-16.730,-6.886,PITCH
0.009,0.674,0.601,140.849,-11.804,-11.042,PITCH
-0.014,0.745,0.746,162.260,15.951,-5.451,PITCH
-0.034,0.760,0.660,160.624,26.583,-6.886,PITCH
-0.036,0.823,0.545,150.902,22.006,-8.523,PITCH
-0.012,0.875,0.509,140.893,12.679,-15.278,PITCH
-0.074,0.852,0.463,145.416,12.784,-19.959,PITCH
-0.043,0.888,0.403,143.622,18.769,-15.461,PITCH
-0.107,1.037,0.221,148.531,3.710,-8.540,PITCH
-0.052,0.938,0.173,166.110,18.891,-10.631,PITCH
-0.048,1.053,0.263,166.723,11.690,-10.797,PITCH
-0.093,0.970,0.176,157.789,12.985,-12.679,PITCH
-0.105,0.942,0.072,144.454,3.220,-19.302,PITCH
-0.101,1.005,-0.022,147.079,9.590,-16.747,PITCH
-0.099,0.915,-0.069,139.764,11.156,-3.701,PITCH
-0.121,0.949,-0.155,114.905,14.350,4.358,PITCH
-0.147,0.957,-0.208,76.746,15.698,6.807,PITCH
-0.071,0.975,-0.247,58.896,7.831,6.046,PITCH
-0.100,0.983,-0.267,46.200,7.000,0.674,PITCH
-0.085,0.975,-0.272,35.630,8.339,1.671,PITCH
-0.111,0.911,-0.307,19.714,6.475,4.812,PITCH
-0.094,0.982,-0.293,-9.686,4.847,14.438,PITCH
-0.088,0.983,-0.266,-43.050,-6.843,15.549,PITCH
-0.090,0.984,-0.243,-64.207,-8.417,14.674,PITCH
-0.098,1.010,-0.186,-85.969,-5.810,11.524,PITCH
-0.126,1.022,-0.047,-120.934,-12.679,2.642,PITCH
-0.106,1.019,-0.126,-166.477,-9.266,-1.803,PITCH
-0.066,1.036,-0.065,-185.719,-6.134,0.647,PITCH
-0.041,0.972,-0.010,-209.641,-4.419,1.942,PITCH
-0.070,0.960,0.192,-212.345,-21.455,3.089,PITCH
-0.044,0.993,0.298,-197.024,-20.606,6.169,PITCH
-0.129,1.019,0.421,-185.754,-25.524,4.734,PITCH
-0.069,0.914,0.436,-202.160,-44.135,-3.500,PITCH
-0.029,0.765,0.525,-157.351,-46.007,1.304,PITCH
-0.037,0.757,0.594,-167.396,-19.276,0.569,PITCH
-0.071,0.876,0.744,-189.044,-13.764,1.295,PITCH
-0.033,0.733,0.609,-173.556,-41.248,-6.571,PITCH
-0.019,0.545,0.771,-163.870,-8.566,-3.378,PITCH
-0.040,0.577,0.805,-180.495,13.370,3.981,PITCH
-0.044,0.643,0.863,-201.705,-12.259,5.399,PITCH
-0.011,0.557,0.949,-163.485,-53.961,10.526,PITCH
-0.065,0.366,1.010,-156.459,-21.770,7.175,PITCH
-0.015,0.298,0.906,-140.271,-7.963,10.972,PITCH
-0.019,0.262,0.874,-140.717,-29.181,10.640,PITCH
0.010,0.200,1.048,-140.613,-22.680,6.746,PITCH
0.016,0.157,1.013,-131.950,-23.677,5.154,PITCH
0.025,0.103,0.958,-140.822,-25.708,-0.254,PITCH
0.061,0.031,0.932,-162.846,-19.302,-3.622,PITCH
0.100,-0.090,0.973,-136.929,-24.999,-1.365,PITCH
0.071,-0.181,1.068,-96.425,-25.323,11.454,PITCH
0.078,-0.211,1.085,-91.490,-9.590,13.344,PITCH
0.059,-0.219,0.973,-112.359,-9.984,13.204,PITCH
0.058,-0.266,1.019,-138.626,-26.416,9.188,PITCH
0.099,-0.332,0.934,-124.705,-28.612,8.041,PITCH
0.085,-0.382,0.893,-109.970,-7.254,11.401,PITCH
0.099,-0.441,0.974,-105.131,12.127,19.014,PITCH
0.079,-0.446,1.074,-127.610,1.479,20.930,PITCH
0.087,-0.446,0.919,-146.169,0.569,15.689,PITCH
0.041,-0.495,0.921,-130.410,-3.211,4.043,PITCH
0.067,-0.612,0.809,-151.821,-1.339,5.889,PITCH
0.077,-0.618,0.767,-132.125,-13.142,10.141,PITCH
0.077,-0.680,0.785,-136.701,-20.177,8.382,PITCH
0.043,-0.781,0.810,-142.432,-18.244,5.994,PITCH
0.069,-0.857,0.704,-145.031,-25.130,-1.181,PITCH
0.086,-0.751,0.627,-163.905,-38.570,-6.956,PITCH
0.062,-0.755,0.544,-171.194,-39.025,-10.430,PITCH
0.042,-0.934,0.417,-176.697,-35.411,-11.515,PITCH
0.135,-0.992,0.376,-172.471,-41.536,-20.046,PITCH
0.150,-0.861,0.376,-182.805,-50.803,-32.926,PITCH
0.159,-0.838,0.178,-203.753,-48.361,-36.505,PITCH
0.162,-0.793,0.077,-198.284,-30.940,-10.561,PITCH
0.151,-1.006,-0.167,-215.696,-12.180,-2.249,PITCH
0.157,-0.996,-0.093,-185.421,7.157,-12.766,PITCH
0.183,-0.930,-0.177,-197.846,3.876,-12.661,PITCH
0.136,-0.896,-0.312,-216.501,-4.935,-11.760,PITCH
0.182,-0.816,-0.414,-168.018,-11.655,-1.776,PITCH
0.181,-0.781,-0.432,-134.277,-10.789,5.399,PITCH
0.180,-0.748,-0.510,-129.990,-11.427,10.360,PITCH
0.157,-0.791,-0.529,-117.302,-26.889,12.556,PITCH
0.164,-0.743,-0.574,-111.939,-30.144,15.102,PITCH
0.139,-0.773,-0.592,-91.341,-10.815,19.337,PITCH
0.185,-0.728,-0.680,-91.236,-10.211,18.987,PITCH
0.109,-0.769,-0.747,-72.249,-9.599,18.839,PITCH
0.125,-0.710,-0.725,-52.631,-13.151,21.621,PITCH
0.127,-0.694,-0.757,-41.667,-16.573,14.656,PITCH
0.116,-0.699,-0.780,-29.129,-13.528,14.297,PITCH
0.105,-0.676,-0.810,-9.844,-5.311,16.721,PITCH
0.101,-0.705,-0.873,13.799,0.324,10.448,PITCH
0.094,-0.712,-0.874,49.306,12.154,1.339,PITCH
0.086,-0.751,-0.927,74.104,18.673,-2.398,PITCH
0.135,-0.763,-0.825,120.461,29.382,-1.663,PITCH
0.162,-0.716,-0.676,144.428,41.886,6.965,PITCH
0.133,-0.781,-0.670,171.911,33.180,11.743,PITCH
0.146,-0.808,-0.583,199.631,25.419,13.256,PITCH
0.145,-0.711,-0.405,195.230,21.184,18.778,PITCH
0.101,-0.733,-0.349,187.792,22.426,19.862,PITCH
0.144,-0.818,-0.323,191.363,30.800,18.191,PITCH
0.113,-0.870,-0.169,175.910,20.904,15.811,PITCH
0.090,-0.878,-0.068,183.155,12.163,6.545,PITCH
0.117,-0.900,0.066,192.518,30.564,5.994,PITCH
0.160,-0.887,0.107,190.260,31.019,13.405,PITCH
0.134,-0.950,0.108,192.430,23.450,20.685,PITCH
0.033,-0.798,0.416,208.670,23.958,20.790,PITCH
0.108,-0.839,0.440,197.488,10.483,17.220,PITCH
0.104,-0.771,0.503,200.305,3.535,16.424,PITCH
0.077,-0.753,0.672,194.749,-2.520,21.429,PITCH
0.038,-0.804,0.633,181.816,-5.443,19.320,PITCH
0.039,-0.682,0.778,190.190,7.726,15.068,PITCH
0.031,-0.623,0.885,196.936,11.865,13.746,PITCH
0.016,-0.605,1.021,163.450,-13.256,12.040,PITCH
0.024,-0.649,1.109,120.619,0.254,5.810,PITCH
0.071,-0.533,0.820,124.591,18.673,11.865,PITCH
0.055,-0.461,0.862,169.557,24.579,20.003,PITCH
0.027,-0.297,1.000,170.914,22.278,14.656,PITCH
0.000,-0.292,1.023,156.923,16.625,12.460,PITCH
-0.017,-0.254,0.951,147.840,14.621,7.831,PITCH
-0.012,-0.156,0.953,150.789,14.201,8.890,PITCH
-0.002,-0.111,0.947,136.465,9.756,4.926,PITCH
-0.016,-0.046,1.007,139.536,18.743,2.476,PITCH
-0.035,-0.007,0.977,145.259,21.149,1.654,PITCH
-0.013,0.046,0.971,170.327,17.255,0.052,PITCH
-0.036,0.114,1.006,162.610,15.575,1.006,PITCH
-0.053,0.248,1.002,148.628,18.191,0.936,PITCH
-0.077,0.275,0.995,174.947,20.519,4.883,PITCH
-0.065,0.377,1.019,186.393,33.057,5.950,PITCH
-0.072,0.448,0.942,169.986,24.483,5.023,PITCH
-0.086,0.514,0.846,177.966,23.677,1.942,PITCH
-0.089,0.572,0.874,182.857,22.846,2.380,PITCH
-0.077,0.596,0.771,177.415,26.696,4.463,PITCH
-0.107,0.702,0.761,186.708,24.579,8.916,PITCH
-0.078,0.786,0.689,183.654,14.639,8.417,PITCH
-0.110,0.806,0.658,149.590,5.653,11.349,PITCH
-0.106,0.795,0.564,132.221,-1.286,14.752,PITCH
-0.134,0.867,0.531,110.574,1.304,13.510,PITCH
-0.146,0.888,0.514,119.306,-0.368,9.118,PITCH
-0.089,0.911,0.459,113.496,-3.710,5.162,PITCH
-0.084,0.955,0.353,81.848,-7.472,5.644,PITCH
-0.105,0.919,0.364,72.783,-8.111,4.690,PITCH
-0.085,0.996,0.307,75.250,-7.429,9.756,PITCH
-0.096,0.968,0.309,93.879,-7.026,12.084,PITCH
-0.094,0.946,0.291,95.856,-7.210,8.890,PITCH
-0.064,1.015,0.142,83.799,-6.099,1.514,PITCH
-0.077,0.974,0.073,119.954,-3.281,-1.724,PITCH
-0.057,0.955,0.101,157.238,3.964,-4.909,PITCH
-0.102,0.901,0.124,118.475,11.025,2.266,PITCH
-0.097,0.992,0.025,63.744,5.338,0.971,PITCH
-0.113,0.964,-0.027,38.868,-3.824,-0.534,PITCH
-0.115,0.984,-0.035,21.184,-2.249,0.403,PITCH
-0.141,1.079,-0.002,-19.119,-7.499,-3.194,PITCH
-0.102,1.036,-0.009,-38.596,-11.358,2.013,PITCH
-0.095,1.088,0.032,-50.278,-11.856,5.836,PITCH
-0.076,1.032,0.135,-70.761,-15.689,7.227,PITCH
-0.137,1.044,0.098,-104.668,-10.754,12.443,PITCH
-0.100,0.989,0.174,-130.804,8.146,0.998,PITCH
-0.068,0.944,0.193,-173.512,34.991,-8.365,PITCH
-0.063,1.091,0.156,-187.381,22.452,-7.569,PITCH
-0.084,0.968,0.344,-175.709,7.963,-9.844,PITCH
-0.110,0.849,0.412,-151.637,-8.453,-7.341,PITCH
-0.123,0.829,0.498,-163.712,-20.519,-4.594,PITCH
-0.118,0.934,0.570,-187.827,-23.712,-7.989,PITCH
-0.093,0.842,0.630,-171.841,-29.610,-11.025,PITCH
-0.108,0.640,0.661,-150.885,-36.339,-7.674,PITCH
-0.073,0.632,0.716,-161.367,-41.764,-3.273,PITCH
-0.071,0.679,0.823,-146.842,-26.276,-2.021,PITCH
-0.043,0.619,0.837,-140.018,-17.316,-2.266,PITCH
-0.057,0.525,0.834,-132.458,-16.389,-0.788,PITCH
-0.076,0.460,0.895,-138.110,-9.345,-1.846,PITCH
-0.064,0.444,0.884,-108.159,-6.510,2.310,PITCH
-0.077,0.407,0.996,-116.471,-9.406,0.507,PITCH
-0.086,0.361,1.003,-130.182,5.084,-3.054,PITCH
-0.077,0.327,0.987,-133.997,-6.781,-3.168,PITCH
-0.093,0.265,0.999,-138.084,-16.301,-2.371,PITCH
-0.087,0.157,1.077,-130.699,-7.753,-3.290,PITCH
-0.066,0.111,1.042,-146.178,-3.605,3.019,PITCH
-0.068,0.082,1.061,-154.919,-5.206,2.450,PITCH
-0.061,0.004,1.113,-192.885,-3.027,-0.805,PITCH
-0.097,-0.009,1.105,-225.855,-26.250,-8.977,PITCH
0.015,-0.228,0.991,-239.277,-50.033,-18.042,PITCH
-0.012,-0.276,0.949,-232.024,-42.534,-9.748,PITCH
0.013,-0.285,0.912,-243.119,-22.802,-2.188,PITCH
-0.080,-0.542,0.778,-242.296,-19.486,1.986,PITCH
0.054,-0.661,0.782,-226.538,-66.448,-8.969,PITCH
0.031,-0.798,0.650,-224.875,-72.607,-5.154,PITCH
0.059,-0.691,0.605,-205.992,-44.467,1.916,PITCH
0.063,-0.798,0.547,-188.134,-28.647,-3.763,PITCH
0.078,-0.964,0.536,-169.610,-22.365,-6.659,PITCH
0.078,-0.929,0.395,-176.829,-21.954,-18.882,PITCH
0.125,-0.776,0.357,-181.344,-13.291,-28.429,PITCH
0.137,-0.845,0.236,-178.701,0.551,-16.118,PITCH
0.120,-0.931,0.135,-170.012,10.736,-10.701,PITCH
0.124,-0.911,0.069,-168.262,1.487,-11.821,PITCH
0.139,-0.950,0.012,-162.251,-7.245,2.555,PITCH
0.155,-0.957,-0.050,-154.682,4.349,15.470,PITCH
0.101,-1.044,-0.201,-148.330,2.354,21.875,PITCH
0.069,-0.978,-0.155,-122.518,5.451,24.439,PITCH
0.059,-0.933,-0.262,-121.406,10.833,12.836,PITCH
0.090,-0.967,-0.269,-137.690,13.965,9.546,PITCH
0.122,-0.933,-0.262,-145.731,17.132,14.114,PITCH
0.082,-0.869,-0.360,-139.904,8.794,18.786,PITCH
0.059,-0.855,-0.402,-123.567,-4.646,18.384,PITCH
0.066,-0.873,-0.556,-101.421,-6.449,7.350,PITCH
0.070,-0.879,-0.604,-77.341,-7.262,5.950,PITCH
0.069,-0.795,-0.595,-82.696,-13.816,7.490,PITCH
0.041,-0.808,-0.629,-70.490,-19.425,5.793,PITCH
0.024,-0.813,-0.693,-34.528,-22.636,2.616,PITCH
0.009,-0.785,-0.724,-18.506,-14.604,-2.030,PITCH
0.037,-0.782,-0.667,8.015,-4.043,-5.451,PITCH
0.045,-0.787,-0.685,25.025,-2.039,-8.269,PITCH
0.056,-0.787,-0.682,48.213,6.781,-8.190,PITCH
0.050,-0.808,-0.686,63.910,11.804,-6.983,PITCH
0.092,-0.826,-0.601,86.747,13.239,-4.358,PITCH
0.093,-0.838,-0.553,104.125,12.565,-1.645,PITCH
0.070,-0.866,-0.453,114.949,1.479,-1.872,PITCH
0.073,-0.879,-0.415,114.966,6.239,-4.314,PITCH
0.073,-0.913,-0.356,115.850,-0.315,-4.182,PITCH
0.083,-0.925,-0.302,127.592,-5.407,-5.556,PITCH
0.047,-0.892,-0.207,131.049,12.171,-4.585,PITCH
0.120,-0.951,-0.191,102.935,26.390,-3.938,PITCH
0.107,-0.974,-0.153,85.514,11.865,4.568,PITCH
0.083,-0.957,-0.056,104.107,-9.398,3.168,PITCH
0.104,-0.940,-0.020,99.680,-3.500,-0.052,PITCH
0.110,-0.972,0.033,106.671,-5.049,1.575,PITCH
0.125,-0.986,0.150,121.144,-9.301,2.459,PITCH
0.086,-0.963,0.133,146.431,-14.236,-0.359,PITCH
0.100,-0.947,0.158,161.105,-14.551,-7.516,PITCH
0.079,-1.002,0.226,165.366,-12.355,-9.634,PITCH
0.069,-0.966,0.313,167.405,-8.724,-9.406,PITCH
0.123,-0.848,0.459,205.406,3.281,-3.185,PITCH
0.110,-0.815,0.447,212.074,9.214,-8.304,PITCH
0.120,-0.730,0.497,219.809,-8.251,-7.586,PITCH
0.131,-0.692,0.696,242.559,-6.597,-0.814,PITCH
0.127,-0.601,0.818,225.120,-9.511,-8.715,PITCH
0.137,-0.532,0.811,197.076,-9.240,-17.754,PITCH
0.123,-0.436,0.873,194.171,25.620,-16.721,PITCH
0.108,-0.371,0.894,210.053,23.292,-9.564,PITCH
0.060,-0.289,0.950,212.083,17.596,-2.879,PITCH
0.099,-0.279,1.113,196.289,28.779,-3.150,PITCH
0.119,-0.242,1.061,134.943,30.590,5.539,PITCH
0.080,-0.142,1.072,100.223,23.529,7.490,PITCH
0.088,-0.135,1.053,64.838,28.989,9.319,PITCH
0.065,-0.151,1.063,44.616,28.236,12.057,PITCH
0.033,-0.120,1.080,13.956,23.529,3.658,PITCH
0.043,-0.085,1.079,-11.725,11.200,4.847,PITCH
0.027,-0.082,1.083,-27.335,-8.689,11.541,PITCH
0.030,-0.100,1.053,-24.561,-14.359,11.865,PITCH
0.030,-0.187,0.989,-20.475,6.108,6.247,PITCH
0.058,-0.221,0.979,-13.458,11.235,7.516,PITCH
0.051,-0.218,1.048,13.020,6.379,7.114,PITCH
0.037,-0.189,1.019,33.399,1.479,5.259,PITCH
0.020,-0.181,1.003,70.052,-1.942,6.676,PITCH
0.007,-0.081,0.985,92.312,-1.628,4.664,PITCH
0.007,-0.053,0.958,118.904,6.825,6.073,PITCH
-0.003,-0.010,0.912,137.471,11.856,6.265,PITCH
0.006,0.008,1.034,160.020,14.009,5.023,PITCH
-0.001,0.133,1.005,159.574,13.484,-0.394,PITCH
0.012,0.192,0.979,158.174,13.939,-3.780,PITCH
0.015,0.281,0.921,151.664,16.642,-3.850,PITCH
-0.001,0.345,0.960,157.290,29.584,-4.690,PITCH
-0.048,0.407,0.877,154.796,38.614,-9.485,PITCH
-0.065,0.503,0.838,159.294,44.004,-14.070,PITCH
-0.051,0.566,0.840,173.583,42.079,-0.289,PITCH
-0.082,0.683,0.912,164.378,18.690,13.501,PITCH
-0.066,0.730,0.742,159.311,23.257,12.250,PITCH
-0.091,0.721,0.683,170.284,18.296,14.534,PITCH
-0.094,0.840,0.563,181.545,10.806,10.570,PITCH
-0.094,0.846,0.625,203.280,20.729,8.636,PITCH
-0.097,0.899,0.434,182.053,26.556,5.574,PITCH
-0.078,0.987,0.359,171.316,21.228,9.170,PITCH
-0.085,1.000,0.331,191.783,7.298,9.677,PITCH
-0.107,0.983,0.212,198.704,-1.321,15.881,PITCH
-0.092,0.951,0.207,210.289,-11.323,10.413,PITCH
-0.107,0.962,0.154,191.135,-2.616,4.585,PITCH
-0.075,0.989,-0.069,170.607,3.894,-10.369,PITCH
-0.093,1.043,-0.131,173.758,7.630,-16.144,PITCH
-0.116,0.919,-0.165,158.034,10.229,-4.392,PITCH
-0.127,1.018,-0.221,140.962,15.426,-1.592,PITCH
-0.142,0.961,-0.284,128.625,15.304,5.101,PITCH
-0.128,0.926,-0.323,105.954,-1.426,7.814,PITCH
-0.126,0.897,-0.459,82.119,-17.579,8.426,PITCH
-0.107,0.858,-0.450,73.946,-25.007,9.039,PITCH
-0.096,0.841,-0.472,50.680,-28.298,11.174,PITCH
-0.077,0.798,-0.455,26.495,-29.907,9.844,PITCH
-0.067,0.836,-0.461,0.525,-22.829,10.675,PITCH
-0.085,0.871,-0.412,-24.859,-17.483,8.295,PITCH
-0.098,0.891,-0.368,-41.781,-12.460,2.686,PITCH
-0.093,0.927,-0.394,-73.089,-3.036,-2.870,PITCH
-0.099,0.952,-0.328,-115.229,6.807,-2.879,PITCH
-0.081,0.907,-0.299,-124.574,10.990,0.892,PITCH
-0.092,0.977,-0.286,-151.217,17.439,0.630,PITCH
-0.094,0.996,-0.210,-219.791,40.696,-5.539,PITCH
-0.070,0.994,-0.226,-242.988,21.070,-17.448,PITCH
-0.072,1.037,0.028,-215.057,10.806,-22.461,PITCH
-0.142,0.974,0.181,-171.754,21.656,-16.756,PITCH
-0.160,1.045,0.186,-199.098,5.521,-21.866,PITCH
-0.128,1.028,0.242,-203.394,-9.467,-27.020,PITCH
-0.143,0.876,0.338,-175.341,-32.410,-23.747,PITCH
-0.143,0.831,0.455,-172.410,-29.365,-23.074,PITCH
-0.154,0.911,0.549,-206.019,-28.035,-20.431,PITCH
-0.170,0.857,0.616,-190.794,-31.614,-24.517,PITCH
-0.137,0.724,0.577,-159.224,-33.862,-23.135,PITCH
-0.152,0.624,0.665,-126.009,-44.153,-15.102,PITCH
-0.149,0.629,0.781,-154.691,-23.817,-18.725,PITCH
-0.150,0.655,0.798,-160.738,-19.653,-16.739,PITCH
-0.134,0.567,0.781,-126.709,-26.486,-4.524,PITCH
-0.143,0.442,0.830,-118.379,3.902,-1.435,PITCH
-0.170,0.480,0.866,-106.076,-10.045,-2.013,PITCH
-0.131,0.411,0.928,-81.183,-28.796,2.774,PITCH
-0.118,0.323,0.899,-107.100,-11.760,-0.569,PITCH
-0.127,0.321,0.891,-110.512,6.318,-4.778,PITCH
-0.133,0.270,0.973,-87.780,-15.312,-2.529,PITCH
-0.165,0.197,1.075,-68.128,2.721,-2.704,PITCH
-0.151,0.160,1.075,-78.934,23.581,-8.172,PITCH
-0.163,0.212,1.029,-87.789,16.503,-9.564,PITCH
-0.194,0.204,1.035,-71.348,-4.296,-5.836,PITCH
-0.177,0.105,1.031,-69.309,-7.385,-6.519,PITCH
-0.138,0.019,1.024,-68.582,-18.681,-7.849,PITCH
-0.140,0.051,1.086,-71.382,-24.001,-9.144,PITCH
-0.144,0.072,1.086,-65.844,-30.721,-7.262,PITCH
-0.119,0.033,1.050,-75.311,-34.300,-4.804,PITCH
-0.101,-0.003,1.038,-106.251,-34.807,-7.227,PITCH
-0.125,-0.106,1.128,-127.085,-33.303,-8.225,PITCH
-0.087,-0.147,1.151,-149.048,-28.368,-10.570,PITCH
-0.135,-0.230,1.113,-195.387,-16.170,-15.531,PITCH
-0.090,-0.274,0.994,-227.780,-12.950,-17.220,PITCH
-0.050,-0.326,0.998,-224.446,-24.097,-15.330,PITCH
-0.045,-0.428,0.844,-216.729,-32.235,-11.034,PITCH
-0.109,-0.557,0.716,-214.051,-27.151,-8.960,PITCH
-0.030,-0.561,0.760,-179.384,-35.630,-4.182,PITCH
0.006,-0.707,0.811,-159.311,-43.479,-5.093,PITCH
0.037,-0.811,0.657,-173.372,-54.880,-6.773,PITCH
0.012,-0.848,0.570,-161.875,-55.650,-4.218,PITCH
0.023,-0.787,0.602,-157.649,-47.232,-4.804,PITCH
0.042,-0.821,0.481,-174.773,-41.737,-12.119,PITCH
0.041,-0.987,0.194,-151.970,-39.716,-6.562,PITCH
0.098,-0.902,0.275,-134.697,-45.518,-1.890,PITCH
0.030,-0.901,0.230,-131.014,-33.049,-3.325,PITCH
0.041,-0.974,0.172,-124.119,-6.387,-9.406,PITCH
0.127,-0.929,0.117,-122.281,-2.809,-5.889,PITCH
0.093,-0.915,0.021,-118.003,-11.226,3.902,PITCH
0.076,-0.916,-0.014,-118.711,-3.938,7.674,PITCH
0.107,-0.936,-0.037,-134.356,7.044,20.737,PITCH
0.116,-0.974,-0.076,-122.946,3.307,21.577,PITCH
0.084,-0.932,-0.156,-136.920,-4.568,10.649,PITCH
0.081,-1.018,-0.290,-133.936,-0.289,10.342,PITCH
0.109,-0.949,-0.255,-115.876,-4.629,13.195,PITCH
0.086,-0.910,-0.298,-113.654,-30.345,12.346,PITCH
0.053,-0.895,-0.335,-119.271,-37.607,11.007,PITCH
0.013,-0.919,-0.455,-113.978,-38.596,7.971,PITCH
-0.007,-0.883,-0.487,-87.701,-19.005,8.085,PITCH
-0.013,-0.894,-0.553,-69.011,-2.266,7.831,PITCH
-0.038,-0.878,-0.633,-34.458,15.033,6.142,PITCH
-0.007,-0.867,-0.620,-12.198,26.075,6.326,PITCH
0.020,-0.832,-0.591,11.681,27.825,2.100,PITCH
0.037,-0.780,-0.579,28.796,22.260,-0.096,PITCH
0.040,-0.847,-0.647,57.846,16.949,-8.356,PITCH
0.050,-0.848,-0.559,78.881,14.665,-15.715,PITCH
0.065,-0.866,-0.488,102.515,27.003,-13.064,PITCH
0.086,-0.927,-0.472,119.613,31.850,-7.980,PITCH
0.103,-0.935,-0.467,125.387,20.746,3.588,PITCH
0.082,-0.842,-0.230,127.916,15.960,4.524,PITCH
0.072,-0.943,-0.257,126.560,35.586,4.795,PITCH
0.090,-1.013,-0.183,152.040,31.308,14.551,PITCH
0.095,-0.887,-0.035,149.415,30.083,16.721,PITCH
0.074,-0.903,0.023,136.815,44.135,13.930,PITCH
0.056,-0.997,-0.042,159.206,43.706,17.815,PITCH
0.074,-0.974,0.183,208.626,41.423,33.110,PITCH
0.014,-0.939,0.285,187.827,33.049,33.486,PITCH
0.019,-0.935,0.325,167.116,22.549,30.511,PITCH
0.014,-0.976,0.416,148.732,7.017,33.171,PITCH
0.058,-0.966,0.488,148.768,12.302,33.513,PITCH
0.002,-0.879,0.467,156.494,18.454,37.949,PITCH
-0.040,-0.769,0.621,164.902,8.199,39.804,PITCH
-0.069,-0.713,0.632,178.649,13.029,34.265,PITCH
-0.064,-0.619,0.775,197.855,-4.559,33.950,PITCH
-0.123,-0.585,0.795,196.770,-23.275,28.639,PITCH
-0.079,-0.550,0.839,196.280,-34.764,21.823,PITCH
-0.048,-0.470,0.860,180.425,-38.412,19.136,PITCH
-0.041,-0.409,0.885,167.072,-26.915,17.229,PITCH
-0.079,-0.320,0.917,177.520,-18.331,14.998,PITCH
-0.061,-0.223,0.970,161.551,-9.966,10.290,PITCH
-0.051,-0.201,1.024,142.004,-0.140,5.014,PITCH
-0.059,-0.140,1.024,111.939,6.676,5.119,PITCH
-0.033,-0.114,1.026,97.825,11.856,6.536,PITCH
-0.019,-0.025,1.070,87.614,12.810,6.108,PITCH
-0.070,-0.028,1.072,68.976,15.855,9.660,PITCH
-0.035,-0.074,1.107,40.250,5.372,9.616,PITCH
-0.086,-0.076,1.154,10.789,11.410,8.951,PITCH
-0.106,-0.056,1.116,-11.261,8.820,4.681,PITCH
-0.086,-0.092,1.066,-6.580,-2.021,3.220,PITCH
-0.068,-0.080,0.996,4.760,-9.345,6.230,PITCH
-0.047,-0.076,1.023,29.173,-8.776,6.204,PITCH
-0.058,-0.016,1.011,60.200,-15.365,8.059,PITCH
-0.074,-0.012,1.049,100.056,-17.089,8.557,PITCH
-0.061,0.027,1.030,115.631,-26.416,12.985,PITCH
-0.027,0.100,0.983,137.121,-20.746,11.672,PITCH
-0.038,0.173,0.995,140.796,-15.225,12.171,PITCH
-0.034,0.193,0.898,154.193,-1.829,9.188,PITCH
-0.024,0.229,0.794,163.791,9.494,4.051,PITCH
-0.054,0.374,0.866,187.285,14.368,-3.010,PITCH
-0.082,0.491,0.867,178.395,19.521,-11.130,PITCH
-0.044,0.559,0.823,182.149,22.496,-21.429,PITCH
-0.022,0.630,0.736,189.079,16.441,-15.706,PITCH
-0.058,0.650,0.680,208.512,3.509,-9.844,PITCH
-0.077,0.779,0.732,214.708,7.420,-3.920,PITCH
-0.147,0.898,0.706,196.534,11.296,-16.310,PITCH
-0.094,0.939,0.519,185.579,9.529,-24.666,PITCH
-0.093,0.968,0.433,202.151,-1.846,-22.514,PITCH
-0.114,0.961,0.471,223.484,10.194,-18.314,PITCH
-0.078,0.916,0.538,204.085,26.364,6.344,PITCH
-0.140,0.966,0.156,168.621,15.575,17.666,PITCH
-0.178,0.983,0.111,153.492,3.115,20.510,PITCH
-0.104,1.059,0.028,130.673,-16.188,14.507,PITCH
-0.127,0.977,0.008,127.864,-19.416,14.613,PITCH
-0.126,1.004,-0.051,135.240,-12.311,18.314,PITCH
-0.108,0.923,-0.092,126.359,-4.384,21.858,PITCH
-0.079,0.991,-0.172,95.699,-1.908,15.977,PITCH
-0.084,1.027,-0.237,81.725,-0.350,3.010,PITCH
-0.083,0.969,-0.246,68.574,-0.035,1.120,PITCH
-0.086,0.935,-0.293,57.033,1.470,0.621,PITCH
-0.068,0.929,-0.316,33.766,1.033,-0.919,PITCH
-0.085,0.931,-0.310,17.255,4.200,0.534,PITCH
-0.077,0.961,-0.291,-1.190,3.719,0.385,PITCH
-0.068,0.942,-0.313,-12.329,-0.376,2.940,PITCH
-0.066,0.941,-0.287,-32.454,-0.647,3.500,PITCH
-0.077,0.940,-0.241,-46.331,-1.138,3.010,PITCH
-0.069,0.976,-0.161,-80.640,-5.679,2.336,PITCH
-0.073,1.021,-0.184,-119.394,-3.264,7.796,PITCH
-0.063,1.051,-0.139,-138.285,-0.577,4.287,PITCH
-0.062,0.915,-0.092,-138.871,-1.444,3.237,PITCH
-0.053,0.962,-0.079,-167.527,21.595,6.326,PITCH
-0.064,0.994,0.072,-200.191,21.306,-0.131,PITCH
-0.023,1.010,0.130,-179.716,12.915,-8.645,PITCH
-0.101,0.892,0.288,-154.122,22.243,-3.754,PITCH
-0.120,0.997,0.336,-189.193,11.331,-12.154,PITCH
-0.111,0.980,0.476,-182.744,-23.170,-16.914,PITCH
-0.084,0.865,0.544,-156.223,-25.366,-11.445,PITCH
-0.113,0.836,0.558,-169.488,-39.366,-8.610,PITCH
-0.057,0.802,0.560,-191.887,-49.525,-7.088,PITCH
-0.058,0.707,0.746,-162.636,-29.907,1.216,PITCH
-0.081,0.715,0.789,-160.930,-14.131,0.245,PITCH
-0.057,0.679,0.789,-181.510,-18.655,-3.771,PITCH
-0.034,0.594,0.804,-171.806,-24.596,-2.651,PITCH
-0.045,0.493,0.966,-164.929,-13.895,-2.371,PITCH
-0.054,0.473,0.926,-151.139,-16.459,-2.310,PITCH
-0.036,0.365,0.881,-157.535,-7.936,-1.592,PITCH
-0.055,0.287,0.952,-184.879,14.910,-1.190,PITCH
-0.050,0.281,1.012,-171.369,1.242,0.018,PITCH
-0.036,0.202,0.935,-154.210,-9.905,3.124,PITCH
-0.048,0.069,0.893,-138.626,-18.673,-0.438,PITCH
-0.062,-0.069,1.068,-142.231,-25.060,1.864,PITCH
-0.027,-0.085,1.202,-153.116,-15.269,4.008,PITCH
-0.021,-0.124,1.125,-151.996,-11.025,4.104,PITCH
-0.011,-0.186,0.852,-143.316,-13.965,9.345,PITCH
-0.026,-0.201,0.894,-68.670,0.026,11.874,PITCH
-0.038,-0.287,0.970,-16.817,12.539,11.148,PITCH
-0.044,-0.263,0.918,-9.161,13.571,9.774,PITCH
-0.042,-0.216,0.953,2.861,5.460,2.642,PITCH
-0.032,-0.220,0.976,20.108,-0.201,-0.245,PITCH
-0.019,-0.268,0.994,21.429,2.984,1.400,PITCH
-0.023,-0.244,0.999,11.419,1.006,2.118,PITCH
-0.045,-0.219,1.037,-6.624,-0.175,2.590,PITCH
-0.057,-0.244,1.061,-30.485,-1.383,1.435,PITCH
-0.043,-0.281,1.128,-60.051,-7.551,-2.118,PITCH
-0.042,-0.240,1.149,-82.206,-13.081,-2.861,PITCH
-0.044,-0.286,1.088,-119.997,-14.026,-6.431,PITCH
-0.045,-0.335,1.015,-145.530,-11.751,-7.105,PITCH
-0.031,-0.430,1.048,-172.384,-25.603,-1.741,PITCH
0.057,-0.485,0.980,-206.867,-56.709,1.260,PITCH
-0.039,-0.512,0.810,-220.281,-50.024,8.024,PITCH
-0.019,-0.679,0.534,-181.212,-25.804,9.380,PITCH
0.060,-0.599,0.750,-155.654,-25.025,7.026,PITCH
0.045,-0.745,0.717,-155.837,-24.885,-1.768,PITCH
-0.008,-0.882,0.601,-160.081,-29.890,2.625,PITCH
-0.019,-0.832,0.523,-148.986,-26.337,-0.779,PITCH
0.033,-0.829,0.497,-139.475,-24.657,-6.668,PITCH
0.023,-0.803,0.454,-141.330,-23.958,-6.606,PITCH
0.020,-0.949,0.285,-133.866,-6.843,-2.984,PITCH
0.050,-0.867,0.340,-129.981,16.677,2.756,PITCH
0.053,-0.890,0.296,-155.391,18.323,3.141,PITCH
0.094,-0.899,0.164,-185.824,1.295,-10.229,PITCH
0.020,-0.987,-0.085,-178.964,-13.440,-13.834,PITCH
0.084,-0.954,-0.047,-187.189,-28.901,-2.293,PITCH
0.116,-0.822,-0.035,-222.486,-47.303,8.505,PITCH
0.162,-1.014,-0.307,-207.130,-60.314,4.095,PITCH
0.014,-1.122,-0.391,-143.614,-44.607,-6.851,PITCH
0.063,-0.900,-0.287,-103.967,-11.244,3.797,PITCH
0.051,-0.867,-0.385,-114.406,-5.495,16.144,PITCH
0.044,-0.837,-0.498,-101.150,-16.826,19.933,PITCH
0.012,-0.860,-0.476,-96.933,-23.100,19.442,PITCH
0.009,-0.802,-0.395,-96.416,-18.576,22.391,PITCH
0.018,-0.831,-0.406,-96.224,-15.767,25.331,PITCH
0.029,-0.796,-0.531,-105.438,-3.132,33.364,PITCH
-0.036,-0.757,-0.692,-111.449,9.765,37.616,PITCH
-0.073,-0.737,-0.808,-90.878,-2.695,26.618,PITCH
-0.048,-0.741,-0.759,-78.829,-12.276,19.609,PITCH
-0.046,-0.714,-0.671,-61.819,-13.064,9.249,PITCH
-0.059,-0.659,-0.724,-57.199,0.472,8.706,PITCH
-0.062,-0.638,-0.851,-42.796,0.481,4.707,PITCH
-0.025,-0.623,-0.853,-31.666,-1.837,2.004,PITCH
-0.054,-0.632,-0.810,-15.925,5.539,-0.061,PITCH
-0.082,-0.657,-0.880,12.583,28.936,-1.304,PITCH
-0.016,-0.674,-0.871,54.285,57.505,2.870,PITCH
-0.002,-0.678,-0.933,77.507,61.014,4.182,PITCH
0.011,-0.717,-0.896,100.494,37.153,-2.450,PITCH
0.031,-0.752,-0.692,139.598,24.378,-7.586,PITCH
-0.023,-0.760,-0.688,164.841,45.859,-0.543,PITCH
0.100,-0.739,-0.584,175.849,44.144,7.814,PITCH
0.070,-0.781,-0.455,173.381,23.161,11.340,PITCH
-0.000,-0.814,-0.393,159.749,28.858,14.595,PITCH
0.021,-0.843,-0.354,168.954,32.786,22.365,PITCH
0.103,-0.841,-0.264,177.669,22.802,33.092,PITCH
0.043,-0.894,-0.187,178.071,11.226,32.270,PITCH
0.001,-0.902,-0.071,185.964,8.575,26.101,PITCH
-0.008,-0.937,-0.010,197.803,2.161,19.556,PITCH
-0.006,-0.910,0.162,196.525,3.237,15.654,PITCH
-0.038,-0.931,0.210,167.562,15.584,2.599,PITCH
0.022,-0.937,0.256,142.896,3.124,-15.820,PITCH
0.054,-0.914,0.313,148.890,-16.118,-9.625,PITCH
0.029,-0.894,0.342,186.524,-34.423,-6.195,PITCH
0.052,-0.840,0.468,228.742,-49.455,-6.746,PITCH
0.111,-0.708,0.638,228.865,-46.305,-0.892,PITCH
0.062,-0.663,0.657,217.726,-28.201,4.305,PITCH
0.011,-0.705,0.806,212.091,-7.534,12.959,PITCH
-0.019,-0.672,0.783,184.091,2.537,9.581,PITCH
0.021,-0.465,0.844,186.331,31.903,-1.050,PITCH
0.037,-0.400,0.882,190.199,43.768,2.214,PITCH
-0.008,-0.324,0.951,175.849,41.685,9.573,PITCH
-0.007,-0.344,1.034,139.431,21.805,5.128,PITCH
-0.002,-0.326,1.172,80.859,0.779,2.021,PITCH
0.020,-0.326,1.121,40.206,-6.834,3.098,PITCH
0.013,-0.332,1.055,27.186,-4.287,8.767,PITCH
-0.004,-0.336,1.070,10.771,-12.285,11.296,PITCH
-0.007,-0.339,1.045,3.500,-6.843,9.083,PITCH
-0.031,-0.322,1.062,-4.305,-2.669,5.355,PITCH
0.001,-0.347,1.016,-0.709,-1.601,-2.975,PITCH
0.034,-0.378,0.939,44.984,1.225,-0.726,PITCH
0.023,-0.327,0.903,97.720,-3.754,2.398,PITCH
0.033,-0.254,0.893,134.592,-4.445,0.735,PITCH
0.058,-0.133,0.940,188.370,-2.074,-2.223,PITCH
0.033,-0.008,1.025,202.606,-10.404,-4.681,PITCH
0.022,0.008,1.019,199.859,-8.663,-4.008,PITCH
0.042,0.068,0.957,196.682,5.390,-0.980,PITCH
0.003,0.246,0.871,208.399,25.882,6.449,PITCH
0.007,0.249,0.828,216.869,40.889,4.778,PITCH
-0.064,0.371,0.859,211.715,54.285,2.765,PITCH
-0.106,0.484,0.973,207.769,51.966,-0.849,PITCH
-0.071,0.611,0.832,181.492,32.182,1.164,PITCH
-0.088,0.705,0.785,174.107,31.150,2.511,PITCH
-0.138,0.759,0.763,169.216,21.910,5.889,PITCH
-0.147,0.763,0.701,173.863,15.129,2.957,PITCH
-0.110,0.809,0.514,200.541,28.263,3.246,PITCH
-0.057,0.938,0.478,219.354,26.626,8.015,PITCH
-0.087,0.902,0.552,218.312,17.649,19.705,PITCH
-0.122,0.944,0.377,203.227,25.821,22.032,PITCH
-0.122,1.024,0.205,204.059,22.934,13.484,PITCH
-0.126,1.008,0.269,213.640,-3.824,5.512,PITCH
-0.080,0.961,0.188,202.256,-1.251,4.506,PITCH
-0.087,0.999,0.012,179.620,-1.671,6.816,PITCH
-0.113,1.023,-0.046,153.107,-19.337,10.876,PITCH
-0.117,1.017,-0.131,131.066,-27.344,6.589,PITCH
-0.098,0.959,-0.142,124.040,-29.050,-0.394,PITCH
-0.105,0.902,-0.271,108.710,-18.847,-3.369,PITCH
-0.059,0.901,-0.293,83.615,-3.675,2.380,PITCH
-0.082,0.905,-0.375,55.702,-4.209,9.240,PITCH
-0.126,0.972,-0.356,46.419,7.577,27.274,PITCH
-0.113,0.973,-0.421,14.385,13.484,18.156,PITCH
-0.096,0.969,-0.374,2.100,3.124,3.544,PITCH
-0.046,0.899,-0.336,-13.020,2.704,-2.581,PITCH
-0.060,0.930,-0.337,-29.461,3.203,-2.599,PITCH
-0.065,0.949,-0.315,-47.722,-2.021,-3.868,PITCH
-0.074,0.956,-0.272,-78.899,-6.160,-3.360,PITCH
-0.066,1.008,-0.222,-94.596,-11.839,6.361,PITCH
-0.057,0.971,-0.165,-127.312,-16.791,8.514,PITCH
-0.067,1.032,-0.203,-187.941,-20.930,2.188,PITCH
-0.031,0.980,-0.031,-201.863,-22.942,7.980,PITCH
-0.048,1.045,-0.003,-213.027,-28.709,6.580,PITCH
-0.056,0.977,0.205,-214.489,-26.206,-4.235,PITCH
-0.059,1.000,0.241,-236.792,-25.961,-15.006,PITCH
-0.120,1.068,0.417,-211.137,-30.135,-13.528,PITCH
-0.131,0.984,0.504,-188.212,-13.974,-22.400,PITCH
-0.084,0.763,0.476,-174.641,-7.420,-12.810,PITCH
-0.087,0.811,0.626,-186.655,-19.688,4.804,PITCH
-0.120,0.858,0.714,-191.984,-1.234,-1.199,PITCH
-0.106,0.723,0.762,-188.370,11.200,-9.328,PITCH
-0.075,0.681,0.865,-202.090,-7.026,-12.810,PITCH
-0.089,0.533,0.778,-206.369,-11.847,-3.754,PITCH
-0.102,0.459,0.831,-236.898,8.435,-2.074,PITCH
-0.072,0.444,0.969,-224.438,-1.916,-1.251,PITCH
-0.095,0.372,0.956,-183.094,-23.809,4.253,PITCH
-0.083,0.195,1.015,-199.535,-31.071,5.224,PITCH
-0.076,0.112,1.060,-261.756,-47.408,3.194,PITCH
-0.051,0.086,0.997,-257.626,-39.786,6.186,PITCH
-0.028,-0.032,0.965,-228.839,-23.004,6.300,PITCH
-0.008,-0.107,0.884,-212.205,-35.324,1.269,PITCH
0.030,-0.236,0.785,-188.816,-39.664,1.041,PITCH
-0.040,-0.329,0.850,-163.179,-17.509,5.941,PITCH
-0.015,-0.463,0.856,-115.246,5.338,12.871,PITCH
-0.005,-0.467,0.787,-107.476,-7.446,2.503,PITCH
0.006,-0.521,0.733,-52.728,-15.382,-5.031,PITCH
0.012,-0.556,0.802,-34.956,-8.400,-6.081,PITCH
0.016,-0.591,0.815,-27.265,0.026,-5.495,PITCH
0.035,-0.624,0.820,-29.321,-4.034,-3.579,PITCH
0.018,-0.617,0.835,-6.282,-12.495,3.649,PITCH
-0.007,-0.609,0.850,0.779,-6.956,4.742,PITCH
-0.003,-0.577,0.924,-15.505,-4.952,0.079,PITCH
0.000,-0.573,0.912,-44.695,-10.684,-5.968,PITCH
-0.004,-0.580,0.888,-58.494,-9.065,-5.600,PITCH
0.056,-0.629,0.929,-78.435,-12.792,-1.601,PITCH
0.028,-0.655,0.915,-103.967,-12.250,4.392,PITCH
0.020,-0.714,0.831,-124.215,-16.222,5.731,PITCH
0.005,-0.758,0.707,-129.876,-16.774,6.694,PITCH
0.027,-0.670,0.750,-128.678,-22.024,0.630,PITCH
0.052,-0.719,0.733,-162.339,-40.653,-8.417,PITCH
0.072,-0.907,0.544,-173.434,-29.899,-9.748,PITCH
0.090,-0.891,0.572,-182.018,-27.746,-6.440,PITCH
0.073,-0.818,0.467,-203.394,-41.107,-7.726,PITCH
-0.010,-1.014,0.116,-195.799,-26.775,-18.375,PITCH
0.125,-0.970,0.251,-139.440,-23.949,-2.590,PITCH
0.144,-0.899,0.294,-159.005,-44.362,-1.269,PITCH
0.088,-0.910,0.110,-174.003,-57.689,3.456,PITCH
0.082,-1.053,-0.055,-135.529,-28.236,-6.405,PITCH
0.117,-0.937,-0.041,-136.789,-48.851,7.429,PITCH
0.094,-0.887,-0.020,-147.569,-45.518,17.728,PITCH
0.035,-1.015,-0.326,-138.652,-28.315,19.731,PITCH
0.075,-0.975,-0.267,-114.371,-39.069,17.439,PITCH
0.067,-0.892,-0.265,-128.712,-47.810,20.650,PITCH
0.060,-0.923,-0.276,-130.480,-35.954,21.630,PITCH
0.034,-0.901,-0.349,-109.156,-9.450,22.496,PITCH
0.019,-0.865,-0.495,-97.265,-4.060,21.507,PITCH
0.036,-0.818,-0.471,-95.217,0.507,19.749,PITCH
0.016,-0.809,-0.510,-95.323,4.646,19.976,PITCH
0.015,-0.791,-0.628,-92.251,7.061,17.080,PITCH
-0.001,-0.771,-0.651,-82.416,0.105,13.125,PITCH
0.049,-0.739,-0.614,-69.912,0.805,10.972,PITCH
0.001,-0.734,-0.649,-62.064,8.925,9.922,PITCH
-0.007,-0.712,-0.690,-52.176,15.943,12.040,PITCH
-0.021,-0.707,-0.759,-33.705,9.450,7.849,PITCH
0.000,-0.732,-0.745,-21.910,-0.271,2.450,PITCH
-0.002,-0.732,-0.764,-13.851,-2.529,1.269,PITCH
0.015,-0.725,-0.739,-6.974,-7.193,-1.426,PITCH
0.011,-0.738,-0.727,-0.184,-6.921,-2.398,PITCH
0.017,-0.743,-0.720,15.164,4.113,-3.281,PITCH
0.020,-0.745,-0.750,24.833,8.776,-1.855,PITCH
0.013,-0.756,-0.778,42.420,12.136,-4.279,PITCH
0.018,-0.759,-0.745,60.987,9.231,-5.836,PITCH
0.018,-0.758,-0.720,77.140,17.920,-5.049,PITCH
0.023,-0.752,-0.692,88.559,26.206,-3.342,PITCH
0.058,-0.788,-0.577,112.963,27.475,-2.144,PITCH
0.032,-0.813,-0.544,115.272,25.830,-2.188,PITCH
0.057,-0.818,-0.481,126.166,24.710,-2.669,PITCH
0.053,-0.888,-0.468,131.819,24.229,-4.427,PITCH
0.082,-0.821,-0.277,136.806,35.472,-2.922,PITCH
0.098,-0.865,-0.284,116.401,30.844,-1.207,PITCH
0.096,-0.932,-0.277,113.671,16.170,-3.194,PITCH
0.078,-0.968,-0.173,115.281,3.211,-10.483,PITCH
0.097,-0.966,-0.137,105.551,5.171,-14.385,PITCH
0.136,-0.954,-0.088,109.900,1.610,-0.954,PITCH
0.129,-0.963,-0.032,125.965,-4.016,4.375,PITCH
0.134,-0.954,0.050,148.514,-20.300,4.532,PITCH
0.105,-0.973,0.091,174.598,-26.626,3.911,PITCH
0.096,-0.980,0.193,191.511,-18.524,-3.955,PITCH
0.119,-0.988,0.277,187.495,-9.739,-5.338,PITCH
0.098,-0.920,0.372,173.180,1.697,-6.589,PITCH
0.140,-0.927,0.420,165.655,12.504,-11.480,PITCH
0.099,-0.874,0.488,168.525,24.483,-2.214,PITCH
0.107,-0.787,0.610,164.526,29.794,-4.008,PITCH
0.132,-0.760,0.609,179.270,46.095,-3.902,PITCH
0.108,-0.651,0.684,195.230,39.611,6.326,PITCH
0.089,-0.618,0.734,194.425,41.029,13.108,PITCH
0.069,-0.588,0.790,201.801,45.351,15.470,PITCH
0.051,-0.507,0.904,199.036,42.989,17.211,PITCH
0.032,-0.424,0.894,197.724,37.748,9.625,PITCH
0.003,-0.386,0.975,192.167,31.876,5.372,PITCH
0.001,-0.296,1.038,172.436,26.145,0.613,PITCH
-0.044,-0.191,1.016,153.676,20.632,1.942,PITCH
-0.027,-0.158,1.034,145.504,17.439,11.034,PITCH
-0.038,-0.101,1.042,134.741,12.609,15.829,PITCH
-0.039,-0.035,1.075,121.564,12.154,13.344,PITCH
-0.052,0.024,1.017,92.978,13.869,9.371,PITCH
-0.069,0.063,1.065,63.700,18.944,11.034,PITCH
-0.096,0.054,1.132,37.940,22.304,7.560,PITCH
-0.082,0.062,1.128,-8.059,12.731,6.764,PITCH
-0.058,0.033,1.015,-38.570,-3.465,2.809,PITCH
-0.086,0.044,1.080,-48.790,-20.300,2.082,PITCH
-0.090,0.001,1.105,-65.389,-24.202,2.511,PITCH
-0.057,-0.045,1.065,-73.771,-31.448,-0.569,PITCH
-0.028,-0.073,0.961,-63.744,-32.952,-2.590,PITCH
-0.017,-0.129,0.890,-37.896,-21.131,-1.890,PITCH
0.020,-0.124,0.955,-13.755,-10.719,1.216,PITCH
-0.008,-0.164,1.036,-1.426,-11.935,5.250,PITCH
-0.039,-0.108,1.029,-2.328,-7.254,4.769,PITCH
-0.024,-0.123,1.024,-2.774,0.700,3.763,PITCH
-0.027,-0.137,1.020,2.791,1.881,4.392,PITCH
-0.034,-0.204,0.992,20.388,3.570,3.605,PITCH
0.003,-0.173,0.991,31.763,8.304,-7.875,PITCH
0.003,-0.092,0.964,70.420,3.535,-2.616,PITCH
-0.012,-0.046,0.970,100.433,-0.665,3.614,PITCH
-0.023,-0.002,0.988,137.296,3.229,5.924,PITCH
-0.053,0.070,1.020,157.850,8.120,9.354,PITCH
-0.059,0.143,1.034,162.724,15.785,7.919,PITCH
-0.038,0.204,0.990,166.714,14.070,6.361,PITCH
-0.019,0.259,0.901,181.169,6.125,2.179,PITCH
-0.033,0.337,0.917,204.803,-3.859,7.499,PITCH
-0.050,0.441,0.921,208.364,13.204,4.051,PITCH
-0.097,0.524,0.846,212.747,8.654,-0.245,PITCH
-0.004,0.561,0.649,230.352,1.225,-11.865,PITCH
-0.037,0.725,0.724,250.101,-0.761,-7.595,PITCH
-0.042,0.868,0.662,253.120,-4.646,-9.301,PITCH
-0.023,0.834,0.521,248.185,-6.037,-13.318,PITCH
-0.036,0.959,0.504,271.617,0.814,-11.708,PITCH
-0.030,1.027,0.265,283.185,-0.411,-6.090,PITCH
-0.100,1.101,0.192,277.690,-24.194,-6.895,PITCH
-0.074,1.063,0.139,276.806,-22.199,-9.818,PITCH
-0.101,0.992,-0.061,245.682,10.080,-7.682,PITCH
-0.096,1.003,-0.201,188.702,23.817,-0.324,PITCH
-0.106,0.971,-0.211,155.785,16.389,0.385,PITCH
-0.140,0.903,-0.285,119.490,-7.429,1.391,PITCH
-0.106,0.894,-0.304,76.589,-29.400,4.165,PITCH
-0.075,0.895,-0.401,44.844,-38.054,8.033,PITCH
-0.085,0.901,-0.381,36.592,-36.925,7.726,PITCH
-0.072,0.901,-0.367,0.919,-14.403,-1.173,PITCH
-0.090,0.933,-0.414,-15.689,-0.683,-5.932,PITCH
-0.101,0.981,-0.344,-30.599,17.176,-7.831,PITCH
-0.101,0.979,-0.309,-37.940,22.173,-3.666,PITCH
-0.110,1.025,-0.276,-56.315,23.450,1.041,PITCH
-0.105,0.991,-0.247,-81.812,29.487,-4.314,PITCH
-0.069,0.915,-0.285,-109.209,32.086,-10.395,PITCH
-0.073,0.932,-0.285,-135.538,32.244,-7.455,PITCH
-0.046,0.967,-0.187,-184.984,30.459,-6.256,PITCH
-0.086,1.013,0.063,-174.335,18.174,-2.826,PITCH
-0.125,1.014,-0.035,-184.625,13.536,-6.851,PITCH
-0.072,1.018,0.092,-196.595,2.800,-1.584,PITCH
-0.145,1.022,0.279,-185.159,-15.627,-2.231,PITCH
-0.102,1.012,0.354,-194.040,-29.531,-10.929,PITCH
-0.083,0.951,0.401,-200.620,-46.384,-1.164,PITCH
-0.065,0.878,0.442,-186.646,-59.806,2.800,PITCH
-0.090,0.831,0.623,-186.095,-42.726,-5.171,PITCH
-0.060,0.833,0.586,-221.856,-8.864,-11.891,PITCH
-0.055,0.808,0.674,-218.820,-23.109,-5.819,PITCH
-0.061,0.633,0.761,-200.366,-22.575,-3.404,PITCH
-0.091,0.500,0.754,-208.268,-8.120,-1.234,PITCH
-0.087,0.527,0.997,-183.496,-8.400,-9.555,PITCH
-0.057,0.522,0.957,-137.384,-14.376,-12.259,PITCH
-0.048,0.339,0.882,-123.217,-4.550,-9.065,PITCH
-0.123,0.302,0.901,-160.886,0.709,-4.988,PITCH
-0.077,0.310,0.984,-126.306,-28.586,-11.489,PITCH
-0.065,0.250,0.902,-99.304,-11.935,-5.381,PITCH
-0.066,0.147,0.870,-88.743,-3.421,0.822,PITCH
-0.038,0.145,0.871,-69.247,-20.493,0.271,PITCH
-0.024,0.113,0.938,-31.474,-13.676,8.837,PITCH
-0.048,0.104,0.994,-5.302,-9.257,11.821,PITCH
-0.056,0.023,1.058,-5.670,-4.113,9.083,PITCH
-0.058,-0.023,1.123,-25.462,-4.926,9.625,PITCH
-0.057,0.010,1.112,-40.932,-9.319,9.686,PITCH
-0.043,0.021,1.016,-39.401,-8.181,9.861,PITCH
-0.039,0.013,0.975,-27.860,-9.538,9.406,PITCH
-0.038,0.021,1.040,-24.789,-14.744,6.729,PITCH
-0.034,-0.002,1.094,-39.725,-14.945,4.401,PITCH
-0.025,0.014,1.107,-57.759,-8.523,3.526,PITCH
-0.024,-0.003,1.124,-75.845,-11.909,3.964,PITCH
-0.018,-0.064,1.124,-104.659,-21.061,1.207,PITCH
-0.016,-0.088,1.130,-141.645,-21.254,-1.768,PITCH
0.031,-0.151,1.122,-163.896,-25.077,-4.821,PITCH
-0.002,-0.214,1.121,-177.844,-27.641,1.295,PITCH
0.109,-0.340,1.027,-239.943,-57.925,2.196,PITCH
0.033,-0.330,0.963,-246.391,-23.879,11.130,PITCH
0.075,-0.368,0.891,-241.824,-20.799,10.203,PITCH
0.048,-0.463,0.777,-241.027,-28.490,15.085,PITCH
0.040,-0.625,0.715,-254.319,-19.110,15.120,PITCH
-0.006,-0.705,0.551,-209.860,-0.324,11.209,PITCH
0.048,-0.853,0.544,-190.304,-4.427,1.190,PITCH
0.148,-0.913,0.631,-189.061,-55.886,-17.237,PITCH
0.068,-0.954,0.345,-193.270,-59.386,-6.956,PITCH
0.001,-0.974,0.161,-166.329,-32.226,0.744,PITCH
0.116,-0.844,0.283,-146.956,-13.221,5.784,PITCH
0.160,-0.989,0.210,-175.105,-33.906,-1.216,PITCH
0.087,-0.993,-0.016,-164.535,-54.346,-2.747,PITCH
0.066,-0.947,0.025,-150.833,-50.470,4.515,PITCH
0.079,-0.882,0.039,-160.580,-38.421,8.479,PITCH
0.033,-0.897,-0.200,-189.682,-25.139,14.087,PITCH
0.025,-0.903,-0.279,-180.530,-3.920,20.904,PITCH
0.098,-0.963,-0.367,-154.665,-3.526,20.353,PITCH
0.083,-0.885,-0.287,-127.864,-11.305,11.594,PITCH
0.053,-0.847,-0.391,-131.477,-7.849,10.299,PITCH
0.019,-0.846,-0.559,-138.600,1.041,10.264,PITCH
0.038,-0.879,-0.720,-112.254,-12.145,6.641,PITCH
0.059,-0.849,-0.608,-74.935,-40.460,-2.739,PITCH
0.002,-0.831,-0.684,-49.420,-30.406,-1.741,PITCH
0.007,-0.815,-0.699,-28.157,-17.570,-4.874,PITCH
0.014,-0.781,-0.698,-13.300,-9.021,-4.104,PITCH
0.012,-0.817,-0.846,22.733,0.184,-3.719,PITCH
0.030,-0.827,-0.734,87.789,17.264,-5.644,PITCH
0.038,-0.831,-0.666,136.238,48.458,-5.845,PITCH
0.053,-0.833,-0.506,148.724,63.394,-4.226,PITCH
0.049,-0.847,-0.477,165.585,62.877,1.295,PITCH
0.045,-0.935,-0.432,191.415,52.334,6.037,PITCH
0.085,-0.908,-0.275,201.259,67.200,10.097,PITCH
0.111,-0.798,-0.128,200.655,72.651,13.370,PITCH
0.127,-0.884,-0.075,219.940,55.072,16.371,PITCH
0.093,-0.910,0.168,228.673,41.090,7.227,PITCH
0.091,-0.926,0.095,207.462,33.539,4.778,PITCH
0.095,-0.906,0.246,190.374,11.060,9.345,PITCH
0.098,-0.883,0.386,182.035,16.450,-2.686,PITCH
0.080,-0.824,0.447,200.979,14.516,-2.581,PITCH
0.052,-0.802,0.506,235.156,11.611,-2.818,PITCH
0.045,-0.764,0.560,284.568,9.467,-2.450,PITCH
0.052,-0.614,0.721,286.685,1.829,-8.767,PITCH
0.047,-0.457,0.855,286.685,1.094,-7.892,PITCH
0.068,-0.446,0.958,279.361,12.040,-2.240,PITCH
0.012,-0.300,1.124,213.054,25.646,9.642,PITCH
0.053,-0.218,0.994,176.872,15.741,4.261,PITCH
0.080,-0.133,0.957,221.209,15.444,2.144,PITCH
0.048,-0.094,1.051,244.283,34.676,7.472,PITCH
0.029,0.017,1.049,224.577,41.615,9.896,PITCH
0.026,0.183,1.054,224.385,30.677,16.327,PITCH
0.010,0.238,0.856,255.587,20.764,23.686,PITCH
-0.035,0.226,0.786,286.099,26.994,18.471,PITCH
-0.059,0.395,0.941,286.685,40.259,-1.391,PITCH
-0.086,0.632,0.889,285.670,38.841,-11.541,PITCH
-0.048,0.717,0.767,286.685,20.317,-10.010,PITCH
-0.054,0.793,0.773,286.685,5.119,2.861,PITCH
-0.079,0.907,0.535,270.279,-23.327,4.401,PITCH
-0.149,0.941,0.477,270.603,-32.594,-4.279,PITCH
-0.100,0.953,0.266,267.829,-30.608,-37.004,PITCH
-0.019,0.973,0.259,251.414,-10.754,-47.740,PITCH
-0.017,1.050,0.263,194.119,24.990,-38.089,PITCH
-0.150,1.036,0.044,110.031,31.360,-6.580,PITCH
-0.144,1.027,0.004,73.202,31.517,11.550,PITCH
-0.168,1.053,-0.025,41.939,30.327,18.454,PITCH
-0.147,1.011,0.021,-4.253,43.444,17.710,PITCH
-0.113,1.031,0.021,-91.735,37.818,11.559,PITCH
-0.064,1.000,0.112,-140.193,24.684,10.036,PITCH
-0.063,1.162,0.104,-190.321,-13.011,14.193,PITCH
-0.079,1.181,0.166,-216.799,-27.816,11.594,PITCH
-0.079,1.088,0.344,-268.301,-23.433,-6.492,PITCH
-0.080,1.093,0.292,-286.685,-15.925,-18.218,PITCH
-0.077,0.893,0.449,-273.508,-7.350,-12.810,PITCH
-0.116,0.791,0.722,-249.900,-24.456,-21.919,PITCH
-0.121,0.656,0.744,-216.178,-25.261,-14.971,PITCH
-0.074,0.555,0.693,-189.665,-11.401,-14.752,PITCH
-0.063,0.508,0.740,-171.544,-7.079,-2.713,PITCH
-0.038,0.430,0.856,-146.125,-17.141,0.079,PITCH
-0.035,0.419,0.862,-127.558,-38.150,-5.233,PITCH
-0.019,0.313,0.911,-112.044,-39.226,-3.325,PITCH
-0.020,0.261,0.986,-136.973,-28.980,-0.271,PITCH
0.012,0.177,1.143,-169.111,-56.499,0.341,PITCH
0.006,0.170,1.040,-180.714,-50.794,3.351,PITCH
0.045,0.105,0.995,-187.985,-37.257,3.981,PITCH
0.046,-0.064,0.946,-192.316,-37.599,10.868,PITCH
0.068,-0.140,1.122,-181.580,-24.395,16.161,PITCH
0.035,-0.164,1.143,-204.374,-19.644,19.302,PITCH
0.033,-0.218,0.980,-235.804,-11.445,18.007,PITCH
-0.020,-0.323,0.829,-235.462,2.293,7.735,PITCH
0.015,-0.472,0.873,-218.881,-6.746,1.094,PITCH
0.047,-0.462,0.984,-198.756,-16.222,-6.562,PITCH
0.092,-0.472,0.776,-212.266,-18.891,-6.571,PITCH
0.058,-0.563,0.673,-221.253,-19.425,-1.015,PITCH
-0.039,-0.857,0.545,-260.689,-30.205,-5.670,PITCH
0.137,-0.824,0.564,-220.089,-57.347,-22.234,PITCH
0.102,-0.885,0.525,-247.712,-55.904,-16.257,PITCH
0.128,-1.045,0.127,-216.720,-37.013,1.794,PITCH
0.171,-1.110,0.279,-179.690,-42.980,9.065,PITCH
0.169,-0.988,0.274,-216.116,-57.243,6.265,PITCH
0.129,-0.794,0.213,-270.069,-47.688,8.102,PITCH
0.054,-0.735,-0.044,-286.685,2.310,26.215,PITCH
0.178,-0.979,-0.394,-185.413,-16.144,17.378,PITCH
0.123,-0.912,-0.420,-177.966,-35.385,10.999,PITCH
0.050,-0.837,-0.488,-170.371,-38.080,-0.131,PITCH
0.060,-0.897,-0.476,-133.158,-18.847,-8.750,PITCH
0.080,-0.835,-0.583,-120.155,-1.750,-2.161,PITCH
0.078,-0.752,-0.624,-93.266,-8.024,-1.864,PITCH
0.072,-0.823,-0.701,-51.039,-17.255,-5.653,PITCH
0.069,-0.830,-0.781,13.326,-28.131,-8.295,PITCH
0.053,-0.865,-0.785,81.375,7.035,-9.695,PITCH
0.082,-0.865,-0.673,127.592,35.376,-4.480,PITCH
0.125,-0.831,-0.537,162.216,47.994,1.181,PITCH
0.079,-0.871,-0.511,186.725,44.975,0.420,PITCH
0.128,-0.890,-0.286,210.289,41.676,5.854,PITCH
0.137,-0.830,-0.183,204.488,36.925,9.879,PITCH
0.129,-0.869,-0.066,179.970,25.288,6.492,PITCH
0.114,-0.934,0.095,165.769,24.255,1.671,PITCH
0.108,-0.924,0.086,128.520,21.271,8.050,PITCH
0.115,-0.908,0.138,116.603,10.920,4.454,PITCH
0.118,-0.932,0.243,107.441,-3.859,-6.878,PITCH
0.131,-0.954,0.281,96.994,3.719,-16.319,PITCH
0.141,-0.964,0.262,114.415,-0.490,-16.730,PITCH
0.154,-0.927,0.306,141.986,-7.017,-18.314,PITCH
0.132,-0.876,0.370,209.414,-17.167,-22.750,PITCH
0.171,-0.816,0.473,266.578,-8.540,-28.315,PITCH
0.173,-0.810,0.538,285.976,7.718,-23.179,PITCH
0.165,-0.653,0.743,285.766,11.060,-21.612,PITCH
0.181,-0.539,0.858,280.543,20.046,-15.724,PITCH
0.105,-0.338,0.811,285.189,31.920,-29.452,PITCH
0.145,-0.288,0.847,286.685,44.039,-40.101,PITCH
0.117,-0.129,0.962,286.685,74.331,-33.329,PITCH
0.159,-0.038,1.026,275.432,75.355,-31.028,PITCH
0.121,0.099,1.117,251.291,84.420,-27.825,PITCH
0.089,0.113,1.072,249.121,80.421,-14.717,PITCH
0.035,0.253,0.983,259.455,63.228,-2.949,PITCH
0.019,0.427,0.969,265.256,34.116,7.665,PITCH
-0.025,0.499,0.843,286.265,2.949,11.734,PITCH
-0.008,0.592,0.869,286.685,7.236,2.371,PITCH
-0.031,0.770,0.730,286.685,22.794,-23.555,PITCH
-0.043,0.852,0.715,286.685,17.964,-18.979,PITCH
-0.051,0.904,0.581,278.530,21.726,-17.544,PITCH
-0.068,0.920,0.552,261.485,16.433,-23.170,PITCH
-0.056,0.958,0.368,210.438,4.480,-21.368,PITCH
-0.082,0.998,0.307,167.667,6.003,-12.399,PITCH
-0.086,0.987,0.171,125.169,28.962,-0.525,PITCH
-0.081,1.036,0.124,87.176,47.775,4.095,PITCH
-0.096,0.978,0.145,66.089,65.048,13.528,PITCH
-0.140,0.988,-0.029,31.955,58.004,18.086,PITCH
-0.145,1.003,0.059,14.350,47.364,7.858,PITCH
-0.103,1.025,0.052,-29.356,28.577,6.282,PITCH
-0.118,1.007,0.090,-79.450,-0.306,4.489,PITCH
-0.095,1.083,0.184,-142.214,-34.877,5.023,PITCH
-0.068,1.210,0.136,-188.072,-57.085,-3.938,PITCH
-0.038,1.203,0.214,-195.151,-46.629,-4.944,PITCH
-0.020,1.040,0.396,-213.850,-35.814,-5.399,PITCH
-0.025,0.913,0.459,-261.047,-38.115,-2.424,PITCH
-0.071,0.910,0.614,-286.186,-52.535,4.944,PITCH
-0.123,0.745,0.526,-236.574,-32.060,3.789,PITCH
-0.058,0.672,0.761,-193.751,-0.280,-6.615,PITCH
-0.040,0.577,0.723,-156.100,-2.319,-6.282,PITCH
-0.020,0.544,0.794,-141.566,5.329,1.444,PITCH
-0.019,0.455,0.880,-110.696,12.285,2.004,PITCH
-0.028,0.395,0.946,-132.309,3.203,3.106,PITCH
-0.038,0.363,0.937,-146.860,-2.704,7.227,PITCH
-0.008,0.321,0.992,-145.136,-5.635,5.845,PITCH
-0.008,0.237,0.957,-140.044,-23.257,7.490,PITCH
0.017,0.166,0.990,-155.234,-46.699,12.477,PITCH
0.013,0.108,1.135,-206.850,-50.566,16.984,PITCH
0.006,0.037,1.175,-232.400,-43.575,18.681,PITCH
0.031,-0.144,1.089,-239.837,-44.336,20.466,PITCH
0.015,-0.148,0.997,-255.413,-30.677,22.549,PITCH
0.018,-0.234,0.886,-254.634,-12.302,21.542,PITCH
0.070,-0.371,0.935,-228.016,-6.956,7.849,PITCH
0.052,-0.434,0.955,-201.609,-10.920,1.260,PITCH
0.023,-0.457,0.817,-216.904,-25.926,10.552,PITCH
-0.008,-0.633,0.640,-259.866,-42.560,25.743,PITCH
0.113,-0.754,0.631,-244.431,-29.208,25.786,PITCH
0.074,-0.768,0.633,-209.965,-30.205,25.865,PITCH
-0.001,-0.820,0.444,-226.144,-9.406,30.459,PITCH
-0.008,-0.782,0.231,-205.774,15.995,33.303,PITCH
0.098,-0.956,0.208,-176.706,18.121,22.024,PITCH
0.110,-1.018,0.244,-170.196,-37.091,4.874,PITCH
0.072,-0.893,0.182,-189.131,-71.776,20.632,PITCH
0.085,-0.908,0.017,-196.079,-71.864,35.577,PITCH
0.036,-0.995,0.003,-166.740,-73.089,25.708,PITCH
-0.051,-0.949,-0.088,-145.600,-70.070,13.449,PITCH
-0.069,-0.946,-0.222,-128.441,-65.914,9.835,PITCH
-0.124,-0.979,-0.436,-111.151,-47.425,6.825,PITCH
-0.093,-0.970,-0.375,-84.963,-13.195,4.060,PITCH
-0.094,-1.040,-0.337,-38.264,22.514,-9.319,PITCH
-0.073,-0.986,-0.418,19.827,37.555,-17.062,PITCH
-0.018,-1.035,-0.381,61.705,37.441,-16.048,PITCH
-0.005,-1.059,-0.305,78.942,42.455,-11.804,PITCH
0.024,-1.026,-0.224,100.520,60.077,-4.996,PITCH
0.068,-1.012,-0.258,135.223,62.641,-7.569,PITCH
0.024,-1.011,-0.200,177.214,35.507,-13.510,PITCH
0.040,-0.970,0.009,183.837,31.885,-15.181,PITCH
0.064,-0.974,0.066,195.379,40.215,-16.721,PITCH
0.103,-0.892,0.202,210.884,28.569,-13.860,PITCH
0.088,-0.866,0.304,207.673,16.021,-18.296,PITCH
0.062,-0.850,0.359,192.693,19.189,-22.015,PITCH
0.073,-0.808,0.473,191.284,15.304,-18.218,PITCH
0.102,-0.715,0.590,195.562,9.861,-19.101,PITCH
0.070,-0.693,0.613,182.096,2.249,-25.025,PITCH
0.088,-0.665,0.683,153.781,1.374,-29.278,PITCH
0.100,-0.651,0.716,146.352,5.775,-27.799,PITCH
0.127,-0.560,0.752,164.955,5.836,-25.384,PITCH
0.101,-0.499,0.812,170.152,5.434,-17.999,PITCH
0.128,-0.432,0.891,161.621,7.245,-14.052,PITCH
0.140,-0.384,0.996,138.661,2.415,-11.874,PITCH
0.151,-0.384,0.957,154.464,7.184,-6.659,PITCH
0.123,-0.322,0.976,191.643,28.805,-1.663,PITCH
0.107,-0.160,0.994,221.883,44.424,1.724,PITCH
0.051,0.002,1.017,229.049,54.714,-2.966,PITCH
0.022,0.160,0.937,268.511,55.081,-6.405,PITCH
0.006,0.172,0.849,286.685,59.159,-19.128,PITCH
0.026,0.264,1.059,286.685,72.048,-16.371,PITCH
-0.055,0.532,0.956,273.184,46.410,-6.641,PITCH
-0.038,0.622,0.844,275.765,36.741,-2.441,PITCH
-0.095,0.661,0.867,269.859,47.994,-2.249,PITCH
-0.099,0.745,0.714,273.263,32.891,-14.087,PITCH
-0.045,0.863,0.600,256.279,12.688,-1.803,PITCH
-0.061,0.917,0.579,230.676,7.262,9.266,PITCH
-0.097,0.903,0.569,222.040,22.855,4.568,PITCH
-0.147,0.956,0.333,201.171,7.560,6.029,PITCH
-0.154,1.029,0.242,222.705,-20.317,2.293,PITCH
-0.136,0.964,0.349,191.730,-41.667,-3.710,PITCH
-0.091,0.985,0.103,153.939,-42.009,-7.061,PITCH
-0.094,1.013,0.001,132.466,-31.028,-7.997,PITCH
-0.119,0.976,-0.153,120.645,-8.496,-12.591,PITCH
-0.098,0.961,-0.103,96.320,11.288,-2.441,PITCH
-0.084,0.973,-0.056,43.356,10.456,3.701,PITCH
-0.115,0.995,-0.126,-30.791,20.160,8.172,PITCH
-0.080,0.964,0.005,-74.988,25.183,11.874,PITCH
-0.112,1.052,-0.060,-106.724,16.266,16.310,PITCH
-0.121,1.121,0.000,-115.334,22.417,11.690,PITCH
-0.112,1.083,-0.010,-126.875,19.985,7.210,PITCH
-0.063,1.037,0.071,-162.811,30.205,6.116,PITCH
-0.089,1.028,0.128,-197.785,21.814,10.229,PITCH
-0.096,0.938,0.143,-220.141,14.079,7.586,PITCH
-0.107,0.932,0.386,-247.336,5.355,5.390,PITCH
-0.120,0.976,0.580,-225.190,-13.904,-4.637,PITCH
-0.121,0.812,0.633,-208.451,-14.017,-14.158,PITCH
-0.075,0.705,0.623,-232.295,1.461,-11.699,PITCH
-0.078,0.708,0.784,-185.342,-10.386,4.778,PITCH
-0.075,0.571,0.910,-159.477,-65.844,-1.260,PITCH
-0.086,0.533,0.940,-186.988,-60.261,-6.597,PITCH
-0.050,0.497,0.885,-171.894,-17.474,-12.757,PITCH
-0.009,0.367,0.982,-174.484,-35.805,-7.298,PITCH
0.026,0.265,1.048,-174.562,-53.121,-2.642,PITCH
0.009,0.264,1.056,-192.238,-46.069,-2.713,PITCH
0.026,0.195,1.023,-224.884,-35.123,-3.237,PITCH
0.043,0.076,1.027,-237.449,-50.794,-3.894,PITCH
0.027,0.023,0.978,-217.884,-36.820,1.269,PITCH
0.047,-0.073,0.911,-215.416,-17.990,4.489,PITCH
0.079,-0.272,1.027,-180.128,-26.766,2.100,PITCH
0.069,-0.304,0.990,-183.068,-38.062,0.359,PITCH
0.085,-0.370,0.938,-186.209,-34.597,3.089,PITCH
0.083,-0.416,0.897,-183.741,-27.659,4.366,PITCH
0.072,-0.595,0.888,-154.954,-28.858,2.432,PITCH
0.112,-0.563,0.785,-149.345,-28.324,3.955,PITCH
0.110,-0.568,0.777,-170.844,-31.798,11.988,PITCH
0.102,-0.602,0.819,-211.697,-38.019,17.036,PITCH
0.110,-0.630,0.752,-252.788,-33.548,30.686,PITCH
0.055,-0.770,0.437,-259.052,-10.273,29.890,PITCH
0.140,-0.768,0.400,-200.821,-5.810,21.936,PITCH
0.147,-1.065,0.237,-138.679,-11.812,18.874,PITCH
0.084,-0.924,0.322,-148.951,-42.665,15.575,PITCH
0.058,-0.882,0.228,-181.396,-26.556,7.227,PITCH
0.060,-0.927,0.174,-146.825,-1.164,0.735,PITCH
0.127,-0.973,0.003,-118.606,1.312,3.264,PITCH
0.118,-0.903,0.179,-137.533,-23.564,7.604,PITCH
0.076,-0.949,0.056,-185.185,-19.478,1.531,PITCH
0.075,-0.936,-0.187,-209.090,-20.344,1.549,PITCH
0.072,-0.890,-0.359,-183.575,-4.760,3.999,PITCH
0.053,-1.006,-0.461,-154.648,7.674,10.054,PITCH
0.105,-0.949,-0.331,-74.113,5.714,2.118,PITCH
0.106,-0.994,-0.393,-75.092,-9.170,-3.421,PITCH
0.073,-0.990,-0.669,-49.131,-18.812,-8.321,PITCH
0.132,-0.931,-0.441,11.498,-10.719,-6.414,PITCH
0.138,-0.904,-0.422,30.616,-2.161,-0.656,PITCH
0.121,-0.953,-0.456,41.685,5.154,3.237,PITCH
0.093,-1.015,-0.484,83.431,23.791,6.387,PITCH
0.086,-0.938,-0.378,130.480,33.460,10.264,PITCH
0.105,-1.034,-0.459,131.425,25.865,4.716,PITCH
0.101,-1.070,-0.338,156.345,28.131,0.796,PITCH
0.138,-0.956,-0.166,208.766,30.118,-0.998,PITCH
0.107,-0.853,-0.050,261.538,32.375,2.818,PITCH
0.113,-0.877,0.171,226.800,28.814,-3.763,PITCH
0.082,-0.887,0.145,204.645,24.614,-11.042,PITCH
0.065,-0.795,0.395,228.156,16.826,-16.179,PITCH
0.117,-0.820,0.498,185.264,35.621,-18.314,PITCH
0.133,-0.860,0.537,136.080,19.031,-1.820,PITCH
0.121,-0.691,0.596,121.179,18.445,2.975,PITCH
0.089,-0.701,0.528,139.921,28.333,7.455,PITCH
0.072,-0.745,0.580,168.061,22.041,3.439,PITCH
0.126,-0.649,0.713,191.109,-1.768,0.464,PITCH
0.065,-0.589,0.809,196.551,3.246,-0.683,PITCH
0.107,-0.506,0.892,211.846,15.330,-3.115,PITCH
0.112,-0.434,0.960,231.849,24.010,7.691,PITCH
0.056,-0.340,0.949,234.701,30.170,16.888,PITCH
0.035,-0.195,1.027,219.992,33.119,16.835,PITCH
0.044,-0.075,0.989,218.943,31.299,16.704,PITCH
0.021,0.020,0.899,242.113,34.834,19.705,PITCH
-0.016,0.148,0.917,271.302,30.257,19.058,PITCH
-0.020,0.234,1.021,286.685,27.816,7.980,PITCH
0.005,0.361,0.945,274.181,14.499,-1.321,PITCH
-0.053,0.531,0.862,252.814,12.434,2.581,PITCH
-0.078,0.617,0.923,253.663,19.040,-1.120,PITCH
-0.067,0.552,0.957,249.839,47.066,-9.730,PITCH
-0.082,0.758,0.722,230.309,36.312,-18.349,PITCH
-0.128,0.885,0.596,213.124,11.900,-19.259,PITCH
-0.075,0.911,0.646,219.126,16.940,-19.364,PITCH
-0.105,0.863,0.593,206.369,10.080,-3.439,PITCH
-0.082,0.921,0.474,188.781,4.742,-3.509,PITCH
-0.121,0.954,0.373,181.352,-4.366,-6.492,PITCH
-0.126,0.984,0.264,194.688,-16.870,-2.739,PITCH
-0.088,1.023,0.227,210.980,-10.211,0.394,PITCH
-0.124,0.997,0.087,170.188,-4.121,-1.846,PITCH
-0.129,0.970,0.081,142.765,-4.051,-5.976,PITCH
-0.105,0.973,-0.045,132.746,-6.213,-14.280,PITCH
-0.149,0.976,-0.139,104.641,-8.041,-8.208,PITCH
-0.127,0.969,-0.158,89.451,-9.835,-5.644,PITCH
-0.122,0.941,-0.183,64.785,4.576,-6.475,PITCH
-0.142,0.962,-0.206,14.184,13.860,-7.166,PITCH
-0.120,0.940,-0.152,-18.830,24.701,-3.938,PITCH
-0.142,0.959,-0.159,-48.151,29.619,1.908,PITCH
-0.130,1.018,-0.119,-82.723,40.985,6.020,PITCH
-0.135,1.086,-0.064,-134.059,40.705,6.869,PITCH
-0.118,1.081,-0.079,-145.443,32.987,7.499,PITCH
-0.140,1.021,-0.023,-150.036,29.190,5.267,PITCH
-0.108,1.006,0.097,-169.846,27.388,4.646,PITCH
-0.124,1.052,0.152,-192.071,7.569,5.731,PITCH
-0.137,0.930,0.176,-185.798,-11.252,-5.023,PITCH
-0.128,0.911,0.422,-195.046,-18.060,-7.315,PITCH
-0.129,0.947,0.464,-195.492,-35.438,-7.613,PITCH
-0.096,0.779,0.514,-152.495,-17.850,-10.631,PITCH
-0.108,0.863,0.662,-163.389,-6.186,-12.101,PITCH
-0.116,0.756,0.668,-140.753,-19.285,-7.306,PITCH
-0.094,0.689,0.684,-141.619,-22.890,-5.793,PITCH
-0.105,0.638,0.742,-144.664,-19.434,-7.236,PITCH
-0.072,0.635,0.823,-140.604,-41.982,-8.925,PITCH
-0.091,0.545,0.766,-122.588,-38.342,-6.204,PITCH
-0.082,0.503,0.810,-144.401,-26.740,-7.577,PITCH
-0.053,0.437,0.967,-157.194,-30.573,-6.396,PITCH
-0.048,0.380,0.810,-118.361,-44.441,-2.756,PITCH
-0.022,0.301,0.835,-80.386,-44.931,1.347,PITCH
-0.024,0.268,0.990,-75.005,-28.901,0.761,PITCH
-0.013,0.269,1.193,-127.566,-35.359,0.534,PITCH
-0.009,0.300,1.140,-161.105,-26.495,6.213,PITCH
-0.023,0.251,1.092,-161.665,-17.622,9.739,PITCH
-0.026,0.099,1.139,-188.598,-16.406,9.074,PITCH
-0.035,0.045,1.181,-271.705,-18.147,8.356,PITCH
-0.027,-0.060,1.090,-286.685,4.261,11.961,PITCH
-0.040,-0.215,0.939,-285.556,-11.751,2.126,PITCH
-0.017,-0.280,0.959,-226.398,-32.926,-6.466,PITCH
0.026,-0.425,0.858,-275.721,-20.974,-10.649,PITCH
0.072,-0.598,0.720,-281.820,-9.765,3.386,PITCH
0.080,-0.668,0.772,-248.596,-46.436,6.571,PITCH
-0.004,-0.691,0.539,-210.105,-59.080,10.150,PITCH
-0.017,-0.698,0.530,-196.770,-38.474,13.344,PITCH
0.119,-0.945,0.474,-168.166,-16.721,11.637,PITCH
0.099,-1.011,0.426,-157.027,-26.670,8.724,PITCH
0.064,-0.835,0.467,-167.204,-38.693,9.896,PITCH
0.075,-0.878,0.143,-176.811,-21.376,7.595,PITCH
0.107,-1.144,-0.023,-142.503,-62.528,15.916,PITCH
0.070,-1.000,0.148,-122.115,-86.327,10.194,PITCH
0.060,-0.948,0.177,-117.530,-63.971,13.571,PITCH
0.064,-0.985,0.063,-113.829,-27.029,15.566,PITCH
0.043,-1.059,-0.251,-105.963,-41.869,15.470,PITCH
0.019,-0.998,-0.063,-85.916,-40.486,14.779,PITCH
0.015,-0.975,-0.104,-79.441,-3.710,23.144,PITCH
0.035,-0.998,-0.206,-66.176,10.762,25.165,PITCH
0.024,-0.975,-0.221,-35.919,-6.694,16.441,PITCH
0.007,-1.011,-0.248,-19.854,-6.475,11.392,PITCH
-0.001,-0.967,-0.241,-2.065,7.280,4.366,PITCH
0.023,-0.968,-0.249,14.901,12.556,4.235,PITCH
0.015,-1.003,-0.288,36.759,14.044,2.975,PITCH
0.005,-1.005,-0.321,59.798,16.573,-0.079,PITCH
0.019,-0.976,-0.171,87.946,24.850,-5.495,PITCH
0.020,-0.976,-0.103,110.399,29.059,-4.375,PITCH
0.011,-0.999,-0.072,122.605,25.165,-4.979,PITCH
0.046,-0.986,-0.096,150.640,23.608,-6.860,PITCH
-0.009,-0.900,0.073,146.598,39.340,-2.362,PITCH
0.028,-0.915,0.180,111.921,45.246,4.944,PITCH
0.014,-0.940,0.217,116.471,34.834,6.624,PITCH
-0.009,-0.859,0.329,124.469,31.439,0.621,PITCH
-0.003,-0.877,0.418,93.030,29.522,-6.457,PITCH
0.001,-0.907,0.402,71.522,17.614,-10.894,PITCH
-0.009,-0.901,0.438,76.353,17.255,-10.544,PITCH
0.018,-0.881,0.438,87.089,5.434,-13.256,PITCH
0.032,-0.871,0.516,108.430,-8.426,-13.020,PITCH
0.030,-0.869,0.555,126.805,-16.721,-20.790,PITCH
0.035,-0.829,0.593,136.841,-10.377,-28.429,PITCH
0.028,-0.803,0.638,154.796,-3.640,-21.035,PITCH
0.045,-0.744,0.682,152.049,-2.546,-12.040,PITCH
0.104,-0.666,0.760,176.452,5.959,-2.984,PITCH
0.103,-0.590,0.804,175.061,-3.290,5.836,PITCH
0.070,-0.512,0.815,194.801,1.881,7.919,PITCH
0.056,-0.340,0.787,238.735,20.956,5.346,PITCH
0.039,-0.248,0.885,274.619,31.500,11.366,PITCH
-0.004,-0.161,0.947,267.584,35.595,4.690,PITCH
0.066,-0.014,0.996,250.250,39.874,-1.164,PITCH
0.024,0.118,0.930,257.959,29.645,-5.819,PITCH
-0.021,0.157,1.021,279.501,28.700,-8.557,PITCH
0.011,0.266,1.063,252.682,22.085,-4.970,PITCH
-0.032,0.363,1.089,217.648,5.819,3.360,PITCH
-0.045,0.446,0.860,186.917,6.860,7.787,PITCH
-0.061,0.468,0.928,198.651,3.483,12.189,PITCH
-0.064,0.635,0.859,177.135,2.984,6.230,PITCH
-0.014,0.651,0.776,171.973,4.130,8.689,PITCH
0.043,0.821,0.707,171.990,-4.375,24.001,PITCH
-0.058,0.835,0.724,193.357,4.445,37.048,PITCH
-0.068,0.772,0.838,144.226,0.779,21.875,PITCH
-0.057,0.821,0.676,89.451,15.811,-5.049,PITCH
-0.017,0.909,0.535,60.882,24.920,-29.505,PITCH
-0.002,0.935,0.527,86.573,26.976,-26.757,PITCH
-0.017,0.891,0.522,85.199,27.195,-1.636,PITCH
-0.085,0.880,0.544,63.840,22.006,5.040,PITCH
-0.082,0.920,0.316,39.279,4.506,1.663,PITCH
-0.087,0.902,0.359,32.681,4.471,-0.359,PITCH
-0.077,0.941,0.354,31.920,10.176,-0.490,PITCH
-0.090,0.927,0.409,27.405,7.516,-0.262,PITCH
-0.080,0.971,0.419,-17.929,0.376,-4.139,PITCH
-0.078,0.941,0.473,-42.831,-6.379,-7.262,PITCH
-0.073,0.969,0.543,-82.836,-11.716,-5.267,PITCH
-0.090,1.031,0.580,-130.261,-11.585,0.884,PITCH
-0.108,0.951,0.600,-163.503,-12.626,0.543,PITCH
-0.084,0.982,0.601,-203.779,-10.097,-3.089,PITCH
-0.096,0.877,0.698,-208.145,13.895,-7.079,PITCH
-0.094,0.727,0.783,-208.950,6.545,-7.613,PITCH
-0.098,0.570,0.724,-218.654,-3.045,-7.516,PITCH
-0.113,0.453,0.768,-234.867,2.118,-7.787,PITCH
-0.069,0.423,0.921,-187.661,1.540,-1.312,PITCH
-0.081,0.311,0.890,-152.609,-26.320,-4.847,PITCH
-0.049,0.274,0.883,-156.494,-32.743,-2.800,PITCH
-0.068,0.237,0.996,-162.899,-28.044,-3.763,PITCH
-0.056,0.189,1.009,-141.102,-32.699,-4.734,PITCH
-0.037,0.080,0.923,-118.414,-55.309,-6.965,PITCH
-0.016,0.041,0.999,-143.071,-39.436,-2.336,PITCH
-0.019,-0.120,1.059,-161.446,-25.664,-1.146,PITCH
0.011,-0.073,1.045,-162.041,-48.029,-4.926,PITCH
-0.005,-0.136,1.007,-161.569,-52.150,-5.679,PITCH
0.013,-0.249,0.999,-175.595,-34.423,-9.616,PITCH
0.063,-0.306,0.996,-191.686,-23.222,-8.225,PITCH
0.089,-0.354,0.922,-196.193,-19.591,-3.404,PITCH
0.090,-0.436,0.838,-205.599,-2.747,16.205,PITCH
0.083,-0.567,0.843,-211.024,6.274,19.022,PITCH
0.040,-0.691,0.744,-184.940,1.680,18.305,PITCH
0.033,-0.702,0.730,-167.283,-5.434,19.915,PITCH
0.005,-0.741,0.624,-183.523,5.101,25.007,PITCH
0.029,-0.750,0.552,-187.101,10.640,17.439,PITCH
0.004,-0.905,0.402,-191.721,8.934,11.795,PITCH
0.052,-0.878,0.439,-155.400,-19.845,5.574,PITCH
0.048,-0.894,0.287,-164.369,-32.734,2.581,PITCH
0.022,-0.910,0.280,-147.053,-34.466,8.759,PITCH
0.030,-0.987,0.269,-141.741,-43.120,12.233,PITCH
0.066,-0.925,0.239,-142.135,-68.574,-0.744,PITCH
0.036,-0.954,0.019,-154.376,-77.490,-4.786,PITCH
0.012,-0.977,-0.067,-143.719,-56.893,-1.470,PITCH
-0.004,-0.986,-0.207,-125.405,-21.472,14.131,PITCH
0.039,-0.980,-0.060,-89.959,-26.889,9.564,PITCH
0.017,-1.018,-0.083,-73.098,-35.569,-8.216,PITCH
-0.022,-1.024,-0.234,-70.280,-29.286,-11.585,PITCH
-0.018,-1.028,-0.364,-30.984,-8.592,-4.025,PITCH
0.052,-0.989,-0.207,-5.180,8.908,-5.425,PITCH
0.047,-0.999,-0.178,20.256,15.995,-4.366,PITCH
0.050,-1.023,-0.219,33.171,17.097,-8.750,PITCH
0.045,-1.070,-0.223,55.002,25.567,-11.401,PITCH
0.061,-1.047,-0.142,75.486,34.011,-8.802,PITCH
0.067,-1.049,-0.092,105.849,35.954,-7.403,PITCH
0.085,-1.028,-0.133,114.380,32.874,-7.577,PITCH
0.076,-0.988,-0.011,106.505,26.889,-0.683,PITCH
0.069,-0.969,0.087,103.189,21.691,-4.568,PITCH
0.058,-0.927,0.125,96.040,23.362,-3.929,PITCH
0.085,-0.946,0.192,82.626,14.840,-6.711,PITCH
0.082,-0.946,0.182,64.776,2.056,-9.748,PITCH
0.082,-0.916,0.237,81.366,-9.887,-10.727,PITCH
0.074,-0.908,0.269,94.868,-5.504,-13.764,PITCH
0.068,-0.959,0.249,104.939,-5.066,-20.177,PITCH
0.096,-0.916,0.308,142.966,-2.957,-30.677,PITCH
0.116,-0.846,0.404,172.506,17.579,-28.674,PITCH
0.145,-0.813,0.542,177.651,17.929,-19.407,PITCH
0.144,-0.786,0.618,175.954,14.691,-11.244,PITCH
0.135,-0.733,0.620,170.485,14.569,2.231,PITCH
0.103,-0.625,0.735,165.375,24.833,3.106,PITCH
0.111,-0.544,0.818,176.881,25.751,3.491,PITCH
0.061,-0.468,0.761,197.024,29.706,1.085,PITCH
0.066,-0.469,0.855,230.151,42.368,-1.391,PITCH
0.073,-0.328,0.986,230.072,36.111,-3.237,PITCH
0.040,-0.287,1.004,213.439,27.816,-3.990,PITCH
0.065,-0.153,0.991,216.974,18.349,2.476,PITCH
0.048,-0.030,1.011,208.163,10.736,6.930,PITCH
0.008,0.037,0.962,208.477,28.052,0.569,PITCH
-0.054,0.127,0.997,212.660,43.838,-10.929,PITCH
0.030,0.178,0.989,201.565,26.093,-12.932,PITCH
0.016,0.358,0.963,178.194,27.895,-8.286,PITCH
0.029,0.324,0.822,183.514,35.000,1.820,PITCH
-0.090,0.496,0.923,181.904,36.487,5.994,PITCH
-0.091,0.493,0.932,186.952,43.400,-2.196,PITCH
-0.088,0.579,0.899,167.414,46.611,-8.181,PITCH
-0.010,0.670,0.765,162.680,26.372,6.711,PITCH
-0.100,0.703,0.825,158.515,7.044,18.270,PITCH
-0.140,0.729,0.762,146.947,3.614,11.340,PITCH
-0.113,0.824,0.699,127.470,-7.936,3.036,PITCH
-0.056,0.854,0.662,140.577,-21.849,5.530,PITCH
-0.106,0.935,0.606,147.114,-14.359,13.344,PITCH
-0.097,0.926,0.507,150.815,-3.141,24.920,PITCH
-0.072,0.907,0.479,112.577,5.460,17.631,PITCH
-0.072,0.900,0.432,76.825,14.087,7.963,PITCH
-0.080,0.960,0.438,49.674,12.434,5.198,PITCH
-0.023,0.976,0.440,34.554,16.642,4.060,PITCH
-0.056,1.018,0.307,-2.809,20.300,11.244,PITCH
-0.068,0.919,0.461,-31.859,25.594,21.989,PITCH
-0.060,0.877,0.379,-61.057,27.974,21.866,PITCH
-0.095,0.916,0.418,-60.559,27.632,8.951,PITCH
-0.057,0.943,0.493,-42.123,4.095,12.871,PITCH
-0.042,0.902,0.472,-61.285,-11.996,22.601,PITCH
-0.063,0.880,0.459,-57.382,-22.619,24.614,PITCH
-0.042,0.915,0.458,-53.463,-27.151,16.196,PITCH
-0.061,0.951,0.536,-72.966,-16.074,14.289,PITCH
-0.005,0.947,0.581,-122.666,-11.524,9.502,PITCH
-0.030,0.828,0.646,-131.915,-13.711,0.858,PITCH
0.012,0.864,0.711,-166.014,-9.301,-14.359,PITCH
-0.047,0.806,0.698,-192.929,3.299,-14.595,PITCH
-0.032,0.678,0.799,-189.682,22.706,-18.174,PITCH
-0.009,0.592,0.887,-156.065,-7.394,-20.755,PITCH
-0.044,0.633,0.881,-176.916,-23.791,-23.599,PITCH
-0.022,0.516,0.926,-157.666,-3.141,-15.260,PITCH
-0.030,0.396,0.866,-181.562,-7.639,-15.899,PITCH
-0.047,0.279,0.914,-197.225,-15.137,-20.545,PITCH
-0.025,0.238,0.902,-150.054,5.460,-9.214,PITCH
0.004,0.110,0.839,-105.840,-16.196,-12.250,PITCH
-0.014,0.019,0.902,-100.179,-18.987,-13.597,PITCH
-0.007,-0.042,1.045,-99.251,0.166,-12.127,PITCH
-0.003,-0.053,1.058,-108.815,-8.654,-8.015,PITCH
0.000,-0.046,0.926,-119.122,-5.591,-2.345,PITCH
-0.015,-0.169,0.977,-125.921,5.827,0.184,PITCH
-0.047,-0.225,1.057,-131.189,-5.294,-3.570,PITCH
-0.056,-0.238,1.001,-140.499,-8.733,-6.939,PITCH
-0.024,-0.287,1.008,-164.133,7.718,-8.531,PITCH
-0.043,-0.366,0.979,-166.880,6.239,-5.390,PITCH
-0.050,-0.481,0.945,-144.113,15.111,0.079,PITCH
-0.098,-0.469,0.881,-150.465,16.695,-1.531,PITCH
-0.070,-0.506,0.886,-149.301,11.349,-5.477,PITCH
-0.056,-0.620,0.842,-176.391,-9.240,-8.208,PITCH
-0.039,-0.611,0.749,-198.756,-6.414,1.724,PITCH
-0.003,-0.677,0.699,-167.781,-14.752,4.489,PITCH
-0.043,-0.662,0.678,-153.239,-38.054,3.474,PITCH
-0.022,-0.776,0.495,-155.164,-48.562,0.175,PITCH
-0.055,-0.792,0.517,-142.678,-35.945,5.443,PITCH
-0.039,-0.886,0.417,-135.546,-25.445,-0.131,PITCH
-0.053,-0.915,0.391,-109.323,-32.655,-23.800,PITCH
-0.005,-0.972,0.339,-101.325,-35.114,-28.997,PITCH
0.053,-0.964,0.262,-104.107,-40.757,-18.279,PITCH
0.048,-0.942,0.253,-110.198,-36.803,-6.204,PITCH
0.036,-0.980,0.277,-97.668,-26.215,-0.980,PITCH
-0.000,-0.998,0.251,-96.189,-23.503,-3.141,PITCH
0.027,-1.060,0.034,-89.670,-24.299,-11.909,PITCH
0.027,-1.024,0.074,-88.603,-21.096,-17.561,PITCH
0.061,-0.935,0.025,-96.302,-4.559,-9.748,PITCH
0.082,-0.979,-0.013,-108.202,5.793,-4.340,PITCH
0.062,-0.984,-0.048,-91.700,13.081,1.706,PITCH
0.069,-0.970,-0.107,-66.439,11.760,7.017,PITCH
0.057,-1.090,-0.212,-34.536,5.233,4.358,PITCH
0.081,-1.034,-0.105,-5.329,1.785,-1.995,PITCH
0.093,-0.995,-0.162,2.993,-2.485,-2.678,PITCH
0.083,-1.015,-0.107,15.172,-2.240,-0.647,PITCH
0.093,-1.022,-0.103,22.382,-6.536,0.184,PITCH
0.088,-0.999,-0.079,23.284,-10.290,-0.499,PITCH
0.069,-1.032,-0.122,25.130,-0.420,-0.822,PITCH
0.054,-1.029,-0.076,45.124,4.235,-2.275,PITCH
0.067,-1.043,-0.127,65.397,8.085,-5.582,PITCH
0.072,-1.033,-0.172,104.519,15.076,-5.521,PITCH
0.105,-0.965,-0.023,161.534,16.817,-1.680,PITCH
0.075,-0.912,0.097,204.242,11.156,-3.561,PITCH
0.049,-0.947,0.077,232.050,14.744,-8.059,PITCH
0.089,-0.905,0.233,230.247,26.565,-11.410,PITCH
0.091,-0.781,0.354,207.533,36.085,-13.108,PITCH
0.093,-0.737,0.555,198.161,30.503,-3.080,PITCH
0.056,-0.696,0.652,194.145,28.236,1.496,PITCH
0.060,-0.706,0.709,182.131,29.050,1.207,PITCH
0.048,-0.667,0.748,168.831,28.192,4.673,PITCH
0.019,-0.575,0.861,131.477,35.577,2.844,PITCH
0.039,-0.526,0.866,120.356,31.771,6.195,PITCH
0.035,-0.517,0.854,140.262,17.132,13.046,PITCH
0.013,-0.452,0.919,143.946,3.649,12.355,PITCH
-0.039,-0.368,1.016,124.189,1.549,13.895,PITCH
0.014,-0.379,1.014,124.075,0.717,16.371,PITCH
0.077,-0.370,0.965,168.481,3.710,31.824,PITCH
0.006,-0.175,1.022,175.464,3.447,23.362,PITCH
-0.039,-0.174,1.028,189.796,-10.439,27.930,PITCH
-0.024,-0.043,1.127,171.246,-4.130,13.177,PITCH
-0.001,0.197,1.052,163.126,-22.356,-1.094,PITCH
-0.001,0.198,0.829,236.486,-19.364,6.326,PITCH
-0.018,0.269,0.953,272.921,-20.020,-0.866,PITCH
0.008,0.400,1.041,266.079,-29.312,-7.945,PITCH
0.053,0.490,0.843,241.500,-15.943,-12.477,PITCH
0.038,0.513,0.847,246.584,19.469,-11.961,PITCH
0.032,0.661,0.775,219.887,15.033,-9.870,PITCH
0.010,0.700,0.701,220.290,14.866,-10.001,PITCH
-0.021,0.818,0.626,221.410,17.404,-8.470,PITCH
-0.003,0.910,0.632,221.541,2.013,-8.977,PITCH
0.017,0.925,0.475,245.735,-3.815,1.496,PITCH
-0.003,0.918,0.475,231.227,-11.751,1.610,PITCH
-0.026,0.960,0.427,186.217,-25.471,-4.935,PITCH
-0.016,0.929,0.350,137.716,-22.628,-6.912,PITCH
-0.017,0.955,0.220,105.726,-32.786,-5.128,PITCH
0.024,0.995,0.180,89.408,-38.246,-7.184,PITCH
0.020,1.055,0.116,70.438,-27.799,-10.509,PITCH
0.007,1.051,0.037,46.121,-1.330,-9.354,PITCH
-0.015,1.066,0.045,24.413,18.751,-7.910,PITCH
-0.034,1.054,-0.000,-1.015,32.156,-7.096,PITCH
-0.020,1.006,0.080,-34.221,37.100,-2.459,PITCH
-0.029,1.036,0.093,-62.519,31.124,-0.026,PITCH
-0.024,1.042,0.196,-65.082,27.632,-1.496,PITCH
-0.007,1.151,0.229,-111.169,42.726,5.871,PITCH
-0.024,1.080,0.159,-143.045,57.960,14.884,PITCH
-0.031,0.910,0.196,-169.312,86.380,7.761,PITCH
-0.032,0.931,0.282,-191.450,84.402,6.519,PITCH
-0.051,0.964,0.446,-214.751,63.245,4.778,PITCH
-0.089,0.870,0.580,-195.291,20.615,-0.543,PITCH
-0.090,0.803,0.535,-217.289,-6.449,-9.931,PITCH
-0.074,0.740,0.573,-231.105,-12.810,-16.459,PITCH
-0.063,0.678,0.827,-202.274,-25.786,-9.896,PITCH
-0.059,0.564,0.755,-158.436,-43.181,-1.321,PITCH
-0.053,0.442,0.752,-178.334,-40.609,-13.265,PITCH
-0.050,0.450,0.888,-186.786,-30.686,-14.840,PITCH
-0.026,0.422,0.961,-123.147,-27.659,-17.955,PITCH
-0.006,0.299,0.916,-124.819,-22.400,-17.439,PITCH
0.020,0.166,0.928,-146.046,-17.824,-13.195,PITCH
0.000,0.199,1.002,-146.650,-22.995,-10.036,PITCH
-0.026,0.143,1.038,-124.416,-5.198,-9.083,PITCH
-0.008,0.037,1.027,-116.646,-0.114,-11.078,PITCH
-0.001,0.012,1.003,-133.140,-9.004,-7.411,PITCH
-0.013,-0.074,1.063,-126.079,-10.596,-3.824,PITCH
0.017,-0.114,1.097,-118.405,-12.215,5.854,PITCH
-0.022,-0.155,1.066,-128.152,-0.035,8.698,PITCH
-0.026,-0.203,1.060,-148.776,-11.104,2.432,PITCH
-0.027,-0.228,1.109,-173.337,-20.589,-3.832,PITCH
-0.003,-0.260,1.043,-168.262,-4.830,-1.715,PITCH
0.008,-0.417,1.012,-186.909,4.690,4.043,PITCH
0.005,-0.440,0.887,-209.913,15.094,6.501,PITCH
-0.014,-0.412,0.857,-215.548,14.542,1.925,PITCH
-0.048,-0.550,0.825,-209.554,-7.298,6.326,PITCH
-0.044,-0.645,0.682,-178.631,-8.400,4.025,PITCH
-0.051,-0.655,0.607,-174.134,-9.756,1.067,PITCH
-0.010,-0.711,0.532,-156.695,0.394,-12.408,PITCH
-0.030,-0.917,0.521,-139.956,4.191,-12.154,PITCH
-0.055,-0.864,0.617,-142.056,-9.791,-17.587,PITCH
-0.028,-0.870,0.599,-149.301,-14.368,-19.854,PITCH
0.089,-1.098,0.162,-160.423,-35.752,-27.650,PITCH
0.025,-0.944,0.137,-128.380,-50.173,-25.349,PITCH
0.020,-0.870,0.262,-96.198,-35.289,-27.116,PITCH
0.058,-0.899,0.251,-94.054,-24.334,-23.958,PITCH
0.089,-0.977,0.188,-121.450,-28.192,-21.140,PITCH
0.106,-1.043,-0.024,-110.232,-41.134,-6.423,PITCH
0.048,-0.915,-0.034,-73.080,-14.105,-0.315,PITCH
0.067,-0.917,-0.031,-60.611,2.494,-1.689,PITCH
0.167,-1.162,-0.267,-58.861,-8.330,-4.375,PITCH
0.115,-0.987,-0.111,-11.611,-10.194,-8.977,PITCH
0.137,-1.026,-0.112,-0.621,-4.060,-11.358,PITCH
0.149,-1.022,-0.108,15.750,-1.977,-9.074,PITCH
0.143,-1.015,-0.087,35.928,-0.359,-1.225,PITCH
0.121,-0.990,-0.042,65.607,1.811,5.530,PITCH
0.108,-1.030,0.008,69.676,2.975,4.961,PITCH
0.135,-1.028,-0.042,70.910,5.644,-1.041,PITCH
0.101,-0.974,-0.038,102.165,13.694,1.899,PITCH
0.113,-0.943,0.016,102.909,30.459,6.720,PITCH
0.081,-0.877,0.132,85.207,30.118,7.219,PITCH
0.082,-0.938,0.162,104.440,27.046,2.747,PITCH
0.094,-0.948,0.335,105.446,9.074,0.201,PITCH
0.084,-0.885,0.290,77.787,6.300,-0.744,PITCH
0.056,-0.828,0.472,69.169,4.865,-6.597,PITCH
0.051,-0.837,0.507,73.132,3.999,-7.508,PITCH
0.079,-0.936,0.523,91.385,11.646,-4.629,PITCH
0.056,-0.905,0.576,89.565,4.559,-8.584,PITCH
0.061,-0.867,0.565,109.139,8.977,-14.000,PITCH
0.120,-0.791,0.556,129.798,16.292,-10.929,PITCH
0.123,-0.740,0.590,175.149,5.591,1.523,PITCH
0.137,-0.669,0.685,222.425,1.803,5.985,PITCH
0.128,-0.612,0.809,244.466,14.079,8.750,PITCH
0.027,-0.514,0.867,261.310,12.574,4.489,PITCH
0.067,-0.361,0.923,286.685,6.344,2.135,PITCH
0.060,-0.281,0.887,274.085,9.826,-12.215,PITCH
0.033,-0.134,0.926,256.191,15.943,-5.162,PITCH
0.080,-0.038,1.004,242.839,22.041,-0.403,PITCH
0.048,0.132,0.949,214.244,18.244,2.721,PITCH
0.047,0.247,0.855,232.137,3.474,1.024,PITCH
0.037,0.350,0.760,241.710,2.231,4.681,PITCH
0.038,0.443,0.994,279.676,17.491,2.747,PITCH
0.007,0.467,1.102,234.465,30.485,-1.811,PITCH
0.052,0.629,0.708,208.731,40.688,-8.855,PITCH
0.090,0.730,0.646,245.000,56.717,-1.864,PITCH
-0.057,0.812,0.761,286.396,90.169,14.289,PITCH
-0.046,0.980,0.694,286.685,64.435,24.456,PITCH
-0.029,0.979,0.432,280.508,16.415,16.161,PITCH
-0.027,0.964,0.487,265.064,-7.438,-0.717,PITCH
-0.050,0.981,0.423,220.736,-17.649,-20.361,PITCH
-0.067,0.973,0.152,182.166,-10.850,-21.009,PITCH
-0.051,1.095,0.181,161.744,-0.341,-10.964,PITCH
-0.086,1.064,0.204,155.391,-4.541,-4.891,PITCH
-0.074,1.002,0.034,123.716,-3.220,-2.205,PITCH
-0.075,1.097,-0.031,104.869,-11.515,-6.991,PITCH
-0.071,1.034,-0.109,81.707,-9.328,-0.245,PITCH
-0.075,0.965,-0.044,46.252,5.136,3.824,PITCH
-0.066,0.952,-0.077,-27.212,20.816,4.944,PITCH
-0.056,0.967,-0.067,-79.625,15.977,6.685,PITCH
-0.065,1.031,-0.072,-101.150,7.350,5.198,PITCH
-0.056,1.091,0.020,-121.599,17.649,4.725,PITCH
-0.015,1.167,0.000,-169.321,18.174,8.750,PITCH
-0.027,1.080,0.127,-192.220,34.160,10.990,PITCH
-0.074,1.050,0.180,-217.376,23.564,-0.236,PITCH
-0.071,0.978,0.274,-203.805,6.160,-0.157,PITCH
-0.100,0.949,0.336,-227.045,-9.336,-15.251,PITCH
-0.075,0.903,0.528,-168.324,-37.153,-15.706,PITCH
-0.072,0.807,0.614,-171.938,-45.631,-22.663,PITCH
-0.033,0.808,0.560,-195.064,-46.987,-13.501,PITCH
-0.027,0.653,0.587,-148.943,-77.569,-5.162,PITCH
-0.021,0.606,0.689,-112.691,-60.393,-7.700,PITCH
0.025,0.614,0.789,-128.914,-47.320,-5.906,PITCH
0.029,0.635,0.763,-132.676,-41.834,-2.870,PITCH
0.028,0.532,0.808,-96.355,-32.305,4.541,PITCH
0.049,0.427,0.923,-94.885,-17.141,1.671,PITCH
0.050,0.441,0.921,-107.030,-2.039,2.590,PITCH
0.038,0.461,0.916,-86.949,4.935,3.421,PITCH
0.020,0.345,0.942,-95.025,-1.514,2.424,PITCH
0.010,0.293,0.999,-113.540,11.217,1.531,PITCH
0.036,0.264,0.948,-111.247,4.331,2.914,PITCH
0.027,0.264,0.928,-82.451,-10.544,3.859,PITCH
0.039,0.135,0.971,-78.330,-7.245,7.438,PITCH
0.022,0.152,1.064,-92.768,0.315,5.504,PITCH
0.009,0.162,1.098,-85.951,-6.423,6.501,PITCH
0.012,0.098,1.033,-78.426,-5.014,7.017,PITCH
0.012,0.021,1.020,-104.878,3.526,4.576,PITCH
0.015,0.025,1.077,-123.016,2.494,-2.310,PITCH
0.019,0.029,1.121,-126.245,-6.904,-3.920,PITCH
0.059,-0.079,1.109,-162.348,-16.590,-5.898,PITCH
0.013,-0.197,1.092,-202.694,1.461,0.446,PITCH
-0.032,-0.220,1.039,-157.684,0.945,-0.219,PITCH
0.019,-0.276,1.052,-153.545,-11.226,-8.269,PITCH
0.059,-0.365,0.918,-175.971,-16.826,-13.624,PITCH
0.015,-0.505,0.874,-182.306,-4.918,-12.469,PITCH
0.003,-0.492,0.965,-169.943,-10.561,-12.294,PITCH
0.016,-0.569,0.814,-187.801,-5.591,-17.106,PITCH
0.027,-0.593,0.732,-203.682,7.332,-17.439,PITCH
-0.005,-0.698,0.675,-232.759,19.416,-8.899,PITCH
0.016,-0.624,0.582,-220.325,23.231,-4.139,PITCH
-0.000,-0.619,0.474,-238.962,10.789,-9.599,PITCH
0.111,-0.900,0.351,-201.189,-0.105,-13.773,PITCH
0.109,-1.074,0.190,-144.637,-22.129,-18.497,PITCH
0.088,-0.993,0.186,-91.674,-38.211,-2.922,PITCH
0.103,-0.892,0.280,-107.634,-44.923,-8.382,PITCH
0.122,-1.023,0.036,-125.335,-50.768,-10.036,PITCH
0.054,-1.046,0.028,-81.253,-60.725,-8.006,PITCH
0.045,-0.964,0.078,-67.533,-54.766,-21.341,PITCH
0.072,-0.996,0.003,-60.349,-49.228,-24.106,PITCH
0.136,-1.083,-0.087,-25.235,-45.220,-22.365,PITCH
0.128,-1.019,-0.007,4.034,-31.019,-16.782,PITCH
0.132,-0.938,-0.057,19.084,-15.374,-13.029,PITCH
0.166,-0.973,-0.057,43.951,-3.920,-2.616,PITCH
0.168,-1.013,-0.018,60.646,-4.077,1.724,PITCH
0.165,-0.975,-0.014,83.081,-7.682,9.905,PITCH
0.129,-0.963,0.028,90.869,-4.909,9.047,PITCH
0.138,-0.992,0.112,94.168,-3.273,3.876,PITCH
0.094,-0.950,0.227,104.860,-1.855,1.531,PITCH
0.118,-0.913,0.285,120.120,17.202,-8.269,PITCH
0.135,-0.852,0.322,106.190,17.334,-10.710,PITCH
0.123,-0.846,0.314,103.897,36.645,-7.892,PITCH
0.122,-0.874,0.487,119.210,49.849,2.161,PITCH
0.115,-0.860,0.522,121.161,41.711,6.597,PITCH
0.120,-0.907,0.552,108.334,45.684,-9.756,PITCH
0.110,-0.876,0.605,80.544,46.147,-11.996,PITCH
0.108,-0.778,0.650,89.451,37.931,-7.219,PITCH
0.096,-0.749,0.577,110.014,30.625,-3.946,PITCH
0.103,-0.741,0.632,125.107,19.591,-4.174,PITCH
0.110,-0.705,0.685,141.208,16.153,-1.120,PITCH
0.095,-0.560,0.852,148.208,16.774,-5.031,PITCH
0.055,-0.529,0.854,144.322,14.962,1.689,PITCH
0.063,-0.502,0.821,159.539,26.416,10.658,PITCH
0.025,-0.404,0.889,177.336,47.092,24.474,PITCH
0.012,-0.361,0.942,162.837,37.826,25.567,PITCH
0.011,-0.323,0.978,162.137,22.995,25.812,PITCH
-0.006,-0.238,1.006,172.331,19.425,29.365,PITCH
-0.052,-0.119,1.000,173.486,22.365,30.485,PITCH
-0.012,-0.070,1.037,169.199,5.355,25.603,PITCH
-0.041,0.026,1.043,158.349,2.082,25.515,PITCH
-0.040,0.122,0.952,155.951,-7.569,24.474,PITCH
-0.068,0.163,1.005,162.759,1.768,20.816,PITCH
-0.025,0.282,1.024,160.116,-10.517,14.700,PITCH
-0.036,0.355,1.007,159.023,-20.711,12.119,PITCH
-0.014,0.417,0.916,164.482,-23.529,11.988,PITCH
-0.004,0.406,0.865,224.114,-17.491,6.554,PITCH
-0.031,0.446,0.947,202.886,-7.149,8.234,PITCH
-0.010,0.594,0.841,177.695,3.124,2.870,PITCH
-0.049,0.659,0.723,185.964,10.658,-3.045,PITCH
0.047,0.800,0.542,257.110,-6.457,-3.351,PITCH
-0.039,0.723,0.984,246.803,20.256,-4.279,PITCH
0.016,0.844,0.729,165.786,25.970,-7.997,PITCH
-0.003,0.920,0.425,137.576,20.038,-7.516,PITCH
-0.016,1.091,0.292,188.571,-11.830,2.091,PITCH
-0.042,0.960,0.581,208.189,-0.298,1.592,PITCH
-0.049,0.989,0.386,154.674,29.724,1.286,PITCH
-0.026,1.031,0.178,109.287,23.730,-6.764,PITCH
-0.028,1.036,0.090,102.979,8.951,-14.717,PITCH
-0.033,1.025,0.151,120.146,1.916,-8.339,PITCH
-0.043,0.981,0.178,114.835,12.145,0.464,PITCH
-0.029,0.966,0.055,59.474,15.951,0.298,PITCH
-0.040,0.993,-0.047,-10.561,3.876,-4.384,PITCH
-0.055,1.005,-0.033,-1.374,-5.871,5.066,PITCH
-0.061,0.987,0.057,-8.155,-9.809,7.551,PITCH
-0.045,0.963,0.112,-58.021,-8.636,6.081,PITCH
-0.020,1.063,0.077,-107.564,-3.999,5.066,PITCH
-0.016,1.059,0.098,-120.706,0.087,10.360,PITCH
-0.021,0.977,0.183,-155.803,-4.454,14.927,PITCH
-0.023,0.967,0.269,-232.111,-3.054,18.638,PITCH
-0.064,1.047,0.492,-283.867,-14.438,5.302,PITCH
-0.038,1.102,0.478,-280.971,-24.474,-0.604,PITCH
-0.016,0.821,0.559,-227.771,-38.395,0.236,PITCH
0.015,0.612,0.538,-201.845,-28.219,4.244,PITCH
0.043,0.643,0.842,-162.689,-27.423,11.524,PITCH
0.037,0.681,0.927,-153.204,-31.413,7.341,PITCH
-0.000,0.627,0.854,-146.449,-15.592,0.630,PITCH
0.051,0.439,0.791,-148.146,-8.269,-1.724,PITCH
0.049,0.380,0.826,-127.645,-9.555,4.043,PITCH
0.031,0.404,0.886,-89.845,-10.833,5.880,PITCH
0.039,0.330,0.979,-94.509,-1.846,3.981,PITCH
0.036,0.315,1.091,-109.979,8.654,-1.697,PITCH
0.029,0.339,0.944,-132.466,4.323,-4.401,PITCH
0.028,0.271,0.922,-123.077,-7.989,-2.993,PITCH
0.048,0.180,0.955,-116.165,-17.833,-1.487,PITCH
0.047,0.137,1.123,-108.841,-2.188,0.639,PITCH
0.020,0.084,1.223,-136.518,6.668,1.575,PITCH
0.035,0.025,1.225,-194.950,1.619,-2.809,PITCH
-0.006,0.016,1.195,-266.849,4.340,-12.792,PITCH
0.009,-0.134,1.119,-266.280,5.617,-17.692,PITCH
-0.012,-0.149,0.994,-235.060,4.532,-19.705,PITCH
0.000,-0.314,0.837,-256.812,16.188,-14.962,PITCH
0.027,-0.531,0.833,-278.250,31.885,-25.594,PITCH
-0.009,-0.591,0.831,-285.854,-5.582,-25.576,PITCH
-0.020,-0.636,0.727,-282.467,-11.865,-7.289,PITCH
-0.011,-0.612,0.585,-280.971,5.731,-22.593,PITCH
-0.028,-0.790,0.215,-265.536,-10.167,-34.134,PITCH
0.180,-1.044,0.198,-240.363,-80.859,-6.335,PITCH
0.050,-0.870,0.441,-201.792,-41.134,-33.311,PITCH
0.099,-0.740,0.254,-227.071,-32.830,-30.529,PITCH
0.170,-1.002,-0.227,-207.428,-45.500,-10.071,PITCH
0.049,-0.913,-0.179,-175.971,-51.975,-0.324,PITCH
0.050,-0.885,-0.160,-152.688,-44.853,-11.926,PITCH
0.084,-0.863,-0.123,-143.124,-23.327,-20.545,PITCH
0.105,-0.980,-0.417,-120.120,-29.417,-15.295,PITCH
0.099,-0.926,-0.379,-88.611,-30.135,-16.984,PITCH
0.115,-0.909,-0.415,-55.641,-11.244,-15.059,PITCH
0.133,-0.964,-0.429,-20.204,-9.345,-18.401,PITCH
0.144,-0.975,-0.488,-9.380,-20.878,-13.002,PITCH
0.147,-0.954,-0.471,10.220,-9.835,-4.174,PITCH
0.145,-1.017,-0.413,36.969,5.863,-1.855,PITCH
0.195,-0.977,-0.447,53.795,7.779,-1.164,PITCH
0.180,-0.944,-0.473,76.641,16.686,1.181,PITCH
0.170,-0.986,-0.381,101.334,23.774,12.836,PITCH
0.151,-1.017,-0.247,118.177,16.406,15.881,PITCH
0.125,-0.962,-0.206,131.696,4.060,21.472,PITCH
0.106,-0.894,-0.061,151.690,5.285,22.750,PITCH
0.113,-0.953,-0.040,160.720,11.821,22.540,PITCH
0.126,-0.911,0.106,138.731,10.570,19.705,PITCH
0.070,-0.896,0.080,135.564,10.448,20.099,PITCH
0.029,-0.906,0.199,138.355,14.140,13.624,PITCH
0.049,-0.902,0.290,110.058,12.092,-6.983,PITCH
0.106,-0.829,0.298,107.581,2.931,-21.849,PITCH
0.130,-0.860,0.298,112.184,-7.656,-24.220,PITCH
0.127,-0.854,0.437,116.121,-7.796,-25.077,PITCH
0.139,-0.842,0.572,105.691,-9.047,-9.914,PITCH
0.120,-0.774,0.608,98.963,-26.285,-0.219,PITCH
0.125,-0.771,0.658,110.224,-27.326,-1.190,PITCH
0.121,-0.901,0.728,88.515,-14.954,-7.927,PITCH
-0.003,0.030,1.024,0.481,-2.214,1.531,YAW
-0.006,0.022,1.015,0.507,-2.231,1.514,YAW
-0.002,0.026,1.019,0.499,-2.257,1.409,YAW
-0.002,0.032,1.024,0.560,-2.249,1.409,YAW
-0.003,0.033,1.020,0.569,-2.275,1.575,YAW
-0.000,0.028,1.025,0.604,-2.266,1.514,YAW
-0.010,0.027,1.018,0.507,-2.249,1.592,YAW
-0.006,0.027,1.020,0.516,-2.231,1.663,YAW
-0.006,0.028,1.020,0.516,-2.266,1.505,YAW
0.002,0.024,1.019,0.411,-2.257,1.706,YAW
-0.002,0.027,1.021,0.446,-2.257,1.592,YAW
-0.003,0.024,1.016,0.411,-2.223,1.776,YAW
-0.006,0.026,1.023,0.411,-2.231,1.487,YAW
-0.002,0.026,1.020,0.350,-2.214,1.234,YAW
-0.008,0.024,1.017,0.315,-2.205,0.822,YAW
0.003,0.027,1.018,0.516,-2.240,0.262,YAW
0.009,0.026,1.019,0.490,-2.319,0.919,YAW
-0.002,0.025,1.019,0.490,-2.249,1.391,YAW
-0.011,0.026,1.012,0.814,-2.249,1.496,YAW
-0.035,0.034,0.961,-0.105,-1.986,6.414,YAW
-0.006,0.046,1.016,0.403,-2.196,6.423,YAW
0.006,0.015,1.023,0.446,-2.126,14.149,YAW
0.011,0.062,1.012,0.184,-2.135,17.167,YAW
0.021,-0.024,1.029,0.709,-2.161,57.374,YAW
-0.038,0.053,1.047,-14.980,8.190,67.611,YAW
-0.039,0.026,1.069,-0.289,-2.030,61.066,YAW
-0.032,0.005,1.036,-8.461,6.545,53.235,YAW
-0.041,0.036,1.197,22.208,21.035,61.311,YAW
0.048,0.141,1.272,53.795,-2.310,100.940,YAW
-0.059,-0.286,1.084,31.264,-12.556,165.909,YAW
-0.030,-0.082,1.063,39.673,21.368,172.515,YAW
-0.068,0.181,0.991,18.375,38.614,152.285,YAW
-0.039,0.332,0.927,10.194,15.680,148.269,YAW
-0.068,0.237,0.918,34.186,-5.906,181.554,YAW
-0.046,0.044,0.958,25.183,4.497,192.719,YAW
-0.085,0.062,0.934,-29.164,11.007,180.731,YAW
0.017,0.257,0.855,-43.321,6.974,170.852,YAW
0.153,0.280,0.952,-21.464,6.825,154.534,YAW
-0.025,0.079,1.058,-38.990,14.490,145.268,YAW
-0.038,0.054,1.083,-60.410,36.155,133.446,YAW
-0.112,0.047,0.930,-46.401,50.724,130.602,YAW
0.009,-0.007,0.892,-27.895,36.838,130.629,YAW
0.023,-0.061,0.960,-19.434,37.432,125.361,YAW
-0.078,-0.029,0.998,-13.589,73.098,119.779,YAW
-0.093,-0.011,0.941,-16.144,79.266,110.058,YAW
-0.200,-0.024,0.905,-10.833,72.100,106.295,YAW
-0.212,0.001,0.912,-10.456,59.474,85.802,YAW
-0.172,-0.035,0.993,12.705,50.619,77.122,YAW
-0.307,-0.061,0.993,-9.616,66.264,57.479,YAW
-0.315,-0.053,0.951,-2.713,66.185,58.450,YAW
-0.305,-0.040,1.012,-0.761,45.623,49.123,YAW
-0.292,0.036,1.101,5.827,1.794,37.511,YAW
-0.267,0.009,1.009,7.849,-49.131,20.772,YAW
-0.316,0.012,0.994,7.472,-59.964,-3.071,YAW
-0.275,-0.007,1.031,8.733,-55.939,-42.324,YAW
-0.309,-0.096,0.990,10.762,-55.790,-67.541,YAW
-0.261,-0.076,1.029,5.521,-55.702,-96.941,YAW
-0.241,0.037,1.085,12.521,-64.636,-116.576,YAW
-0.162,0.137,1.046,21.910,-85.566,-165.253,YAW
-0.107,-0.038,0.990,31.211,-125.738,-186.095,YAW
-0.102,0.001,1.080,-13.790,-147.516,-206.447,YAW
-0.027,0.134,1.031,-34.466,-135.135,-226.441,YAW
0.072,0.018,1.036,-42.551,-102.209,-228.681,YAW
0.130,0.030,0.976,-49.341,-51.126,-191.266,YAW
0.144,-0.099,0.952,-65.993,-22.006,-156.336,YAW
0.147,-0.065,0.919,-45.596,-21.761,-154.936,YAW
0.162,0.024,0.878,-38.841,-25.961,-155.785,YAW
0.237,0.090,0.828,-6.379,-33.495,-137.751,YAW
0.252,-0.064,0.942,-0.403,-26.679,-114.905,YAW
0.183,-0.134,0.974,-16.494,-20.064,-96.504,YAW
0.174,-0.056,1.001,-19.784,-9.126,-81.576,YAW
0.151,0.096,1.059,-4.594,26.250,-67.567,YAW
0.228,0.061,0.967,15.382,45.553,-56.210,YAW
0.210,-0.092,0.947,41.991,39.708,-28.814,YAW
0.053,0.020,1.080,35.499,3.929,-23.966,YAW
0.021,0.029,1.166,22.111,-14.639,-35.035,YAW
0.096,-0.005,1.020,-0.385,8.041,-50.225,YAW
0.109,0.004,1.000,-8.706,10.517,-57.715,YAW
0.062,-0.016,1.202,-5.626,15.855,-59.001,YAW
0.015,-0.028,1.111,-14.403,-3.106,-77.096,YAW
0.071,-0.039,1.055,-23.091,-17.946,-109.077,YAW
0.078,-0.041,1.006,-17.316,-24.386,-119.849,YAW
0.061,-0.070,0.991,12.005,-31.754,-152.163,YAW
0.120,0.019,1.118,-8.312,-39.112,-183.076,YAW
0.128,0.122,1.131,-39.804,-55.370,-199.964,YAW
0.084,0.306,0.936,-22.934,-20.764,-215.827,YAW
0.066,0.113,0.900,34.650,27.186,-254.231,YAW
0.188,0.043,0.923,31.885,24.579,-281.453,YAW
0.101,0.209,0.865,-20.974,7.306,-277.462,YAW
0.148,0.403,0.845,-21.052,4.515,-275.861,YAW
0.038,0.291,0.965,32.664,-20.274,-250.583,YAW
0.151,0.097,1.137,18.323,-31.369,-246.094,YAW
-0.060,0.237,1.076,2.319,-28.586,-240.756,YAW
-0.047,0.269,0.974,0.376,-25.804,-226.958,YAW
0.049,0.215,1.076,-11.988,-9.196,-186.917,YAW
0.010,0.278,1.016,-19.259,-16.546,-162.531,YAW
0.106,0.259,0.960,-5.740,-9.144,-121.100,YAW
0.004,0.175,0.913,-26.451,1.304,-85.374,YAW
-0.003,0.138,1.091,-35.569,11.646,-78.295,YAW
0.007,0.040,1.081,-20.720,-19.924,-106.908,YAW
0.279,0.173,0.977,-28.709,-33.171,-131.810,YAW
0.009,0.084,0.868,-13.160,-14.954,-137.217,YAW
0.054,0.148,0.908,0.026,2.818,-160.536,YAW
0.048,0.131,1.096,0.770,12.845,-122.990,YAW
0.072,0.172,1.070,-8.837,15.698,-103.198,YAW
-0.031,0.145,1.045,-17.001,6.974,-54.434,YAW
0.023,0.139,1.001,-25.690,9.021,-16.205,YAW
0.000,0.119,0.997,-37.704,13.510,14.761,YAW
-0.017,0.081,1.022,-38.299,14.175,26.399,YAW
-0.027,0.133,1.014,-32.830,8.601,47.784,YAW
-0.042,0.121,1.011,-15.269,8.050,76.545,YAW
0.163,0.092,1.010,3.132,-0.849,121.879,YAW
-0.054,0.091,1.067,13.422,-2.888,158.428,YAW
-0.034,0.061,1.001,11.069,-12.994,184.765,YAW
0.033,0.108,1.108,18.629,-12.547,195.178,YAW
-0.043,0.208,1.131,7.332,12.171,210.350,YAW
-0.072,0.185,1.065,-6.685,28.761,213.789,YAW
0.012,0.044,1.017,-29.794,-1.242,224.201,YAW
-0.337,0.212,0.747,-33.399,-13.755,211.654,YAW
-0.104,0.106,0.954,0.892,7.262,154.280,YAW
-0.003,0.084,1.061,-9.301,4.830,158.331,YAW
-0.062,0.078,0.997,-14.823,-10.911,133.875,YAW
-0.041,0.082,0.906,3.920,-4.392,118.825,YAW
0.009,0.188,1.014,20.720,-1.374,136.780,YAW
0.048,0.036,1.067,19.128,-6.073,145.696,YAW
0.077,-0.043,1.047,-7.980,-0.822,154.455,YAW
0.006,0.228,1.018,-4.191,0.989,151.734,YAW
0.024,0.230,1.031,30.555,0.175,142.949,YAW
0.064,0.064,1.028,34.580,0.875,136.413,YAW
0.061,0.004,0.989,10.062,-11.191,147.000,YAW
0.019,0.081,0.917,-9.231,-3.098,138.504,YAW
0.005,0.107,0.902,2.415,2.957,111.720,YAW
-0.038,0.080,0.961,17.491,17.754,85.934,YAW
-0.037,0.058,1.030,9.931,11.900,59.456,YAW
-0.047,0.127,1.145,-28.788,22.645,31.649,YAW
0.001,0.124,1.094,-7.464,-4.979,22.199,YAW
0.021,0.021,1.017,-16.503,-19.399,7.499,YAW
0.063,-0.001,0.987,-23.371,-14.429,6.554,YAW
0.057,0.033,1.012,-10.028,-3.273,6.904,YAW
0.040,0.048,1.021,-7.245,0.403,6.921,YAW
0.050,0.099,1.022,-2.634,0.674,8.400,YAW
0.061,0.038,1.032,-6.055,-2.966,11.751,YAW
0.048,0.036,1.018,-7.682,-6.738,19.521,YAW
0.071,0.056,1.020,-7.070,-7.910,21.245,YAW
0.053,0.016,1.038,-22.899,-15.698,25.532,YAW
0.100,0.041,1.032,3.299,-9.205,41.659,YAW
0.066,0.105,1.026,4.165,-14.455,56.079,YAW
0.106,0.121,1.013,6.510,-18.865,73.561,YAW
0.140,0.048,0.991,19.224,-16.301,112.656,YAW
0.094,0.092,0.951,25.445,1.514,150.281,YAW
0.104,-0.056,0.992,31.097,11.865,172.795,YAW
0.000,0.035,0.995,35.630,27.125,165.874,YAW
0.058,0.137,1.083,50.382,28.936,169.549,YAW
0.028,0.179,1.051,36.382,13.204,191.546,YAW
0.036,0.150,1.012,35.630,7.000,217.613,YAW
0.026,0.098,1.026,35.796,22.225,220.885,YAW
-0.036,0.116,1.153,-29.304,49.700,215.381,YAW
-0.039,0.081,0.907,-58.599,64.986,230.492,YAW
0.047,0.085,1.051,-29.365,35.551,245.464,YAW
-0.207,0.338,0.774,-81.961,-10.579,231.735,YAW
-0.155,0.065,1.211,-34.571,61.381,229.591,YAW
0.007,0.052,0.931,-10.850,40.005,231.184,YAW
-0.095,-0.074,1.020,-6.116,56.525,186.139,YAW
-0.021,0.055,1.056,-21.446,61.206,160.475,YAW
-0.071,0.018,0.992,-30.083,24.990,132.991,YAW
-0.114,-0.046,0.986,-5.110,43.514,115.920,YAW
-0.174,0.012,1.029,17.955,67.524,109.427,YAW
-0.348,-0.054,0.924,14.892,100.170,106.348,YAW
-0.381,-0.030,0.883,-3.824,114.949,113.103,YAW
-0.356,0.127,0.839,-38.535,81.786,132.072,YAW
-0.388,-0.073,0.880,-2.179,49.324,156.039,YAW
-0.261,-0.003,0.877,5.329,43.697,125.414,YAW
-0.286,0.034,0.967,-7.910,31.798,82.539,YAW
-0.339,-0.003,0.871,-13.265,20.851,43.365,YAW
-0.447,-0.083,0.887,-11.909,-0.998,19.478,YAW
-0.381,0.018,0.823,-15.671,-21.849,-2.100,YAW
-0.377,0.013,0.875,-8.584,-55.414,-4.182,YAW
-0.352,-0.016,1.008,2.537,-56.009,-1.969,YAW
-0.286,0.007,1.009,-0.376,-40.688,-18.961,YAW
-0.347,0.013,1.024,17.045,-21.866,-41.221,YAW
-0.343,0.026,1.017,41.037,-0.770,-71.916,YAW
-0.389,0.062,1.087,65.459,16.196,-103.442,YAW
-0.419,0.045,0.938,64.531,9.984,-119.936,YAW
-0.322,0.087,1.084,81.419,-21.647,-143.622,YAW
-0.366,0.099,0.957,83.755,-64.522,-140.717,YAW
-0.317,0.138,1.004,90.160,-86.161,-170.669,YAW
-0.216,0.154,0.992,88.331,-108.290,-185.342,YAW
-0.150,0.188,0.958,52.789,-130.113,-213.351,YAW
-0.050,0.172,0.953,51.432,-163.634,-215.451,YAW
-0.058,0.140,0.967,17.159,-218.417,-224.508,YAW
-0.006,0.246,0.976,-11.533,-228.174,-243.758,YAW
0.026,0.159,0.885,-61.950,-232.400,-239.033,YAW
0.127,0.046,0.950,-120.759,-243.232,-223.991,YAW
0.263,0.086,0.812,-109.217,-209.300,-207.996,YAW
0.366,0.042,0.815,-89.119,-144.104,-174.221,YAW
0.341,-0.014,1.003,-66.666,-59.955,-153.291,YAW
0.325,0.232,0.912,-46.349,8.531,-129.736,YAW
0.309,0.156,0.862,-26.871,5.635,-148.575,YAW
0.302,0.144,1.014,-2.564,3.535,-176.540,YAW
0.372,0.021,1.166,-7.534,-11.366,-195.440,YAW
0.411,0.167,1.109,-39.690,-52.666,-191.310,YAW
0.370,0.189,0.947,-43.531,-56.254,-180.014,YAW
0.358,0.077,0.837,-31.290,-55.641,-187.749,YAW
0.306,0.039,0.886,-6.387,-48.274,-174.895,YAW
0.360,0.254,0.931,-82.215,-31.369,-212.170,YAW
0.294,0.456,0.830,-51.424,-30.739,-242.270,YAW
0.290,0.369,0.921,-27.239,-13.230,-245.726,YAW
0.333,0.190,0.898,-27.808,3.920,-225.934,YAW
0.377,0.346,1.013,-46.174,-11.953,-229.845,YAW
0.326,0.460,0.926,-55.816,-8.689,-211.295,YAW
0.334,0.411,0.834,-70.464,14.201,-182.822,YAW
0.212,0.256,0.924,-53.611,36.531,-172.620,YAW
0.218,0.239,0.890,-62.667,54.119,-168.324,YAW
0.193,0.200,1.060,-73.701,51.756,-163.152,YAW
0.136,0.220,1.059,-78.794,38.981,-156.546,YAW
-0.016,0.271,1.088,-64.033,14.289,-136.587,YAW
-0.021,0.229,0.978,-38.614,-6.431,-135.660,YAW
0.075,0.146,0.899,-51.214,-7.376,-118.029,YAW
-0.050,0.174,0.956,-55.580,-11.410,-93.301,YAW
0.035,0.186,0.978,-50.181,-5.145,-59.596,YAW
-0.001,0.179,1.108,-32.401,26.407,-15.566,YAW
0.085,0.140,1.101,-16.153,16.573,19.022,YAW
0.102,0.075,1.039,-17.299,12.609,18.244,YAW
0.093,0.034,0.985,-16.327,-4.664,11.882,YAW
0.054,-0.021,1.035,-22.872,-16.214,21.376,YAW
0.095,0.006,1.008,-17.824,-27.956,43.697,YAW
0.008,0.022,1.019,-11.751,-9.581,69.195,YAW
0.049,0.044,1.050,-5.346,10.132,104.379,YAW
-0.024,0.023,1.064,-5.714,6.597,159.924,YAW
0.023,0.089,1.024,-1.934,10.141,183.689,YAW
0.026,0.070,1.110,-7.122,10.605,201.871,YAW
0.048,0.067,1.046,-4.270,6.125,217.420,YAW
0.030,0.026,1.020,15.094,-18.060,221.926,YAW
0.049,0.010,1.039,18.191,-23.109,219.669,YAW
0.075,0.028,0.946,-13.142,2.940,213.080,YAW
-0.022,0.074,0.973,-35.691,30.013,199.010,YAW
0.006,-0.001,0.939,-32.042,24.622,173.434,YAW
0.043,-0.069,0.957,4.392,4.725,157.167,YAW
0.148,-0.074,1.059,-9.310,-3.964,147.542,YAW
0.082,0.155,0.997,-80.955,-13.659,169.041,YAW
-0.093,0.047,0.878,2.616,22.522,155.592,YAW
-0.045,-0.167,1.148,59.938,19.014,152.460,YAW
0.028,-0.062,1.075,9.905,24.640,139.720,YAW
-0.060,0.020,0.879,-9.467,52.491,150.929,YAW
-0.099,0.111,0.986,21.753,22.181,144.690,YAW
0.004,-0.051,1.038,37.301,8.278,144.725,YAW
-0.039,-0.063,1.042,36.829,17.439,158.121,YAW
-0.002,0.168,1.006,16.511,17.955,170.503,YAW
-0.081,0.275,0.852,22.391,3.920,184.091,YAW
-0.160,0.061,0.839,39.629,-21.814,193.288,YAW
-0.123,-0.095,1.182,44.923,-9.529,199.045,YAW
-0.111,0.166,1.124,3.342,35.079,184.363,YAW
-0.151,0.154,1.030,-34.335,71.190,178.587,YAW
-0.148,0.180,0.971,-48.816,51.949,155.610,YAW
-0.109,-0.004,0.961,-43.006,23.336,156.651,YAW
-0.131,0.070,1.169,-55.676,16.844,164.439,YAW
-0.161,0.094,1.110,-58.441,6.108,172.830,YAW
-0.189,0.187,1.005,-50.059,14.096,172.182,YAW
-0.158,-0.002,0.959,-31.080,0.306,149.275,YAW
-0.179,-0.084,0.959,-20.029,-9.214,123.427,YAW
-0.061,0.002,0.915,-11.725,-7.044,110.959,YAW
-0.041,0.034,0.899,-1.794,-17.754,112.665,YAW
-0.024,0.022,0.977,24.141,-44.931,148.636,YAW
-0.114,0.039,1.106,23.888,-44.222,172.944,YAW
-0.029,0.113,1.085,4.218,-53.795,179.357,YAW
0.049,0.053,1.092,9.100,-55.834,186.471,YAW
-0.059,0.104,1.030,-14.140,-5.267,169.811,YAW
-0.059,0.056,0.981,-9.660,25.673,149.520,YAW
-0.042,0.098,0.998,-8.164,30.660,127.864,YAW
-0.062,0.162,1.058,1.129,15.356,102.952,YAW
-0.127,0.147,1.062,4.952,7.525,50.094,YAW
-0.109,0.001,1.012,-6.773,1.768,-0.691,YAW
-0.213,-0.163,0.958,-20.431,-8.627,-15.899,YAW
-0.050,-0.068,0.981,-35.411,-9.292,-22.094,YAW
-0.043,-0.075,1.047,-16.879,-14.998,-8.321,YAW
0.009,0.000,1.056,-14.875,-13.519,-14.901,YAW
0.013,0.021,1.110,-10.868,-17.386,-17.220,YAW
-0.010,-0.003,1.085,-22.461,-12.749,-33.618,YAW
-0.025,-0.030,1.038,-27.134,-11.812,-60.524,YAW
-0.033,-0.069,1.012,-20.239,-31.299,-79.923,YAW
0.064,-0.015,1.114,-5.171,-39.104,-94.098,YAW
0.025,-0.101,1.030,20.860,-46.209,-113.190,YAW
0.093,0.032,1.012,-8.417,-52.036,-140.175,YAW
0.104,0.071,0.978,-5.644,-38.377,-164.579,YAW
0.077,-0.032,0.951,5.495,-22.531,-175.061,YAW
0.033,0.029,0.942,-15.671,-26.189,-168.577,YAW
0.149,0.046,1.102,-27.930,-24.028,-167.195,YAW
0.045,-0.120,1.054,-38.360,-10.710,-154.018,YAW
0.051,0.011,0.912,-93.861,6.510,-162.076,YAW
0.176,0.169,0.905,-42.963,-10.132,-177.774,YAW
0.112,-0.022,0.945,11.804,-24.272,-181.842,YAW
0.165,-0.049,1.088,4.970,-25.926,-191.923,YAW
0.040,-0.061,1.062,-59.701,-13.580,-202.029,YAW
0.101,0.013,0.827,-79.809,-17.316,-209.195,YAW
0.142,0.145,0.776,-11.900,-3.019,-229.346,YAW
0.151,0.233,0.791,45.290,10.920,-241.430,YAW
0.035,-0.079,1.014,83.904,-41.440,-233.459,YAW
0.172,-0.072,1.161,24.771,-99.033,-250.486,YAW
0.364,0.133,1.161,-16.520,-23.546,-256.008,YAW
0.217,0.386,0.924,-11.279,5.661,-256.594,YAW
0.139,0.092,0.956,17.771,11.778,-261.082,YAW
0.343,0.039,1.121,5.119,1.732,-278.294,YAW
0.249,0.262,1.075,-13.703,-8.619,-240.030,YAW
0.137,0.440,1.038,-17.421,-6.983,-225.470,YAW
0.104,0.268,0.904,-1.181,-15.540,-201.031,YAW
0.061,0.227,0.863,12.539,-40.854,-213.307,YAW
0.168,0.281,0.992,-0.481,-48.037,-196.542,YAW
0.113,0.238,0.974,-32.156,-39.664,-183.242,YAW
0.052,0.218,1.023,-42.936,-31.141,-166.005,YAW
0.127,0.228,1.043,-54.276,-28.542,-175.446,YAW
0.057,0.234,1.022,-65.503,-21.385,-173.014,YAW
0.244,0.281,0.901,-57.339,28.683,-173.241,YAW
0.013,0.142,1.073,-36.873,29.645,-146.116,YAW
0.103,0.244,1.042,-31.903,-16.476,-131.451,YAW
0.054,0.170,0.989,-32.314,-24.622,-114.301,YAW
0.112,0.175,1.004,-41.597,-19.355,-109.156,YAW
0.009,0.081,0.961,-47.399,-9.984,-108.911,YAW
0.022,0.044,0.944,-44.336,-3.763,-107.695,YAW
0.058,0.053,0.956,-40.653,-0.403,-104.020,YAW
0.047,0.102,1.014,-46.559,-7.193,-83.702,YAW
0.010,0.087,1.052,-35.971,13.589,-63.158,YAW
0.082,0.006,1.055,-35.875,26.618,-28.989,YAW
0.065,0.008,1.083,-36.374,35.411,-0.936,YAW
-0.032,0.005,1.063,-28.744,12.792,22.024,YAW
-0.038,-0.035,1.032,-12.539,0.866,39.812,YAW
0.019,-0.053,0.989,-6.309,-4.891,49.368,YAW
0.003,-0.048,0.991,-2.004,0.884,41.650,YAW
-0.013,-0.014,1.020,-1.041,10.299,41.519,YAW
0.057,0.084,1.055,-20.344,23.660,88.918,YAW
0.022,-0.051,1.016,-20.003,38.623,157.465,YAW
0.028,-0.007,1.106,-33.329,30.739,179.357,YAW
-0.129,0.024,1.046,-19.180,32.541,212.275,YAW
-0.191,0.019,1.061,-14.779,40.740,221.288,YAW
-0.255,-0.179,0.980,-18.077,39.322,177.117,YAW
-0.013,-0.062,0.940,-6.807,27.659,159.731,YAW
-0.102,-0.024,0.955,-21.464,6.738,169.540,YAW
-0.121,0.026,1.034,5.049,-37.888,142.529,YAW
-0.105,-0.024,1.027,2.266,-68.320,168.298,YAW
-0.067,0.043,1.029,11.104,-47.084,180.880,YAW
-0.170,0.239,1.023,7.262,0.201,210.271,YAW
-0.197,-0.016,1.000,-30.704,-17.456,195.396,YAW
-0.059,-0.019,0.972,-20.624,-40.679,211.750,YAW
0.005,0.074,1.069,-3.535,-54.373,238.604,YAW
-0.054,0.063,1.048,5.880,-56.359,247.275,YAW
-0.077,0.013,0.932,28.254,-88.848,227.482,YAW
0.020,0.031,0.872,24.325,-90.134,224.630,YAW
0.102,0.104,0.915,5.959,-50.173,215.836,YAW
0.120,0.039,1.052,34.431,-5.014,223.895,YAW
0.077,0.040,1.092,36.969,2.625,237.475,YAW
-0.031,0.019,1.034,19.084,16.021,229.031,YAW
0.018,0.071,0.985,-3.255,24.570,184.572,YAW
0.136,-0.045,0.901,-21.726,21.630,171.133,YAW
0.082,0.145,1.136,-20.834,24.167,194.303,YAW
0.005,0.132,1.059,-15.767,15.243,197.137,YAW
-0.092,0.118,1.044,-3.710,24.369,171.386,YAW
0.115,-0.072,1.016,5.565,11.760,147.560,YAW
0.173,-0.061,1.279,-5.198,56.096,150.806,YAW
-0.048,-0.001,0.902,-39.130,64.960,126.411,YAW
0.046,0.070,0.942,-9.809,-13.650,140.411,YAW
-0.098,0.012,0.911,9.852,-26.320,130.541,YAW
-0.171,-0.017,0.942,2.511,-41.423,115.894,YAW
-0.124,-0.029,1.161,-3.273,-2.844,104.431,YAW
-0.058,-0.001,1.090,5.460,45.981,94.027,YAW
0.020,-0.077,0.867,6.239,77.499,103.941,YAW
0.003,0.004,0.964,14.193,58.669,114.835,YAW
-0.098,0.003,0.995,23.389,52.097,114.686,YAW
-0.097,0.065,1.002,25.419,43.138,118.589,YAW
-0.175,0.026,0.977,19.574,34.239,96.206,YAW
-0.105,0.125,1.088,5.582,32.139,80.176,YAW
-0.158,0.039,1.021,5.101,37.993,66.596,YAW
-0.217,0.036,1.027,7.227,6.335,72.625,YAW
-0.167,0.079,1.009,5.443,-13.711,75.294,YAW
-0.200,0.039,1.018,8.785,-23.599,78.207,YAW
-0.186,0.044,1.004,-1.278,-31.622,75.626,YAW
-0.169,0.105,1.029,6.834,-37.240,75.731,YAW
-0.149,0.097,0.790,-14.455,-40.565,74.952,YAW
-0.053,0.066,1.204,-14.525,-52.955,71.838,YAW
-0.096,0.056,0.999,-1.837,7.621,64.348,YAW
0.114,0.222,0.753,-71.584,-27.991,27.300,YAW
-0.167,0.111,1.052,-2.581,30.844,26.084,YAW
0.259,0.078,1.007,-6.501,15.094,17.868,YAW
-0.162,0.084,1.036,3.614,10.666,12.198,YAW
-0.088,0.092,1.094,7.516,-13.641,-13.720,YAW
-0.102,0.033,1.025,5.863,-16.975,-39.812,YAW
-0.055,0.034,1.016,2.537,-22.243,-63.831,YAW
-0.078,0.091,1.029,9.800,-33.425,-93.756,YAW
-0.080,0.045,0.969,1.304,-61.985,-116.848,YAW
-0.025,0.097,1.094,0.866,-83.746,-144.113,YAW
-0.023,0.085,1.215,7.569,-65.249,-158.086,YAW
-0.000,0.145,1.043,2.966,-68.723,-182.945,YAW
0.014,0.268,1.014,4.296,-98.429,-212.415,YAW
0.059,-0.009,1.192,-18.042,-96.451,-234.833,YAW
0.064,0.048,1.169,-46.961,-89.766,-214.497,YAW
0.157,0.123,0.994,-72.844,-110.040,-222.110,YAW
0.214,0.081,0.775,-89.591,-105.595,-226.616,YAW
0.202,0.159,0.926,-117.005,-90.116,-237.195,YAW
0.331,0.051,0.800,-117.276,-27.125,-235.244,YAW
0.302,-0.063,0.734,-62.510,38.920,-224.849,YAW
0.247,-0.250,0.907,-26.757,18.891,-198.607,YAW
0.271,-0.063,1.026,-64.041,-22.942,-181.038,YAW
0.129,0.232,1.052,-95.165,-1.995,-180.390,YAW
0.067,0.266,0.750,1.759,55.597,-219.931,YAW
0.132,-0.171,0.992,74.707,71.365,-259.665,YAW
0.234,-0.175,1.149,39.655,65.450,-262.237,YAW
0.170,0.195,1.226,-8.995,36.461,-250.337,YAW
0.190,0.186,0.950,-5.714,58.030,-210.079,YAW
0.005,0.070,0.920,31.798,33.906,-208.495,YAW
0.026,0.103,0.945,37.879,1.881,-221.156,YAW
0.084,0.122,0.998,8.916,-37.118,-219.914,YAW
0.020,0.255,0.955,-12.250,-62.326,-193.883,YAW
-0.175,0.292,0.881,31.386,-31.062,-229.810,YAW
0.066,0.223,0.917,60.244,-17.369,-282.091,YAW
0.237,0.225,1.079,34.807,-20.878,-249.673,YAW
0.036,0.346,1.184,-18.462,-42.814,-160.492,YAW
-0.009,0.282,0.959,-39.795,-83.562,-121.135,YAW
0.025,0.076,1.005,-25.734,-66.194,-132.125,YAW
0.104,0.201,0.988,-32.086,-64.820,-147.971,YAW
0.094,0.216,1.049,-26.110,-68.976,-143.027,YAW
0.112,0.194,1.059,-32.034,-56.394,-142.651,YAW
0.072,0.147,1.117,-22.960,-26.871,-142.931,YAW
0.088,0.237,1.020,-33.346,-10.465,-134.365,YAW
0.133,0.190,1.022,-59.237,0.236,-103.276,YAW
0.132,0.102,1.050,-62.624,-8.584,-97.274,YAW
0.084,0.170,0.956,-64.076,-17.972,-113.312,YAW
0.076,0.104,0.965,-63.158,-7.971,-108.832,YAW
0.105,0.124,1.026,-49.534,8.943,-100.844,YAW
0.080,0.094,1.026,-38.868,8.557,-84.875,YAW
0.053,0.032,1.040,-26.022,1.916,-59.876,YAW
0.124,0.058,1.019,-21.892,1.759,-30.336,YAW
0.069,0.048,1.063,-18.935,-4.515,1.067,YAW
0.074,0.050,1.025,-16.310,-11.244,19.740,YAW
0.084,0.015,1.054,-5.722,-6.536,47.889,YAW
0.101,-0.001,1.045,-3.150,-8.426,81.436,YAW
0.202,0.046,0.998,1.260,-5.968,117.749,YAW
0.160,0.106,0.905,13.274,29.907,159.906,YAW
-0.053,0.134,1.062,35.236,92.479,196.227,YAW
0.093,-0.001,1.159,15.610,90.930,226.590,YAW
0.103,0.071,1.172,-35.901,34.860,273.849,YAW
0.047,0.095,1.127,-84.236,19.801,286.685,YAW
-0.155,0.066,0.979,-118.790,26.075,286.685,YAW
-0.199,-0.233,0.900,-94.281,-7.271,278.985,YAW
-0.127,-0.214,0.943,-41.571,-22.505,217.184,YAW
-0.120,-0.130,0.875,-7.394,-12.355,201.749,YAW
-0.219,-0.018,1.044,18.375,12.084,193.856,YAW
-0.074,-0.048,1.034,11.340,-4.121,212.984,YAW
-0.082,-0.052,0.938,-3.062,8.540,241.089,YAW
-0.107,0.020,0.894,-2.730,8.488,247.879,YAW
-0.219,-0.011,0.907,-3.106,1.426,234.736,YAW
-0.143,0.040,1.080,33.425,-28.788,219.091,YAW
-0.099,0.024,1.075,36.356,-23.905,223.816,YAW
-0.163,0.025,0.940,14.315,-4.988,238.201,YAW
-0.078,0.079,1.103,-7.210,-20.142,261.520,YAW
-0.262,0.073,1.071,-18.725,-40.303,244.571,YAW
-0.178,0.008,1.110,-36.374,-53.191,220.929,YAW
-0.095,0.002,0.965,-59.553,-45.999,197.295,YAW
-0.020,-0.040,1.132,-52.290,-26.819,197.033,YAW
-0.013,-0.052,0.920,-45.211,-10.404,164.798,YAW
-0.032,-0.011,0.975,-27.843,-14.017,160.212,YAW
-0.083,0.027,1.052,-22.164,-7.376,143.141,YAW
0.074,0.017,1.064,-12.880,-13.283,134.592,YAW
0.055,-0.140,1.012,15.365,-10.474,153.492,YAW
0.001,-0.040,0.946,27.571,-22.356,168.709,YAW
-0.063,0.031,1.044,29.138,-32.629,153.921,YAW
-0.099,-0.083,0.963,23.336,-21.490,138.941,YAW
-0.093,0.037,1.017,-5.451,-1.242,113.514,YAW
-0.021,0.031,1.010,-12.766,9.231,100.730,YAW
-0.091,0.002,1.001,-12.373,19.469,93.529,YAW
0.059,-0.028,0.993,-2.765,-8.680,111.904,YAW
0.053,-0.028,1.124,5.740,4.244,119.770,YAW
-0.004,-0.050,1.076,-9.301,26.635,109.550,YAW
-0.059,-0.019,1.012,-24.815,17.806,98.210,YAW
-0.076,0.071,1.025,-11.664,5.512,99.365,YAW
-0.191,0.039,1.038,1.374,9.476,75.162,YAW
-0.124,-0.090,1.062,-5.836,15.120,56.088,YAW
-0.090,-0.040,0.999,-7.499,5.644,53.480,YAW
0.030,-0.137,1.092,-5.941,-3.036,52.132,YAW
-0.034,-0.063,1.006,1.146,2.135,71.304,YAW
-0.168,-0.028,0.937,1.190,8.260,62.825,YAW
-0.090,-0.069,0.970,-3.876,12.985,54.924,YAW
-0.172,-0.037,1.028,-1.689,20.239,60.778,YAW
-0.157,-0.059,0.987,1.610,31.587,64.418,YAW
-0.201,0.031,1.003,4.401,37.844,54.661,YAW
-0.170,-0.063,1.005,8.540,31.570,32.550,YAW
-0.142,-0.027,1.026,7.525,19.539,28.385,YAW
-0.172,-0.019,1.017,6.431,12.399,16.485,YAW
-0.158,-0.006,1.032,2.441,-4.865,-12.512,YAW
-0.202,-0.021,1.073,3.036,-26.486,-32.226,YAW
-0.242,-0.011,1.091,2.432,-32.987,-70.630,YAW
-0.274,0.028,1.066,3.614,-39.384,-98.228,YAW
-0.238,0.143,1.088,15.426,-67.191,-162.540,YAW
-0.157,0.039,1.109,9.520,-69.213,-219.546,YAW
-0.095,0.005,1.109,-18.603,-56.735,-261.756,YAW
-0.021,-0.068,1.019,-40.967,-46.095,-258.676,YAW
0.038,-0.075,0.848,-55.790,-57.951,-247.940,YAW
0.236,0.021,0.874,-49.079,-68.084,-220.395,YAW
0.231,-0.070,1.028,-38.588,-55.895,-206.395,YAW
0.185,-0.079,0.965,-32.331,-20.991,-194.758,YAW
0.158,-0.097,0.969,-0.420,-11.480,-174.562,YAW
0.123,-0.065,1.082,3.797,7.516,-176.216,YAW
0.061,-0.081,0.977,-21.228,-9.748,-198.179,YAW
0.173,-0.030,0.792,-29.050,-39.970,-206.133,YAW
0.210,-0.054,0.897,-15.312,-58.564,-207.253,YAW
0.124,0.042,1.035,-51.074,-41.930,-233.336,YAW
0.226,0.042,0.961,-23.362,-27.247,-242.883,YAW
0.216,-0.083,0.980,0.315,-16.625,-243.670,YAW
0.262,-0.060,0.985,-18.471,8.776,-239.925,YAW
0.353,-0.026,1.095,-20.361,23.774,-232.330,YAW
0.285,0.067,0.995,-19.854,29.094,-210.630,YAW
0.185,0.095,0.973,-0.306,39.620,-205.651,YAW
0.133,0.025,0.988,17.237,49.945,-205.196,YAW
0.114,0.061,0.940,-14.201,42.910,-217.744,YAW
0.094,0.111,0.891,-33.294,40.206,-214.515,YAW
-0.028,0.155,1.036,-3.307,38.097,-220.185,YAW
0.171,0.094,1.012,12.749,10.369,-223.589,YAW
0.145,0.082,1.086,-12.075,-10.623,-192.894,YAW
0.061,0.122,1.092,-15.094,-38.701,-186.716,YAW
0.083,0.088,1.014,2.835,-34.685,-190.199,YAW
0.125,0.156,0.931,45.474,-0.752,-206.211,YAW
0.209,0.171,1.069,28.263,-12.014,-172.034,YAW
0.149,0.130,1.033,-8.181,-64.120,-126.866,YAW
0.076,0.102,0.966,-24.474,-87.308,-121.791,YAW
0.095,0.193,0.979,-21.700,-76.064,-121.406,YAW
0.203,0.184,0.985,-9.783,-63.472,-115.902,YAW
0.197,0.193,1.018,5.714,-52.684,-115.421,YAW
0.275,0.196,0.993,-2.144,-54.880,-99.129,YAW
0.197,0.187,1.031,-4.034,-25.060,-85.120,YAW
0.180,0.172,1.040,-5.609,-9.205,-73.622,YAW
0.166,0.169,1.022,-10.587,-2.249,-61.941,YAW
0.181,0.164,1.025,-16.074,11.576,-47.136,YAW
0.207,0.174,0.999,-18.323,17.876,-43.522,YAW
0.153,0.195,0.964,-28.070,16.625,-38.955,YAW
0.118,0.200,0.978,-23.940,19.583,-42.945,YAW
0.150,0.199,1.007,-16.949,24.211,-46.891,YAW
0.097,0.145,0.960,-12.267,11.305,-40.653,YAW
0.018,0.136,1.017,-11.804,-2.931,-38.474,YAW
0.153,0.176,1.031,-8.347,3.089,-40.792,YAW
0.149,0.160,1.010,-8.934,4.515,-35.411,YAW
0.115,0.163,1.040,-11.235,3.806,-26.101,YAW
0.143,0.148,1.014,-17.229,-0.595,-15.181,YAW
0.126,0.159,1.024,-20.519,-9.870,0.630,YAW
0.063,0.118,1.043,-24.876,-24.622,27.816,YAW
0.111,0.153,1.080,-13.904,-28.236,50.452,YAW
0.142,0.108,1.044,-18.576,-20.580,84.184,YAW
0.136,0.111,1.032,-19.110,-5.968,101.036,YAW
0.191,0.068,1.061,-10.097,11.953,115.054,YAW
0.150,0.115,1.028,10.238,38.482,115.430,YAW
0.156,0.051,1.001,17.062,55.597,122.264,YAW
0.142,0.063,0.924,-2.529,41.300,141.768,YAW
0.017,0.142,0.911,-23.257,38.868,171.010,YAW
0.052,-0.007,1.013,-50.803,64.890,195.633,YAW
0.088,-0.037,1.067,-44.397,65.511,190.523,YAW
0.005,-0.058,1.023,-47.688,50.146,188.116,YAW
-0.053,-0.034,1.048,-30.503,30.573,187.679,YAW
-0.089,-0.028,0.984,-19.171,1.689,172.777,YAW
-0.138,-0.127,0.877,-21.997,-4.253,166.119,YAW
-0.068,-0.085,1.120,27.930,-14.534,120.794,YAW
-0.009,0.051,1.085,10.369,-32.506,140.744,YAW
-0.081,0.013,1.029,24.448,-22.864,154.376,YAW
0.017,0.037,0.959,13.807,-22.916,159.215,YAW
0.067,-0.089,0.903,-23.669,-25.200,176.164,YAW
-0.014,-0.057,1.029,-32.533,-33.548,174.151,YAW
-0.007,0.042,1.123,-36.505,-62.143,160.571,YAW
0.092,-0.108,0.968,-45.745,-59.658,161.893,YAW
0.073,-0.150,0.916,6.440,-41.632,186.270,YAW
0.064,-0.020,1.063,45.159,-34.676,205.485,YAW
0.080,-0.070,1.072,31.701,-21.875,197.094,YAW
0.139,-0.140,0.941,18.725,-19.950,190.129,YAW
0.038,-0.055,1.075,34.221,14.289,198.284,YAW
0.088,-0.032,0.961,15.050,16.100,197.549,YAW
0.144,0.077,0.969,21.175,5.749,199.736,YAW
0.004,-0.110,0.992,21.858,6.825,194.495,YAW
-0.036,-0.171,0.983,-0.359,-15.802,176.321,YAW
0.017,-0.045,0.952,-2.914,-22.085,180.346,YAW
0.058,-0.017,0.960,17.369,-14.971,174.904,YAW
0.053,-0.038,1.021,22.566,-19.066,174.947,YAW
-0.000,-0.171,1.064,19.871,-2.966,170.756,YAW
0.004,0.082,1.059,-10.544,28.744,164.316,YAW
0.056,0.090,1.040,-18.681,25.926,146.055,YAW
0.016,-0.034,1.019,-10.780,32.287,133.997,YAW
-0.013,-0.097,1.059,-4.191,42.394,129.955,YAW
-0.009,-0.093,1.024,11.611,21.840,146.991,YAW
-0.086,0.025,1.114,19.302,14.429,155.846,YAW
-0.071,0.016,0.991,12.644,10.833,135.564,YAW
-0.100,-0.035,1.057,-1.006,7.140,117.731,YAW
-0.099,0.073,1.007,-17.710,0.919,100.905,YAW
-0.055,0.080,1.012,-14.429,-9.398,88.393,YAW
-0.076,-0.033,0.983,-12.495,-9.940,76.615,YAW
-0.154,-0.133,1.057,-18.909,-6.449,77.787,YAW
-0.076,-0.114,1.010,-31.710,-4.559,93.397,YAW
0.045,0.050,0.986,-19.294,-8.846,99.540,YAW
-0.117,0.018,1.155,-9.870,-1.759,89.285,YAW
-0.056,-0.060,1.025,-29.181,23.468,65.091,YAW
-0.059,-0.070,0.994,-15.837,17.246,71.872,YAW
-0.095,-0.029,1.005,-11.812,24.570,70.525,YAW
-0.097,-0.084,0.926,-7.621,20.519,69.527,YAW
-0.152,0.034,0.976,15.068,14.788,73.036,YAW
-0.177,-0.084,0.904,18.209,12.504,63.158,YAW
-0.188,-0.076,0.997,15.514,7.560,60.314,YAW
-0.181,-0.044,0.985,7.735,-0.368,46.322,YAW
-0.152,0.010,1.021,6.562,-9.608,32.349,YAW
-0.124,-0.013,1.019,3.316,-12.626,14.061,YAW
-0.144,-0.030,1.044,1.977,-15.295,7.245,YAW
-0.198,-0.075,1.051,3.622,-7.980,-2.747,YAW
-0.152,-0.058,1.001,0.717,2.196,-6.650,YAW
-0.150,-0.071,1.031,1.067,6.685,-7.122,YAW
-0.183,-0.019,1.038,-5.224,6.230,-13.711,YAW
-0.180,-0.007,1.010,-17.132,-1.960,-36.514,YAW
-0.146,0.039,1.123,-28.770,-15.085,-71.120,YAW
-0.172,-0.025,1.142,-38.229,-23.153,-101.412,YAW
-0.143,-0.043,1.164,-48.545,-41.029,-141.006,YAW
-0.077,-0.065,1.115,-70.175,-68.040,-176.470,YAW
0.028,-0.104,0.881,-98.779,-61.101,-205.511,YAW
0.098,-0.206,0.907,-111.930,-59.456,-223.571,YAW
0.000,-0.312,0.801,-84.052,-52.964,-200.760,YAW
-0.041,-0.269,0.772,-30.450,-27.851,-176.881,YAW
0.123,-0.271,0.907,11.217,-3.885,-183.724,YAW
0.124,-0.298,0.969,1.033,6.624,-178.946,YAW
0.025,-0.255,1.017,-26.224,24.194,-178.027,YAW
0.079,-0.196,1.012,-27.650,40.408,-190.557,YAW
0.106,-0.201,1.066,-30.949,30.573,-204.277,YAW
0.372,-0.213,0.696,-75.425,10.526,-200.462,YAW
0.311,-0.218,0.792,-28.324,9.844,-185.456,YAW
0.262,-0.178,1.091,0.350,20.029,-191.467,YAW
0.260,-0.086,1.056,-0.236,33.871,-207.305,YAW
0.324,-0.228,0.914,7.490,35.761,-193.182,YAW
0.174,-0.250,1.061,-10.097,61.618,-173.408,YAW
0.183,-0.183,1.092,-16.669,65.459,-174.204,YAW
0.270,-0.167,1.023,0.989,47.127,-170.004,YAW
0.231,-0.146,0.877,-1.977,31.159,-148.846,YAW
0.174,-0.096,0.895,7.945,29.496,-152.311,YAW
0.086,-0.144,0.976,27.983,27.939,-160.510,YAW
0.110,-0.083,1.054,34.947,3.098,-173.215,YAW
0.233,-0.041,1.076,19.862,-21.263,-178.938,YAW
0.352,-0.012,1.053,-3.019,-2.949,-144.305,YAW
0.153,0.004,0.883,-5.626,5.486,-129.447,YAW
0.067,-0.020,0.983,29.173,11.121,-145.005,YAW
0.086,0.073,0.976,25.235,0.157,-166.609,YAW
0.222,0.057,1.029,5.565,-28.936,-173.644,YAW
0.308,0.049,0.975,1.199,-19.574,-154.989,YAW
0.222,0.012,1.002,17.150,-0.035,-149.651,YAW
0.273,0.086,1.035,12.959,-4.349,-148.129,YAW
0.224,0.085,1.025,4.340,-6.597,-141.085,YAW
0.152,0.132,1.025,1.872,-4.847,-141.768,YAW
0.200,0.139,1.054,16.362,19.827,-145.758,YAW
0.096,0.145,0.961,2.485,23.450,-142.931,YAW
0.125,0.191,1.023,-5.941,15.243,-138.661,YAW
0.252,0.217,0.993,-35.149,-16.747,-106.715,YAW
0.128,0.188,1.022,-39.778,-32.025,-78.129,YAW
0.267,0.204,0.972,-30.835,-59.080,-71.986,YAW
0.187,0.130,0.986,-34.055,-55.545,-60.287,YAW
0.181,0.127,0.992,-31.684,-54.224,-65.853,YAW
0.155,0.104,1.055,-18.218,-28.122,-75.801,YAW
0.189,0.106,1.004,-25.436,-12.294,-78.838,YAW
0.225,0.112,1.011,-31.833,-6.195,-77.735,YAW
0.204,0.137,1.026,-36.864,1.645,-71.488,YAW
0.119,0.091,0.966,-30.695,6.125,-67.856,YAW
0.159,0.123,0.928,-28.683,9.958,-73.334,YAW
0.193,0.103,0.987,-26.705,13.440,-71.636,YAW
0.144,0.107,0.962,-27.781,13.632,-67.130,YAW
0.133,0.079,0.961,-27.064,8.645,-58.625,YAW
0.190,0.082,0.994,-22.890,7.000,-55.125,YAW
0.156,0.036,1.044,-21.315,0.971,-46.060,YAW
0.171,0.058,1.031,-16.581,-6.685,-36.732,YAW
0.157,0.058,1.047,-10.745,-5.302,-31.089,YAW
0.124,0.078,1.004,-10.640,-9.301,-23.634,YAW
0.142,0.023,1.011,-1.339,-7.814,-22.181,YAW
0.165,0.032,1.006,-5.941,1.374,-16.205,YAW
0.144,0.005,1.004,-8.286,-3.334,-10.614,YAW
0.157,0.018,1.024,-7.017,-7.481,-6.921,YAW
0.156,0.005,1.000,-4.445,2.126,-5.749,YAW
0.180,0.036,1.002,-6.440,6.440,-6.309,YAW
0.149,0.013,1.001,-6.869,7.000,-3.054,YAW
0.151,0.015,1.015,-5.976,5.635,-0.026,YAW
0.147,0.024,1.039,-4.296,1.181,6.116,YAW
0.164,0.007,1.031,-3.237,-5.556,13.965,YAW
0.147,0.011,1.055,-5.976,-7.560,26.731,YAW
0.168,0.010,1.060,-7.779,-5.381,36.969,YAW
0.162,-0.006,1.048,-2.135,1.732,52.080,YAW
0.195,0.034,1.066,-5.512,2.625,87.456,YAW
0.147,0.054,1.025,-1.925,-8.566,123.113,YAW
0.097,0.037,0.977,10.552,-16.292,139.939,YAW
0.108,0.032,0.887,21.700,-33.364,156.791,YAW
0.194,-0.002,0.960,14.420,-11.270,174.869,YAW
0.181,-0.064,0.991,7.656,7.035,170.074,YAW
0.163,-0.020,1.041,10.833,9.511,162.864,YAW
0.159,-0.035,1.016,24.719,26.136,154.385,YAW
0.129,-0.006,1.019,24.798,42.831,161.770,YAW
0.140,-0.044,1.085,4.471,35.971,168.849,YAW
0.026,-0.095,0.999,-4.489,35.341,167.790,YAW
-0.015,-0.084,0.987,18.427,29.584,128.424,YAW
0.029,0.004,1.001,21.376,17.124,121.424,YAW
0.057,-0.009,1.007,13.379,15.120,126.464,YAW
0.117,-0.090,0.963,9.555,15.627,124.714,YAW
-0.120,0.052,0.974,33.722,16.677,79.284,YAW
-0.005,-0.044,1.071,21.087,20.212,99.671,YAW
0.010,-0.070,1.067,15.129,28.962,98.927,YAW
0.007,0.055,1.019,-2.826,24.176,105.280,YAW
0.030,0.042,1.025,-21.735,0.779,137.349,YAW
-0.054,0.020,1.081,-21.814,-12.696,150.229,YAW
-0.018,0.045,1.108,-10.859,-13.807,159.171,YAW
0.002,-0.002,0.985,-5.635,-18.147,177.109,YAW
0.034,-0.007,0.978,12.346,-22.671,185.133,YAW
0.017,-0.040,1.009,7.700,-14.534,177.459,YAW
0.053,-0.019,1.018,-0.140,-5.512,171.727,YAW
-0.041,0.021,0.947,0.472,2.021,166.206,YAW
-0.002,-0.042,0.986,12.600,-7.700,177.406,YAW
0.009,-0.029,1.101,3.491,0.822,187.863,YAW
-0.012,-0.013,1.133,-18.147,14.420,182.385,YAW
-0.018,-0.052,1.016,-46.821,14.682,176.969,YAW
-0.067,-0.043,0.942,-44.039,14.910,170.030,YAW
0.023,-0.017,0.932,-6.528,11.200,169.846,YAW
0.009,0.006,0.978,11.060,14.691,174.807,YAW
-0.122,0.019,1.012,14.919,17.517,174.387,YAW
-0.199,-0.123,1.034,-6.466,20.615,163.678,YAW
-0.094,-0.064,1.042,-22.855,23.056,155.531,YAW
-0.183,0.100,1.019,-16.573,15.627,158.235,YAW
-0.181,0.028,1.043,-11.585,5.093,149.152,YAW
-0.165,-0.125,1.062,-36.330,-4.524,139.676,YAW
-0.154,-0.038,1.005,-53.699,-6.746,135.581,YAW
-0.136,0.001,1.077,-44.870,-33.644,132.571,YAW
-0.159,-0.024,1.055,-37.467,-20.247,117.994,YAW
-0.115,0.012,0.991,-30.406,-2.642,106.706,YAW
-0.148,0.029,1.057,-10.894,0.114,102.375,YAW
-0.205,-0.153,0.957,2.214,-9.450,92.015,YAW
-0.157,-0.087,1.003,2.047,9.389,91.665,YAW
0.027,0.046,0.891,4.725,22.374,85.706,YAW
-0.067,0.029,0.896,34.011,31.491,103.661,YAW
-0.094,0.016,0.890,33.092,35.184,115.290,YAW
-0.154,-0.038,1.024,25.935,25.690,117.994,YAW
-0.218,0.036,0.983,-2.765,30.599,101.281,YAW
-0.208,0.018,0.979,-8.566,23.100,102.839,YAW
-0.304,-0.002,1.002,3.421,25.550,85.575,YAW
-0.231,-0.011,0.958,0.192,23.853,87.990,YAW
-0.316,0.045,1.033,-4.769,18.751,69.370,YAW
-0.223,0.060,0.989,-5.381,18.121,59.815,YAW
-0.257,0.056,0.974,11.454,12.609,70.411,YAW
-0.268,-0.066,0.995,43.470,-7.009,60.235,YAW
-0.370,0.013,1.058,19.591,13.291,12.031,YAW
-0.233,0.075,0.991,7.341,2.713,2.564,YAW
-0.215,0.089,0.956,-5.171,3.806,-5.495,YAW
-0.237,0.087,0.949,4.961,-6.282,-5.023,YAW
-0.284,0.086,1.009,8.671,-20.466,8.496,YAW
-0.233,0.120,1.031,1.452,-19.355,16.021,YAW
-0.286,0.086,0.997,2.362,-27.064,36.050,YAW
-0.245,0.115,1.004,1.619,-22.365,36.951,YAW
-0.223,0.100,0.966,6.501,-18.629,36.146,YAW
-0.183,0.130,0.966,10.719,-6.668,36.076,YAW
-0.213,0.132,0.974,8.409,1.916,39.952,YAW
-0.183,0.153,0.981,7.052,4.602,35.884,YAW
-0.226,0.119,0.999,9.424,8.627,34.991,YAW
-0.213,0.130,0.962,-4.034,14.140,27.099,YAW
-0.238,0.149,0.964,-7.061,1.347,24.605,YAW
-0.213,0.160,0.977,-14.586,-17.474,24.955,YAW
-0.141,0.139,0.968,-18.743,-30.616,17.351,YAW
-0.133,0.097,1.006,-11.104,-26.845,14.586,YAW
-0.160,0.082,1.056,-1.925,-10.089,4.506,YAW
-0.196,0.109,1.060,2.634,15.111,-9.879,YAW
-0.224,0.139,1.088,1.540,20.493,-23.433,YAW
-0.234,0.174,1.073,-11.288,18.506,-58.485,YAW
-0.306,0.136,1.136,-35.464,-9.949,-102.200,YAW
-0.272,0.131,1.118,-77.954,-31.483,-144.637,YAW
-0.140,0.265,1.115,-115.430,-60.576,-199.395,YAW
0.007,0.043,0.892,-145.014,-61.775,-240.896,YAW
0.028,-0.149,0.822,-104.878,-35.105,-229.696,YAW
-0.113,-0.179,0.755,-44.966,-0.289,-212.529,YAW
-0.178,-0.209,0.849,-38.806,-0.849,-235.988,YAW
-0.041,-0.381,1.047,-22.312,12.906,-241.316,YAW
-0.164,-0.300,1.206,-51.765,26.224,-217.814,YAW
-0.044,-0.269,0.960,-98.009,-20.737,-210.919,YAW
0.096,-0.405,0.744,-102.550,-41.011,-205.914,YAW
0.107,-0.514,0.670,-12.932,-49.857,-166.705,YAW
0.136,-0.483,0.991,55.248,-36.785,-156.380,YAW
0.235,-0.158,1.023,42.350,-4.900,-187.215,YAW
0.143,-0.137,0.873,32.576,-24.500,-200.751,YAW
0.152,-0.200,0.977,38.281,-37.039,-212.616,YAW
0.266,-0.207,0.949,30.844,-4.384,-219.284,YAW
0.178,-0.270,0.882,32.620,20.948,-234.929,YAW
0.217,-0.098,1.128,-11.025,41.151,-245.875,YAW
0.296,0.026,1.147,-23.564,51.021,-246.085,YAW
0.281,-0.112,0.981,-18.541,57.347,-239.715,YAW
0.163,-0.256,0.763,-10.028,67.734,-234.806,YAW
0.216,-0.107,1.076,4.681,57.041,-229.766,YAW
0.194,-0.008,1.080,6.536,37.467,-228.848,YAW
0.096,0.120,0.993,32.121,32.498,-239.015,YAW
0.182,0.175,1.116,46.987,16.048,-260.295,YAW
0.127,0.117,1.092,37.695,-0.018,-265.755,YAW
0.173,0.052,0.995,29.216,-9.012,-274.680,YAW
0.284,0.095,0.902,27.388,-0.070,-274.094,YAW
-0.126,0.131,1.002,1.829,50.426,-228.926,YAW
0.031,0.451,1.173,21.070,-73.351,-192.404,YAW
0.234,0.324,1.085,31.106,-84.481,-152.635,YAW
0.125,0.147,0.949,42.656,-18.279,-121.529,YAW
0.199,0.155,0.915,47.285,-4.856,-154.306,YAW
0.220,0.274,0.900,11.288,-15.759,-149.354,YAW
0.140,0.286,0.951,-14.123,-25.218,-136.762,YAW
-0.013,0.273,0.963,-27.055,-62.309,-134.033,YAW
0.041,0.351,0.790,-42.761,-25.104,-127.400,YAW
0.158,0.736,1.266,-82.162,58.537,-68.381,YAW
0.111,0.267,0.833,-21.507,-13.064,-128.398,YAW
-0.251,-0.287,1.009,-48.632,57.803,-86.275,YAW
0.068,0.262,1.023,-14.219,8.496,-115.876,YAW
-0.006,0.248,0.997,-19.093,-14.927,-81.506,YAW
-0.009,0.184,0.975,-1.732,-3.299,-80.649,YAW
-0.074,0.239,0.963,0.892,-17.614,-66.535,YAW
0.009,0.211,1.003,15.680,-21.577,-52.036,YAW
0.019,0.224,1.015,17.272,-11.996,-37.284,YAW
0.077,0.211,1.028,11.944,-10.938,-28.866,YAW
0.035,0.211,1.050,-3.824,-3.955,-12.189,YAW
0.019,0.184,1.080,-12.705,4.865,0.683,YAW
0.007,0.169,1.046,-19.110,14.376,6.650,YAW
-0.029,0.206,1.031,-26.871,24.614,14.420,YAW
-0.085,0.163,1.004,-18.926,38.745,27.142,YAW
-0.072,0.136,1.025,-11.261,45.614,38.623,YAW
-0.043,0.151,1.025,-8.566,45.089,48.956,YAW
-0.067,0.170,1.015,-6.151,38.281,70.910,YAW
-0.004,0.140,1.045,-12.714,21.245,96.924,YAW
-0.101,0.176,0.926,-4.585,32.874,102.515,YAW
-0.140,0.215,0.957,-3.841,55.414,114.555,YAW
-0.055,0.119,0.869,-14.779,94.544,127.348,YAW
-0.206,0.145,1.042,-28.324,98.201,116.375,YAW
-0.196,0.109,0.996,-29.505,49.044,95.410,YAW
-0.285,0.182,0.940,-35.333,33.241,80.815,YAW
-0.338,0.074,1.007,-28.228,12.976,60.069,YAW
-0.357,0.129,0.970,-21.534,-25.410,34.737,YAW
-0.313,0.205,1.086,-8.225,-33.757,22.103,YAW
-0.178,0.135,1.093,-3.579,-22.785,25.410,YAW
-0.214,0.173,1.050,-2.704,-21.105,30.870,YAW
-0.173,0.186,1.002,-10.754,-28.438,51.091,YAW
-0.193,0.098,0.862,-22.243,-13.816,74.524,YAW
-0.188,0.038,0.886,-19.128,1.120,78.531,YAW
-0.107,0.098,1.070,-19.075,23.984,101.798,YAW
-0.233,0.203,1.011,-19.486,35.289,135.949,YAW
-0.220,0.183,1.044,-42.630,17.054,192.150,YAW
-0.240,0.004,0.883,-63.735,10.334,212.774,YAW
-0.113,0.077,1.071,-45.824,39.673,217.429,YAW
-0.220,0.280,0.918,-47.827,3.281,232.190,YAW
-0.198,-0.051,0.945,-46.200,-56.936,228.655,YAW
0.146,-0.060,1.157,-59.430,-44.144,205.380,YAW
-0.187,0.119,0.966,-63.149,-26.565,205.896,YAW
-0.165,0.243,0.844,-62.790,-52.447,227.447,YAW
-0.070,0.018,1.004,-54.399,-47.862,253.969,YAW
-0.066,-0.138,1.045,-33.049,2.949,223.501,YAW
-0.159,0.085,0.985,-25.086,45.421,206.789,YAW
-0.136,0.068,1.032,-35.621,28.936,201.460,YAW
-0.137,0.001,0.930,-25.638,15.601,192.150,YAW
0.029,-0.124,1.215,-73.194,-44.537,186.165,YAW
0.092,-0.386,0.723,-51.923,-31.640,133.508,YAW
-0.128,0.217,0.898,-7.665,30.371,151.699,YAW
-0.201,0.170,0.995,-18.909,7.026,162.855,YAW
-0.271,0.006,1.024,-32.235,-16.520,169.488,YAW
-0.159,0.069,1.108,-29.251,-40.994,156.765,YAW
-0.154,-0.477,0.938,4.086,-60.594,160.020,YAW
0.076,-0.149,0.964,6.370,-23.573,145.985,YAW
-0.199,0.025,1.155,-31.929,-21.184,129.824,YAW
-0.083,-0.110,1.012,-56.980,-22.540,103.976,YAW
0.000,-0.063,0.974,-31.290,-9.896,116.200,YAW
-0.004,-0.154,0.961,-24.552,2.975,135.004,YAW
0.056,-0.195,0.970,-21.298,12.023,167.247,YAW
0.111,-0.072,0.905,14.166,16.844,199.902,YAW
-0.095,-0.060,1.079,20.860,23.362,216.773,YAW
-0.160,-0.003,1.019,-10.789,30.546,204.155,YAW
-0.214,0.037,0.996,-31.421,11.375,175.438,YAW
-0.282,-0.068,1.121,-29.251,17.605,153.466,YAW
-0.313,-0.014,1.018,-48.081,13.921,124.005,YAW
-0.112,0.020,1.039,-44.853,-26.180,113.584,YAW
-0.132,-0.107,1.092,-30.975,-25.384,106.601,YAW
-0.212,-0.158,1.049,-27.878,10.080,104.370,YAW
-0.285,-0.167,1.062,-26.198,18.944,108.701,YAW
-0.194,-0.161,0.872,-46.611,28.507,112.149,YAW
-0.208,-0.068,0.930,-33.495,7.455,128.319,YAW
-0.379,-0.020,0.930,-37.450,19.810,88.620,YAW
-0.347,-0.142,0.860,-38.833,19.267,70.315,YAW
-0.208,-0.176,0.826,-34.011,31.028,79.537,YAW
-0.202,-0.044,0.917,-10.850,32.716,94.054,YAW
-0.338,-0.141,1.031,16.153,6.869,93.249,YAW
-0.379,-0.170,1.061,18.786,-14.962,93.179,YAW
-0.389,-0.113,1.033,7.823,-33.871,78.601,YAW
-0.250,-0.077,0.986,8.146,-13.309,57.321,YAW
-0.247,-0.089,0.949,24.483,-7.350,62.195,YAW
-0.313,-0.031,0.955,26.101,-9.415,60.865,YAW
-0.339,-0.061,0.965,25.454,-18.559,58.153,YAW
-0.311,-0.100,0.951,19.110,-4.699,53.384,YAW
-0.379,-0.069,0.962,10.631,-8.663,55.055,YAW
-0.347,-0.007,0.992,4.891,-16.249,48.230,YAW
-0.246,0.016,1.012,-1.925,-5.617,-4.401,YAW
-0.322,-0.046,1.030,4.909,0.788,-29.969,YAW
-0.243,-0.033,1.019,-11.681,10.220,-67.935,YAW
-0.264,0.005,1.076,-6.396,8.654,-86.240,YAW
-0.302,0.026,1.088,0.551,15.698,-123.113,YAW
-0.290,-0.024,1.080,-3.920,0.262,-167.020,YAW
-0.312,-0.072,1.033,-19.635,-26.959,-203.122,YAW
-0.331,-0.054,0.994,-37.021,-53.200,-233.905,YAW
-0.291,-0.117,0.959,-68.189,-68.880,-263.130,YAW
-0.248,-0.179,0.866,-55.440,-65.056,-270.524,YAW
0.005,-0.133,0.813,-32.051,-57.689,-248.264,YAW
-0.015,-0.245,0.973,12.267,-48.860,-220.386,YAW
-0.026,-0.283,1.026,7.035,-32.646,-218.715,YAW
-0.053,-0.234,0.913,-14.289,-29.050,-207.926,YAW
0.375,0.002,0.722,-11.585,-27.790,-206.167,YAW
0.278,-0.525,0.793,42.989,-56.805,-196.726,YAW
0.155,-0.334,0.852,61.373,-46.594,-182.429,YAW
0.044,-0.191,1.002,35.884,-103.740,-174.501,YAW
0.318,-0.217,1.088,-6.965,-102.585,-185.045,YAW
0.432,-0.120,0.963,-13.545,-78.610,-168.298,YAW
0.367,-0.112,0.796,9.712,-50.584,-162.584,YAW
0.349,-0.035,1.119,17.386,-29.032,-169.452,YAW
0.409,0.079,0.971,-23.529,0.971,-170.756,YAW
0.468,-0.026,0.821,-12.163,35.271,-153.318,YAW
0.452,-0.027,1.042,-6.309,33.154,-149.984,YAW
0.366,0.038,1.049,-41.169,22.111,-145.679,YAW
0.306,0.019,0.960,-69.624,36.951,-149.074,YAW
0.210,-0.084,0.755,-60.743,43.811,-152.276,YAW
0.276,-0.075,0.900,-20.449,29.155,-147.420,YAW
0.322,-0.028,0.947,-48.904,14.507,-125.457,YAW
0.306,0.055,0.995,-54.740,6.492,-114.966,YAW
0.266,0.028,0.963,-51.555,11.252,-124.600,YAW
0.193,-0.018,1.006,-49.577,21.464,-132.038,YAW
0.279,0.025,0.991,-45.281,31.378,-121.074,YAW
0.199,0.022,0.924,-50.330,21.805,-107.555,YAW
0.200,-0.015,0.905,-18.944,4.051,-108.334,YAW
0.211,-0.020,0.987,-1.251,-9.940,-120.312,YAW
0.279,0.057,1.087,15.015,-18.112,-124.512,YAW
0.168,0.112,1.135,9.065,17.106,-147.770,YAW
0.036,-0.026,0.880,0.079,7.166,-151.042,YAW
0.374,0.141,0.981,1.619,52.745,-192.299,YAW
0.114,0.081,0.774,-3.010,79.284,-167.344,YAW
0.214,0.093,1.031,17.299,101.500,-182.621,YAW
0.190,0.114,1.048,5.722,71.199,-163.896,YAW
0.296,0.203,1.074,1.680,72.844,-163.923,YAW
0.020,0.247,0.962,-29.382,4.988,-110.302,YAW
-0.012,0.133,0.982,-5.600,-18.909,-103.644,YAW
0.019,0.119,0.987,-5.180,-19.294,-97.571,YAW
-0.043,0.149,1.012,12.224,-41.204,-106.120,YAW
-0.026,0.129,0.990,23.231,-29.540,-125.519,YAW
0.026,0.175,1.084,24.246,-35.254,-134.934,YAW
0.101,0.118,1.003,-2.231,-36.400,-133.219,YAW
0.100,0.146,1.054,-12.757,-33.679,-124.521,YAW
0.124,0.185,1.039,-28.210,-7.936,-118.755,YAW
-0.009,0.193,1.054,-32.077,-1.426,-106.321,YAW
0.032,0.194,1.026,-21.577,5.399,-94.658,YAW
0.009,0.124,1.042,-9.730,9.485,-85.645,YAW
0.131,0.119,1.019,-3.159,2.835,-81.882,YAW
0.104,0.161,0.947,-8.899,-4.778,-66.640,YAW
0.002,0.147,1.010,-7.779,2.039,-62.895,YAW
0.095,0.106,1.015,-5.302,-4.839,-69.387,YAW
0.031,0.154,1.020,-11.384,-23.354,-70.761,YAW
0.034,0.130,0.969,-18.567,-22.400,-60.077,YAW
0.028,0.099,0.986,-20.991,-17.920,-53.016,YAW
0.108,0.112,0.984,-22.374,-25.419,-39.471,YAW
0.108,0.099,0.997,-17.272,-28.245,-34.178,YAW
0.144,0.089,0.988,-21.350,-30.782,-23.336,YAW
0.157,0.080,0.981,-23.581,-34.344,-13.501,YAW
0.099,0.063,1.016,-15.286,-23.476,-2.467,YAW
0.082,0.063,1.044,-3.509,-13.195,10.526,YAW
0.111,0.069,1.057,2.398,-9.205,40.434,YAW
0.165,0.080,1.081,5.119,-2.214,69.116,YAW
0.150,0.114,0.966,5.023,6.746,121.406,YAW
0.069,0.090,0.954,16.406,32.069,157.658,YAW
0.086,0.138,1.043,27.737,49.210,170.564,YAW
0.101,0.117,1.011,21.429,55.667,189.376,YAW
0.081,0.182,1.123,-3.938,29.942,229.521,YAW
0.052,0.061,0.995,-27.484,14.788,253.934,YAW
-0.080,0.010,0.908,-29.864,8.802,244.011,YAW
-0.144,-0.037,0.840,-3.237,8.811,192.421,YAW
-0.038,-0.039,1.050,18.760,-3.938,148.146,YAW
0.149,0.052,1.210,8.837,-7.665,145.084,YAW
0.151,0.036,1.085,-14.796,-2.293,149.660,YAW
-0.078,0.135,0.914,-15.312,3.124,151.165,YAW
-0.000,-0.005,1.010,18.821,-10.614,138.574,YAW
0.133,-0.010,1.088,23.861,-17.850,138.994,YAW
0.075,0.058,1.039,5.031,-17.255,154.910,YAW
-0.048,0.211,0.952,-4.655,8.164,176.426,YAW
0.021,-0.057,0.864,14.193,3.911,174.869,YAW
0.051,-0.078,1.002,32.804,21.499,171.456,YAW
0.019,0.021,1.120,23.625,29.382,172.629,YAW
0.154,0.042,1.105,-16.275,0.140,192.264,YAW
0.010,-0.103,0.830,-33.040,-39.760,207.952,YAW
0.025,-0.105,0.825,18.174,-15.627,173.932,YAW
0.190,0.184,1.129,22.461,2.730,179.917,YAW
-0.061,0.048,1.133,-14.193,23.949,218.811,YAW
-0.018,0.060,1.096,-37.502,21.866,208.906,YAW
-0.077,-0.134,0.911,-24.290,-8.951,188.869,YAW
-0.029,-0.004,1.052,2.520,-19.976,190.776,YAW
0.007,-0.067,0.972,-2.993,-21.350,188.519,YAW
0.039,0.064,0.964,-2.293,-7.227,170.887,YAW
0.026,0.064,0.988,15.295,6.948,157.447,YAW
0.049,-0.069,1.031,26.827,14.569,161.245,YAW
0.020,-0.091,1.131,18.235,13.562,165.296,YAW
-0.002,-0.015,1.043,-14.682,4.594,157.509,YAW
0.039,0.008,1.015,-11.926,3.736,157.596,YAW
-0.039,-0.083,0.976,-25.016,38.553,168.411,YAW
-0.057,-0.132,0.784,-6.948,-3.325,175.053,YAW
-0.029,-0.046,0.921,36.689,-9.818,169.295,YAW
-0.112,0.033,0.961,40.294,-33.031,159.477,YAW
-0.120,-0.027,1.155,21.201,-50.505,126.052,YAW
-0.030,0.032,1.137,-27.632,-52.150,99.269,YAW
0.118,0.019,1.071,-50.829,-13.020,86.485,YAW
0.153,0.018,0.958,-43.540,23.599,94.736,YAW
0.113,-0.007,1.116,-22.767,33.880,116.655,YAW
-0.001,-0.094,1.102,-67.655,28.096,116.384,YAW
-0.038,-0.096,0.966,-62.799,13.125,124.364,YAW
-0.108,-0.092,1.005,-53.743,8.304,121.879,YAW
-0.048,-0.122,1.031,-32.769,-6.099,111.484,YAW
0.064,-0.121,0.839,-4.637,-14.044,119.464,YAW
-0.047,-0.193,0.835,36.146,-1.365,124.889,YAW
-0.186,-0.084,1.025,25.183,3.920,128.975,YAW
-0.146,-0.141,1.058,20.501,17.999,103.101,YAW
-0.128,-0.077,1.082,16.660,42.779,94.798,YAW
-0.116,-0.086,1.031,-3.465,25.445,79.275,YAW
-0.201,-0.061,0.979,-8.960,18.882,63.061,YAW
-0.138,-0.032,1.028,-5.311,8.680,34.221,YAW
-0.194,-0.108,0.917,-8.811,-5.810,24.903,YAW
-0.193,-0.102,0.893,5.250,-5.285,12.696,YAW
-0.191,-0.097,1.018,21.997,2.065,4.926,YAW
-0.188,-0.089,1.068,9.441,-2.380,-4.025,YAW
-0.157,-0.091,1.003,0.604,-2.266,-10.631,YAW
-0.163,-0.103,1.028,1.085,0.070,-13.764,YAW
-0.155,-0.084,1.042,-7.490,-12.469,-22.076,YAW
-0.168,-0.102,1.017,-9.389,-29.802,-33.810,YAW
-0.289,-0.082,0.951,3.150,-58.153,-61.985,YAW
-0.130,-0.085,1.010,15.741,-70.201,-83.668,YAW
-0.065,-0.035,1.081,8.549,-93.039,-97.396,YAW
-0.026,0.019,1.080,-34.641,-119.875,-125.466,YAW
0.078,-0.140,0.942,-42.289,-86.660,-146.099,YAW
0.052,-0.176,0.931,-27.667,-79.118,-145.626,YAW
0.113,-0.058,0.945,-11.323,-69.169,-150.491,YAW
0.253,0.066,1.025,-17.421,-35.376,-153.003,YAW
0.253,-0.018,1.033,-33.696,-1.794,-143.386,YAW
0.338,-0.160,1.073,-47.303,22.864,-138.346,YAW
0.291,-0.294,1.054,-64.094,49.140,-101.806,YAW
0.034,-0.158,0.787,-75.224,10.194,-99.514,YAW
0.353,-0.080,0.802,-21.595,22.103,-100.695,YAW
0.263,-0.103,0.986,8.216,36.164,-80.596,YAW
-0.034,-0.192,1.017,-10.229,39.410,-88.839,YAW
0.101,-0.181,1.097,-6.615,18.392,-112.516,YAW
0.140,-0.368,1.137,-16.931,1.199,-119.656,YAW
0.129,-0.156,0.886,-15.785,-11.988,-122.308,YAW
0.345,-0.085,0.905,55.458,-13.204,-111.842,YAW
0.111,-0.134,1.060,23.397,19.049,-118.676,YAW
-0.027,0.056,0.902,6.318,25.235,-156.529,YAW
0.060,0.097,1.038,13.641,15.181,-180.206,YAW
0.225,0.141,1.255,-8.453,-25.051,-193.506,YAW
0.341,-0.073,1.054,-71.916,-35.534,-171.649,YAW
0.102,0.198,0.700,-70.228,8.435,-178.973,YAW
0.154,0.128,0.750,-21.219,25.436,-201.880,YAW
0.240,-0.103,0.954,31.439,64.426,-205.371,YAW
0.166,-0.087,1.067,51.625,58.354,-205.091,YAW
0.150,0.127,1.211,21.499,17.990,-208.128,YAW
0.108,0.110,1.017,3.727,-2.800,-208.014,YAW
0.246,0.019,0.838,30.608,18.253,-211.776,YAW
0.149,0.094,1.098,42.245,31.911,-200.261,YAW
0.104,0.165,1.150,31.378,17.019,-200.410,YAW
0.020,0.207,1.066,34.641,10.789,-198.459,YAW
0.046,0.144,1.041,37.765,-3.929,-205.765,YAW
0.112,0.212,1.001,35.350,0.822,-220.098,YAW
0.071,0.227,1.064,30.651,6.344,-220.727,YAW
-0.006,0.246,1.017,22.356,-5.416,-216.921,YAW
0.013,0.245,1.013,2.223,-35.245,-222.057,YAW
-0.007,0.271,1.037,-5.241,-65.336,-207.524,YAW
0.049,0.280,0.970,-11.375,-72.660,-200.174,YAW
0.094,0.276,1.026,-14.061,-78.129,-179.025,YAW
0.156,0.237,1.051,-32.489,-119.866,-162.155,YAW
0.060,0.214,0.908,-43.715,-134.383,-145.268,YAW
0.069,0.249,0.892,-25.191,-105.525,-141.085,YAW
0.070,0.231,0.969,-8.549,-63.359,-134.872,YAW
0.237,0.222,1.006,-8.496,-56.359,-130.331,YAW
0.286,0.239,0.986,-18.323,-44.914,-123.069,YAW
0.184,0.222,1.002,-21.306,-45.588,-116.069,YAW
0.249,0.179,0.912,-34.169,-47.959,-95.270,YAW
0.204,0.200,0.944,-31.763,-41.912,-67.480,YAW
0.219,0.199,0.961,-27.834,-31.439,-51.459,YAW
0.200,0.171,0.960,-22.435,-25.603,-42.534,YAW
0.246,0.154,0.964,-17.885,-8.260,-28.936,YAW
0.264,0.178,0.990,-15.741,-3.876,-15.312,YAW
0.249,0.185,1.031,-8.024,-3.902,-2.021,YAW
0.249,0.161,0.964,-6.352,0.516,0.280,YAW
0.234,0.132,0.994,-4.191,17.386,3.194,YAW
0.195,0.130,1.001,-9.931,10.465,8.059,YAW
0.156,0.116,0.968,-13.773,5.346,6.370,YAW
0.186,0.138,0.973,-13.344,18.279,-0.079,YAW
0.211,0.135,1.047,-5.443,28.052,-1.199,YAW
0.198,0.129,1.015,-3.727,15.181,6.843,YAW
0.183,0.121,1.010,-0.455,8.663,14.166,YAW
0.167,0.099,0.961,2.870,12.565,18.567,YAW
0.150,0.117,0.980,5.145,17.097,19.959,YAW
0.187,0.128,0.980,3.964,11.034,18.034,YAW
0.177,0.123,0.986,3.763,6.755,19.163,YAW
0.173,0.135,0.987,0.315,-1.260,20.851,YAW
0.168,0.125,1.008,3.378,-1.496,16.485,YAW
0.152,0.122,1.011,3.850,-11.244,13.659,YAW
0.153,0.134,1.003,2.336,-17.859,16.993,YAW
0.139,0.138,1.007,1.094,-19.364,24.728,YAW
0.153,0.153,1.035,6.037,-6.396,32.743,YAW
0.176,0.144,1.006,4.909,-1.523,41.466,YAW
0.196,0.145,0.993,5.355,5.206,50.881,YAW
0.228,0.154,0.978,8.873,15.864,65.188,YAW
0.259,0.187,0.971,15.908,17.019,88.874,YAW
0.188,0.169,1.031,19.101,7.201,116.401,YAW
0.125,0.154,0.988,15.645,-3.973,129.089,YAW
0.150,0.129,0.921,24.062,8.890,143.885,YAW
0.232,0.193,0.992,35.236,39.016,161.717,YAW
0.258,0.216,1.014,34.764,44.039,200.113,YAW
0.245,0.194,1.026,33.346,42.980,218.943,YAW
0.172,0.222,1.086,24.745,57.706,240.634,YAW
0.076,0.134,1.033,9.712,93.196,251.055,YAW
-0.001,0.127,1.083,6.064,112.236,241.911,YAW
-0.012,0.165,1.047,-10.369,106.706,228.086,YAW
-0.100,0.058,0.988,-17.972,79.529,224.551,YAW
-0.086,0.045,0.921,-14.289,45.798,203.350,YAW
-0.115,0.072,0.956,-9.818,24.413,193.602,YAW
-0.066,0.101,1.084,-8.251,15.995,181.606,YAW
-0.020,0.084,0.996,-22.767,12.443,179.664,YAW
0.053,0.064,0.962,-28.070,14.735,179.602,YAW
0.070,0.041,0.927,-32.568,-6.213,180.250,YAW
0.032,-0.010,0.887,-28.236,-28.140,193.777,YAW
-0.088,0.042,1.038,-10.141,-12.670,184.161,YAW
0.056,0.046,1.169,-28.788,-9.835,180.276,YAW
0.052,0.009,1.042,-47.408,-32.156,190.654,YAW
0.127,-0.055,0.853,-31.535,-62.869,199.955,YAW
0.049,-0.089,0.882,-3.911,-59.220,204.951,YAW
0.030,-0.137,0.983,14.096,-24.999,198.774,YAW
0.001,-0.026,1.109,11.594,-5.591,187.504,YAW
0.061,0.077,1.123,4.664,15.820,183.829,YAW
0.031,-0.035,1.067,2.135,17.404,191.126,YAW
0.023,-0.115,1.092,-19.941,-8.470,185.378,YAW
0.025,-0.073,0.993,-23.424,-13.860,179.357,YAW
-0.004,0.096,1.022,4.637,29.899,179.375,YAW
-0.030,-0.039,1.036,0.219,42.647,185.561,YAW
0.059,-0.181,1.250,-7.569,52.535,196.053,YAW
-0.152,-0.033,1.124,-59.990,2.240,199.946,YAW
-0.140,0.090,0.943,-69.510,-22.365,159.591,YAW
0.021,-0.058,0.941,-39.200,-14.875,136.465,YAW
0.024,-0.147,0.977,-25.506,9.065,134.724,YAW
-0.059,-0.067,1.033,-26.854,-2.879,134.111,YAW
-0.079,-0.156,1.117,-47.600,-22.584,130.812,YAW
-0.151,-0.061,1.011,-70.753,-28.621,107.923,YAW
-0.161,-0.103,0.976,-66.798,-21.166,74.147,YAW
-0.198,-0.227,0.886,-53.121,-6.396,53.077,YAW
-0.271,-0.203,0.825,-13.536,2.713,14.114,YAW
-0.171,-0.278,1.014,19.364,1.610,-25.349,YAW
-0.122,-0.272,1.091,13.326,-0.630,-41.895,YAW
-0.076,-0.254,1.032,-7.271,-16.188,-46.498,YAW
-0.024,-0.214,0.901,-1.846,-16.310,-54.346,YAW
-0.082,-0.192,0.848,42.971,-1.645,-64.225,YAW
-0.082,-0.197,0.914,67.375,-3.806,-77.936,YAW
-0.005,-0.168,1.056,73.649,-4.620,-94.430,YAW
0.051,-0.110,1.186,43.969,-12.373,-98.989,YAW
0.110,-0.166,1.105,7.009,-36.776,-88.349,YAW
0.024,-0.169,1.009,-2.345,-43.243,-75.215,YAW
0.021,-0.101,0.988,1.129,-26.381,-77.473,YAW
0.067,-0.066,0.953,-10.675,-15.076,-78.829,YAW
0.107,-0.193,0.929,-9.205,4.576,-70.306,YAW
0.021,-0.242,0.947,-2.800,10.894,-62.353,YAW
-0.031,-0.198,0.995,2.144,-1.242,-64.435,YAW
0.058,-0.112,1.003,1.207,-1.977,-70.490,YAW
0.133,-0.185,1.017,2.389,17.045,-52.999,YAW
0.031,-0.194,1.002,1.505,18.244,-38.859,YAW
0.048,-0.178,1.032,-9.170,17.150,-36.934,YAW
0.134,-0.189,1.018,-27.282,19.810,-22.103,YAW
0.094,-0.188,0.902,-22.645,17.640,-4.681,YAW
0.002,-0.207,0.945,1.418,11.392,-6.405,YAW
-0.039,-0.168,1.116,12.906,-13.825,-19.801,YAW
-0.014,-0.073,1.094,-1.418,-35.271,-42.131,YAW
-0.011,-0.082,1.075,-7.359,-28.122,-62.011,YAW
0.039,-0.153,1.015,-9.616,-13.186,-70.289,YAW
0.027,-0.119,0.995,-6.685,-10.299,-79.214,YAW
0.017,-0.117,0.987,-6.370,-4.016,-97.982,YAW
0.089,-0.144,0.965,0.254,-1.225,-108.404,YAW
0.108,-0.161,1.078,3.456,1.549,-105.473,YAW
0.089,-0.166,1.017,-16.485,-8.680,-106.811,YAW
0.233,-0.094,0.843,-9.677,-5.827,-108.395,YAW
0.271,-0.063,0.927,13.291,19.460,-96.215,YAW
0.047,-0.065,1.008,13.790,53.454,-95.681,YAW
0.140,-0.164,0.989,24.736,54.154,-107.048,YAW
0.085,-0.144,1.086,12.959,40.827,-98.945,YAW
-0.046,-0.039,1.104,-4.506,21.945,-108.019,YAW
0.013,0.017,1.026,-14.123,7.271,-133.411,YAW
0.078,-0.083,1.010,-15.706,1.558,-148.033,YAW
0.001,-0.028,0.880,-8.549,25.944,-153.274,YAW
-0.008,-0.052,0.832,11.078,17.404,-163.476,YAW
0.153,-0.160,0.933,55.624,0.849,-165.410,YAW
0.094,-0.074,1.049,69.291,8.050,-157.246,YAW
0.104,0.044,1.197,38.719,0.201,-161.761,YAW
0.103,0.036,1.123,19.801,-6.055,-164.815,YAW
0.106,-0.012,1.057,28.455,-0.052,-168.254,YAW
0.137,-0.002,1.004,25.471,0.849,-169.033,YAW
0.110,0.058,0.953,37.931,17.343,-166.863,YAW
0.053,0.122,0.927,50.199,36.978,-170.109,YAW
0.032,0.174,1.052,68.171,58.730,-168.359,YAW
-0.018,0.110,1.030,33.127,29.444,-160.221,YAW
-0.049,0.172,0.982,13.081,4.541,-161.613,YAW
-0.082,0.254,0.870,28.507,5.101,-158.393,YAW
-0.014,0.196,0.992,33.889,-8.663,-152.985,YAW
0.011,0.147,1.006,15.654,-53.568,-145.574,YAW
-0.045,0.184,0.991,4.008,-82.285,-148.680,YAW
-0.048,0.247,0.951,9.940,-66.500,-151.681,YAW
0.056,0.245,1.064,23.284,-36.829,-144.314,YAW
0.079,0.225,1.002,10.203,-33.784,-128.170,YAW
0.074,0.213,1.023,6.055,-18.926,-119.079,YAW
0.021,0.182,0.995,5.110,-15.627,-114.616,YAW
0.007,0.194,1.055,7.551,-12.828,-112.184,YAW
0.031,0.188,1.045,1.120,-9.424,-109.769,YAW
0.013,0.200,1.064,0.140,-8.312,-106.496,YAW
-0.022,0.184,0.991,1.041,-12.915,-105.507,YAW
-0.030,0.207,0.997,4.471,-3.570,-111.344,YAW
-0.039,0.196,0.992,2.686,-1.619,-110.618,YAW
-0.020,0.190,1.002,3.911,-5.469,-111.195,YAW
-0.043,0.223,1.029,-0.070,-0.070,-100.923,YAW
-0.041,0.175,0.974,-4.305,-19.556,-90.554,YAW
-0.033,0.175,1.000,-1.706,-25.541,-91.026,YAW
-0.100,0.161,0.974,-1.628,-22.356,-88.375,YAW
-0.097,0.155,0.984,3.045,-10.325,-92.908,YAW
-0.069,0.158,1.000,5.101,1.549,-97.064,YAW
-0.041,0.161,0.986,6.204,-5.014,-89.793,YAW
-0.075,0.165,0.999,1.251,-9.056,-75.609,YAW
-0.098,0.145,0.953,-1.225,-24.115,-63.971,YAW
-0.135,0.176,0.947,1.601,-31.754,-50.164,YAW
-0.082,0.182,0.970,6.983,-31.728,-46.410,YAW
-0.033,0.168,1.010,5.696,-25.594,-45.509,YAW
-0.029,0.172,0.984,1.724,-15.899,-43.417,YAW
-0.028,0.181,1.057,-4.427,-5.574,-39.498,YAW
-0.011,0.170,1.040,-8.750,-2.625,-30.590,YAW
-0.046,0.157,1.055,-7.096,-1.505,-21.735,YAW
-0.063,0.148,1.056,-7.753,-8.523,-0.175,YAW
-0.052,0.149,1.058,-10.999,-11.576,19.381,YAW
-0.026,0.147,1.052,-12.224,-5.241,32.095,YAW
0.034,0.142,1.040,-14.035,7.753,54.066,YAW
-0.028,0.144,1.001,-20.326,13.038,77.429,YAW
-0.047,0.147,0.943,-18.856,15.969,99.820,YAW
0.017,0.157,0.986,-19.626,8.102,120.488,YAW
-0.001,0.182,1.023,-27.501,-19.049,161.735,YAW
0.045,0.180,1.029,-29.444,-24.535,189.053,YAW
0.036,0.132,0.984,-31.106,-11.384,201.057,YAW
0.046,0.110,0.991,-26.276,12.486,198.669,YAW
-0.016,0.099,0.951,-19.460,37.643,192.386,YAW
-0.055,0.108,0.971,-11.979,46.428,189.262,YAW
-0.153,0.111,1.027,-16.231,27.247,186.909,YAW
-0.168,0.063,0.985,-15.689,-2.826,175.464,YAW
-0.053,0.084,0.985,9.257,6.641,159.110,YAW
-0.007,0.138,1.112,4.725,30.774,185.815,YAW
-0.030,0.129,1.034,-22.312,18.699,214.200,YAW
-0.107,0.089,1.009,-23.196,29.864,223.274,YAW
-0.176,0.070,0.966,-23.538,55.440,211.741,YAW
-0.002,-0.013,1.009,-17.780,60.428,218.794,YAW
-0.030,-0.016,1.036,-18.095,55.256,221.051,YAW
-0.134,0.094,1.106,-23.100,53.935,215.408,YAW
-0.196,0.114,1.010,-56.026,37.572,217.840,YAW
-0.185,0.075,0.845,-52.579,-3.045,220.378,YAW
-0.183,0.058,0.877,-39.952,-33.521,216.816,YAW
-0.141,0.053,1.025,-41.947,-34.597,217.490,YAW
-0.187,0.123,1.160,-56.954,-48.414,216.029,YAW
-0.221,0.129,1.053,-62.825,-92.680,213.019,YAW
-0.139,0.006,0.891,-50.610,-97.834,199.019,YAW
0.012,-0.119,0.911,-23.774,-56.569,190.059,YAW
-0.005,-0.076,1.106,-19.451,-32.900,184.476,YAW
-0.022,-0.070,1.032,-33.434,-49.333,179.681,YAW
0.140,-0.102,1.037,-29.216,-45.167,176.321,YAW
0.207,-0.004,1.067,-27.011,-20.414,179.611,YAW
0.193,-0.070,0.804,-10.281,20.834,174.965,YAW
0.114,-0.024,0.909,13.405,26.600,203.201,YAW
0.101,-0.202,0.873,27.659,28.438,215.399,YAW
-0.007,-0.254,0.871,60.743,32.357,250.950,YAW
-0.285,0.203,1.212,58.188,59.351,233.485,YAW
-0.256,0.117,1.326,1.234,26.215,182.079,YAW
-0.302,0.127,1.402,-59.526,-1.890,151.288,YAW
-0.160,0.014,1.103,-152.390,-73.342,108.885,YAW
-0.000,-0.086,0.849,-131.915,-66.220,111.020,YAW
-0.166,-0.135,1.006,-83.440,-51.966,106.855,YAW
-0.089,-0.254,1.028,-71.890,-44.485,97.361,YAW
0.031,-0.390,0.935,-43.094,-29.671,119.341,YAW
-0.064,-0.277,0.922,-19.801,-55.799,134.041,YAW
0.056,-0.151,0.977,3.019,-57.041,124.110,YAW
0.093,-0.162,1.029,3.395,-31.649,115.430,YAW
0.076,-0.229,1.051,-34.414,-29.514,106.190,YAW
-0.089,-0.281,0.751,-52.999,-34.641,97.449,YAW
-0.069,-0.260,1.048,-18.331,-1.908,78.925,YAW
-0.076,-0.219,0.956,-20.702,7.516,63.472,YAW
-0.022,-0.284,0.924,-6.519,25.594,38.824,YAW
-0.070,-0.341,0.978,-0.875,25.375,29.899,YAW
-0.113,-0.261,0.961,-0.534,27.239,22.916,YAW
-0.063,-0.295,0.988,6.186,25.760,14.219,YAW
-0.110,-0.317,0.977,16.188,11.069,2.056,YAW
-0.141,-0.257,1.024,25.419,0.315,-13.405,YAW
-0.171,-0.244,1.043,26.101,1.601,-46.209,YAW
-0.241,-0.201,1.119,17.815,-4.664,-75.390,YAW
-0.125,-0.202,1.066,-29.663,-54.749,-116.340,YAW
-0.104,-0.247,1.049,-45.806,-59.518,-163.450,YAW
-0.116,-0.134,0.808,-81.673,-86.433,-204.837,YAW
0.194,-0.160,0.660,-60.926,-131.959,-248.027,YAW
0.379,-0.219,0.771,-8.566,-91.271,-249.305,YAW
0.312,-0.226,0.964,23.817,-12.731,-231.210,YAW
0.301,-0.192,1.042,-2.205,22.619,-230.598,YAW
0.662,-0.237,1.065,-39.287,4.952,-208.092,YAW
0.299,-0.170,1.043,-56.998,-35.438,-176.444,YAW
0.156,-0.224,1.007,-78.592,-73.010,-206.325,YAW
0.508,-0.355,0.868,-117.810,-84.875,-227.727,YAW
0.654,-0.290,0.731,-103.101,-48.956,-194.827,YAW
0.432,-0.213,0.722,-79.433,8.172,-198.371,YAW
0.479,-0.104,0.719,-47.364,73.027,-218.129,YAW
0.609,-0.009,0.831,-17.395,85.269,-194.775,YAW
0.541,-0.258,0.819,-50.627,61.548,-149.161,YAW
0.335,-0.014,0.736,-7.052,104.064,-156.074,YAW
0.435,-0.016,1.031,10.456,119.630,-173.259,YAW
0.549,-0.089,1.005,-7.700,75.976,-167.869,YAW
0.508,-0.098,0.901,-24.771,46.961,-121.406,YAW
0.480,-0.210,1.018,-25.655,35.682,-87.798,YAW
0.250,-0.031,1.029,-31.413,30.004,-75.276,YAW
0.044,0.145,1.099,-66.115,31.894,-97.353,YAW
0.238,-0.008,0.727,-87.386,17.159,-118.326,YAW
0.104,-0.171,0.725,-1.251,100.231,-144.226,YAW
-0.070,0.036,0.837,44.669,137.795,-170.651,YAW
0.095,0.015,1.021,77.831,194.967,-193.602,YAW
0.019,0.118,1.070,68.005,145.250,-185.981,YAW
-0.053,0.123,1.202,41.807,99.741,-199.684,YAW
0.109,0.146,1.099,21.691,89.232,-201.521,YAW
0.107,0.154,1.085,38.920,60.620,-161.262,YAW
0.229,0.038,1.131,23.590,30.774,-110.530,YAW
-0.150,0.084,0.948,15.916,37.800,-84.289,YAW
-0.561,0.253,0.909,19.574,42.403,-141.925,YAW
-0.094,0.265,0.831,49.534,-9.310,-165.182,YAW
0.014,0.295,1.276,62.974,-48.729,-149.800,YAW
0.059,0.152,1.091,5.320,-64.829,-111.195,YAW
-0.123,0.165,1.145,22.435,-40.792,-102.357,YAW
-0.137,0.127,1.013,-9.879,-84.464,-89.582,YAW
-0.133,0.009,0.899,5.460,-79.817,-98.753,YAW
0.037,-0.030,1.032,23.433,-64.488,-113.207,YAW
-0.051,0.121,0.974,11.743,-56.735,-116.821,YAW
-0.123,0.189,0.974,19.154,-29.452,-127.794,YAW
-0.072,0.269,1.041,24.325,6.195,-120.628,YAW
-0.139,0.239,1.093,25.410,11.585,-116.296,YAW
-0.079,0.171,1.024,24.054,19.801,-105.210,YAW
-0.045,0.160,1.036,7.306,11.182,-110.372,YAW
-0.046,0.246,0.945,-0.324,4.918,-98.971,YAW
-0.057,0.203,0.950,7.411,1.050,-99.610,YAW
-0.131,0.193,0.896,13.038,8.837,-93.223,YAW
-0.061,0.246,0.897,17.167,11.559,-96.556,YAW
-0.178,0.230,1.064,20.641,21.122,-81.734,YAW
-0.146,0.238,1.001,12.565,6.965,-79.249,YAW
-0.130,0.153,1.002,19.180,12.066,-69.536,YAW
-0.176,0.110,0.954,14.752,10.141,-71.899,YAW
-0.149,0.173,0.993,4.646,2.249,-60.629,YAW
-0.161,0.183,0.924,-0.096,-9.958,-58.651,YAW
-0.189,0.218,0.988,-0.683,-8.225,-49.403,YAW
-0.185,0.205,0.990,-4.104,-21.149,-31.308,YAW
-0.213,0.193,1.012,-10.229,-29.776,-0.998,YAW
-0.114,0.170,1.029,-13.239,-33.959,20.046,YAW
-0.011,0.154,1.069,-17.229,-17.325,50.724,YAW
0.030,0.157,1.174,-35.411,9.126,87.115,YAW
-0.030,0.155,1.167,-60.384,6.755,138.617,YAW
-0.092,0.200,1.047,-83.842,-7.262,176.969,YAW
-0.076,0.147,0.900,-77.814,-33.373,219.485,YAW
-0.079,0.160,0.872,-57.076,-32.095,245.280,YAW
-0.082,0.192,0.983,-49.289,-25.708,263.541,YAW
-0.010,0.133,1.043,-50.146,-23.319,285.329,YAW
-0.042,0.151,0.851,-40.539,-17.500,284.961,YAW
-0.062,0.172,0.971,-3.517,-14.131,270.279,YAW
-0.010,0.169,1.056,4.637,-13.615,269.780,YAW
-0.072,0.138,1.116,9.993,-34.519,284.156,YAW
-0.128,0.077,1.133,-13.869,-65.354,269.220,YAW
0.014,0.048,1.025,-31.824,-72.686,265.492,YAW
0.029,-0.033,0.964,-17.089,-33.679,266.691,YAW
0.085,-0.086,0.862,24.439,31.141,266.306,YAW
-0.168,0.097,0.848,58.730,38.325,244.352,YAW
-0.043,-0.029,0.952,65.021,19.154,223.239,YAW
-0.009,-0.025,1.076,61.373,44.511,209.965,YAW
-0.016,0.123,1.157,35.893,85.522,207.655,YAW
-0.091,0.207,1.099,-5.346,50.444,197.444,YAW
-0.033,0.139,1.038,-49.438,-51.048,197.208,YAW
0.006,-0.023,0.989,-50.050,-56.315,203.175,YAW
-0.069,-0.028,1.054,-41.877,-23.511,201.810,YAW
-0.019,-0.010,0.980,-52.894,-34.283,174.650,YAW
0.047,-0.004,0.917,-46.909,-60.331,170.354,YAW
0.090,-0.095,0.885,-28.875,-48.562,174.361,YAW
0.078,-0.122,1.035,-14.542,-18.401,162.417,YAW
0.074,0.001,1.025,-6.361,12.854,152.320,YAW
0.090,-0.008,1.054,-3.264,15.794,147.648,YAW
0.125,-0.123,1.058,7.595,19.495,149.056,YAW
0.020,-0.164,1.093,10.605,29.479,161.901,YAW
0.045,-0.105,1.037,-3.491,27.142,161.018,YAW
-0.004,-0.080,0.992,-4.690,18.532,162.365,YAW
-0.024,-0.001,1.003,6.536,22.487,154.254,YAW
-0.026,-0.023,1.098,-4.515,0.551,145.617,YAW
-0.113,-0.106,1.023,-30.468,-32.760,131.232,YAW
-0.040,-0.111,1.070,-30.441,-45.150,127.759,YAW
-0.053,-0.095,1.029,-46.069,-65.721,121.257,YAW
0.060,-0.111,1.082,-58.153,-61.688,121.625,YAW
0.130,-0.129,0.817,-60.769,-75.066,131.259,YAW
0.117,-0.094,0.914,-22.347,-33.530,135.686,YAW
0.051,-0.122,1.042,2.599,10.054,132.764,YAW
-0.180,-0.081,1.148,12.005,25.690,109.095,YAW
0.025,-0.272,1.194,-3.264,45.465,78.155,YAW
0.002,-0.328,0.983,-17.552,68.512,69.834,YAW
0.028,-0.310,0.827,-17.544,27.816,74.856,YAW
-0.166,-0.129,0.995,4.463,24.894,64.662,YAW
-0.095,-0.156,0.894,-2.030,5.014,28.289,YAW
-0.039,-0.188,0.897,-4.471,-4.778,19.924,YAW
-0.177,-0.195,1.046,-0.254,-8.916,15.137,YAW
-0.102,-0.175,1.016,-5.005,12.171,5.924,YAW
-0.132,-0.193,0.983,0.971,15.531,1.969,YAW
-0.081,-0.240,1.039,2.581,17.763,1.706,YAW
-0.139,-0.208,0.960,4.261,17.596,-1.164,YAW
-0.118,-0.216,1.014,20.274,2.599,-15.671,YAW
-0.159,-0.172,1.044,25.996,-8.094,-37.371,YAW
-0.160,-0.156,1.039,22.094,-13.886,-61.801,YAW
-0.147,-0.219,0.993,-4.235,-52.903,-99.698,YAW
-0.217,-0.108,0.833,11.051,-96.128,-141.085,YAW
-0.060,-0.072,1.007,1.803,-141.977,-174.921,YAW
0.164,0.021,0.872,-19.058,-172.821,-204.234,YAW
0.158,-0.119,0.850,23.581,-54.197,-224.928,YAW
0.250,-0.086,1.104,37.231,35.735,-237.352,YAW
0.295,0.065,1.160,22.347,26.959,-230.650,YAW
0.251,0.191,1.064,10.019,27.702,-220.386,YAW
0.246,0.135,0.953,0.123,-3.421,-221.655,YAW
0.275,-0.048,1.107,2.380,-8.636,-213.929,YAW
0.225,-0.184,1.159,-21.096,-3.027,-208.329,YAW
0.215,-0.140,1.060,-52.815,12.267,-210.814,YAW
0.293,-0.004,0.727,-25.699,20.676,-203.770,YAW
0.115,0.184,1.003,17.710,12.863,-187.924,YAW
0.061,0.181,0.945,26.784,42.114,-203.333,YAW
0.160,-0.099,0.907,44.389,81.786,-237.527,YAW
0.246,-0.006,0.978,91.647,172.891,-206.133,YAW
0.074,0.164,1.130,107.327,135.852,-160.562,YAW
-0.138,0.238,1.189,69.781,69.195,-156.249,YAW
-0.175,0.156,1.224,-18.314,-35.910,-171.430,YAW
-0.214,0.209,0.869,-89.128,-121.993,-207.979,YAW
0.150,0.129,0.628,-35.963,-94.684,-201.600,YAW
0.112,0.128,0.778,26.941,-57.697,-178.439,YAW
0.144,0.154,1.251,25.209,-47.731,-160.667,YAW
-0.251,0.235,1.019,-51.739,-105.262,-136.876,YAW
-0.045,0.064,0.765,3.404,-30.327,-186.777,YAW
0.139,0.029,1.172,8.934,-39.217,-196.402,YAW
0.013,0.220,0.998,-28.087,-36.286,-207.506,YAW
0.162,0.195,1.033,-45.465,-26.976,-199.850,YAW
0.086,0.134,1.006,-13.510,11.594,-190.523,YAW
0.053,0.124,0.978,5.040,33.661,-197.671,YAW
0.073,0.132,0.879,16.222,38.395,-208.898,YAW
0.121,0.212,1.070,31.089,-5.845,-197.531,YAW
0.024,0.118,1.036,8.356,-24.657,-183.575,YAW
-0.085,0.126,1.019,22.706,-1.435,-191.747,YAW
-0.134,0.136,0.983,8.269,0.858,-196.945,YAW
0.023,0.197,1.016,10.071,-19.661,-202.283,YAW
0.057,0.270,1.081,-11.882,-38.509,-190.671,YAW
0.018,0.241,1.010,-15.330,-31.859,-182.245,YAW
-0.123,0.122,1.001,5.136,0.569,-168.473,YAW
-0.110,0.105,1.054,8.951,-3.579,-147.455,YAW
-0.054,0.126,1.030,-6.738,-24.421,-138.530,YAW
-0.034,0.116,0.967,-16.310,-20.510,-133.385,YAW
-0.003,0.189,1.022,1.969,6.825,-138.197,YAW
-0.014,0.168,1.055,4.874,15.881,-121.651,YAW
0.014,0.137,1.049,6.116,1.864,-125.991,YAW
-0.075,0.145,0.978,-0.656,-17.176,-119.726,YAW
-0.087,0.122,0.968,10.132,-16.362,-112.936,YAW
-0.023,0.125,0.988,15.584,-9.651,-111.387,YAW
-0.017,0.190,0.999,18.340,-14.149,-117.548,YAW
-0.121,0.086,1.019,35.551,-22.487,-99.286,YAW
-0.129,0.101,1.028,26.014,-30.214,-97.326,YAW
-0.035,0.117,0.807,12.110,9.940,-115.491,YAW
-0.070,0.193,0.936,25.812,50.374,-115.832,YAW
-0.076,0.182,1.038,19.119,29.225,-115.159,YAW
-0.170,0.188,1.094,14.394,-5.731,-93.511,YAW
-0.163,0.161,1.072,9.634,-24.500,-87.027,YAW
-0.121,0.157,0.984,8.041,-32.708,-89.897,YAW
-0.128,0.128,0.939,10.911,-13.204,-99.216,YAW
-0.120,0.167,0.951,13.528,6.869,-98.402,YAW
-0.101,0.248,1.019,4.463,-3.911,-89.626,YAW
-0.143,0.185,1.034,10.841,-7.420,-89.136,YAW
-0.163,0.094,1.001,9.730,-18.620,-77.158,YAW
-0.160,0.074,1.022,10.360,-36.873,-65.266,YAW
-0.117,0.083,0.993,7.805,-39.734,-58.257,YAW
-0.079,0.102,0.985,4.165,-27.641,-53.209,YAW
-0.119,0.082,1.087,8.566,4.008,-41.318,YAW
-0.077,0.066,1.120,4.008,8.802,-19.827,YAW
-0.032,0.081,1.143,-3.412,-1.531,18.358,YAW
-0.026,0.055,1.063,-13.948,-13.177,44.564,YAW
-0.004,0.038,1.010,-16.765,9.573,77.096,YAW
-0.026,0.115,1.006,-12.171,46.104,116.637,YAW
-0.021,0.093,1.092,-13.002,62.283,133.901,YAW
-0.059,0.026,1.093,-33.066,34.169,166.346,YAW
-0.038,0.085,1.004,-52.745,-38.404,221.121,YAW
0.018,0.209,0.947,-29.426,-62.702,269.596,YAW
0.026,0.288,0.937,1.286,-23.704,283.159,YAW
-0.004,0.296,0.951,29.059,28.595,286.685,YAW
-0.077,0.301,0.921,42.306,35.507,286.685,YAW
0.025,0.406,0.953,29.846,36.496,286.685,YAW
0.062,0.432,0.970,22.986,41.912,286.685,YAW
0.036,0.375,0.923,13.318,71.094,286.685,YAW
-0.137,0.376,1.101,0.892,74.550,286.685,YAW
-0.135,0.302,1.075,-37.678,27.134,286.685,YAW
0.118,0.196,1.021,-40.749,16.030,286.685,YAW
0.236,0.296,1.077,-35.682,38.841,286.685,YAW
0.071,0.329,0.853,-56.061,4.419,286.685,YAW
-0.007,0.268,0.927,-7.376,7.963,286.685,YAW
-0.076,0.220,0.944,11.620,17.229,286.685,YAW
-0.083,0.085,0.966,-21.525,7.455,286.685,YAW
0.114,0.245,1.044,-30.949,-43.794,286.685,YAW
0.061,0.306,1.096,-24.815,-81.393,286.685,YAW
0.109,0.145,1.016,-25.147,-69.379,286.676,YAW
0.129,0.081,0.891,-18.996,-55.519,285.915,YAW
0.369,0.125,0.981,5.793,-24.859,282.467,YAW
0.347,0.061,1.013,16.030,-11.051,285.014,YAW
0.259,-0.072,0.980,12.583,-4.095,286.685,YAW
0.116,-0.053,0.836,15.802,2.625,286.685,YAW
0.035,-0.017,0.941,39.252,44.450,284.874,YAW
0.012,-0.038,1.045,32.655,48.230,262.237,YAW
0.115,-0.043,0.947,-2.791,18.935,220.833,YAW
0.155,-0.098,0.875,1.549,-4.996,205.975,YAW
0.105,-0.238,0.931,29.173,-3.701,201.145,YAW
-0.003,-0.201,1.103,35.814,17.903,197.339,YAW
0.022,-0.093,1.141,1.094,20.755,174.869,YAW
0.084,-0.104,1.080,-18.952,23.747,157.351,YAW
0.067,-0.097,1.064,-31.089,27.317,148.461,YAW
-0.009,-0.165,0.987,-38.981,20.282,142.625,YAW
0.000,-0.193,0.978,-35.577,5.976,131.224,YAW
-0.029,-0.240,0.998,-32.384,10.684,129.019,YAW
-0.068,-0.172,1.065,-11.541,10.859,131.950,YAW
0.006,-0.167,1.083,-12.871,-1.085,140.158,YAW
-0.031,-0.163,1.120,-32.961,-15.321,140.201,YAW
-0.029,-0.166,0.960,-37.896,-9.879,130.883,YAW
-0.081,-0.181,0.884,-21.823,9.389,116.323,YAW
-0.260,-0.099,0.837,-7.009,19.407,97.772,YAW
-0.204,-0.172,0.928,1.601,24.999,65.537,YAW
-0.163,-0.167,0.914,7.472,13.064,19.233,YAW
-0.150,-0.296,1.028,6.851,12.722,12.801,YAW
-0.271,-0.165,1.019,0.472,19.320,14.971,YAW
-0.183,-0.135,0.993,0.936,16.642,-11.533,YAW
-0.178,-0.151,1.006,11.392,-2.660,-44.345,YAW
-0.178,-0.163,1.012,22.015,-21.280,-68.040,YAW
-0.151,-0.145,1.001,40.556,-38.264,-106.164,YAW
-0.164,-0.162,0.974,74.716,-27.116,-141.190,YAW
-0.118,-0.019,0.994,104.239,-25.314,-162.015,YAW
-0.019,-0.015,1.066,100.074,-30.590,-184.327,YAW
-0.066,0.003,1.114,87.299,-55.851,-186.384,YAW
-0.067,0.075,1.100,58.319,-84.927,-192.518,YAW
0.021,-0.020,0.979,51.966,-82.110,-196.367,YAW
0.019,0.056,0.996,56.980,-46.699,-200.191,YAW
0.061,0.125,1.019,46.944,-38.220,-211.085,YAW
0.034,0.160,1.037,20.029,-32.987,-221.331,YAW
0.075,0.214,1.008,-10.824,-40.792,-233.083,YAW
0.073,0.180,1.015,-29.243,-47.530,-250.871,YAW
0.070,0.143,1.037,-38.202,-49.026,-262.439,YAW
0.111,0.164,0.981,-39.935,-37.319,-273.263,YAW
0.169,0.257,0.960,-24.710,-21.866,-270.611,YAW
0.225,0.225,0.951,-9.555,-4.506,-254.818,YAW
0.243,0.146,0.914,16.809,10.203,-238.245,YAW
0.112,0.202,0.985,38.272,43.768,-220.859,YAW
0.052,0.275,0.969,39.620,72.240,-226.196,YAW
0.103,0.270,1.076,37.021,71.015,-225.155,YAW
0.026,0.226,1.096,15.881,33.985,-211.794,YAW
-0.089,0.289,1.137,3.981,-2.205,-211.986,YAW
-0.025,0.288,1.026,-2.398,-68.950,-207.559,YAW
0.047,0.293,0.901,0.989,-85.146,-209.851,YAW
0.133,0.276,0.791,25.655,-52.229,-197.085,YAW
-0.194,0.303,0.944,57.855,6.370,-188.501,YAW
-0.153,0.243,1.098,69.493,25.970,-216.947,YAW
-0.032,0.219,1.052,48.632,-11.366,-231.928,YAW
0.056,0.338,0.931,20.571,-51.774,-238.936,YAW
0.040,0.334,0.922,16.686,-45.430,-222.154,YAW
-0.045,0.271,0.966,14.000,-23.301,-200.288,YAW
-0.215,0.227,0.893,8.155,-2.608,-201.040,YAW
-0.135,0.217,0.940,29.321,-6.037,-228.016,YAW
-0.128,0.307,1.116,1.409,-55.877,-227.727,YAW
-0.114,0.312,1.058,-29.164,-58.284,-222.906,YAW
-0.083,0.223,1.093,-22.846,-32.524,-212.923,YAW
-0.064,0.180,1.008,-33.364,-35.175,-203.849,YAW
-0.018,0.170,0.907,-32.515,-49.542,-197.391,YAW
0.030,0.157,0.846,-19.994,-54.854,-173.898,YAW
-0.103,0.066,0.942,11.226,-31.360,-162.216,YAW
-0.120,0.057,1.094,19.906,-17.841,-140.499,YAW
-0.042,0.072,1.103,1.916,-26.950,-125.274,YAW
-0.012,0.114,1.030,-2.949,-23.520,-123.673,YAW
-0.091,0.084,1.019,8.470,-10.491,-124.338,YAW
-0.142,0.053,1.087,3.736,-12.399,-132.396,YAW
-0.143,0.021,1.000,-14.849,-19.198,-137.314,YAW
-0.086,0.065,0.974,-15.216,-11.358,-147.569,YAW
-0.155,0.055,0.934,-15.549,-3.736,-158.060,YAW
-0.096,0.088,0.958,7.481,-9.161,-147.429,YAW
-0.091,0.053,1.013,23.380,-19.889,-139.904,YAW
-0.090,0.022,0.994,29.050,-40.171,-136.054,YAW
-0.063,0.023,1.012,40.880,-59.605,-128.923,YAW
-0.046,0.073,0.979,28.280,-67.401,-130.970,YAW
0.028,0.107,1.267,11.095,-34.195,-134.417,YAW
0.074,0.069,1.183,-30.266,-35.586,-125.475,YAW
-0.007,0.001,0.938,11.568,41.326,-107.459,YAW
0.019,0.060,1.026,3.701,5.644,-86.599,YAW
0.022,0.026,1.000,1.409,-48.982,-68.119,YAW
0.088,0.024,1.088,-3.981,-44.153,-56.621,YAW
0.116,0.042,0.993,9.896,0.928,-41.597,YAW
0.099,0.035,1.028,5.189,-0.717,-29.015,YAW
0.079,0.049,1.019,4.629,-8.645,-10.273,YAW
0.066,-0.010,1.025,15.409,0.271,6.834,YAW
0.089,-0.017,1.052,11.708,-0.788,31.903,YAW
0.097,-0.013,1.032,10.972,-13.291,66.832,YAW
0.150,0.016,1.073,13.632,-14.271,91.595,YAW
0.162,0.034,1.049,11.559,-4.253,127.619,YAW
0.206,0.098,1.093,18.226,13.458,167.011,YAW
0.246,0.152,1.112,10.325,18.130,203.788,YAW
0.189,0.188,1.100,7.429,13.799,231.665,YAW
0.238,0.251,1.007,1.356,2.669,276.640,YAW
0.138,0.215,0.825,26.714,45.465,286.685,YAW
0.015,0.223,1.055,51.144,73.132,286.685,YAW
0.057,0.273,1.026,30.949,55.116,286.685,YAW
0.077,0.458,0.724,39.533,40.250,286.685,YAW
0.088,0.481,0.789,80.141,92.330,286.685,YAW
-0.050,0.317,1.000,87.194,117.994,286.685,YAW
-0.186,0.301,1.024,67.935,107.861,286.685,YAW
-0.233,0.383,1.111,21.481,75.784,286.685,YAW
-0.138,0.399,1.140,-30.354,22.199,286.510,YAW
-0.067,0.346,0.975,-63.752,-22.802,286.685,YAW
0.129,0.204,0.698,-46.576,-12.906,286.685,YAW
0.120,0.283,0.740,0.429,28.709,286.685,YAW
0.035,0.254,0.974,31.657,59.964,286.685,YAW
0.090,0.251,1.038,8.689,24.097,286.633,YAW
0.180,0.242,1.024,-7.096,0.919,286.598,YAW
0.220,0.255,1.022,-21.044,-2.214,285.906,YAW
0.320,0.379,1.257,-29.663,5.066,271.967,YAW
0.276,0.278,1.124,-36.776,57.365,269.596,YAW
0.133,0.129,1.058,-47.224,58.739,255.316,YAW
0.141,0.033,0.958,-71.059,-28.263,243.303,YAW
0.211,-0.057,0.801,-35.971,-32.646,240.704,YAW
0.145,-0.035,0.874,-6.064,0.385,244.492,YAW
0.111,0.012,0.967,-10.150,20.816,231.402,YAW
0.216,-0.070,0.952,-10.885,11.795,233.704,YAW
0.071,-0.024,1.020,-3.570,-0.210,238.682,YAW
0.022,-0.094,1.052,-6.073,-23.301,228.637,YAW
0.136,0.008,1.091,-8.566,-51.695,210.298,YAW
0.177,0.109,1.092,-22.391,-76.519,215.031,YAW
0.187,-0.040,1.094,-30.362,-90.265,210.245,YAW
0.101,-0.079,1.069,-31.903,-88.935,205.940,YAW
0.240,-0.106,1.112,-35.298,-67.891,189.980,YAW
0.226,-0.097,1.059,-45.377,-46.226,187.714,YAW
0.221,-0.179,1.052,-39.200,-27.282,177.809,YAW
0.100,-0.261,0.994,-38.089,-25.996,167.081,YAW
0.138,-0.283,0.855,-25.253,-35.140,149.336,YAW
0.209,-0.302,0.874,-0.210,-34.055,132.519,YAW
0.090,-0.317,0.949,4.043,-27.300,113.899,YAW
0.126,-0.274,0.881,3.894,-16.984,99.339,YAW
0.030,-0.321,0.923,11.769,12.661,80.552,YAW
0.102,-0.355,0.998,24.448,20.659,59.211,YAW
0.030,-0.254,0.841,33.040,22.199,35.893,YAW
0.064,-0.280,0.909,31.229,17.841,21.604,YAW
0.020,-0.289,0.920,25.489,13.510,5.565,YAW
0.012,-0.275,0.940,25.550,-2.152,-0.814,YAW
-0.003,-0.291,0.979,25.979,-13.449,-9.573,YAW
0.052,-0.272,1.059,24.211,-18.734,-16.800,YAW
0.062,-0.257,1.076,15.453,-12.775,-29.146,YAW
0.064,-0.251,1.058,14.184,-10.299,-48.825,YAW
0.067,-0.248,1.069,17.237,-15.339,-65.993,YAW
0.057,-0.215,1.113,15.461,-27.956,-101.535,YAW
0.073,-0.180,0.938,11.637,-32.576,-141.610,YAW
0.095,-0.114,1.004,14.359,-30.030,-185.194,YAW
0.174,-0.069,0.909,11.270,-30.362,-209.178,YAW
0.190,0.039,0.870,24.640,3.369,-234.062,YAW
0.248,0.093,0.813,45.010,43.768,-255.316,YAW
0.243,0.093,0.939,38.640,27.589,-257.609,YAW
0.153,0.082,0.963,20.790,6.318,-263.918,YAW
0.156,0.062,1.011,36.960,9.214,-278.941,YAW
0.208,0.169,0.987,38.246,-24.019,-280.516,YAW
0.203,0.405,0.959,16.476,-24.167,-281.750,YAW
0.229,0.354,0.960,13.991,-1.803,-284.165,YAW
0.223,0.214,1.070,34.764,7.997,-280.971,YAW
0.195,0.298,1.048,39.331,-32.760,-282.896,YAW
0.174,0.361,1.012,8.453,-42.595,-285.145,YAW
0.064,0.440,1.020,-14.123,-24.710,-286.685,YAW
0.253,0.332,1.256,-46.620,-9.021,-286.685,YAW
0.224,0.261,0.979,-72.293,-16.039,-276.316,YAW
0.052,0.342,0.762,-42.053,28.079,-268.231,YAW
0.243,0.435,1.166,-9.546,59.237,-267.706,YAW
0.042,0.301,0.917,-2.144,27.046,-229.635,YAW
-0.017,0.286,0.878,-23.013,31.386,-214.576,YAW
-0.141,0.286,0.795,-8.488,34.230,-208.574,YAW
-0.109,0.249,0.928,54.373,28.639,-209.694,YAW
-0.051,0.315,0.991,73.202,-3.491,-196.534,YAW
-0.183,0.255,1.102,42.472,-47.311,-183.706,YAW
-0.253,0.337,1.054,15.374,-65.660,-190.356,YAW
-0.072,0.346,0.929,14.324,-63.298,-188.606,YAW
-0.034,0.202,0.873,14.674,-72.109,-176.041,YAW
-0.068,0.184,0.923,13.834,-84.980,-177.931,YAW
-0.129,0.229,1.071,19.941,-80.894,-166.189,YAW
-0.162,0.181,1.099,-1.934,-75.198,-163.065,YAW
-0.040,0.163,1.027,-7.341,-59.850,-185.938,YAW
-0.011,0.172,1.016,-3.894,-46.865,-197.610,YAW
-0.067,0.286,1.057,-5.827,-45.447,-196.569,YAW
-0.050,0.174,1.049,-7.236,-34.851,-183.619,YAW
0.030,0.247,1.047,-9.555,-48.037,-186.322,YAW
-0.011,0.226,0.951,-14.823,-53.716,-156.783,YAW
-0.056,0.168,0.918,-11.891,-30.677,-152.084,YAW
-0.073,0.085,0.956,-11.944,-5.049,-165.113,YAW
-0.012,0.145,0.972,-25.445,-31.649,-155.208,YAW
-0.022,0.135,1.003,-28.630,6.291,-148.137,YAW
-0.076,0.092,1.043,-16.424,27.361,-144.585,YAW
-0.052,0.145,1.090,-11.419,12.705,-124.399,YAW
-0.135,0.113,1.074,-8.181,3.763,-125.011,YAW
-0.127,0.043,1.091,-3.229,-1.356,-129.859,YAW
-0.140,0.057,0.962,-10.850,-7.735,-135.091,YAW
-0.062,0.076,0.938,-6.519,3.588,-136.150,YAW
-0.047,0.048,0.934,-2.774,-6.221,-128.914,YAW
-0.071,0.043,0.991,10.185,-3.763,-114.607,YAW
-0.092,0.045,1.054,12.950,-22.584,-107.511,YAW
-0.056,0.048,0.964,13.615,-38.447,-106.558,YAW
-0.033,0.058,0.937,23.747,-29.802,-100.266,YAW
-0.003,0.076,0.976,32.209,-22.890,-94.736,YAW
-0.045,0.058,1.043,34.431,-16.319,-85.899,YAW
0.002,0.034,1.085,23.161,-28.368,-79.993,YAW
-0.017,0.060,1.085,11.139,-44.774,-56.149,YAW
0.080,0.072,1.108,11.734,-36.286,-41.545,YAW
0.092,0.055,1.048,10.430,-11.113,-22.435,YAW
0.067,0.018,0.989,9.249,7.236,2.126,YAW
0.062,0.024,1.037,10.071,24.421,29.024,YAW
0.092,0.046,1.039,1.732,22.881,44.905,YAW
0.055,0.066,1.034,-2.896,16.310,75.302,YAW
0.047,0.072,1.106,3.605,28.919,103.399,YAW
0.037,0.103,1.111,-3.955,35.726,127.391,YAW
0.043,0.050,1.091,-6.256,50.662,142.406,YAW
-0.096,0.105,1.076,-22.558,56.403,176.076,YAW
-0.089,0.076,0.939,-32.375,24.719,192.325,YAW
-0.080,0.107,0.950,-28.140,28.070,198.012,YAW
-0.047,0.084,0.975,-32.209,30.853,204.566,YAW
-0.050,0.191,1.033,-29.330,31.071,225.628,YAW
-0.095,0.122,1.003,-31.097,-19.714,258.834,YAW
-0.080,0.155,0.986,-21.709,-56.945,270.970,YAW
-0.023,0.181,1.055,-10.675,-31.841,265.318,YAW
0.025,0.252,1.029,-8.243,1.540,264.591,YAW
-0.078,0.262,0.922,-11.664,-29.593,286.685,YAW
-0.161,0.219,0.827,2.809,-32.690,286.685,YAW
0.044,0.058,0.863,30.310,-4.795,286.685,YAW
0.215,0.106,0.949,37.861,-2.966,286.685,YAW
0.225,0.153,1.074,35.193,5.556,286.685,YAW
0.113,0.255,1.056,16.380,3.203,286.685,YAW
0.013,0.235,1.045,0.087,4.375,286.685,YAW
0.016,0.158,1.003,2.555,0.455,286.685,YAW
0.132,0.104,0.919,-6.816,-18.847,286.685,YAW
0.162,0.262,0.959,14.945,-10.054,286.685,YAW
0.124,0.226,1.018,53.025,-21.096,283.106,YAW
0.236,0.034,0.895,44.266,-38.159,259.149,YAW
0.311,0.123,0.915,45.544,-16.109,251.484,YAW
0.292,0.330,1.030,54.084,2.494,254.852,YAW
0.191,0.213,1.113,45.771,5.233,257.285,YAW
0.196,0.074,1.172,10.614,-13.422,244.729,YAW
0.183,0.084,1.048,-25.743,-14.123,229.110,YAW
0.295,0.164,0.962,-34.335,-14.560,231.997,YAW
0.255,0.089,0.930,-16.406,-0.140,235.988,YAW
0.205,-0.010,0.975,-1.190,9.065,234.246,YAW
0.184,-0.033,0.975,-0.507,-1.347,227.885,YAW
0.145,-0.018,0.944,1.024,7.114,224.822,YAW
0.179,-0.097,0.978,17.465,19.836,210.630,YAW
0.122,-0.094,0.999,14.096,23.074,203.674,YAW
0.116,-0.079,0.984,24.255,35.114,194.731,YAW
0.116,-0.067,1.102,18.183,37.756,186.366,YAW
0.180,-0.006,1.110,-22.155,3.421,193.673,YAW
0.031,-0.113,1.077,-54.189,-41.676,180.705,YAW
0.009,-0.181,1.008,-47.057,-39.603,166.303,YAW
0.087,-0.168,0.935,-26.775,-16.660,148.173,YAW
0.063,-0.212,0.963,-11.217,-22.286,140.595,YAW
0.027,-0.267,0.942,-0.306,-33.241,125.353,YAW
0.031,-0.226,0.967,7.350,-35.254,112.840,YAW
0.138,-0.190,0.918,10.946,-35.604,96.933,YAW
0.117,-0.192,1.008,19.469,-29.593,83.904,YAW
0.120,-0.180,1.029,14.534,-4.139,77.823,YAW
0.115,-0.112,1.028,9.083,2.608,73.614,YAW
0.107,-0.154,0.968,-4.148,-5.049,64.724,YAW
0.097,-0.148,0.973,10.920,2.669,48.825,YAW
0.010,-0.202,0.995,11.839,7.114,36.776,YAW
0.015,-0.202,1.032,6.457,7.927,23.616,YAW
-0.029,-0.206,1.024,10.255,9.879,-4.095,YAW
-0.038,-0.163,1.010,19.521,4.340,-39.147,YAW
-0.009,-0.129,0.984,25.340,0.744,-78.374,YAW
0.010,-0.123,0.985,24.439,-6.764,-103.574,YAW
0.037,-0.132,0.960,35.621,-8.251,-139.466,YAW
0.054,-0.071,1.005,42.884,-3.019,-166.460,YAW
0.054,-0.003,1.016,46.200,3.535,-192.666,YAW
0.056,0.076,1.015,50.566,5.679,-208.924,YAW
0.112,0.080,0.952,43.846,-1.881,-228.812,YAW
0.152,0.093,1.044,57.899,-10.719,-231.717,YAW
0.111,0.120,1.094,46.366,-25.156,-231.219,YAW
0.085,0.174,1.013,-1.225,-37.196,-242.296,YAW
0.102,0.081,1.016,-13.239,6.668,-258.956,YAW
0.140,0.112,1.076,2.695,22.829,-264.705,YAW
0.114,0.225,1.071,5.189,5.180,-256.340,YAW
0.143,0.331,1.000,-3.211,-1.033,-235.217,YAW
0.026,0.147,0.971,2.126,-3.045,-237.011,YAW
0.033,0.091,1.033,9.931,-6.177,-272.291,YAW
0.092,0.231,1.009,-18.410,-8.181,-278.478,YAW
0.048,0.209,0.944,-47.688,41.029,-267.286,YAW
0.028,0.129,0.917,-22.234,72.669,-261.651,YAW
-0.038,0.135,0.859,40.075,68.198,-259.455,YAW
-0.068,0.192,0.977,80.579,32.821,-263.008,YAW
0.032,0.300,0.966,77.647,-38.106,-270.358,YAW
-0.048,0.270,1.046,40.810,-20.142,-240.625,YAW
-0.104,0.235,0.990,24.439,8.514,-213.553,YAW
-0.029,0.289,1.016,52.482,14.297,-211.339,YAW
-0.040,0.221,1.099,64.689,-26.653,-209.851,YAW
-0.095,0.294,0.948,23.004,-50.260,-208.469,YAW
-0.135,0.275,0.950,31.141,-18.567,-202.851,YAW
-0.135,0.262,0.991,32.051,4.060,-206.229,YAW
-0.175,0.291,1.010,37.257,-1.706,-201.600,YAW
-0.097,0.254,1.035,40.197,-33.530,-203.175,YAW
-0.193,0.171,1.052,23.888,-39.734,-209.974,YAW
-0.228,0.120,1.019,-15.505,-55.746,-217.175,YAW
-0.164,0.226,0.982,-26.749,-56.236,-223.930,YAW
-0.022,0.227,0.936,-20.177,-39.471,-229.005,YAW
-0.104,0.137,1.009,-13.221,-45.106,-222.827,YAW
-0.197,0.131,1.014,-11.427,-38.763,-235.253,YAW
-0.090,0.215,1.071,-0.438,-13.142,-234.062,YAW
-0.043,0.113,1.072,8.243,1.452,-208.390,YAW
-0.066,0.061,1.032,21.035,-0.140,-196.560,YAW
-0.059,0.032,0.976,21.157,-10.097,-181.790,YAW
-0.121,0.042,0.939,6.108,-16.310,-167.003,YAW
-0.104,0.138,0.954,16.074,-20.632,-174.773,YAW
-0.070,0.140,1.001,14.201,-17.281,-181.510,YAW
-0.073,0.041,0.967,-2.074,-42.735,-168.446,YAW
-0.059,-0.005,1.068,10.194,-62.536,-144.585,YAW
0.049,0.014,1.077,26.215,-59.001,-127.899,YAW
0.046,-0.012,1.096,28.761,-52.237,-121.126,YAW
0.019,-0.042,1.082,13.886,-30.966,-100.039,YAW
0.052,-0.032,1.024,9.047,-22.067,-73.745,YAW
0.065,-0.014,0.998,20.414,-36.514,-53.498,YAW
0.080,-0.024,0.995,23.196,-42.438,-38.780,YAW
0.083,-0.022,1.047,12.871,-30.231,-9.949,YAW
0.110,0.047,1.016,14.131,-10.964,10.413,YAW
0.122,0.038,0.973,17.728,-11.419,27.090,YAW
0.118,0.026,1.010,15.741,-15.278,38.876,YAW
0.121,0.022,1.065,16.161,-12.565,59.675,YAW
0.113,0.032,1.102,10.824,-2.993,77.324,YAW
0.094,0.020,1.114,7.691,5.994,110.705,YAW
0.137,0.009,1.145,6.405,23.721,142.555,YAW
0.191,0.091,1.132,1.216,48.256,181.414,YAW
0.216,0.172,1.050,1.365,54.644,200.349,YAW
0.174,0.161,1.079,-5.512,43.960,228.541,YAW
0.140,0.201,0.963,-19.093,38.202,285.906,YAW
-0.012,0.244,0.940,1.628,107.056,286.685,YAW
-0.034,0.296,0.913,-10.596,156.835,286.685,YAW
-0.025,0.276,0.920,-30.476,153.414,286.685,YAW
-0.108,0.349,0.990,-74.585,110.863,286.685,YAW
-0.166,0.292,0.937,-87.640,53.926,286.685,YAW
-0.246,0.284,0.831,-70.158,12.696,286.685,YAW
-0.279,0.208,0.890,-52.815,-2.240,286.685,YAW
-0.389,0.213,0.997,-48.353,-5.014,286.685,YAW
-0.350,0.178,0.856,-60.393,-12.302,286.685,YAW
-0.308,0.131,0.875,-43.820,-11.795,283.841,YAW
-0.153,0.138,0.876,-40.460,-11.331,277.279,YAW
-0.140,0.208,0.943,-20.720,-10.710,276.684,YAW
-0.212,0.218,1.139,0.376,-43.969,276.736,YAW
-0.185,0.211,1.084,-19.163,-90.685,271.539,YAW
-0.040,0.156,0.977,-25.926,-97.099,274.908,YAW
-0.030,0.116,0.963,-14.910,-49.639,271.731,YAW
0.017,0.122,1.046,-15.627,-12.618,250.014,YAW
0.066,0.104,1.103,-30.476,-18.961,232.234,YAW
0.116,0.090,1.099,-38.526,-28.884,229.206,YAW
0.168,0.096,0.979,-35.472,-31.246,227.999,YAW
0.103,0.031,0.928,-25.358,-16.371,224.884,YAW
-0.041,0.045,0.976,-11.830,12.661,212.905,YAW
0.029,-0.080,1.045,-1.855,19.836,197.129,YAW
0.139,-0.046,1.030,5.898,8.523,194.521,YAW
0.034,-0.036,0.996,17.106,-7.595,195.178,YAW
0.084,-0.056,1.001,21.350,-1.312,184.634,YAW
0.073,0.058,0.980,17.132,21.779,184.135,YAW
-0.005,0.005,1.045,-1.050,29.584,190.505,YAW
-0.021,0.035,1.026,-9.205,45.833,168.122,YAW
-0.009,0.029,1.033,-9.870,45.850,162.085,YAW
0.024,0.025,1.047,-25.340,39.471,150.281,YAW
-0.051,0.000,1.029,-40.731,30.503,147.639,YAW
-0.085,-0.054,0.985,-31.474,30.249,140.604,YAW
-0.026,-0.038,0.995,-21.192,30.380,137.979,YAW
-0.059,-0.003,1.078,-22.391,25.935,134.794,YAW
-0.193,-0.021,0.996,-34.842,17.622,120.216,YAW
-0.197,-0.014,0.920,-20.528,40.180,100.993,YAW
-0.198,-0.056,0.986,-8.365,48.519,88.200,YAW
-0.262,-0.109,0.936,-5.320,40.845,57.645,YAW
-0.267,-0.145,0.948,-0.298,24.701,21.796,YAW
-0.216,-0.077,0.922,2.765,4.541,-12.863,YAW
-0.248,-0.085,0.949,11.708,-10.815,-29.715,YAW
-0.207,-0.065,0.994,31.062,-31.894,-53.349,YAW
-0.210,0.003,1.013,35.254,-48.064,-81.287,YAW
-0.179,0.117,1.070,38.062,-45.728,-112.052,YAW
-0.112,0.021,1.151,25.524,-54.862,-141.671,YAW
-0.037,0.043,1.026,18.077,-72.537,-168.499,YAW
-0.048,-0.014,0.996,43.785,-64.942,-182.805,YAW
-0.102,-0.028,1.013,46.270,-63.507,-208.434,YAW
-0.084,-0.007,0.930,38.798,-68.871,-226.992,YAW
-0.012,0.076,0.870,56.586,-55.423,-244.064,YAW
0.038,0.131,0.925,80.850,-28.604,-248.010,YAW
0.070,0.146,0.955,92.601,-23.126,-248.229,YAW
-0.031,0.192,1.029,95.673,-25.261,-259.359,YAW
-0.064,0.295,1.131,70.577,-17.736,-280.831,YAW
-0.013,0.390,1.096,29.593,-26.171,-286.624,YAW
-0.051,0.416,1.047,13.825,-31.903,-286.685,YAW
0.005,0.311,1.015,-6.431,-35.376,-286.685,YAW
0.046,0.249,0.948,-8.129,-18.471,-286.685,YAW
0.043,0.241,0.870,13.116,17.868,-272.475,YAW
0.084,0.255,0.881,27.239,48.974,-255.001,YAW
-0.027,0.261,0.962,36.365,67.900,-213.999,YAW
-0.261,0.276,1.022,29.391,60.069,-200.314,YAW
-0.120,0.229,1.153,4.349,38.491,-206.202,YAW
-0.164,0.258,1.133,-30.853,-4.620,-195.458,YAW
-0.345,0.218,0.933,-48.143,-33.915,-181.309,YAW
-0.291,0.174,0.983,-3.273,-15.759,-186.900,YAW
-0.182,0.136,1.044,4.182,-18.323,-196.402,YAW
-0.191,0.168,0.954,-0.709,-24.622,-197.225,YAW
-0.220,0.127,0.854,19.337,-6.685,-184.695,YAW
-0.299,0.105,0.889,59.097,14.324,-161.814,YAW
-0.295,0.086,0.930,85.654,22.304,-168.508,YAW
-0.293,0.053,1.014,93.319,15.488,-175.140,YAW
-0.251,0.014,1.090,61.031,-22.076,-183.514,YAW
-0.215,0.046,1.057,21.980,-56.044,-196.219,YAW
-0.259,0.072,1.051,-13.729,-64.006,-200.804,YAW
-0.239,0.048,0.979,-38.868,-54.967,-209.956,YAW
-0.194,0.048,0.944,-37.616,-24.981,-219.660,YAW
-0.167,0.014,0.924,-14.254,7.122,-212.931,YAW
-0.155,0.016,0.969,3.351,-18.681,-206.509,YAW
-0.172,-0.011,1.012,3.264,-48.580,-197.059,YAW
-0.171,-0.016,1.009,14.892,-30.380,-190.890,YAW
-0.183,-0.100,0.952,40.478,-5.941,-177.389,YAW
-0.201,-0.072,0.947,44.257,-22.802,-162.234,YAW
-0.065,0.018,1.063,42.700,-25.725,-163.380,YAW
-0.026,-0.001,1.042,33.066,-4.786,-175.709,YAW
-0.072,-0.045,0.925,31.290,-2.564,-173.154,YAW
-0.086,-0.018,0.948,43.181,17.894,-161.656,YAW
-0.105,-0.030,0.939,43.514,24.124,-132.370,YAW
-0.044,-0.054,0.947,34.475,-26.110,-125.641,YAW
-0.095,-0.001,0.982,37.975,-42.534,-116.454,YAW
-0.107,0.015,1.015,50.768,-22.942,-112.175,YAW
-0.014,0.067,1.039,61.836,-2.354,-106.601,YAW
0.014,0.100,1.083,73.614,-25.069,-95.323,YAW
-0.063,0.087,1.043,59.456,-42.919,-85.435,YAW
-0.104,0.110,1.049,42.166,-45.281,-87.605,YAW
0.076,0.110,1.085,10.054,-41.641,-91.332,YAW
0.056,0.070,1.098,-30.153,-27.405,-86.616,YAW
0.070,0.029,1.077,-38.850,-15.015,-66.045,YAW
0.151,0.001,1.065,-34.772,3.010,-47.119,YAW
0.036,0.028,1.039,-24.972,5.845,-26.915,YAW
0.068,0.047,1.004,-9.118,-1.942,-15.531,YAW
0.099,0.014,1.019,1.715,-14.927,-0.446,YAW
0.086,0.004,1.034,6.073,-19.040,10.229,YAW
0.062,-0.021,1.070,4.961,-9.047,27.011,YAW
0.060,-0.032,1.042,-0.368,8.864,44.257,YAW
0.074,-0.019,1.044,2.223,16.205,71.628,YAW
0.076,-0.027,1.061,1.094,14.919,93.520,YAW
0.048,0.022,1.099,-0.271,10.754,126.359,YAW
0.099,-0.024,1.078,-1.566,9.467,166.136,YAW
0.102,0.033,1.096,11.839,16.634,217.061,YAW
0.154,0.090,1.181,23.188,24.255,248.841,YAW
0.145,0.184,1.024,17.798,-6.991,286.685,YAW
0.085,0.267,0.848,37.975,37.826,286.685,YAW
0.064,0.273,0.862,41.099,76.046,286.685,YAW
0.030,0.348,0.950,8.654,93.546,286.685,YAW
-0.087,0.377,0.961,-48.143,84.438,286.685,YAW
-0.022,0.230,0.900,-36.479,98.735,286.685,YAW
0.039,0.277,0.930,-32.961,92.768,286.685,YAW
0.005,0.288,0.917,-31.868,46.515,286.685,YAW
-0.149,0.252,0.925,-17.710,22.531,286.685,YAW
-0.177,0.288,0.974,-15.199,53.226,286.685,YAW
-0.156,0.270,0.954,-26.451,63.420,286.685,YAW
-0.308,0.209,1.108,-20.212,61.268,286.685,YAW
-0.310,0.224,1.103,-57.785,14.831,279.562,YAW
-0.018,0.151,0.986,-91.192,-40.075,262.203,YAW
-0.011,0.142,1.013,-85.995,-52.876,261.905,YAW
-0.004,0.113,0.961,-63.403,-46.559,258.116,YAW
0.051,0.133,0.978,-35.053,-38.798,257.198,YAW
0.087,0.164,0.988,-23.555,-34.667,250.530,YAW
0.127,0.161,1.011,-26.976,-24.456,251.318,YAW
0.038,0.144,1.050,-37.809,-6.790,247.301,YAW
-0.073,0.058,1.070,-52.972,-8.689,245.315,YAW
-0.066,-0.022,1.052,-63.639,-19.058,222.372,YAW
0.013,-0.015,0.969,-62.353,-27.799,215.215,YAW
0.135,-0.153,0.970,-50.820,-32.996,215.232,YAW
0.051,-0.104,1.061,-37.774,-35.787,228.296,YAW
-0.044,-0.053,1.040,-35.271,-43.785,223.029,YAW
0.021,-0.031,0.964,-27.825,-49.674,212.984,YAW
0.050,-0.095,0.959,-7.210,-50.199,199.404,YAW
0.061,-0.127,1.020,31.404,-32.760,187.652,YAW
0.027,-0.126,1.145,42.324,-14.105,183.426,YAW
0.016,-0.116,1.154,8.024,-35.866,166.268,YAW
0.061,-0.057,1.046,-15.076,-52.614,149.266,YAW
0.027,-0.194,0.923,-39.139,-61.653,146.702,YAW
-0.013,-0.277,0.808,-36.138,-49.490,132.099,YAW
0.139,-0.177,0.981,2.765,-25.462,122.719,YAW
0.120,-0.192,0.955,14.000,-28.403,121.940,YAW
0.165,-0.096,0.998,20.169,-43.697,112.569,YAW
0.050,-0.107,0.964,19.976,-47.548,108.211,YAW
0.138,-0.190,1.040,30.914,-8.523,94.132,YAW
0.053,-0.130,1.017,30.214,0.928,85.916,YAW
0.057,-0.180,1.098,24.701,11.690,72.039,YAW
0.146,-0.137,1.031,18.051,13.738,60.287,YAW
0.139,-0.164,1.032,13.352,23.301,50.382,YAW
0.048,-0.121,1.025,5.128,23.292,28.236,YAW
0.026,-0.150,1.016,11.961,14.306,-2.844,YAW
-0.002,-0.126,1.026,16.039,3.176,-25.340,YAW
0.009,-0.076,1.038,13.274,-10.124,-58.704,YAW
-0.025,-0.078,0.981,14.630,-27.816,-92.942,YAW
-0.016,-0.097,0.986,18.664,-55.475,-127.207,YAW
0.076,0.002,0.986,21.280,-64.024,-144.497,YAW
0.120,-0.008,0.947,25.051,-43.330,-181.151,YAW
0.193,0.095,1.002,40.714,-10.972,-210.814,YAW
0.147,0.095,1.034,37.494,4.436,-230.720,YAW
0.081,0.150,1.024,20.667,4.830,-249.944,YAW
0.024,0.103,0.987,25.174,17.115,-279.300,YAW
-0.002,0.158,1.029,44.415,1.400,-286.685,YAW
-0.000,0.234,1.068,42.333,-18.550,-286.685,YAW
0.062,0.363,0.942,16.870,-30.940,-286.685,YAW
0.144,0.386,0.910,17.649,3.229,-286.685,YAW
0.106,0.340,1.076,22.199,14.193,-286.685,YAW
0.048,0.333,1.116,-5.338,10.640,-286.685,YAW
0.066,0.326,1.003,-57.557,-15.409,-286.685,YAW
0.056,0.222,0.882,-42.096,-29.496,-286.685,YAW
0.058,0.217,0.920,-0.779,-12.722,-286.554,YAW
0.010,0.274,0.961,11.961,5.863,-275.949,YAW
0.009,0.318,0.966,0.595,26.311,-267.811,YAW
-0.092,0.128,0.937,4.270,11.156,-276.824,YAW
-0.134,0.193,0.971,16.721,-15.698,-286.685,YAW
-0.254,0.227,0.996,19.819,-18.191,-286.685,YAW
-0.104,0.304,0.996,22.496,-29.785,-286.685,YAW
0.005,0.284,1.045,-13.484,-45.728,-286.685,YAW
0.096,0.311,1.047,-35.971,-44.406,-286.685,YAW
0.049,0.274,1.086,-16.179,-31.999,-279.956,YAW
-0.039,0.215,0.957,-4.804,-27.983,-243.556,YAW
-0.068,0.125,0.861,11.462,-15.164,-237.947,YAW
-0.076,0.096,1.012,21.858,-27.370,-249.209,YAW
-0.085,0.186,1.047,17.430,-38.211,-231.175,YAW
0.030,0.100,1.091,20.274,-12.119,-220.666,YAW
0.012,-0.018,1.108,23.564,-26.784,-237.064,YAW
-0.118,0.011,1.103,9.030,-86.564,-220.999,YAW
-0.064,0.080,0.991,-21.499,-75.766,-197.006,YAW
0.031,0.021,1.060,-10.229,-14.149,-189.140,YAW
0.093,0.084,1.157,-26.653,-1.505,-158.217,YAW
-0.003,0.038,1.008,-26.233,29.041,-160.606,YAW
0.090,0.094,1.003,-9.476,34.947,-155.943,YAW
0.076,0.159,1.108,7.254,32.655,-141.260,YAW
0.036,0.066,0.954,11.086,-2.065,-132.405,YAW
-0.052,-0.008,0.908,19.845,-18.060,-128.826,YAW
-0.034,-0.009,0.993,14.481,0.577,-129.754,YAW
-0.007,0.011,1.036,-2.503,10.806,-131.390,YAW
-0.138,0.011,1.059,-2.021,-0.971,-134.129,YAW
-0.098,0.012,1.044,4.524,-7.341,-138.329,YAW
0.053,-0.028,1.036,2.818,-23.625,-122.474,YAW
-0.167,-0.005,0.969,22.295,-11.839,-104.283,YAW
0.107,0.029,1.036,25.323,-1.076,-76.702,YAW
0.075,0.042,1.029,23.747,-8.006,-70.385,YAW
-0.170,-0.024,1.049,15.216,-12.871,-63.140,YAW
-0.071,-0.031,1.072,13.983,-11.900,-49.254,YAW
0.029,0.012,1.072,18.366,-0.350,-28.779,YAW
0.028,-0.011,1.039,13.939,3.246,-16.712,YAW
0.048,-0.013,1.012,-1.312,5.985,7.656,YAW
0.068,-0.052,1.006,-12.014,0.954,33.583,YAW
0.089,-0.083,1.029,-19.075,-0.455,71.391,YAW
-0.013,-0.110,1.037,-20.624,0.831,90.177,YAW
0.014,-0.116,1.088,-16.240,17.325,125.562,YAW
0.071,-0.055,1.073,-6.125,46.147,165.288,YAW
0.080,-0.000,1.094,-8.890,43.522,213.045,YAW
0.134,0.044,1.016,-13.361,22.610,245.753,YAW
0.099,0.097,0.969,-6.597,-3.596,284.603,YAW
0.064,0.122,0.961,4.156,-42.096,286.685,YAW
0.061,0.186,0.937,14.971,-35.516,286.685,YAW
0.116,0.240,0.920,31.010,-22.907,286.685,YAW
0.126,0.302,0.960,48.659,-4.427,286.685,YAW
0.095,0.342,0.997,63.989,26.705,286.685,YAW
0.039,0.333,1.006,60.296,40.364,286.685,YAW
0.012,0.319,0.961,40.101,44.091,286.685,YAW
0.051,0.272,0.972,33.390,25.060,286.685,YAW
0.047,0.246,1.035,39.594,-1.304,286.633,YAW
0.020,0.254,1.055,26.792,-26.425,278.889,YAW
0.097,0.221,0.948,7.910,-51.459,281.330,YAW
0.312,0.261,0.827,32.891,-40.478,265.930,YAW
0.343,0.325,1.024,70.402,-21.105,282.459,YAW
0.323,0.216,0.916,75.022,2.984,284.217,YAW
0.326,0.280,0.818,90.370,28.368,286.659,YAW
0.335,0.432,0.981,96.871,68.285,283.771,YAW
0.202,0.435,1.082,55.230,46.620,284.891,YAW
0.183,0.298,1.085,19.661,26.022,267.785,YAW
0.356,0.246,1.093,-27.825,-22.767,261.581,YAW
0.385,0.199,1.053,-37.704,-1.461,272.825,YAW
0.348,0.230,1.037,-54.022,-3.902,268.984,YAW
0.367,0.126,0.980,-61.932,-9.257,263.524,YAW
0.356,0.005,0.795,-34.431,9.196,273.849,YAW
0.130,-0.095,0.853,1.514,27.370,272.440,YAW
0.201,-0.084,0.966,20.458,2.284,254.004,YAW
0.219,-0.045,1.022,18.323,-29.365,250.241,YAW
0.208,-0.111,0.954,20.370,-41.851,239.785,YAW
0.155,-0.128,0.873,24.001,-27.440,227.518,YAW
0.174,-0.084,0.963,24.378,-22.628,202.134,YAW
0.266,-0.017,1.006,0.875,-45.412,196.831,YAW
0.279,-0.160,0.888,3.176,-59.920,172.139,YAW
0.229,-0.192,1.008,19.924,-46.550,161.438,YAW
0.225,-0.250,1.068,15.024,-42.096,149.905,YAW
0.232,-0.256,1.105,2.310,-33.460,141.452,YAW
0.087,-0.255,1.030,-11.637,-12.241,116.515,YAW
0.290,-0.244,0.949,-5.154,23.861,97.099,YAW
0.219,-0.298,0.949,-2.021,32.585,84.919,YAW
0.187,-0.211,0.959,-1.864,22.173,47.408,YAW
0.113,-0.217,0.856,2.503,13.790,23.179,YAW
0.125,-0.268,0.940,6.309,1.566,-12.819,YAW
0.116,-0.244,0.983,7.341,-8.190,-36.671,YAW
0.154,-0.210,1.008,10.264,-16.371,-68.994,YAW
0.164,-0.167,0.976,16.608,-22.409,-100.004,YAW
0.147,-0.146,0.932,28.604,4.681,-130.253,YAW
0.038,-0.205,0.893,48.694,30.538,-167.186,YAW
0.131,-0.064,1.107,76.143,45.684,-224.184,YAW
0.248,-0.003,1.183,49.569,-2.984,-249.428,YAW
0.253,0.009,1.120,6.676,-63.193,-265.746,YAW
0.190,0.128,1.002,-9.564,-92.680,-281.837,YAW
0.279,0.227,0.989,-16.021,-57.540,-286.685,YAW
0.250,0.242,0.947,-27.493,-14.096,-286.685,YAW
0.158,0.260,0.895,-44.100,29.925,-286.685,YAW
0.082,0.350,0.860,-42.131,78.164,-286.685,YAW
0.129,0.503,0.911,-4.506,105.770,-286.685,YAW
0.159,0.429,0.898,20.405,82.757,-286.685,YAW
0.222,0.375,0.909,31.089,86.861,-286.685,YAW
0.230,0.408,1.037,59.771,141.881,-286.685,YAW
0.297,0.324,1.049,38.334,90.064,-286.685,YAW
0.125,0.242,1.170,-2.450,-20.379,-267.943,YAW
-0.085,0.294,1.117,-31.789,-49.245,-256.646,YAW
-0.401,0.237,1.002,-60.515,-74.401,-281.610,YAW
-0.123,0.366,0.861,-22.129,-34.702,-286.685,YAW
0.195,0.268,1.001,6.055,-4.602,-273.700,YAW
0.094,0.256,1.128,13.738,-18.034,-250.399,YAW
-0.084,0.203,1.127,-2.432,-40.591,-236.959,YAW
-0.101,0.135,1.005,-11.830,-59.019,-224.245,YAW
-0.060,0.086,0.927,3.010,-46.217,-216.011,YAW
-0.089,0.086,0.919,18.699,-13.387,-227.027,YAW
-0.033,0.129,0.964,33.022,5.075,-252.481,YAW
0.034,0.053,0.963,41.475,-26.215,-237.799,YAW
0.026,0.042,1.079,37.564,-26.705,-204.102,YAW
-0.032,0.065,1.140,28.394,-28.157,-197.820,YAW
-0.161,0.083,1.061,-17.972,-125.116,-185.202,YAW
-0.047,-0.014,0.940,-15.400,-113.137,-175.359,YAW
0.014,0.036,1.037,7.604,-37.853,-167.055,YAW
0.033,0.040,1.074,-5.556,-42.796,-161.884,YAW
0.045,0.115,0.956,-10.386,-31.176,-155.820,YAW
0.028,0.043,1.072,21.455,-16.590,-143.658,YAW
0.180,0.119,1.073,33.871,3.115,-141.557,YAW
0.166,0.142,1.024,31.141,16.310,-140.936,YAW
0.007,0.126,0.946,24.631,11.156,-132.020,YAW
0.036,0.076,0.967,20.300,2.922,-124.994,YAW
0.035,0.142,0.981,13.011,-16.747,-104.440,YAW
0.012,0.082,0.947,9.004,-18.909,-98.543,YAW
-0.031,0.040,1.074,14.779,-10.981,-69.790,YAW
0.134,0.060,1.020,1.067,-9.896,-40.180,YAW
0.153,0.074,1.104,7.718,13.580,-3.622,YAW
0.133,0.070,1.089,0.752,13.606,15.741,YAW
0.134,0.088,1.006,-2.013,18.786,41.720,YAW
0.126,0.072,0.989,-2.398,25.034,68.731,YAW
0.074,0.048,1.011,-4.734,41.921,98.726,YAW
0.015,0.033,1.081,-5.355,53.681,121.336,YAW
0.024,0.099,1.129,-19.066,34.694,150.439,YAW
0.068,0.140,1.086,-22.321,19.591,186.095,YAW
0.085,0.150,1.067,-13.081,12.119,237.449,YAW
0.162,0.147,1.031,-12.337,17.517,272.256,YAW
0.202,0.247,1.036,-19.950,42.411,286.685,YAW
0.071,0.358,0.979,-31.763,39.882,286.685,YAW
0.055,0.343,0.898,-28.726,36.304,286.685,YAW
0.109,0.329,0.862,-4.156,75.250,286.685,YAW
0.023,0.436,1.014,-12.889,101.518,286.685,YAW
-0.145,0.388,1.075,-30.677,102.191,286.685,YAW
-0.280,0.280,1.023,-42.438,95.611,286.685,YAW
-0.377,0.199,0.868,-64.558,74.007,286.685,YAW
-0.254,0.177,0.864,-31.211,49.866,285.967,YAW
-0.213,0.194,1.077,-15.129,17.255,257.171,YAW
-0.195,0.253,1.128,-34.536,-14.936,248.815,YAW
-0.176,0.250,0.964,-66.771,-65.196,246.846,YAW
-0.061,0.172,0.835,-44.800,-95.323,239.619,YAW
0.054,0.137,0.958,-2.223,-77.376,245.201,YAW
0.038,0.162,0.991,13.177,-42.744,248.693,YAW
0.075,0.223,1.021,17.413,6.318,241.369,YAW
0.132,0.180,1.073,0.586,-5.985,242.454,YAW
0.146,0.185,1.022,-7.131,-14.927,243.670,YAW
0.174,0.140,1.050,-16.319,6.843,243.197,YAW
0.118,0.161,0.996,-38.307,28.892,241.220,YAW
0.048,0.102,0.949,-34.536,30.730,237.256,YAW
0.033,0.085,0.988,-16.791,63.857,224.306,YAW
-0.124,0.051,1.046,-13.212,79.152,215.591,YAW
-0.110,0.078,1.116,-31.701,65.966,192.106,YAW
0.011,0.035,1.066,-50.619,35.394,179.786,YAW
0.037,0.052,0.976,-40.521,28.569,190.111,YAW
-0.079,0.043,0.959,-26.959,27.930,205.363,YAW
-0.147,-0.026,0.991,-27.440,11.095,181.694,YAW
-0.114,0.040,0.991,-46.436,14.123,147.193,YAW
-0.183,-0.022,0.990,-47.294,41.816,134.820,YAW
-0.245,-0.031,1.031,-23.056,60.104,142.441,YAW
-0.281,-0.070,0.929,-6.195,64.059,141.102,YAW
-0.243,-0.029,0.963,-5.031,67.839,131.451,YAW
-0.290,-0.044,0.990,-13.773,62.764,110.626,YAW
-0.306,-0.034,0.980,-19.066,61.031,59.798,YAW
-0.250,0.149,1.004,-22.942,58.958,30.126,YAW
-0.292,0.103,0.979,-12.757,49.341,15.278,YAW
-0.327,-0.013,0.922,5.040,32.165,-1.146,YAW
-0.345,-0.011,0.918,21.149,-1.680,-19.591,YAW
-0.377,0.027,0.906,32.603,-35.919,-38.369,YAW
-0.375,0.052,1.007,33.722,-59.342,-61.915,YAW
-0.425,0.062,1.018,32.217,-64.190,-80.946,YAW
-0.343,0.093,1.130,20.904,-100.511,-118.598,YAW
-0.228,0.062,0.952,22.129,-156.783,-162.855,YAW
-0.116,0.029,0.874,57.759,-134.768,-191.109,YAW
-0.122,0.086,0.968,78.838,-115.351,-207.200,YAW
-0.095,0.099,1.093,67.743,-96.294,-231.648,YAW
-0.017,0.132,1.050,36.225,-103.933,-267.767,YAW
-0.009,0.183,0.973,17.071,-60.305,-286.676,YAW
-0.038,0.216,0.975,23.380,-24.421,-286.685,YAW
0.021,0.288,1.093,25.314,-31.089,-286.685,YAW
0.119,0.315,1.026,8.260,-92.321,-286.685,YAW
0.148,0.279,1.040,8.706,-92.041,-286.685,YAW
0.131,0.126,1.066,-12.766,-82.302,-286.685,YAW
0.230,0.179,0.798,-50.689,-57.750,-286.650,YAW
0.213,0.332,0.705,-8.802,-34.676,-277.786,YAW
0.127,0.278,0.897,31.701,8.496,-272.064,YAW
0.098,0.238,1.094,18.524,15.986,-278.731,YAW
0.026,0.365,0.959,5.810,-36.951,-286.685,YAW
0.004,0.290,0.994,6.492,-57.068,-286.685,YAW
0.084,0.311,0.989,-6.326,-41.921,-286.685,YAW
0.233,0.514,1.080,3.237,-19.215,-286.685,YAW
0.290,0.439,1.075,-10.456,12.574,-273.009,YAW
0.016,0.255,1.112,-25.340,12.320,-245.306,YAW
0.001,0.201,1.069,-37.214,-19.180,-258.457,YAW
0.040,0.207,0.943,-59.876,-66.045,-253.304,YAW
-0.060,0.182,0.947,-58.616,-44.923,-249.751,YAW
-0.034,0.182,0.974,-36.041,-23.651,-242.979,YAW
-0.036,0.183,0.949,-26.241,-24.237,-223.072,YAW
0.021,0.122,0.921,-23.415,-67.436,-198.336,YAW
-0.007,0.112,0.990,-6.580,-37.126,-200.034,YAW
-0.020,0.065,1.098,-0.866,-6.344,-183.741,YAW
-0.088,0.032,1.010,-29.811,-49.105,-180.110,YAW
-0.006,0.131,0.928,-19.128,-28.157,-170.074,YAW
0.122,0.125,1.015,7.376,3.237,-158.244,YAW
0.063,0.067,0.961,1.418,-8.085,-161.210,YAW
0.062,0.064,1.003,-3.894,-10.552,-164.325,YAW
-0.033,0.074,1.095,-14.884,8.312,-166.303,YAW
0.008,0.035,1.017,-19.215,11.104,-163.730,YAW
-0.003,0.023,1.072,-13.974,11.288,-145.688,YAW
-0.031,-0.037,1.086,-9.529,14.114,-129.894,YAW
-0.009,-0.024,1.007,-8.645,15.164,-113.050,YAW
-0.054,0.025,1.055,-22.426,20.956,-115.071,YAW
-0.049,0.007,0.943,-24.841,28.289,-114.039,YAW
-0.096,0.019,0.923,-4.016,37.249,-108.859,YAW
-0.081,0.012,0.989,19.722,24.649,-95.655,YAW
-0.041,0.005,1.092,25.743,2.485,-82.530,YAW
0.000,-0.032,1.064,19.101,-24.684,-69.064,YAW
-0.031,-0.011,0.967,20.300,-32.060,-49.761,YAW
0.024,-0.012,1.003,19.845,-11.217,-40.539,YAW
0.058,0.005,1.054,8.610,5.372,-21.000,YAW
0.030,-0.035,1.066,1.155,8.059,-7.227,YAW
0.054,-0.062,1.060,0.376,-0.735,25.218,YAW
0.034,-0.075,1.059,-2.249,-18.821,57.321,YAW
0.095,-0.105,1.061,4.235,-2.152,90.221,YAW
0.089,-0.070,1.119,3.185,15.374,113.339,YAW
0.109,-0.057,1.062,-6.816,18.699,154.219,YAW
0.046,-0.083,1.052,-5.338,-1.951,194.854,YAW
0.067,0.079,1.028,7.770,5.224,232.750,YAW
0.092,0.169,1.053,16.013,33.775,246.654,YAW
0.095,0.210,1.022,11.795,14.691,265.151,YAW
-0.017,0.190,0.950,15.584,-15.698,286.685,YAW
-0.017,0.251,0.995,25.471,-10.150,286.685,YAW
0.120,0.267,0.995,27.641,15.094,286.685,YAW
0.149,0.344,1.005,23.319,26.451,286.685,YAW
0.092,0.392,0.893,8.409,0.543,286.685,YAW
0.088,0.410,0.842,25.690,3.824,286.685,YAW
0.066,0.380,0.907,42.989,6.510,286.685,YAW
0.189,0.313,0.829,59.202,15.890,286.685,YAW
0.108,0.425,0.938,68.766,43.785,286.685,YAW
0.047,0.469,0.948,74.130,66.692,286.685,YAW
0.002,0.386,0.991,67.139,74.244,286.685,YAW
0.025,0.332,1.108,37.879,44.686,286.685,YAW
0.133,0.342,1.099,-6.370,5.399,286.685,YAW
0.153,0.400,1.010,-10.903,13.449,286.685,YAW
0.118,0.332,0.976,10.596,25.288,286.685,YAW
0.249,0.298,1.055,7.551,-2.056,282.397,YAW
0.410,0.256,0.974,-15.715,-12.250,286.685,YAW
0.353,0.251,0.881,-17.167,7.385,286.685,YAW
0.165,0.200,0.827,18.812,82.871,286.685,YAW
0.026,0.197,1.047,41.834,139.562,278.040,YAW
-0.028,0.256,1.197,3.421,110.486,245.044,YAW
-0.043,0.200,1.208,-35.035,81.515,218.452,YAW
-0.042,0.113,1.092,-73.850,56.691,189.516,YAW
0.044,0.051,0.959,-74.296,57.575,169.864,YAW
0.034,-0.037,0.929,-53.261,74.086,171.456,YAW
-0.065,-0.066,0.861,-38.903,85.269,171.176,YAW
-0.125,0.011,0.882,-15.015,89.793,163.179,YAW
-0.170,0.044,0.943,-5.381,78.312,147.962,YAW
-0.100,0.024,0.921,-4.025,70.052,138.758,YAW
-0.140,-0.011,0.955,-1.470,59.185,143.281,YAW
-0.244,-0.014,1.018,2.940,22.199,149.109,YAW
-0.238,0.016,1.045,-1.575,-14.158,150.745,YAW
-0.162,0.066,0.980,-19.609,-40.950,149.931,YAW
-0.125,0.124,0.980,-27.484,-46.445,150.334,YAW
-0.168,0.084,0.972,-34.300,-34.160,147.464,YAW
-0.158,0.037,1.024,-21.683,-22.295,146.239,YAW
-0.194,0.097,1.015,-13.720,-15.146,141.523,YAW
-0.489,0.167,0.978,-6.405,-9.511,110.924,YAW
-0.113,-0.017,1.098,-0.700,-3.150,32.025,YAW
-0.118,-0.079,1.053,-13.099,11.042,18.839,YAW
-0.134,-0.114,1.061,-16.590,14.613,11.314,YAW
-0.192,0.074,1.019,-7.997,13.877,-6.318,YAW
-0.178,0.081,1.005,8.689,1.312,-34.921,YAW
-0.196,0.073,0.981,19.513,-22.522,-65.012,YAW
-0.207,0.088,0.995,24.754,-40.714,-84.674,YAW
-0.174,0.052,0.991,31.325,-64.934,-101.911,YAW
-0.271,0.125,1.043,37.774,-78.715,-131.967,YAW
-0.184,0.137,1.042,32.305,-79.564,-176.934,YAW
-0.069,0.143,1.085,23.354,-78.505,-205.476,YAW
-0.026,0.136,0.930,22.041,-70.175,-235.244,YAW
-0.169,0.220,0.919,40.609,-47.224,-265.676,YAW
-0.043,0.256,1.010,43.312,-36.706,-286.685,YAW
-0.054,0.249,0.987,46.393,-33.836,-286.685,YAW
-0.076,0.282,1.004,47.381,-36.750,-286.685,YAW
-0.054,0.389,1.075,23.354,-36.724,-286.685,YAW
-0.054,0.478,1.023,-18.244,-50.269,-286.685,YAW
-0.027,0.362,0.988,-36.627,-62.912,-286.685,YAW
0.035,0.174,0.969,-36.759,-50.951,-286.685,YAW
0.088,0.087,0.984,-38.500,-33.215,-286.685,YAW
0.194,0.105,0.904,-46.638,8.977,-286.685,YAW
0.037,0.268,0.981,-39.533,38.885,-286.641,YAW
-0.170,0.280,0.999,-23.327,48.283,-286.668,YAW
-0.060,0.168,0.991,2.231,42.131,-285.871,YAW
0.058,0.081,1.030,-17.211,42.499,-269.789,YAW
-0.072,0.133,1.001,-6.685,45.307,-278.530,YAW
-0.160,0.167,1.064,18.007,32.331,-270.305,YAW
-0.117,0.069,1.134,25.007,24.771,-241.658,YAW
-0.108,0.019,1.078,25.051,21.927,-264.416,YAW
-0.121,0.160,1.067,68.171,11.725,-277.926,YAW
-0.123,0.190,1.016,78.645,21.840,-277.769,YAW
-0.125,0.158,1.013,75.688,27.632,-280.149,YAW
-0.093,0.208,1.002,78.085,20.930,-275.284,YAW
-0.075,0.186,0.979,82.162,15.601,-253.881,YAW
-0.126,0.159,1.027,73.868,21.017,-230.895,YAW
-0.344,0.057,1.061,50.540,-16.826,-206.684,YAW
-0.343,0.053,0.940,34.431,-25.909,-207.375,YAW
-0.290,0.035,0.834,31.080,-24.272,-202.081,YAW
-0.166,0.080,0.911,38.272,-33.556,-189.009,YAW
-0.157,0.071,0.886,45.456,-44.450,-185.036,YAW
-0.046,0.083,0.960,57.846,-44.161,-173.005,YAW
-0.148,0.101,1.015,69.685,-32.559,-159.355,YAW
-0.081,0.066,1.019,64.146,-43.225,-149.503,YAW
-0.091,0.177,1.061,41.379,-54.548,-140.473,YAW
-0.051,0.079,1.023,29.558,-60.795,-132.562,YAW
-0.111,0.120,1.024,20.493,-23.739,-121.415,YAW
-0.039,-0.031,0.981,14.752,-5.416,-121.949,YAW
-0.051,0.113,1.019,7.131,-13.746,-105.052,YAW
-0.040,0.138,0.996,1.015,-18.427,-104.808,YAW
0.004,0.329,1.052,0.989,-27.020,-87.272,YAW
-0.022,-0.049,1.027,23.362,-31.789,-61.985,YAW
0.018,-0.019,1.019,28.087,-35.368,-18.183,YAW
0.023,0.005,1.064,20.816,-30.126,-0.840,YAW
0.049,0.013,1.079,5.329,-13.283,26.198,YAW
0.009,0.014,1.087,-9.240,2.984,46.620,YAW
0.050,0.034,1.030,-16.231,22.566,70.254,YAW
0.069,0.105,1.058,-12.626,25.349,82.784,YAW
0.010,0.092,1.092,-10.727,27.536,113.724,YAW
-0.120,0.075,1.060,-8.400,44.196,136.395,YAW
-0.032,0.103,1.059,-2.450,63.647,148.199,YAW
-0.021,0.168,1.101,-6.370,65.704,179.760,YAW
-0.174,0.167,1.063,-21.551,51.494,206.754,YAW
-0.250,0.140,0.954,-31.824,47.180,215.092,YAW
-0.168,0.130,0.956,-29.032,41.729,227.027,YAW
-0.103,0.260,1.030,-21.411,44.249,265.134,YAW
-0.020,0.377,1.059,-27.361,59.798,286.685,YAW
-0.077,0.391,0.930,-51.327,35.472,286.685,YAW
-0.073,0.331,0.827,-54.145,18.594,286.685,YAW
-0.166,0.351,0.846,-28.884,50.706,286.685,YAW
-0.175,0.287,0.861,-38.561,71.575,286.685,YAW
-0.063,0.342,0.906,-41.869,56.831,286.685,YAW
-0.065,0.344,0.937,-54.670,45.080,286.685,YAW
-0.122,0.377,0.905,-65.415,43.085,286.685,YAW
-0.240,0.338,0.855,-57.269,43.461,286.685,YAW
-0.244,0.322,0.932,-37.301,30.774,286.685,YAW
-0.347,0.290,1.011,-43.592,25.725,286.545,YAW
-0.246,0.198,1.011,-64.514,-1.400,260.418,YAW
-0.075,0.147,0.978,-55.484,-44.275,250.171,YAW
0.019,0.179,1.006,-32.952,-59.159,250.985,YAW
-0.010,0.214,0.989,-28.481,-49.910,254.223,YAW
0.134,0.142,0.957,-29.724,-48.510,251.178,YAW
0.198,0.141,0.993,-5.626,-37.485,257.416,YAW
0.180,0.138,1.064,9.599,13.554,263.288,YAW
0.086,0.206,1.038,3.701,23.844,259.997,YAW
0.063,0.175,1.049,-2.441,19.163,244.335,YAW
0.049,0.127,1.101,-7.884,20.895,230.676,YAW
0.073,0.092,1.076,-13.632,17.675,231.744,YAW
0.031,0.068,1.042,-24.780,20.449,216.545,YAW
0.039,-0.005,1.008,-28.341,30.004,206.938,YAW
0.002,-0.009,0.989,-23.651,34.764,205.205,YAW
0.007,0.050,0.980,-19.862,24.841,198.555,YAW
0.013,0.076,0.972,-18.786,-7.411,185.229,YAW
0.041,0.056,1.018,-27.265,-27.221,170.223,YAW
0.077,-0.008,0.983,-32.428,-25.611,158.462,YAW
0.023,-0.059,0.975,-24.483,-16.406,152.994,YAW
0.005,-0.110,1.063,-8.164,5.548,145.128,YAW
0.000,-0.122,1.103,-11.926,5.005,134.925,YAW
-0.006,-0.067,1.088,-22.356,5.302,119.350,YAW
0.026,-0.051,1.021,-31.614,5.565,110.268,YAW
0.034,-0.074,0.997,-34.458,0.394,102.016,YAW
0.069,-0.030,0.915,-19.241,10.132,98.096,YAW
0.034,-0.044,0.949,-3.456,6.729,92.986,YAW
-0.081,-0.144,0.996,8.584,13.921,81.506,YAW
-0.203,-0.107,1.039,2.380,-2.642,66.815,YAW
-0.045,-0.158,1.046,-2.467,-3.876,41.711,YAW
-0.036,-0.169,1.037,-3.710,2.336,31.045,YAW
-0.017,-0.163,0.979,-4.016,-3.203,21.726,YAW
-0.047,-0.089,1.019,-1.374,-6.825,5.250,YAW
-0.037,-0.063,1.026,2.713,-11.541,-20.545,YAW
-0.050,-0.059,1.050,3.159,-16.590,-53.069,YAW
-0.014,-0.029,1.039,4.909,-20.134,-73.010,YAW
-0.020,-0.039,1.012,8.759,-29.776,-104.361,YAW
0.020,-0.048,0.984,13.011,-29.050,-131.932,YAW
-0.014,-0.033,0.876,28.096,-11.401,-155.663,YAW
0.029,-0.003,0.970,77.753,38.115,-182.087,YAW
-0.026,0.083,1.047,99.251,53.673,-205.966,YAW
-0.082,0.159,1.177,77.849,30.949,-230.589,YAW
-0.150,0.168,1.177,42.420,-15.190,-248.238,YAW
-0.157,0.153,1.018,8.295,-70.306,-284.112,YAW
-0.066,0.165,0.956,12.460,-52.509,-286.685,YAW
-0.007,0.306,0.930,24.456,-33.189,-286.685,YAW
0.026,0.307,0.911,36.776,-23.940,-286.685,YAW
0.096,0.316,1.111,42.534,-19.250,-286.685,YAW
0.038,0.277,1.189,6.300,-31.334,-286.685,YAW
0.146,0.160,0.942,-33.819,-44.100,-286.685,YAW
0.198,0.216,0.905,-14.123,-22.164,-286.685,YAW
0.128,0.220,1.034,-0.035,-14.621,-275.179,YAW
0.126,0.264,1.027,-27.370,-42.691,-262.185,YAW
0.118,0.232,0.953,-39.638,-33.311,-242.139,YAW
0.150,0.203,0.983,-30.853,-23.354,-228.900,YAW
0.005,0.123,1.029,-33.311,-14.770,-218.557,YAW
0.033,0.131,0.958,-46.568,-20.589,-225.041,YAW
0.087,0.148,0.919,-36.470,-1.680,-219.931,YAW
0.179,0.167,0.952,-7.236,21.709,-209.055,YAW
0.095,0.076,1.194,-1.374,25.427,-183.864,YAW
0.019,0.046,1.048,-19.810,-16.870,-205.170,YAW
0.110,-0.031,1.031,-20.440,-14.516,-212.126,YAW
-0.002,-0.002,0.939,-22.225,11.261,-220.771,YAW
-0.093,0.041,0.924,22.942,36.505,-234.876,YAW
-0.037,0.013,1.023,43.899,42.263,-240.914,YAW
-0.017,0.083,1.096,50.750,52.640,-249.393,YAW
0.060,0.152,1.234,31.771,21.254,-232.129,YAW
-0.127,0.115,0.988,4.104,-14.262,-216.886,YAW
-0.151,0.015,0.957,13.011,1.409,-225.208,YAW
-0.141,0.044,0.990,4.375,-2.599,-217.534,YAW
-0.251,0.073,1.005,-6.090,-24.071,-216.265,YAW
-0.170,0.084,1.093,-17.544,-51.450,-202.458,YAW
-0.017,0.059,0.992,-35.700,-72.118,-206.194,YAW
0.055,0.081,0.917,-36.636,-61.189,-204.111,YAW
0.014,0.034,0.945,-16.170,-13.064,-185.631,YAW
0.005,0.001,1.033,-4.104,2.826,-170.310,YAW
0.026,-0.018,0.999,-17.448,-9.949,-157.404,YAW
0.027,-0.012,0.972,-9.126,-3.483,-147.000,YAW
0.034,-0.056,1.025,-2.818,-3.237,-125.729,YAW
0.104,0.005,1.007,0.919,4.454,-111.641,YAW
0.069,-0.047,0.976,0.989,2.774,-103.110,YAW
0.029,-0.064,1.023,1.452,6.720,-97.344,YAW
0.060,-0.071,1.008,7.989,30.573,-84.376,YAW
0.052,-0.021,0.954,-2.056,36.838,-71.706,YAW
0.034,0.016,0.978,12.416,48.107,-58.345,YAW
0.036,-0.067,1.112,9.783,30.704,-47.766,YAW
-0.112,-0.071,0.994,2.231,-11.270,-39.025,YAW
0.041,-0.073,1.007,20.160,-14.621,-32.664,YAW
0.052,-0.055,1.035,20.851,-24.465,-18.646,YAW
0.051,-0.095,1.027,23.958,-20.073,-16.441,YAW
0.071,-0.069,1.097,15.837,-11.498,-1.724,YAW
0.089,-0.076,1.057,8.453,-3.412,14.009,YAW
0.091,-0.085,1.069,7.560,1.663,30.397,YAW
0.118,-0.023,1.106,2.511,-7.411,64.374,YAW
0.176,-0.027,1.064,5.784,-26.897,106.312,YAW
0.175,0.004,1.066,14.770,-32.069,149.389,YAW
0.141,-0.001,1.068,25.874,-11.541,173.985,YAW
0.071,0.110,1.073,35.647,33.469,218.636,YAW
0.113,0.150,1.022,21.840,77.910,240.135,YAW
-0.000,0.257,0.988,9.205,66.701,260.872,YAW
-0.002,0.272,0.984,-23.669,30.721,286.221,YAW
-0.128,0.280,0.903,-47.670,-21.683,286.685,YAW
-0.113,0.202,0.846,-43.785,-20.589,286.685,YAW
-0.082,0.138,1.023,-2.555,-0.543,286.685,YAW
-0.045,0.082,1.063,12.705,13.510,286.685,YAW
-0.007,0.134,0.917,15.488,26.661,286.685,YAW
0.061,0.171,0.881,33.399,17.824,286.685,YAW
0.029,0.174,0.948,44.144,45.412,286.685,YAW
-0.005,0.258,1.010,45.509,68.757,286.685,YAW
-0.043,0.376,1.065,37.748,48.125,286.685,YAW
-0.039,0.228,1.002,14.542,9.012,286.685,YAW
-0.080,0.251,1.015,2.957,-45.421,286.685,YAW
-0.092,0.264,1.064,14.297,-85.103,284.209,YAW
0.147,0.275,0.974,31.771,-81.743,269.920,YAW
0.219,0.258,1.017,56.621,-15.549,274.199,YAW
0.203,0.245,1.039,33.967,5.766,274.654,YAW
0.166,0.252,1.043,19.469,7.289,268.774,YAW
0.338,0.207,0.988,16.327,6.029,260.199,YAW
0.387,0.184,0.877,30.144,-4.279,269.693,YAW
0.364,0.191,0.859,29.785,-3.045,277.270,YAW
0.269,0.148,0.957,48.449,19.784,277.025,YAW
0.190,0.140,1.049,24.237,28.455,261.293,YAW
0.193,-0.069,0.953,13.510,-14.158,252.682,YAW
0.214,0.113,0.950,20.799,-44.389,238.875,YAW
0.284,0.238,0.991,26.635,-30.275,206.307,YAW
0.328,0.177,0.997,10.535,-7.892,181.239,YAW
0.307,0.073,1.037,-1.566,10.255,173.110,YAW
0.270,0.025,1.077,-8.627,14.000,161.980,YAW
0.324,0.018,1.154,-23.109,5.994,145.136,YAW
0.335,-0.014,1.048,-48.011,-21.131,140.193,YAW
0.300,-0.060,0.943,-51.292,-44.844,154.271,YAW
0.274,0.029,0.919,-49.726,-38.369,154.236,YAW
0.333,-0.092,0.765,-55.790,-28.114,167.720,YAW
0.248,-0.208,0.876,-13.711,-9.756,157.238,YAW
0.290,-0.135,0.938,7.298,-23.870,140.079,YAW
0.306,-0.150,0.883,16.949,-42.070,130.541,YAW
0.292,-0.149,0.968,28.525,-28.114,113.173,YAW
0.236,-0.147,0.855,23.573,-18.970,106.724,YAW
0.209,-0.216,0.866,34.309,-2.975,87.334,YAW
0.236,-0.262,1.028,31.859,4.077,73.710,YAW
0.143,-0.280,0.966,32.060,-5.311,49.560,YAW
0.151,-0.247,1.030,31.972,-10.316,14.805,YAW
0.139,-0.224,1.011,20.519,-12.792,-10.036,YAW
0.192,-0.190,0.969,19.819,-2.144,-24.106,YAW
0.176,-0.182,0.979,18.778,0.726,-39.751,YAW
0.173,-0.157,1.020,11.891,-2.301,-55.685,YAW
0.183,-0.143,1.004,8.094,-1.977,-71.724,YAW
0.188,-0.119,0.966,3.771,-2.362,-102.384,YAW
0.239,-0.118,0.967,3.360,3.649,-135.179,YAW
0.243,-0.052,1.000,-0.192,17.763,-163.852,YAW
0.141,-0.009,1.001,-7.648,25.795,-185.754,YAW
0.303,0.023,1.008,-15.356,33.854,-220.325,YAW
0.243,0.169,1.025,-10.727,28.980,-252.648,YAW
0.215,0.206,1.065,-18.261,35.131,-282.712,YAW
0.215,0.227,1.026,-29.522,32.331,-286.685,YAW
0.136,0.066,0.957,-40.189,8.689,-286.685,YAW
0.092,0.210,1.035,-43.584,12.259,-286.685,YAW
0.245,0.328,1.030,-58.739,32.384,-286.685,YAW
0.285,0.201,0.959,-78.951,34.580,-286.685,YAW
0.204,0.144,0.837,-67.034,65.713,-286.685,YAW
0.173,0.167,0.789,13.449,115.789,-286.685,YAW
0.140,0.241,0.999,97.501,147.648,-266.761,YAW
-0.067,0.287,1.113,117.495,137.742,-249.611,YAW
-0.010,0.403,1.105,76.283,62.414,-257.259,YAW
-0.077,0.341,1.081,19.058,-22.715,-222.626,YAW
-0.160,0.209,1.062,6.729,-42.350,-256.795,YAW
0.028,0.340,0.965,12.180,-24.028,-263.734,YAW
-0.010,0.280,0.843,24.001,14.271,-241.806,YAW
-0.162,0.376,0.981,49.700,44.030,-247.800,YAW
-0.207,0.317,1.134,42.044,-10.019,-250.110,YAW
-0.193,0.166,1.119,0.368,-52.465,-265.904,YAW
-0.064,0.242,0.897,-20.843,-84.324,-286.685,YAW
-0.055,0.278,0.981,-26.276,-92.452,-286.571,YAW
-0.103,0.252,0.973,-39.419,-85.584,-284.953,YAW
-0.007,0.134,0.995,-42.770,-38.360,-286.685,YAW
0.089,0.097,1.007,-15.951,-3.325,-286.685,YAW
0.064,0.115,1.088,-9.791,-12.346,-286.685,YAW
0.097,0.042,1.045,-10.946,-15.243,-286.615,YAW
0.022,0.051,1.060,7.744,11.515,-259.114,YAW
0.066,0.085,1.029,1.383,29.339,-235.489,YAW
-0.081,-0.035,1.011,-10.290,36.426,-236.775,YAW
-0.161,-0.045,1.006,-4.401,35.464,-229.845,YAW
-0.170,-0.158,1.052,-8.846,9.844,-211.514,YAW
-0.168,-0.102,1.006,-1.033,-4.279,-221.690,YAW
-0.041,-0.034,0.918,11.778,-32.112,-204.969,YAW
0.009,-0.048,0.972,26.005,-41.676,-200.751,YAW
0.058,-0.083,1.040,35.315,-20.781,-193.217,YAW
0.047,-0.045,1.053,33.416,-7.691,-170.406,YAW
-0.043,-0.082,1.045,28.472,-10.552,-156.467,YAW
0.036,-0.054,1.009,24.561,-5.775,-150.202,YAW
0.074,-0.034,1.009,17.622,-4.769,-138.329,YAW
0.133,-0.074,0.971,17.474,-7.472,-112.683,YAW
-0.021,0.010,1.097,19.407,-9.039,-86.826,YAW
0.168,-0.053,1.037,18.454,-3.736,-61.994,YAW
0.099,-0.113,1.013,21.525,1.199,-33.618,YAW
0.201,-0.062,1.017,27.702,-2.091,-1.523,YAW
0.140,-0.035,1.026,24.369,2.432,27.965,YAW
0.067,-0.039,1.021,19.530,9.091,39.016,YAW
0.056,-0.013,0.972,16.721,17.631,53.393,YAW
0.149,0.010,1.074,16.433,37.844,72.266,YAW
0.141,0.045,1.108,10.229,31.955,98.604,YAW
0.062,0.077,1.052,1.312,27.965,129.754,YAW
-0.007,0.062,1.108,7.455,51.188,152.163,YAW
-0.061,0.081,1.108,4.445,31.159,180.548,YAW
-0.078,0.073,1.026,5.871,-2.704,199.911,YAW
-0.018,0.100,0.976,13.142,-25.786,227.159,YAW
0.129,0.133,0.977,19.180,-18.874,252.201,YAW
0.064,0.281,0.971,10.369,-0.499,278.364,YAW
-0.032,0.228,0.965,13.825,32.069,286.685,YAW
-0.152,0.214,1.033,12.863,52.010,286.685,YAW
-0.101,0.139,1.007,-0.455,45.220,286.685,YAW
-0.070,0.170,1.110,-7.892,37.879,286.685,YAW
0.033,0.243,1.082,-26.198,28.254,286.685,YAW
0.010,0.355,0.911,-47.040,26.486,286.685,YAW
0.103,0.298,0.889,-31.614,32.200,286.685,YAW
0.002,0.250,0.897,-29.890,16.826,286.685,YAW
-0.084,0.204,0.927,-11.445,18.060,286.685,YAW
-0.011,0.123,1.083,4.480,24.517,282.783,YAW
0.026,0.139,1.106,-12.661,20.667,274.872,YAW
-0.042,0.160,1.050,-23.056,30.161,286.650,YAW
-0.128,0.121,0.963,-24.351,35.490,277.611,YAW
-0.081,0.162,1.005,-1.601,10.981,261.616,YAW
0.036,0.198,1.053,5.250,-20.064,260.689,YAW
0.005,0.183,1.034,-3.080,-30.091,270.655,YAW
0.073,0.175,0.991,-0.577,-40.740,279.641,YAW
0.004,0.190,0.991,10.062,-12.854,264.976,YAW
0.071,0.159,1.070,11.760,17.631,265.466,YAW
0.052,0.143,1.095,-1.942,21.114,270.104,YAW
0.018,0.133,1.096,-27.326,11.148,260.557,YAW
0.044,0.073,1.017,-41.702,-6.816,246.111,YAW
0.115,0.068,0.896,-31.028,-9.389,238.105,YAW
0.086,0.006,0.929,-10.097,-1.934,241.859,YAW
-0.047,-0.035,0.993,1.575,10.386,233.669,YAW
0.009,0.005,1.021,1.304,-3.806,225.741,YAW
0.088,0.005,1.016,1.146,-13.055,224.508,YAW
0.060,0.061,1.032,-6.204,-15.995,222.941,YAW
0.091,0.080,0.970,-9.704,-19.521,219.354,YAW
0.123,0.119,1.064,-10.850,-6.685,218.759,YAW
-0.008,0.059,1.134,-23.695,7.700,220.098,YAW
0.004,0.040,1.085,-38.876,5.057,214.611,YAW
0.022,0.027,1.115,-55.886,-7.499,207.489,YAW
0.099,0.040,1.093,-71.750,-19.390,182.385,YAW
0.098,-0.099,0.964,-83.711,-34.939,167.405,YAW
-0.059,-0.109,0.819,-67.471,-42.219,155.531,YAW
-0.036,-0.127,0.862,-25.384,-6.886,128.292,YAW
-0.042,-0.219,1.061,-10.159,-12.364,92.899,YAW
-0.056,-0.188,1.014,-20.256,-66.238,64.015,YAW
-0.057,-0.253,0.835,-3.369,-38.911,50.846,YAW
-0.016,-0.234,0.999,17.080,-28.105,26.022,YAW
0.015,-0.240,0.978,22.234,-22.225,-1.356,YAW
0.025,-0.210,1.021,25.673,-19.845,-32.182,YAW
0.068,-0.186,1.032,24.351,-16.013,-52.045,YAW
0.036,-0.164,0.970,20.134,-11.305,-75.084,YAW
0.016,-0.124,0.958,19.294,3.246,-103.941,YAW
0.017,-0.129,0.959,22.330,17.815,-124.381,YAW
0.071,-0.061,0.950,40.241,27.720,-156.940,YAW
0.085,-0.067,0.946,64.978,31.657,-183.916,YAW
0.023,-0.010,1.024,78.724,32.620,-202.519,YAW
-0.036,0.038,1.074,69.554,25.734,-217.298,YAW
0.012,0.144,1.076,54.792,7.315,-243.206,YAW
0.041,0.169,1.092,39.121,-22.601,-258.685,YAW
0.048,0.225,1.082,8.811,-53.638,-263.734,YAW
0.042,0.243,1.043,-7.980,-59.246,-274.033,YAW
-0.073,0.177,0.994,-24.938,-61.276,-286.195,YAW
-0.126,0.290,0.845,-7.289,-32.322,-286.685,YAW
0.062,0.352,0.978,21.866,0.009,-286.685,YAW
0.073,0.326,1.067,20.711,-4.786,-286.685,YAW
0.075,0.353,1.046,-2.642,-22.050,-286.685,YAW
0.083,0.319,0.943,-6.475,-11.025,-286.685,YAW
0.118,0.322,0.828,21.761,34.326,-274.995,YAW
0.074,0.308,0.850,51.783,76.982,-264.031,YAW
-0.003,0.391,1.294,50.680,83.116,-236.451,YAW
-0.070,0.286,1.149,-13.685,-30.809,-213.465,YAW
-0.004,0.216,0.908,-40.924,-77.997,-221.699,YAW
-0.104,0.213,0.905,-40.504,-69.545,-207.174,YAW
-0.135,0.320,0.887,-45.920,-33.434,-207.961,YAW
-0.062,0.273,0.898,-25.436,3.159,-197.452,YAW
0.023,0.286,0.939,8.155,36.514,-200.174,YAW
0.015,0.227,0.986,5.521,38.631,-191.581,YAW
-0.026,0.047,1.090,-32.445,16.958,-187.784,YAW
-0.030,0.110,1.026,-34.615,-16.083,-213.622,YAW
0.015,0.124,1.070,25.147,-28.884,-234.185,YAW
-0.082,0.069,1.220,49.621,-22.426,-206.133,YAW
-0.085,0.041,1.123,25.095,-34.921,-208.836,YAW
-0.027,0.130,1.020,19.425,-70.315,-231.333,YAW
-0.009,0.093,0.971,26.364,-73.448,-237.982,YAW
-0.071,0.035,0.950,36.881,-37.004,-238.245,YAW
-0.048,0.115,1.025,37.949,-1.759,-246.348,YAW
-0.026,0.180,0.987,16.914,-4.077,-244.624,YAW
-0.032,0.174,1.015,15.531,-6.282,-232.277,YAW
-0.060,0.177,0.986,9.651,3.299,-230.510,YAW
-0.055,0.070,0.993,14.998,16.879,-222.337,YAW
-0.101,0.111,1.001,-0.919,18.279,-228.253,YAW
-0.077,0.134,0.955,-8.488,12.626,-234.902,YAW
-0.063,0.122,1.017,2.126,8.890,-225.785,YAW
-0.155,0.059,1.000,17.657,7.332,-210.149,YAW
-0.165,-0.017,1.017,42.420,-17.255,-165.060,YAW
-0.178,-0.053,1.066,56.639,-34.895,-136.238,YAW
-0.069,-0.005,1.089,57.645,-52.237,-124.014,YAW
-0.038,0.114,1.042,29.907,-26.005,-125.842,YAW
-0.000,0.229,1.041,14.472,-18.218,-107.459,YAW
-0.006,0.139,1.039,10.089,-15.829,-98.604,YAW
-0.042,0.059,1.036,6.650,-12.976,-84.201,YAW
0.017,0.020,1.025,1.890,-2.249,-66.412,YAW
0.021,0.006,0.991,6.405,-3.771,-42.376,YAW
0.022,-0.031,0.981,8.199,-6.318,-23.284,YAW
0.041,-0.040,1.018,5.661,-2.922,6.930,YAW
0.032,-0.010,1.021,5.320,14.455,35.542,YAW
0.049,0.007,0.975,3.483,16.739,61.565,YAW
0.097,0.097,0.858,19.285,32.970,79.984,YAW
0.022,0.142,1.085,15.461,54.784,113.024,YAW
-0.120,0.126,1.081,0.166,59.684,138.924,YAW
-0.153,0.100,1.068,-1.164,65.887,161.613,YAW
-0.140,0.122,1.052,-11.769,69.948,179.568,YAW
-0.172,0.141,1.070,-33.390,57.356,203.367,YAW
-0.157,0.173,1.038,-43.855,58.721,224.402,YAW
-0.164,0.232,0.998,-51.056,46.690,238.026,YAW
-0.168,0.210,0.913,-49.534,-0.262,261.013,YAW
-0.092,0.299,0.969,-24.132,50.312,277.497,YAW
-0.096,0.353,1.101,-49.018,87.658,286.230,YAW
-0.170,0.327,1.043,-76.335,43.295,286.685,YAW
-0.231,0.307,0.879,-92.304,-36.085,286.685,YAW
-0.101,0.286,0.845,-47.906,-19.591,286.685,YAW
-0.039,0.345,0.971,-23.240,53.200,286.685,YAW
-0.089,0.361,0.964,-30.336,61.696,286.685,YAW
-0.160,0.292,0.908,-45.132,20.711,286.685,YAW
-0.010,0.281,1.043,-42.149,5.189,286.685,YAW
-0.013,0.306,1.084,-42.044,23.424,286.685,YAW
0.002,0.351,0.955,-46.445,10.684,286.685,YAW
-0.066,0.260,0.855,-39.804,-7.245,286.685,YAW
-0.111,0.324,0.980,-16.327,23.389,286.685,YAW
-0.111,0.389,1.004,-7.306,31.430,286.685,YAW
-0.062,0.358,0.993,-4.427,3.999,286.685,YAW
-0.066,0.277,0.947,3.237,-33.478,286.685,YAW
-0.145,0.172,1.025,5.836,-15.951,286.685,YAW
-0.043,0.188,1.119,-6.554,-0.201,266.621,YAW
0.154,0.167,1.189,-20.239,-2.704,255.754,YAW
0.178,0.042,1.060,-43.881,-37.153,258.659,YAW
0.199,0.042,1.012,-56.630,-88.060,269.999,YAW
0.129,0.046,1.018,-60.410,-130.436,257.626,YAW
0.091,0.079,0.925,-37.660,-94.369,239.864,YAW
0.151,0.015,0.808,9.887,-27.983,196.096,YAW
0.299,0.012,0.891,49.219,12.740,176.286,YAW
0.233,0.070,1.025,59.377,25.331,174.379,YAW
0.204,0.043,1.074,47.932,19.241,158.357,YAW
0.174,-0.038,1.055,32.856,2.004,153.230,YAW
0.165,0.031,0.957,29.698,-15.347,141.925,YAW
0.214,-0.012,1.041,27.843,-7.280,133.193,YAW
0.184,0.039,1.084,8.908,6.414,127.356,YAW
0.209,0.039,1.064,-8.776,1.487,114.537,YAW
0.168,-0.002,0.948,-20.291,4.812,109.918,YAW
0.182,-0.039,0.967,-18.183,15.111,104.886,YAW
0.170,-0.046,0.951,-15.873,4.821,92.768,YAW
0.127,-0.076,0.938,-3.316,0.604,84.744,YAW
0.137,-0.087,0.987,1.295,12.040,71.715,YAW
0.156,-0.037,1.028,-1.173,12.722,64.916,YAW
0.111,-0.101,0.987,-3.273,9.590,40.145,YAW
0.109,-0.123,0.991,9.065,1.899,10.631,YAW
0.085,-0.109,1.019,6.510,4.629,-16.301,YAW
0.085,-0.089,1.013,7.122,12.198,-33.688,YAW
0.066,-0.060,0.998,7.682,17.299,-57.164,YAW
0.045,-0.041,0.983,15.312,19.372,-80.946,YAW
0.071,-0.031,1.038,15.575,22.522,-110.679,YAW
0.107,0.000,1.057,11.944,19.819,-127.750,YAW
0.158,0.037,1.015,8.584,7.525,-150.307,YAW
0.036,0.026,0.988,16.844,-7.858,-175.420,YAW
0.012,0.035,0.971,34.037,5.836,-211.409,YAW
0.029,0.078,1.059,39.830,21.192,-234.894,YAW
0.058,0.159,1.008,24.509,0.368,-263.375,YAW
0.136,0.226,0.992,26.372,-26.696,-277.497,YAW
0.078,0.243,0.909,31.885,-14.438,-285.723,YAW
-0.004,0.301,0.916,53.996,7.980,-286.685,YAW
0.017,0.328,1.039,52.693,16.826,-286.685,YAW
0.016,0.347,1.053,40.469,4.156,-286.685,YAW
0.019,0.338,1.019,37.686,0.446,-286.685,YAW
0.027,0.397,1.072,32.611,8.417,-286.685,YAW
0.116,0.330,1.120,2.861,6.003,-264.591,YAW
0.132,0.179,0.943,-20.431,1.654,-221.226,YAW
0.054,0.106,0.890,-14.823,15.698,-215.705,YAW
-0.146,0.315,0.936,7.630,26.407,-219.056,YAW
-0.186,0.310,0.915,19.688,-1.628,-214.480,YAW
-0.130,0.235,0.807,22.129,-21.534,-229.635,YAW
-0.129,0.296,0.892,48.326,-20.431,-237.230,YAW
-0.324,0.247,1.097,78.129,-24.876,-236.250,YAW
-0.102,0.255,1.116,54.320,-42.053,-251.729,YAW
-0.046,0.356,1.027,20.239,-81.769,-251.125,YAW
-0.087,0.352,0.964,0.105,-81.515,-245.682,YAW
-0.196,0.263,1.038,-22.960,-59.806,-214.883,YAW
-0.054,0.163,1.023,-44.993,-45.981,-208.390,YAW
-0.006,0.199,0.932,-30.231,-25.541,-229.556,YAW
-0.013,0.153,1.018,-7.892,-2.389,-219.651,YAW
-0.166,0.035,1.016,10.771,-0.525,-207.821,YAW
-0.047,0.024,1.041,28.586,-14.394,-206.824,YAW
-0.040,0.071,1.045,2.476,-30.371,-221.174,YAW
-0.105,0.108,0.947,10.465,-12.924,-220.658,YAW
-0.018,0.174,1.013,25.559,9.179,-196.901,YAW
-0.032,0.093,1.070,23.765,10.404,-192.553,YAW
-0.071,0.091,1.085,18.760,5.285,-198.144,YAW
-0.143,0.062,1.024,-0.779,-4.795,-197.908,YAW
-0.225,-0.036,0.954,-8.925,2.625,-198.494,YAW
-0.167,0.014,1.028,3.815,27.702,-191.756,YAW
-0.141,0.064,1.101,5.775,27.834,-185.684,YAW
-0.165,0.011,1.045,10.141,1.190,-166.731,YAW
-0.200,-0.060,0.957,9.188,-16.257,-159.819,YAW
-0.246,-0.073,0.912,15.645,-17.771,-145.539,YAW
-0.231,-0.079,0.932,19.801,-12.512,-136.316,YAW
-0.116,-0.038,0.992,23.660,-18.900,-116.585,YAW
-0.115,-0.028,1.025,25.900,-32.384,-106.033,YAW
-0.081,-0.099,0.993,31.194,-29.907,-95.611,YAW
-0.091,-0.136,0.971,32.042,-20.396,-84.534,YAW
0.002,-0.076,1.075,40.486,-8.129,-63.726,YAW
0.067,-0.006,1.096,23.345,-5.863,-41.002,YAW
0.002,-0.084,0.997,7.753,9.485,-17.596,YAW
0.013,-0.089,0.989,4.200,20.685,-3.447,YAW
0.014,-0.064,1.090,6.851,20.816,27.230,YAW
-0.032,-0.069,1.044,-3.824,-0.280,50.978,YAW
0.003,-0.041,0.958,-8.094,9.809,67.034,YAW
0.032,-0.006,0.965,-9.450,20.291,80.430,YAW
-0.110,-0.046,0.978,-1.409,22.715,105.402,YAW
-0.165,-0.085,1.034,-3.421,16.686,119.735,YAW
-0.120,-0.062,1.060,-18.139,18.673,133.508,YAW
-0.091,-0.061,1.123,-28.472,19.618,152.346,YAW
-0.124,-0.031,1.279,-40.792,53.541,195.659,YAW
-0.138,0.036,1.214,-60.917,50.873,239.015,YAW
-0.083,0.118,0.979,-75.075,-20.265,284.165,YAW
0.061,0.253,0.739,-69.668,-22.601,286.685,YAW
-0.092,0.215,0.887,-57.951,21.962,286.685,YAW
-0.217,0.137,0.887,-60.568,10.290,286.685,YAW
0.007,0.176,0.908,-55.055,-32.077,286.685,YAW
-0.034,0.245,1.050,-45.868,-17.526,286.685,YAW
-0.201,0.232,1.020,-64.461,-0.866,286.685,YAW
-0.291,0.183,0.877,-65.564,-44.170,286.685,YAW
-0.149,0.125,0.972,-47.845,-61.232,286.685,YAW
-0.072,0.131,1.127,-20.309,-1.811,286.571,YAW
-0.124,0.168,1.043,-23.354,23.266,277.471,YAW
-0.311,0.167,0.961,-25.655,8.068,270.051,YAW
-0.245,0.200,1.072,-28.525,-1.663,260.085,YAW
-0.120,0.143,1.068,-25.795,-34.090,258.842,YAW
-0.101,0.087,0.949,-11.366,-30.888,245.831,YAW
-0.039,0.088,0.974,-2.231,-26.757,245.551,YAW
-0.047,0.154,1.000,-2.100,-25.060,247.074,YAW
-0.025,0.201,0.952,5.329,-18.349,238.753,YAW
0.104,0.152,0.999,22.531,-4.778,237.947,YAW
0.012,0.215,1.107,21.586,33.294,250.329,YAW
-0.103,0.275,1.099,12.023,45.404,246.706,YAW
-0.179,0.306,1.084,-9.625,27.694,226.091,YAW
-0.037,0.145,1.111,-40.670,-15.006,214.104,YAW
0.051,0.080,1.011,-56.665,-23.905,225.592,YAW
0.165,0.064,0.963,-50.627,-17.745,246.496,YAW
-0.021,0.076,0.945,-48.606,-22.006,252.481,YAW
-0.065,0.140,0.935,-43.461,-40.434,243.854,YAW
-0.023,0.129,0.959,-32.174,-57.076,227.089,YAW
0.042,0.052,1.039,-24.491,-55.160,222.530,YAW
0.090,-0.016,1.045,-20.519,-57.768,214.699,YAW
0.060,-0.006,1.129,-24.920,-42.271,211.006,YAW
0.001,-0.102,1.045,-35.026,0.105,204.426,YAW
0.026,-0.085,1.009,-17.124,36.943,191.887,YAW
-0.000,-0.043,0.949,2.432,71.671,168.691,YAW
-0.015,-0.057,1.027,2.126,67.891,148.479,YAW
-0.012,-0.112,0.995,5.294,50.417,139.729,YAW
0.013,0.102,0.891,-6.676,22.199,122.404,YAW
-0.006,-0.102,1.009,-9.590,8.225,111.116,YAW
-0.048,-0.066,1.047,-13.554,7.892,81.287,YAW
-0.046,-0.086,1.075,-14.980,4.358,61.162,YAW
-0.067,-0.095,1.013,-17.071,2.004,30.450,YAW
-0.092,-0.090,1.013,-7.613,-1.312,-7.289,YAW
-0.043,-0.063,1.018,3.106,-6.746,-49.656,YAW
-0.078,-0.071,1.013,11.725,-14.429,-80.412,YAW
-0.107,-0.081,1.014,12.766,-17.552,-131.740,YAW
-0.136,-0.071,1.004,17.019,-9.380,-172.891,YAW
-0.115,-0.056,0.993,26.128,2.686,-208.390,YAW
-0.010,-0.005,0.991,42.796,16.380,-230.633,YAW
-0.051,0.070,1.002,72.686,16.826,-247.503,YAW
-0.099,0.144,1.037,78.619,2.642,-280.219,YAW
-0.031,0.196,0.946,83.606,-28.542,-286.685,YAW
0.018,0.289,0.956,95.296,-35.647,-286.685,YAW
0.064,0.232,1.067,80.202,-78.855,-286.685,YAW
0.069,0.184,1.061,35.368,-143.990,-286.685,YAW
0.160,0.202,1.097,-9.144,-138.792,-286.685,YAW
0.279,0.146,1.024,-24.281,-100.450,-286.685,YAW
0.254,0.153,0.871,-9.494,-6.247,-286.685,YAW
0.060,0.190,1.050,2.389,34.318,-282.835,YAW
-0.080,0.278,1.092,-26.504,8.102,-286.685,YAW
-0.016,0.412,0.942,-32.060,-4.130,-286.685,YAW
0.078,0.276,0.875,-18.392,7.254,-286.685,YAW
0.003,0.242,0.901,-18.191,22.820,-286.685,YAW
-0.019,0.378,0.903,-10.246,36.164,-286.685,YAW
0.110,0.141,1.002,9.748,51.537,-279.729,YAW
0.051,0.113,1.133,0.201,50.155,-267.820,YAW
-0.069,0.165,1.121,-25.253,-1.811,-239.111,YAW
-0.220,0.046,0.971,-32.077,-34.186,-236.285,YAW
-0.284,0.186,0.765,18.401,8.671,-256.156,YAW
-0.330,0.206,0.854,86.774,76.878,-249.288,YAW
-0.264,0.311,1.013,121.327,84.840,-243.591,YAW
-0.107,0.349,1.157,119.814,56.464,-231.438,YAW
-0.210,0.280,1.126,96.609,-17.176,-181.921,YAW
-0.329,0.201,1.023,59.544,-54.040,-178.456,YAW
-0.304,0.275,0.981,51.083,-60.839,-200.708,YAW
-0.381,0.244,0.968,45.281,-51.739,-193.445,YAW
-0.375,0.130,0.987,33.084,-58.800,-192.658,YAW
-0.227,0.193,0.962,12.898,-70.009,-225.951,YAW
-0.112,0.137,1.048,-12.950,-57.400,-210.175,YAW
-0.162,0.135,0.989,-21.052,-58.048,-203.788,YAW
-0.164,0.086,0.895,-22.942,-58.074,-195.458,YAW
-0.089,0.039,0.885,-31.185,-60.095,-184.476,YAW
-0.120,0.074,0.922,-38.211,-45.841,-166.539,YAW
-0.007,0.075,0.978,-21.823,-40.136,-153.099,YAW
-0.059,0.007,1.083,4.751,-41.571,-124.005,YAW
-0.013,-0.043,1.080,-12.985,-58.940,-113.339,YAW
0.030,-0.022,1.019,-19.635,-36.050,-108.115,YAW
0.110,-0.038,1.115,-16.511,-17.334,-106.348,YAW
0.056,-0.061,1.100,-27.204,-16.905,-85.628,YAW
0.066,-0.124,1.036,-19.005,-26.766,-62.099,YAW
0.105,-0.161,1.057,6.466,-16.065,-28.656,YAW
0.112,-0.172,0.989,19.635,-18.253,-5.679,YAW
0.153,-0.165,0.958,37.048,-17.334,27.029,YAW
0.187,-0.177,0.949,40.556,-21.105,63.945,YAW
0.206,-0.091,1.053,49.516,-4.384,113.164,YAW
0.145,-0.077,1.069,47.110,-2.118,147.429,YAW
0.186,-0.020,1.154,42.158,4.314,193.935,YAW
0.251,0.107,1.151,37.056,33.565,243.364,YAW
0.234,0.124,1.053,19.110,66.141,268.590,YAW
0.068,0.196,0.901,14.805,70.761,284.410,YAW
-0.134,0.203,0.914,7.315,73.491,276.491,YAW
-0.131,0.227,0.923,-12.600,20.904,285.967,YAW
0.005,0.335,0.976,-11.252,-24.920,286.685,YAW
0.051,0.431,0.817,-50.706,31.587,286.685,YAW
-0.310,0.353,0.982,25.944,29.286,286.685,YAW
-0.225,0.237,1.187,18.594,-19.897,286.685,YAW
-0.101,0.223,1.137,16.205,19.714,286.685,YAW
-0.073,0.216,1.033,-4.279,1.138,286.685,YAW
0.128,0.193,0.854,-20.353,-15.750,286.685,YAW
-0.011,0.310,0.953,2.922,101.290,286.685,YAW
-0.153,0.374,0.936,1.409,126.630,286.685,YAW
-0.100,0.309,1.006,-4.182,55.991,286.685,YAW
-0.005,0.275,0.838,-10.054,-3.973,286.685,YAW
0.019,0.309,0.784,38.929,-16.896,286.685,YAW
-0.044,0.323,0.872,66.168,2.765,286.685,YAW
-0.089,0.329,1.081,64.400,25.874,270.953,YAW
-0.029,0.331,1.152,24.833,6.904,252.849,YAW
0.106,0.272,1.065,-2.152,-35.507,246.234,YAW
0.138,0.232,1.011,-5.233,-48.300,238.989,YAW
0.214,0.212,0.951,10.841,-20.589,239.837,YAW
0.163,0.167,1.105,11.594,28.438,239.540,YAW
0.139,0.251,1.108,-18.559,31.710,226.931,YAW
0.136,0.274,1.106,-43.575,19.556,221.533,YAW
0.133,0.173,1.096,-61.355,5.023,213.544,YAW
0.134,0.157,0.973,-73.430,-23.030,203.700,YAW
0.102,0.080,0.876,-56.158,-25.839,187.276,YAW
0.135,0.044,0.870,-33.889,-15.951,177.083,YAW
0.097,0.064,1.022,-5.626,18.095,164.395,YAW
0.051,-0.028,1.062,4.550,48.571,144.288,YAW
0.118,-0.064,1.017,-6.370,51.292,135.371,YAW
0.106,-0.101,0.968,-9.791,41.597,128.949,YAW
0.060,-0.082,0.972,4.471,8.802,118.790,YAW
0.079,0.056,0.976,16.669,21.866,115.168,YAW
0.093,0.040,1.057,17.272,25.034,106.724,YAW
0.015,0.018,1.054,-4.515,-32.987,103.329,YAW
0.016,-0.055,0.946,-15.592,-32.104,85.137,YAW
0.017,-0.094,0.937,-0.875,-19.276,62.912,YAW
0.000,-0.126,1.010,5.469,-20.405,44.958,YAW
0.044,-0.047,1.006,8.557,-14.604,11.839,YAW
0.036,-0.036,1.000,20.851,-1.706,-20.256,YAW
0.065,0.052,0.998,30.476,5.014,-55.659,YAW
0.077,0.109,0.971,34.702,3.981,-81.427,YAW
0.082,0.085,0.963,35.324,7.245,-120.829,YAW
0.003,0.035,0.936,42.665,20.064,-157.693,YAW
-0.009,0.112,0.989,62.886,32.673,-198.879,YAW
-0.001,0.130,1.087,72.459,37.406,-221.489,YAW
-0.026,0.272,1.099,70.114,34.344,-254.240,YAW
-0.036,0.357,1.039,54.862,5.329,-278.145,YAW
-0.058,0.408,0.969,50.671,-12.233,-286.685,YAW
-0.063,0.372,1.008,60.620,-0.814,-286.685,YAW
-0.171,0.267,1.013,78.024,-4.314,-286.685,YAW
-0.186,0.388,0.966,91.271,-21.814,-286.685,YAW
-0.162,0.485,0.940,84.105,-31.141,-286.685,YAW
-0.039,0.462,0.971,73.710,-15.190,-286.685,YAW
0.057,0.393,1.176,75.521,0.831,-280.927,YAW
-0.149,0.283,1.074,29.496,-36.356,-248.806,YAW
-0.232,0.247,0.935,-23.853,-73.369,-260.628,YAW
-0.188,0.354,0.683,-29.164,-86.686,-266.254,YAW
-0.157,0.307,0.738,40.180,-65.223,-274.916,YAW
-0.201,0.268,1.077,76.466,-22.942,-270.078,YAW
-0.198,0.348,1.077,53.629,-9.914,-261.914,YAW
-0.118,0.305,0.937,6.151,-29.785,-244.746,YAW
-0.246,0.209,0.957,19.827,-40.189,-240.030,YAW
-0.251,0.219,0.993,28.962,-50.505,-254.634,YAW
-0.078,0.166,1.113,16.135,-54.338,-245.280,YAW
-0.136,0.271,0.945,-11.506,-53.463,-230.729,YAW
-0.076,0.184,0.795,-0.901,-8.137,-234.281,YAW
-0.211,0.058,1.069,37.126,32.226,-211.575,YAW
-0.243,0.008,1.223,24.544,13.029,-222.057,YAW
-0.304,0.115,0.990,-18.856,-44.074,-250.871,YAW
-0.237,0.145,0.828,-9.056,-36.365,-245.464,YAW
-0.171,0.067,0.876,27.878,-0.262,-225.059,YAW
-0.198,0.050,1.000,48.571,7.849,-216.956,YAW
-0.289,0.037,1.068,38.229,-8.417,-209.090,YAW
-0.236,-0.062,0.985,14.175,-12.828,-208.364,YAW
-0.271,-0.031,0.977,1.015,-20.528,-194.932,YAW
-0.225,-0.067,0.995,7.665,-24.054,-183.697,YAW
-0.230,-0.028,1.038,10.868,-32.060,-161.420,YAW
-0.206,-0.054,0.983,16.485,-26.618,-147.350,YAW
-0.120,-0.088,0.956,15.855,-25.935,-132.379,YAW
-0.122,-0.081,0.973,19.075,-27.344,-133.516,YAW
-0.075,-0.053,1.008,18.952,-12.784,-133.000,YAW
-0.076,-0.047,0.991,24.360,-8.435,-115.272,YAW
-0.027,-0.065,1.044,24.990,-16.362,-101.876,YAW
0.011,-0.065,1.058,19.014,-24.211,-91.543,YAW
0.013,-0.071,1.019,-0.157,-26.058,-74.121,YAW
0.010,-0.096,0.998,9.677,0.079,-56.709,YAW
0.019,-0.094,1.056,22.050,3.710,-38.010,YAW
0.068,-0.068,1.086,17.264,3.159,-27.615,YAW
0.043,-0.062,1.040,7.831,9.012,-12.066,YAW
0.031,-0.116,0.985,8.041,19.539,-1.356,YAW
0.058,-0.109,0.992,14.613,21.210,15.199,YAW
0.044,-0.074,1.017,18.865,13.064,47.469,YAW
0.074,-0.039,0.976,11.506,12.163,75.644,YAW
0.030,-0.023,0.971,8.873,23.468,106.234,YAW
-0.009,-0.055,1.038,8.006,21.980,129.325,YAW
-0.000,0.017,1.122,-4.970,44.214,167.519,YAW
-0.078,0.094,1.097,-26.784,93.336,210.018,YAW
-0.093,0.029,1.082,-51.048,99.768,242.777,YAW
-0.138,0.034,1.149,-57.855,101.552,239.321,YAW
-0.276,0.127,1.147,-100.546,125.702,255.867,YAW
-0.475,-0.028,0.960,-113.689,54.574,286.685,YAW
-0.553,0.195,0.828,-116.716,-43.461,286.685,YAW
-0.429,0.205,0.729,-110.548,-49.621,286.685,YAW
-0.110,0.184,0.688,-74.655,-44.135,286.685,YAW
0.102,0.231,1.056,-26.084,1.514,286.685,YAW
-0.064,0.392,1.104,-40.766,17.649,286.685,YAW
-0.437,0.331,0.876,-65.266,-26.434,286.685,YAW
-0.295,0.219,0.816,-54.871,-47.469,286.685,YAW
-0.122,0.372,1.029,-13.851,23.642,286.685,YAW
-0.206,0.371,1.030,-26.495,13.650,286.685,YAW
-0.379,0.375,0.834,-27.344,-12.653,286.685,YAW
-0.226,0.379,1.101,-9.441,9.826,286.265,YAW
-0.096,0.251,1.073,-29.951,-14.123,286.685,YAW
-0.146,0.274,0.974,-38.342,-40.224,285.880,YAW
-0.135,0.397,0.976,-31.325,-27.869,281.006,YAW
-0.007,0.495,0.893,-1.365,2.826,0.717,SHAKE
-0.009,0.489,0.874,0.350,1.094,-0.735,SHAKE
-0.022,0.499,0.884,-0.368,3.203,0.157,SHAKE
-0.027,0.499,0.885,-0.289,2.503,3.124,SHAKE
-0.035,0.495,0.893,-0.814,2.765,4.174,SHAKE
-0.042,0.512,0.900,-2.266,2.179,5.863,SHAKE
-0.095,0.525,0.921,-2.905,3.351,13.510,SHAKE
-0.078,0.549,0.943,-7.157,-5.845,32.069,SHAKE
-0.072,0.503,0.928,-6.449,-8.339,43.969,SHAKE
-0.050,0.505,0.892,-4.673,-5.381,57.278,SHAKE
0.016,0.510,0.869,-0.070,17.264,80.255,SHAKE
0.063,0.506,0.864,8.925,36.164,108.098,SHAKE
0.102,0.370,0.909,-11.025,44.135,113.234,SHAKE
0.086,0.375,0.907,16.319,73.658,95.585,SHAKE
0.131,0.391,0.959,42.709,96.162,78.286,SHAKE
0.091,0.421,0.975,46.839,93.800,57.855,SHAKE
0.096,0.486,0.874,39.077,65.380,39.104,SHAKE
0.114,0.473,0.854,20.615,51.284,38.868,SHAKE
0.059,0.468,0.958,14.105,49.114,34.554,SHAKE
-0.009,0.477,1.007,19.434,31.019,33.189,SHAKE
-0.037,0.513,1.001,16.406,-6.186,21.779,SHAKE
-0.097,0.602,0.918,9.415,-15.837,10.911,SHAKE
-0.130,0.613,0.845,11.384,-0.245,14.525,SHAKE
-0.136,0.655,0.908,11.559,20.256,16.389,SHAKE
-0.185,0.612,0.949,17.343,13.090,24.526,SHAKE
-0.191,0.724,0.837,58.310,51.284,38.045,SHAKE
-0.271,0.516,0.790,4.139,30.608,32.410,SHAKE
-0.160,0.757,0.799,15.453,3.553,26.618,SHAKE
-0.009,0.667,0.674,37.021,-23.336,22.374,SHAKE
0.073,0.795,0.782,43.015,-38.990,26.022,SHAKE
0.112,1.223,1.237,12.539,-76.912,-13.361,SHAKE
0.092,1.663,1.347,-1.496,-11.078,-77.368,SHAKE
0.181,1.249,1.366,-10.036,117.276,-179.830,SHAKE
0.011,0.689,1.016,-34.353,180.346,-232.750,SHAKE
-0.114,0.497,0.845,-37.170,203.788,-259.087,SHAKE
-0.273,0.110,0.599,-22.785,231.079,-275.642,SHAKE
-0.258,-0.469,0.284,3.544,221.917,-256.944,SHAKE
-0.343,-0.983,-0.034,18.314,172.462,-145.049,SHAKE
-0.586,-1.192,-0.126,-1.514,91.184,7.989,SHAKE
-0.480,-1.068,-0.186,-27.711,26.066,129.631,SHAKE
-0.107,-0.195,0.127,-39.314,-74.751,285.110,SHAKE
0.569,0.879,0.390,5.346,-146.650,286.685,SHAKE
0.750,1.387,0.527,106.409,-106.706,286.685,SHAKE
0.644,1.891,0.434,116.086,-85.444,286.685,SHAKE
0.248,1.997,0.349,89.827,-142.188,267.365,SHAKE
0.384,1.997,0.763,55.466,-180.128,-31.045,SHAKE
0.390,1.850,0.903,56.998,-129.176,-195.773,SHAKE
0.307,1.447,0.902,14.796,-51.607,-258.073,SHAKE
0.063,1.179,0.692,-83.886,-11.681,-286.685,SHAKE
-0.012,0.463,0.693,-159.355,12.163,-286.685,SHAKE
-0.135,0.124,0.765,-191.432,46.900,-286.685,SHAKE
-0.460,-0.381,0.318,-205.074,89.591,-286.685,SHAKE
-0.533,-0.839,0.301,-137.419,89.871,-264.486,SHAKE
-0.672,-1.220,0.255,-103.530,31.666,-102.664,SHAKE
-0.665,-1.042,0.416,-36.496,-1.461,71.041,SHAKE
-0.551,-0.844,0.540,18.480,-36.654,213.561,SHAKE
-0.175,-0.399,0.704,16.774,-40.057,283.920,SHAKE
0.390,0.299,0.599,13.589,-46.515,286.685,SHAKE
0.734,1.119,0.534,103.889,-88.156,286.685,SHAKE
0.845,1.482,0.486,178.894,-57.811,286.685,SHAKE
0.679,1.997,0.109,156.607,-33.915,286.685,SHAKE
0.564,1.997,0.356,89.539,-136.334,47.250,SHAKE
0.576,1.498,0.733,101.220,-126.236,-132.256,SHAKE
0.311,1.476,0.797,105.341,-67.191,-181.003,SHAKE
0.100,1.536,0.670,17.868,-27.589,-286.633,SHAKE
-0.059,1.126,0.951,-6.536,-34.764,-286.685,SHAKE
-0.107,0.673,1.056,-86.861,31.115,-286.685,SHAKE
-0.001,0.169,0.628,-142.896,94.272,-286.685,SHAKE
-0.041,-0.646,0.110,-57.803,133.901,-286.685,SHAKE
-0.687,-1.447,0.105,48.632,103.049,-248.299,SHAKE
-0.949,-1.030,0.214,35.053,75.705,-63.779,SHAKE
-0.927,-0.708,0.275,-18.007,17.456,5.959,SHAKE
-0.946,-0.814,0.422,-55.737,-6.702,42.333,SHAKE
-0.748,-1.166,0.213,-39.305,34.545,154.910,SHAKE
-0.365,-0.771,0.303,5.819,13.650,286.685,SHAKE
0.165,-0.030,0.355,-25.996,-25.331,286.685,SHAKE
1.075,1.155,0.522,-46.743,-27.650,286.685,SHAKE
1.172,1.936,0.172,36.636,36.330,286.685,SHAKE
0.498,1.997,-0.391,50.129,-47.101,286.160,SHAKE
0.530,1.997,0.199,35.779,-168.682,107.940,SHAKE
0.498,1.749,0.775,114.923,-199.421,-27.965,SHAKE
0.162,1.708,0.500,82.521,-43.164,-145.591,SHAKE
0.025,1.477,0.421,25.025,-72.984,-283.999,SHAKE
-0.148,1.228,0.511,3.990,-86.590,-286.685,SHAKE
-0.199,0.863,0.750,-39.559,-63.096,-286.685,SHAKE
-0.179,0.352,0.755,-86.651,16.056,-286.685,SHAKE
-0.184,-0.522,0.206,-161.805,98.455,-286.685,SHAKE
-0.463,-1.148,-0.387,-191.083,110.154,-286.685,SHAKE
-0.719,-1.478,-0.316,-76.939,76.326,-187.845,SHAKE
-0.755,-1.200,-0.067,-10.955,-60.252,39.856,SHAKE
-0.874,-0.890,0.359,12.311,-82.180,162.374,SHAKE
-0.767,-0.967,0.564,-16.415,-53.541,264.416,SHAKE
-0.509,-0.771,0.628,-55.440,-53.016,286.685,SHAKE
0.131,0.035,0.671,-75.626,-25.638,286.685,SHAKE
0.879,0.864,0.491,-45.229,-15.155,286.685,SHAKE
1.225,1.843,0.115,48.143,-7.122,286.685,SHAKE
0.859,1.997,-0.265,68.014,-23.712,286.685,SHAKE
0.705,1.997,0.270,46.681,-161.140,159.731,SHAKE
0.581,1.721,0.799,54.862,-163.091,-29.409,SHAKE
0.465,1.664,0.582,58.083,8.645,-122.526,SHAKE
0.336,1.677,0.269,0.219,14.752,-218.566,SHAKE
0.130,1.271,0.280,-36.592,-53.690,-286.685,SHAKE
-0.034,0.751,0.478,-57.514,-87.325,-286.685,SHAKE
-0.173,0.539,0.598,-23.030,-53.147,-286.685,SHAKE
-0.364,0.033,0.638,-60.673,-16.485,-286.685,SHAKE
-0.596,-0.564,0.279,-141.426,20.825,-286.685,SHAKE
-0.773,-1.265,-0.387,-129.579,-0.560,-261.179,SHAKE
-0.893,-1.422,0.130,50.978,-42.385,1.864,SHAKE
-0.791,-1.096,0.444,75.058,-93.441,145.381,SHAKE
-0.667,-0.676,0.726,47.311,-90.484,281.829,SHAKE
-0.282,-0.264,0.810,12.250,-47.871,286.685,SHAKE
0.352,0.317,0.906,-17.036,-21.639,286.685,SHAKE
0.837,0.553,0.804,0.254,2.721,286.685,SHAKE
1.201,1.436,0.525,63.744,66.902,286.685,SHAKE
0.654,1.997,0.355,-57.951,24.833,279.081,SHAKE
0.902,1.997,0.324,-129.439,-37.818,-89.302,SHAKE
0.738,1.600,0.360,59.570,-18.174,-109.191,SHAKE
0.537,1.801,0.548,121.870,-2.818,-199.246,SHAKE
0.400,1.435,0.551,47.101,-15.794,-286.685,SHAKE
0.321,1.000,0.586,14.814,-0.621,-286.685,SHAKE
0.159,0.722,0.686,8.627,0.892,-286.685,SHAKE
-0.127,0.175,0.691,-29.312,27.597,-286.685,SHAKE
-0.376,-0.371,0.487,-73.911,86.800,-286.685,SHAKE
-0.480,-0.891,0.343,-126.516,115.911,-286.685,SHAKE
-0.823,-1.440,-0.064,-122.071,115.544,-237.685,SHAKE
-0.759,-1.570,-0.295,-84.577,74.349,-50.899,SHAKE
-0.681,-1.274,-0.081,-3.124,-58.861,151.060,SHAKE
-0.555,-1.020,0.448,33.119,-131.364,286.685,SHAKE
-0.214,-0.628,0.737,11.235,-141.234,286.685,SHAKE
0.786,0.427,0.961,13.729,-103.897,286.685,SHAKE
1.371,0.921,0.647,104.527,-12.915,286.685,SHAKE
1.075,1.997,0.244,51.083,103.206,286.685,SHAKE
0.573,1.997,0.081,-121.993,48.528,262.500,SHAKE
0.904,1.982,0.288,-85.103,-109.594,-101.290,SHAKE
0.615,1.578,0.656,155.995,-73.876,-98.166,SHAKE
0.352,1.708,0.662,83.213,-74.104,-216.773,SHAKE
0.214,1.469,0.660,14.849,-104.309,-286.562,SHAKE
0.104,1.014,0.783,-15.829,-57.916,-286.685,SHAKE
0.020,0.569,0.902,-15.960,31.894,-286.685,SHAKE
-0.168,-0.144,0.621,-113.348,77.315,-286.685,SHAKE
-0.353,-0.628,0.304,-158.795,96.766,-286.685,SHAKE
-0.595,-1.174,0.024,-152.845,124.154,-283.456,SHAKE
-0.712,-1.306,-0.290,-116.848,99.881,-124.976,SHAKE
-0.619,-1.094,-0.185,-57.654,-31.789,57.251,SHAKE
-0.587,-0.753,0.177,28.000,-105.088,195.869,SHAKE
-0.523,-0.833,0.524,47.722,-121.205,286.685,SHAKE
-0.174,-0.367,0.880,23.231,-120.295,286.685,SHAKE
0.682,0.525,0.947,47.644,-78.855,286.685,SHAKE
1.245,1.030,0.499,141.715,21.499,286.685,SHAKE
1.124,1.977,0.208,105.805,88.454,286.685,SHAKE
0.526,1.997,0.253,-129.859,-61.136,158.121,SHAKE
0.726,1.694,0.616,19.233,-102.025,-133.822,SHAKE
0.438,1.525,0.626,164.500,40.915,-139.326,SHAKE
0.311,1.707,0.390,113.829,50.444,-218.864,SHAKE
0.302,1.453,0.074,40.976,-24.334,-286.685,SHAKE
0.295,1.019,0.318,69.738,-104.571,-286.685,SHAKE
0.028,0.555,0.826,84.525,-115.631,-286.685,SHAKE
-0.154,0.136,0.893,16.476,-66.159,-286.685,SHAKE
-0.538,-0.331,0.567,-95.471,21.131,-286.685,SHAKE
-0.686,-0.735,0.177,-168.420,55.423,-286.685,SHAKE
-0.797,-0.967,-0.196,-165.253,52.360,-219.607,SHAKE
-0.714,-0.992,-0.218,-57.243,12.574,-77.368,SHAKE
-0.937,-0.967,0.217,-29.680,-37.520,6.125,SHAKE
-0.931,-0.868,0.360,-31.570,-51.616,88.524,SHAKE
-0.802,-0.758,0.413,-45.920,-35.630,150.421,SHAKE
-0.733,-0.994,0.433,-59.535,-56.761,278.110,SHAKE
-0.211,-0.926,0.557,-75.092,-77.963,286.685,SHAKE
0.827,0.030,0.572,-34.676,-122.474,286.685,SHAKE
1.574,0.596,0.650,88.331,-92.706,286.685,SHAKE
1.635,1.521,1.031,32.357,-8.365,286.685,SHAKE
0.759,1.997,0.755,-257.626,-4.480,286.676,SHAKE
0.881,1.997,0.507,-162.943,-145.443,60.917,SHAKE
0.803,1.362,1.020,110.574,-136.561,-17.395,SHAKE
0.730,1.208,1.092,138.889,-80.710,-52.596,SHAKE
0.323,1.547,0.796,71.277,-22.024,-167.029,SHAKE
0.440,1.835,0.516,42.499,-24.798,-286.685,SHAKE
0.602,1.224,0.839,81.060,-61.005,-286.685,SHAKE
0.438,0.731,1.019,58.826,-67.655,-286.685,SHAKE
0.018,0.356,0.947,10.658,0.954,-286.685,SHAKE
0.079,-0.018,0.605,-22.628,132.186,-286.685,SHAKE
-0.082,-0.758,0.149,-20.317,167.842,-286.685,SHAKE
-0.519,-1.212,0.019,-29.759,118.204,-286.650,SHAKE
-0.781,-1.436,-0.292,-10.649,72.389,-134.041,SHAKE
-0.899,-1.262,-0.013,18.935,-11.812,50.164,SHAKE
-0.772,-1.030,0.254,2.555,-71.330,159.652,SHAKE
-0.692,-1.163,0.404,-53.629,-66.255,284.358,SHAKE
-0.350,-0.858,0.493,-88.226,-66.299,286.685,SHAKE
0.613,-0.043,0.872,-98.420,-104.624,286.685,SHAKE
1.137,0.618,0.742,18.112,-107.949,286.685,SHAKE
1.093,1.981,0.801,60.690,-2.800,286.685,SHAKE
0.630,1.997,0.629,-123.882,-5.784,286.685,SHAKE
0.750,1.942,0.465,-216.239,-32.130,68.512,SHAKE
0.524,1.335,0.618,-13.414,-52.999,27.003,SHAKE
0.320,1.306,0.758,42.805,-73.902,-22.522,SHAKE
0.086,0.943,0.742,7.227,-61.057,-73.946,SHAKE
-0.004,0.764,0.714,-72.940,-33.994,-139.694,SHAKE
0.001,0.565,0.818,-49.534,-49.551,-117.915,SHAKE
-0.085,0.438,0.860,-22.094,-21.306,-68.766,SHAKE
-0.150,0.426,0.765,-31.474,2.161,-38.194,SHAKE
-0.101,0.583,0.747,-8.050,22.382,-0.621,SHAKE
0.389,0.849,0.504,-19.180,-143.273,0.149,SHAKE
0.051,0.915,0.665,3.089,-42.595,-9.730,SHAKE
0.047,0.684,0.819,30.590,-9.380,-18.183,SHAKE
-0.087,0.447,0.936,15.864,22.663,-7.000,SHAKE
-0.007,0.642,0.669,-39.401,12.959,-2.616,SHAKE
0.086,0.760,0.411,-22.741,3.439,8.111,SHAKE
0.158,0.933,0.308,58.590,-21.840,27.545,SHAKE
-0.012,0.863,0.725,119.857,-5.101,33.224,SHAKE
-0.148,0.834,0.834,67.217,15.995,26.469,SHAKE
0.062,0.988,0.598,8.321,23.599,21.892,SHAKE
0.158,1.278,0.366,-27.711,33.022,146.799,SHAKE
-0.041,1.006,0.608,24.885,86.800,162.094,SHAKE
-0.021,1.353,0.822,-39.375,-47.609,170.800,SHAKE
-0.056,1.610,0.930,-130.436,-87.264,213.019,SHAKE
-0.171,1.202,0.971,-199.080,-124.827,278.408,SHAKE
-0.030,0.628,0.876,-232.908,-88.926,237.038,SHAKE
0.403,-0.042,0.564,-235.104,-1.908,200.690,SHAKE
0.526,-0.492,0.484,-167.081,-15.829,173.355,SHAKE
0.543,-1.169,0.212,-15.146,-102.323,84.175,SHAKE
0.569,-1.258,0.043,91.744,-45.028,-81.077,SHAKE
0.324,-0.907,0.279,151.961,47.924,-226.161,SHAKE
0.054,-0.671,0.570,143.518,99.050,-286.545,SHAKE
-0.339,-0.098,0.626,149.004,74.261,-286.685,SHAKE
-0.527,0.778,0.606,147.359,39.681,-286.685,SHAKE
-0.366,1.783,0.713,35.998,71.216,-286.685,SHAKE
-0.473,1.713,0.710,-56.263,93.223,-285.924,SHAKE
-0.767,1.447,0.738,-24.517,56.621,-203.280,SHAKE
-0.893,1.742,0.593,-28.446,28.236,-138.854,SHAKE
-0.827,1.885,0.621,11.751,4.244,-35.053,SHAKE
-0.756,1.973,0.507,12.373,-6.799,50.636,SHAKE
-0.734,1.626,0.530,34.107,-7.682,180.057,SHAKE
-0.595,1.334,0.749,14.175,-19.005,273.079,SHAKE
-0.485,1.218,0.974,-53.620,-60.812,286.685,SHAKE
-0.479,0.905,0.869,-123.769,-93.817,286.685,SHAKE
-0.377,0.323,0.564,-166.600,-113.173,286.685,SHAKE
0.007,-0.416,0.359,-94.089,-71.855,286.685,SHAKE
0.390,-0.882,0.556,33.294,-36.409,262.736,SHAKE
0.342,-1.224,0.827,83.956,-42.665,167.633,SHAKE
0.500,-1.183,0.854,75.600,-74.314,-22.129,SHAKE
0.368,-0.844,0.498,64.925,-79.643,-194.994,SHAKE
0.132,-0.424,0.331,82.749,-34.772,-286.685,SHAKE
-0.121,-0.042,0.303,92.619,-8.540,-286.685,SHAKE
-0.509,0.842,0.211,79.275,44.572,-286.685,SHAKE
-0.554,1.938,0.403,-46.191,123.673,-286.685,SHAKE
-0.664,1.964,0.673,-94.132,163.056,-248.518,SHAKE
-0.916,1.707,0.874,-46.252,119.114,-173.714,SHAKE
-1.018,1.688,0.851,-65.966,2.240,-104.055,SHAKE
-0.812,1.833,0.530,-84.569,-50.995,10.990,SHAKE
-0.653,1.800,0.533,-36.278,-94.299,145.652,SHAKE
-0.595,1.390,0.337,-6.764,-71.838,218.190,SHAKE
-0.346,1.147,0.718,-8.453,-40.092,285.915,SHAKE
-0.341,0.740,0.823,-56.236,-62.659,286.685,SHAKE
-0.328,0.377,0.921,-47.338,-73.036,286.685,SHAKE
-0.034,0.065,0.817,-63.569,-86.450,286.685,SHAKE
0.195,-0.253,0.678,-30.459,-95.743,285.364,SHAKE
0.407,-0.527,0.650,9.896,-75.766,224.236,SHAKE
0.444,-0.746,0.659,30.214,-67.926,166.049,SHAKE
0.551,-0.956,0.620,39.007,-58.590,19.031,SHAKE
0.460,-0.730,0.352,46.401,-49.201,-152.906,SHAKE
0.130,-0.321,0.286,90.676,-10.281,-285.495,SHAKE
-0.117,-0.048,0.367,123.209,5.617,-286.685,SHAKE
-0.448,0.511,0.341,134.365,0.814,-286.685,SHAKE
-0.610,1.655,0.465,41.694,49.420,-286.685,SHAKE
-0.503,1.980,0.730,-119.674,126.630,-286.186,SHAKE
-0.770,1.570,0.750,-122.080,85.776,-195.624,SHAKE
-0.961,1.542,0.733,-76.291,34.597,-123.637,SHAKE
-0.931,1.584,0.628,-113.978,-2.231,-55.939,SHAKE
-0.738,1.680,0.580,-31.798,-44.153,29.601,SHAKE
-0.610,1.632,0.615,-57.304,-46.900,119.586,SHAKE
-0.567,1.194,0.627,-53.909,-68.416,178.299,SHAKE
-0.614,0.762,0.662,-44.809,-35.569,214.244,SHAKE
-0.273,0.265,0.749,-35.385,-0.831,279.816,SHAKE
-0.064,0.001,0.786,-24.763,12.163,245.289,SHAKE
0.164,-0.065,0.777,-4.314,-31.255,185.806,SHAKE
0.182,-0.265,0.662,11.804,-40.338,110.460,SHAKE
0.374,-0.361,0.604,41.711,-38.412,8.129,SHAKE
0.403,-0.317,0.554,57.330,-49.989,-58.774,SHAKE
0.293,-0.130,0.494,70.114,-46.882,-153.440,SHAKE
-0.018,0.138,0.430,49.639,-14.376,-205.564,SHAKE
-0.204,0.427,0.525,33.119,43.575,-250.477,SHAKE
-0.272,0.851,0.700,19.276,76.851,-253.820,SHAKE
-0.401,1.611,0.947,-34.309,81.882,-188.309,SHAKE
-0.556,1.801,0.948,-61.425,21.438,-40.005,SHAKE
-0.763,1.683,0.674,-45.614,-30.415,96.705,SHAKE
-0.850,1.527,0.581,-13.300,-34.300,159.495,SHAKE
-0.572,1.550,0.867,-13.414,-51.564,225.137,SHAKE
-0.512,1.743,0.870,-59.202,-113.461,286.685,SHAKE
-0.578,1.478,0.711,-30.949,-137.909,286.685,SHAKE
-0.368,0.531,0.703,14.000,-104.982,286.685,SHAKE
0.116,-0.097,0.632,-2.301,-110.189,286.685,SHAKE
0.401,-0.465,0.489,34.405,-111.265,286.685,SHAKE
0.571,-0.777,0.533,96.092,-93.931,219.126,SHAKE
0.647,-1.004,0.486,93.887,-89.268,119.332,SHAKE
0.719,-0.934,0.336,57.776,-69.029,-30.931,SHAKE
0.557,-0.772,0.333,28.849,-10.727,-178.894,SHAKE
0.400,-0.599,0.276,39.375,10.062,-286.685,SHAKE
-0.031,-0.128,0.398,46.217,19.399,-286.685,SHAKE
-0.585,0.504,0.278,56.245,36.382,-286.685,SHAKE
-0.662,1.638,0.424,1.610,64.382,-286.685,SHAKE
-0.597,1.997,0.544,-122.124,81.060,-286.685,SHAKE
-0.796,1.782,0.695,-156.581,79.756,-223.458,SHAKE
-0.799,1.775,0.956,-41.790,18.305,-111.694,SHAKE
-0.797,1.640,0.682,-45.124,-60.795,-5.390,SHAKE
-0.652,1.695,0.657,-29.671,-74.673,60.463,SHAKE
-0.569,1.654,0.636,-31.290,-85.321,191.021,SHAKE
-0.485,1.381,0.609,-3.395,-46.699,285.014,SHAKE
-0.389,0.966,0.713,22.645,-19.416,286.685,SHAKE
-0.263,0.672,0.876,33.600,-24.141,286.685,SHAKE
-0.015,0.227,0.830,-51.109,-66.255,286.685,SHAKE
0.194,-0.213,0.525,-52.518,-139.125,286.685,SHAKE
0.418,-0.579,0.268,14.971,-141.076,248.789,SHAKE
0.564,-0.812,0.254,66.482,-97.265,164.649,SHAKE
0.703,-0.861,0.412,82.486,-40.539,16.030,SHAKE
0.637,-0.628,0.408,27.484,-21.009,-122.334,SHAKE
0.451,-0.436,0.299,-4.392,11.288,-243.792,SHAKE
0.194,-0.125,0.330,-2.791,49.184,-286.685,SHAKE
-0.195,0.153,0.450,8.855,78.934,-286.685,SHAKE
-0.556,0.920,0.434,-0.858,93.616,-286.685,SHAKE
-0.559,1.751,0.510,-71.277,122.246,-286.685,SHAKE
-0.720,1.991,0.964,-118.274,128.660,-266.210,SHAKE
-0.735,1.805,1.239,-35.350,51.310,-136.684,SHAKE
-0.835,1.645,0.822,-56.245,-76.177,-43.522,SHAKE
-0.580,1.636,0.540,-29.032,-92.234,49.700,SHAKE
-0.500,1.685,0.520,-8.059,-75.766,127.382,SHAKE
-0.467,1.497,0.551,24.360,-39.638,249.541,SHAKE
-0.400,1.006,0.649,35.674,-16.844,286.685,SHAKE
-0.226,0.910,0.756,-10.010,-8.435,286.685,SHAKE
-0.088,0.616,0.886,-27.011,-29.593,286.685,SHAKE
-0.027,0.056,0.666,-100.170,-70.963,286.685,SHAKE
0.234,-0.351,0.491,-68.416,-116.690,285.049,SHAKE
0.434,-0.533,0.392,6.939,-124.749,197.811,SHAKE
0.630,-0.761,0.324,44.284,-91.070,124.618,SHAKE
0.656,-0.800,0.389,61.460,-27.711,8.243,SHAKE
0.545,-0.666,0.541,35.857,13.659,-127.908,SHAKE
0.397,-0.517,0.534,16.914,32.366,-272.650,SHAKE
0.171,-0.086,0.416,23.817,41.895,-286.685,SHAKE
-0.193,0.307,0.389,56.245,65.511,-286.685,SHAKE
-0.439,1.128,0.418,14.823,89.320,-286.685,SHAKE
-0.355,1.940,0.475,-40.486,123.909,-286.685,SHAKE
-0.567,1.828,0.747,-45.404,145.775,-226.861,SHAKE
-0.839,1.418,1.026,8.216,71.146,-120.339,SHAKE
-0.860,1.654,0.820,-17.334,-38.605,-68.784,SHAKE
-0.732,1.699,0.663,-33.066,-69.886,-6.055,SHAKE
-0.518,1.658,0.599,-38.920,-77.621,119.228,SHAKE
-0.539,1.508,0.440,-46.856,-89.574,257.311,SHAKE
-0.558,1.167,0.569,14.788,-51.678,286.685,SHAKE
-0.314,0.858,0.708,14.096,10.080,286.685,SHAKE
-0.108,0.727,1.076,-15.409,-26.241,286.685,SHAKE
-0.163,0.314,0.850,-87.491,-135.730,286.685,SHAKE
0.188,-0.163,0.383,-79.389,-150.553,286.685,SHAKE
0.451,-0.455,0.124,-34.685,-140.193,283.342,SHAKE
0.669,-0.849,0.159,57.969,-88.139,199.859,SHAKE
0.737,-0.872,0.278,92.601,-28.542,63.875,SHAKE
0.704,-0.680,0.440,53.305,24.176,-78.969,SHAKE
0.554,-0.505,0.518,25.970,41.431,-164.911,SHAKE
0.389,-0.249,0.505,-2.004,40.521,-284.436,SHAKE
0.089,0.109,0.397,9.380,52.369,-286.685,SHAKE
-0.251,0.418,0.364,48.545,84.079,-286.685,SHAKE
-0.567,0.940,0.503,43.304,102.497,-286.685,SHAKE
-0.607,1.817,0.778,-48.659,105.455,-286.685,SHAKE
-0.698,1.885,0.921,-141.391,92.400,-252.577,SHAKE
-0.734,1.730,0.949,-36.033,40.338,-92.094,SHAKE
-0.757,1.511,0.932,-9.809,-36.330,-16.170,SHAKE
-0.638,1.545,0.803,-8.820,-87.614,79.161,SHAKE
-0.473,1.467,0.704,-27.493,-96.696,198.363,SHAKE
-0.398,1.378,0.625,-5.504,-97.344,284.279,SHAKE
-0.420,1.163,0.722,45.903,-63.385,286.685,SHAKE
-0.324,0.678,0.929,9.573,-44.993,286.685,SHAKE
-0.057,0.177,0.844,-38.518,-139.816,286.685,SHAKE
0.146,-0.176,0.456,-49.560,-186.060,286.685,SHAKE
0.457,-0.570,0.100,2.669,-157.754,241.771,SHAKE
0.658,-0.821,0.033,68.714,-61.810,94.421,SHAKE
0.661,-0.744,0.254,95.174,15.829,-83.991,SHAKE
0.617,-0.503,0.396,78.811,33.408,-191.503,SHAKE
0.364,-0.130,0.402,31.544,40.154,-286.536,SHAKE
-0.053,0.060,0.434,-11.358,67.725,-286.685,SHAKE
-0.363,0.430,0.408,-28.219,100.336,-286.685,SHAKE
-0.501,0.946,0.456,-52.351,119.018,-286.685,SHAKE
-0.584,1.642,0.671,-120.969,136.553,-286.685,SHAKE
-0.838,1.566,0.900,-102.270,104.834,-232.916,SHAKE
-0.894,1.522,1.014,-70.245,77.052,-115.019,SHAKE
-0.910,1.642,0.990,-63.026,-3.806,3.526,SHAKE
-0.808,1.635,0.861,-60.209,-27.291,91.753,SHAKE
-0.631,1.556,0.927,-52.526,-43.479,221.393,SHAKE
-0.639,1.064,0.803,-28.761,-61.740,286.685,SHAKE
-0.440,0.547,0.677,20.816,-42.656,286.685,SHAKE
-0.158,0.135,0.590,31.561,-31.587,276.439,SHAKE
0.076,-0.344,0.767,52.518,-19.101,173.224,SHAKE
0.384,-0.554,0.725,27.650,-3.098,28.368,SHAKE
0.356,-0.447,0.578,45.946,3.640,-114.573,SHAKE
0.254,0.083,0.612,97.948,-14.980,-184.310,SHAKE
-0.008,0.437,0.565,80.885,-17.272,-228.217,SHAKE
-0.145,0.739,0.571,36.750,21.210,-233.861,SHAKE
-0.194,0.941,0.626,-0.420,41.099,-217.227,SHAKE
-0.363,1.108,0.604,-38.237,36.925,-151.734,SHAKE
-0.639,1.107,0.115,-17.885,42.280,-82.504,SHAKE
-0.641,1.014,0.530,13.773,79.686,-24.719,SHAKE
-0.555,0.888,0.656,23.704,40.609,-19.101,SHAKE
-0.394,1.076,0.790,7.140,-21.499,0.175,SHAKE
-0.384,0.676,0.552,31.920,-26.329,13.046,SHAKE
-0.319,1.014,0.745,11.392,-68.451,-0.315,SHAKE
-0.303,1.213,0.635,-52.141,-78.881,-17.789,SHAKE
-0.161,1.294,0.621,-92.662,-107.188,-51.660,SHAKE
-0.173,1.470,0.389,-46.375,38.876,-56.411,SHAKE
-0.294,1.647,0.383,65.389,30.231,-144.524,SHAKE
-0.241,1.270,0.608,99.374,-1.138,-224.831,SHAKE
-0.245,0.833,0.953,90.991,7.035,-283.272,SHAKE
-0.229,0.415,0.980,-10.132,54.801,-286.685,SHAKE
-0.299,-0.029,0.805,-112.823,98.219,-286.685,SHAKE
-0.275,-0.443,0.516,-185.981,111.939,-286.685,SHAKE
-0.350,-1.103,0.144,-196.333,95.253,-274.934,SHAKE
-0.407,-1.716,-0.099,-136.806,56.096,-136.246,SHAKE
-0.369,-1.881,0.003,-37.074,-10.990,86.993,SHAKE
-0.148,-1.226,0.380,-10.194,-91.525,285.574,SHAKE
0.222,-0.428,0.529,48.081,-120.811,286.685,SHAKE
0.703,0.678,0.871,141.383,-99.995,286.685,SHAKE
1.049,1.371,0.589,256.725,79.231,286.685,SHAKE
-0.431,1.997,0.228,90.571,104.816,286.685,SHAKE
-0.532,1.997,0.285,-86.537,-3.264,-82.915,SHAKE
0.358,1.696,0.856,-51.756,134.339,-171.518,SHAKE
-0.199,1.352,0.347,-4.585,143.885,-176.426,SHAKE
-0.238,1.493,-0.939,86.433,-24.343,-246.864,SHAKE
-0.354,1.144,0.027,160.598,-170.949,-286.685,SHAKE
-0.136,0.533,0.987,123.620,-167.352,-286.685,SHAKE
-0.426,0.342,1.097,8.531,-65.223,-286.685,SHAKE
-0.467,0.076,0.604,-97.177,60.812,-286.685,SHAKE
-0.503,-0.280,0.190,-136.579,55.720,-286.685,SHAKE
-0.486,-0.652,0.018,-101.316,53.471,-259.324,SHAKE
-0.512,-1.419,0.022,-14.403,35.499,-194.110,SHAKE
-0.458,-1.985,0.015,-3.579,-37.336,-18.594,SHAKE
-0.406,-1.574,0.329,-24.561,-102.690,219.056,SHAKE
-0.154,-0.600,0.499,-12.040,-100.826,286.685,SHAKE
0.030,-0.069,0.681,44.476,-97.676,286.685,SHAKE
0.485,0.667,0.842,114.030,-53.112,286.685,SHAKE
0.569,1.680,0.423,214.891,98.551,286.685,SHAKE
-0.687,1.997,-0.564,85.409,71.024,286.003,SHAKE
-0.116,1.997,-0.307,27.913,-62.029,-49.875,SHAKE
0.131,1.861,0.793,85.680,-103.609,-145.784,SHAKE
-0.103,1.549,0.434,23.686,64.768,-195.072,SHAKE
-0.405,1.378,0.090,1.986,32.778,-254.826,SHAKE
-0.424,1.120,0.269,3.526,-17.552,-286.668,SHAKE
-0.455,0.738,0.662,-16.222,-35.446,-286.685,SHAKE
-0.298,0.255,0.714,-114.546,31.378,-286.685,SHAKE
-0.188,-0.376,0.142,-253.837,104.965,-286.685,SHAKE
-0.211,-0.853,-0.338,-283.089,118.151,-286.685,SHAKE
-0.400,-1.313,-0.775,-255.360,74.900,-236.469,SHAKE
-0.357,-1.573,-0.946,-150.351,-69.851,-73.544,SHAKE
-0.226,-1.579,-0.294,70.175,-217.560,136.342,SHAKE
-0.144,-0.936,0.714,113.164,-278.556,286.685,SHAKE
0.035,0.074,0.927,126.131,-192.351,286.685,SHAKE
0.211,0.603,0.877,221.288,-68.075,286.685,SHAKE
0.275,1.188,0.419,286.685,34.151,286.685,SHAKE
-0.205,1.997,-0.188,245.026,65.380,286.685,SHAKE
-0.195,1.997,0.027,24.474,-116.681,95.664,SHAKE
0.031,1.993,0.739,20.169,-151.506,-108.596,SHAKE
-0.064,1.517,0.678,9.039,55.685,-164.762,SHAKE
-0.307,1.456,-0.028,-7.989,96.171,-205.485,SHAKE
-0.440,1.136,0.105,9.852,-19.311,-274.453,SHAKE
-0.476,0.880,0.410,8.890,-58.179,-286.685,SHAKE
-0.437,0.464,0.605,-73.036,-31.561,-286.685,SHAKE
-0.396,0.108,0.482,-187.311,20.458,-286.685,SHAKE
-0.429,-0.423,0.100,-220.631,66.351,-286.685,SHAKE
-0.497,-0.770,-0.225,-213.605,55.974,-250.661,SHAKE
-0.519,-1.138,-0.371,-191.231,8.811,-179.008,SHAKE
-0.427,-1.580,-0.399,-87.622,-68.294,-39.366,SHAKE
-0.368,-1.685,0.267,40.670,-128.380,165.637,SHAKE
-0.230,-0.870,0.545,39.086,-115.465,286.685,SHAKE
-0.070,-0.248,0.544,46.804,-129.474,286.685,SHAKE
0.120,0.376,0.778,78.802,-121.275,286.685,SHAKE
0.366,0.924,0.904,83.344,-67.025,286.685,SHAKE
0.191,1.977,0.730,-9.301,-33.556,286.685,SHAKE
-0.290,1.997,0.433,-80.474,-74.541,213.946,SHAKE
0.102,1.997,0.454,16.100,-90.580,26.924,SHAKE
0.229,1.701,0.729,112.166,-36.006,-58.231,SHAKE
-0.078,1.854,0.539,56.411,0.717,-112.560,SHAKE
-0.228,1.869,0.443,37.643,1.715,-188.379,SHAKE
-0.202,1.316,0.531,79.345,-7.927,-286.099,SHAKE
-0.231,0.798,0.850,77.717,-33.040,-286.685,SHAKE
-0.334,0.440,1.068,20.317,-7.735,-286.685,SHAKE
-0.372,0.172,0.973,-52.360,47.040,-286.685,SHAKE
-0.370,-0.287,0.322,-134.286,117.320,-286.685,SHAKE
-0.431,-0.918,0.027,-61.827,125.912,-279.676,SHAKE
-0.531,-1.380,-0.013,-23.896,74.541,-163.450,SHAKE
-0.491,-1.724,0.102,-65.546,-0.840,11.454,SHAKE
-0.341,-1.538,0.062,-81.891,-29.916,157.771,SHAKE
-0.227,-0.819,0.189,-67.401,-78.584,286.685,SHAKE
0.095,-0.128,0.399,-50.908,-131.871,286.685,SHAKE
0.504,0.544,0.673,22.094,-130.620,286.685,SHAKE
0.665,1.129,0.779,74.629,-88.217,286.685,SHAKE
0.032,1.997,0.562,28.368,-32.314,286.685,SHAKE
0.031,1.997,0.262,-66.054,-107.721,107.677,SHAKE
0.370,1.679,0.685,38.736,-105.849,-65.660,SHAKE
0.208,1.515,0.717,38.868,-52.623,-74.261,SHAKE
-0.144,1.678,0.451,-12.854,-23.756,-124.486,SHAKE
-0.300,1.491,0.451,-32.690,-49.053,-230.501,SHAKE
-0.253,0.871,0.724,-10.491,-72.091,-286.685,SHAKE
-0.337,0.599,0.933,18.445,-73.351,-286.685,SHAKE
-0.391,0.215,1.039,-29.978,-8.102,-286.685,SHAKE
-0.359,-0.248,0.658,-95.113,53.664,-286.685,SHAKE
-0.424,-0.591,0.453,-95.681,84.000,-269.307,SHAKE
-0.470,-1.105,0.422,-82.565,76.151,-201.049,SHAKE
-0.536,-1.657,0.454,-115.141,20.772,-33.530,SHAKE
-0.205,-1.421,0.228,-75.180,30.949,225.837,SHAKE
-0.081,-0.690,0.159,26.110,-48.204,286.685,SHAKE
0.266,0.251,0.437,96.933,-87.264,286.685,SHAKE
0.587,1.044,0.831,148.855,-36.916,286.685,SHAKE
0.035,1.997,0.747,39.699,39.743,286.685,SHAKE
-0.273,1.997,0.577,-57.951,-10.727,-7.464,SHAKE
0.267,1.814,0.298,3.658,-44.616,-147.087,SHAKE
-0.036,1.705,0.467,57.006,-3.290,-184.188,SHAKE
-0.202,1.533,0.450,32.681,-22.103,-260.155,SHAKE
-0.280,1.257,0.552,9.345,-34.055,-286.685,SHAKE
-0.240,0.626,0.763,-35.770,-34.764,-286.685,SHAKE
-0.264,-0.060,0.752,-83.501,-11.655,-286.685,SHAKE
-0.326,-0.711,0.432,-113.732,37.520,-286.606,SHAKE
-0.498,-1.257,0.387,-72.677,56.936,-191.791,SHAKE
-0.493,-1.507,0.272,-26.101,40.031,-89.626,SHAKE
-0.419,-1.435,0.468,58.931,2.441,96.574,SHAKE
-0.270,-0.804,0.687,37.511,-18.690,274.890,SHAKE
-0.009,0.073,0.525,15.960,-2.284,286.685,SHAKE
0.175,0.536,0.574,43.426,1.846,286.685,SHAKE
0.227,1.260,0.633,87.106,49.245,286.685,SHAKE
-0.547,1.997,0.151,3.841,86.205,284.436,SHAKE
-0.459,1.997,-0.014,-24.964,-19.381,-32.200,SHAKE
-0.187,1.833,0.360,76.081,-65.196,-127.864,SHAKE
-0.226,1.403,0.478,77.927,-13.729,-188.326,SHAKE
-0.420,1.184,0.427,44.240,-15.549,-232.488,SHAKE
-0.469,0.945,0.439,-0.928,-25.865,-286.003,SHAKE
-0.441,0.457,0.525,-27.781,-38.439,-286.685,SHAKE
-0.485,-0.032,0.604,-92.382,-27.764,-286.685,SHAKE
-0.429,-0.572,0.415,-144.235,7.044,-270.926,SHAKE
-0.490,-1.243,0.159,-33.241,4.008,-148.234,SHAKE
-0.558,-1.682,0.476,33.276,-17.745,-18.007,SHAKE
-0.451,-1.184,0.710,13.204,-17.150,223.773,SHAKE
-0.236,-0.186,0.382,4.865,-10.290,286.685,SHAKE
-0.078,0.429,0.448,63.954,-20.659,286.685,SHAKE
0.163,0.809,0.611,81.043,-3.964,286.685,SHAKE
0.060,1.823,0.623,16.529,22.802,286.685,SHAKE
-0.966,1.997,0.225,-146.545,56.928,129.964,SHAKE
0.055,1.962,0.052,25.996,-38.640,-68.574,SHAKE
-0.108,1.531,0.491,76.869,-9.538,-103.880,SHAKE
-0.369,1.645,0.439,42.805,4.218,-163.188,SHAKE
-0.350,1.371,0.312,14.648,-4.104,-270.436,SHAKE
-0.293,1.011,0.391,30.196,-19.451,-286.685,SHAKE
-0.279,0.518,0.567,5.845,-27.930,-286.685,SHAKE
-0.294,0.014,0.616,-53.611,-31.710,-286.685,SHAKE
-0.334,-0.585,0.402,-61.110,0.744,-286.685,SHAKE
-0.500,-0.935,0.459,-56.184,8.365,-213.938,SHAKE
-0.593,-1.233,0.424,-70.796,-8.549,-126.779,SHAKE
-0.555,-1.305,0.351,-54.932,-25.121,-8.382,SHAKE
-0.425,-1.376,0.614,8.164,-47.539,131.469,SHAKE
-0.412,-1.213,0.827,0.385,-46.463,251.519,SHAKE
-0.008,-0.297,0.638,-35.998,-37.371,286.685,SHAKE
0.436,0.503,0.598,37.861,-42.910,286.685,SHAKE
0.596,1.298,0.748,102.681,7.621,286.685,SHAKE
0.217,1.995,0.684,40.145,38.028,286.685,SHAKE
-0.242,1.997,0.255,-150.701,-41.624,224.359,SHAKE
-0.117,1.976,0.979,-47.976,-112.298,-72.713,SHAKE
0.100,1.567,0.347,49.612,21.298,-148.452,SHAKE
-0.123,1.555,0.395,50.365,-4.847,-192.439,SHAKE
-0.195,1.149,0.413,20.212,-42.525,-269.614,SHAKE
-0.254,0.762,0.667,13.405,-61.679,-286.685,SHAKE
-0.300,0.437,0.938,15.908,-52.544,-286.685,SHAKE
-0.279,0.139,0.972,-21.149,-13.449,-286.685,SHAKE
-0.214,-0.423,0.666,-56.822,45.579,-286.685,SHAKE
-0.382,-1.147,0.356,-57.881,63.385,-261.949,SHAKE
-0.508,-1.554,0.269,1.663,29.234,-89.092,SHAKE
-0.501,-1.645,0.487,44.555,-8.986,67.104,SHAKE
-0.211,-0.889,0.652,48.807,-41.816,279.991,SHAKE
-0.077,0.128,0.617,27.746,-67.524,286.685,SHAKE
0.037,0.537,0.608,57.995,-49.612,286.685,SHAKE
0.152,0.890,0.692,83.746,-8.759,286.685,SHAKE
0.138,1.403,0.705,56.481,9.870,286.685,SHAKE
-0.348,1.997,0.825,-20.073,-0.507,205.992,SHAKE
0.220,1.856,0.044,34.195,-63.507,14.184,SHAKE
0.071,1.032,0.699,37.546,-17.911,-9.135,SHAKE
-0.146,1.201,0.505,12.066,-22.496,-12.688,SHAKE
-0.343,1.133,0.555,4.279,-17.675,-56.420,SHAKE
-0.175,0.419,0.302,-5.889,-8.470,-57.951,SHAKE
-0.365,0.250,0.466,10.736,-21.534,-48.248,SHAKE
-0.455,0.103,0.714,27.904,-22.138,1.435,SHAKE
-0.438,0.495,0.829,32.559,-25.655,35.621,SHAKE
-0.346,0.498,0.853,21.411,-9.704,49.009,SHAKE
-0.227,0.582,0.702,-11.121,21.525,77.936,SHAKE
0.134,1.227,-0.220,-1.452,21.814,89.897,SHAKE
0.112,1.334,0.399,12.163,-22.654,23.433,SHAKE
0.020,1.015,0.471,4.200,-26.049,3.491,SHAKE
-0.110,0.824,0.431,-9.345,3.517,-4.812,SHAKE
-0.172,0.914,0.519,-62.484,26.469,0.044,SHAKE
-0.440,0.680,0.560,-12.180,18.016,29.829,SHAKE
-0.187,1.019,0.686,0.770,0.000,73.780,SHAKE
-0.236,1.087,0.784,-13.606,-23.888,105.201,SHAKE
-0.168,1.101,0.952,-32.060,-75.775,151.113,SHAKE
-0.183,1.072,0.830,-83.615,-149.572,210.753,SHAKE
-0.084,0.754,0.614,-99.146,-169.006,223.423,SHAKE
0.170,0.452,0.429,-76.353,-138.600,184.319,SHAKE
0.441,0.166,0.459,-28.875,-83.230,124.574,SHAKE
0.564,-0.019,0.481,17.596,-32.419,48.825,SHAKE
0.607,-0.165,0.600,48.702,-14.682,-26.154,SHAKE
0.533,-0.007,0.644,47.416,-20.423,-134.732,SHAKE
0.353,0.164,0.561,31.176,-20.186,-222.670,SHAKE
0.141,0.326,0.418,26.425,-15.750,-285.871,SHAKE
-0.051,0.794,0.384,31.946,26.478,-286.685,SHAKE
-0.239,1.455,0.540,21.997,61.862,-278.302,SHAKE
-0.427,1.501,0.679,-32.847,49.945,-141.943,SHAKE
-0.548,1.375,0.664,-30.730,24.614,-72.485,SHAKE
-0.523,1.435,0.648,-12.512,-12.556,0.184,SHAKE
-0.465,1.507,0.531,-25.751,-36.138,93.984,SHAKE
-0.342,1.369,0.599,-21.875,-17.421,197.374,SHAKE
-0.260,1.259,0.773,17.675,-36.855,247.958,SHAKE
-0.298,1.004,0.682,-18.760,-31.736,286.685,SHAKE
-0.017,0.473,0.754,-48.037,-43.890,286.685,SHAKE
0.274,0.039,0.649,-63.341,-76.772,272.457,SHAKE
0.486,-0.070,0.529,-48.597,-89.145,216.291,SHAKE
0.598,-0.260,0.439,1.435,-74.673,128.432,SHAKE
0.652,-0.376,0.518,36.435,-26.145,14.245,SHAKE
0.611,-0.232,0.630,16.389,-3.386,-111.177,SHAKE
0.525,-0.067,0.545,-2.940,-12.959,-186.594,SHAKE
0.231,0.069,0.482,-22.295,5.224,-273.184,SHAKE
0.038,0.394,0.385,-5.521,52.054,-286.685,SHAKE
-0.105,1.004,0.389,32.471,90.685,-286.685,SHAKE
-0.174,1.537,0.568,30.179,102.454,-286.685,SHAKE
-0.428,1.742,0.810,-20.694,82.600,-159.145,SHAKE
-0.548,1.498,0.878,-13.703,20.536,-32.384,SHAKE
-0.534,1.557,0.715,-20.764,-52.194,56.621,SHAKE
-0.475,1.502,0.587,-35.341,-73.106,123.130,SHAKE
-0.294,1.393,0.554,-50.479,-56.936,212.905,SHAKE
-0.315,1.164,0.518,-47.014,-47.644,286.633,SHAKE
-0.219,0.920,0.783,-20.624,-37.888,286.685,SHAKE
-0.026,0.385,0.751,-54.906,-53.865,286.685,SHAKE
0.315,-0.091,0.638,-44.021,-99.382,281.794,SHAKE
0.614,-0.300,0.428,2.791,-95.270,179.410,SHAKE
0.658,-0.413,0.420,42.752,-44.818,75.136,SHAKE
0.711,-0.504,0.626,64.540,-4.620,-10.141,SHAKE
0.669,-0.274,0.639,35.805,-6.939,-125.930,SHAKE
0.530,-0.060,0.480,-11.217,1.592,-223.221,SHAKE
0.380,0.121,0.430,-30.844,22.802,-277.900,SHAKE
0.114,0.472,0.319,-17.622,60.104,-286.685,SHAKE
-0.075,0.967,0.372,13.169,104.772,-286.685,SHAKE
-0.197,1.606,0.630,33.425,108.815,-262.089,SHAKE
-0.295,1.699,0.792,29.995,88.769,-166.128,SHAKE
-0.369,1.490,0.890,20.274,42.298,-27.239,SHAKE
-0.354,1.278,0.775,2.450,-31.062,36.838,SHAKE
-0.246,1.466,0.553,-14.927,-62.178,92.251,SHAKE
-0.204,1.428,0.506,-13.248,-40.897,154.700,SHAKE
-0.153,1.031,0.669,8.488,7.227,226.958,SHAKE
-0.022,0.889,1.034,41.702,-20.370,235.331,SHAKE
0.127,0.610,0.739,-23.861,-47.976,249.541,SHAKE
0.256,0.315,0.617,1.505,-71.496,226.634,SHAKE
0.461,0.086,0.533,41.160,-73.692,158.629,SHAKE
0.557,-0.075,0.571,69.265,-47.250,76.300,SHAKE
0.619,-0.254,0.660,52.194,-35.840,-28.823,SHAKE
0.624,-0.099,0.480,24.369,-58.599,-105.420,SHAKE
0.430,0.195,0.138,0.656,-39.778,-187.337,SHAKE
0.253,0.417,0.122,17.062,38.894,-238.411,SHAKE
0.113,0.651,0.235,33.075,82.827,-270.996,SHAKE
-0.070,1.139,0.380,33.862,89.031,-264.723,SHAKE
-0.127,1.595,0.582,7.464,67.226,-187.915,SHAKE
-0.268,1.541,0.640,-26.775,26.066,-66.491,SHAKE
-0.276,1.565,0.622,-40.810,-11.751,21.796,SHAKE
-0.299,1.524,0.507,-39.331,-28.656,85.243,SHAKE
-0.192,1.353,0.533,-31.622,-13.711,154.341,SHAKE
-0.080,1.086,0.614,-45.019,-13.160,211.584,SHAKE
0.110,0.768,0.629,-40.451,-39.611,217.035,SHAKE
0.180,0.643,0.541,-37.905,-56.621,223.458,SHAKE
0.364,0.406,0.480,1.776,-56.919,186.594,SHAKE
0.522,0.291,0.468,33.092,-37.669,139.160,SHAKE
0.582,0.289,0.505,45.658,-17.080,101.272,SHAKE
0.621,0.233,0.631,35.306,-1.365,73.955,SHAKE
0.634,0.234,0.609,5.784,-12.241,33.127,SHAKE
0.646,0.245,0.487,-16.345,-18.620,-5.084,SHAKE
0.627,0.257,0.427,-23.301,-16.083,-30.931,SHAKE
0.558,0.360,0.371,-20.632,-2.756,-68.766,SHAKE
0.493,0.541,0.427,2.214,16.984,-95.034,SHAKE
0.425,0.760,0.493,27.169,20.545,-103.285,SHAKE
0.360,0.870,0.556,36.146,19.416,-99.715,SHAKE
0.317,0.967,0.605,33.381,1.750,-85.181,SHAKE
0.269,1.102,0.531,21.236,-21.691,-79.607,SHAKE
0.238,1.295,0.409,14.823,-18.821,-48.011,SHAKE
0.219,1.348,0.365,14.499,-10.745,-14.823,SHAKE
0.192,1.188,0.439,-0.595,7.035,31.132,SHAKE
0.249,1.086,0.453,-13.842,-5.932,50.400,SHAKE
0.279,0.988,0.431,-25.209,-13.116,73.290,SHAKE
0.342,0.857,0.448,-25.664,-7.787,87.850,SHAKE
0.413,0.720,0.507,-22.103,-1.977,90.344,SHAKE
0.452,0.619,0.549,-14.962,-4.323,86.651,SHAKE
0.467,0.543,0.588,6.580,-1.374,81.743,SHAKE
0.518,0.454,0.647,21.131,-4.182,73.264,SHAKE
0.553,0.348,0.614,21.962,-15.435,57.181,SHAKE
0.579,0.217,0.545,9.511,-19.688,28.079,SHAKE
0.592,0.165,0.498,-11.568,-22.566,-19.259,SHAKE
0.564,0.158,0.430,-22.181,-23.608,-59.885,SHAKE
0.522,0.300,0.307,-16.091,-20.878,-119.044,SHAKE
0.414,0.427,0.365,1.592,14.604,-178.780,SHAKE
0.326,0.600,0.403,16.362,24.701,-224.665,SHAKE
0.172,0.958,0.433,39.524,30.161,-233.030,SHAKE
0.100,1.376,0.502,33.679,27.221,-189.989,SHAKE
0.018,1.566,0.569,-5.968,13.177,-97.046,SHAKE
-0.053,1.517,0.566,-35.893,-6.860,-32.086,SHAKE
-0.061,1.371,0.451,-44.249,-29.811,30.362,SHAKE
0.004,1.392,0.296,-37.940,-30.196,76.948,SHAKE
0.048,1.187,0.358,-29.978,7.770,133.227,SHAKE
0.070,1.013,0.460,-25.454,21.079,157.019,SHAKE
0.189,0.870,0.588,-23.835,5.609,169.523,SHAKE
0.303,0.677,0.584,-17.395,-5.224,168.455,SHAKE
0.386,0.489,0.560,-11.970,-14.472,150.307,SHAKE
0.441,0.403,0.571,-5.600,-6.125,130.357,SHAKE
0.500,0.297,0.615,4.323,2.152,96.731,SHAKE
0.573,0.201,0.684,6.738,6.134,57.619,SHAKE
0.604,0.113,0.712,-9.564,2.240,17.911,SHAKE
0.601,0.185,0.610,-10.054,-16.511,-4.506,SHAKE
0.592,0.225,0.488,5.705,-34.807,-51.432,SHAKE
0.546,0.376,0.422,6.974,-9.249,-83.781,SHAKE
0.495,0.672,0.452,24.789,14.044,-103.906,SHAKE
0.421,0.820,0.482,37.196,15.767,-103.049,SHAKE
0.324,1.007,0.535,38.500,21.271,-84.175,SHAKE
0.315,1.156,0.535,38.789,15.960,-49.053,SHAKE
0.289,1.127,0.547,10.517,0.945,-14.254,SHAKE
0.307,1.056,0.521,-14.560,-9.791,-1.470,SHAKE
0.327,0.939,0.457,-35.954,-15.873,14.954,SHAKE
0.360,0.827,0.486,-31.202,-10.421,20.904,SHAKE
0.385,0.764,0.505,-20.423,-9.074,22.750,SHAKE
0.411,0.695,0.519,-12.618,-3.736,21.577,SHAKE
0.432,0.653,0.567,-4.594,1.549,17.334,SHAKE
0.435,0.627,0.600,-0.945,0.236,10.666,SHAKE
0.442,0.630,0.589,0.656,-3.395,0.254,SHAKE
0.427,0.680,0.536,5.259,-5.819,-5.346,SHAKE
0.410,0.732,0.518,8.225,-0.901,-7.691,SHAKE
0.393,0.755,0.529,8.365,1.418,-5.093,SHAKE
0.393,0.781,0.536,7.280,0.805,-4.209,SHAKE
0.384,0.801,0.537,7.709,-0.481,-1.881,SHAKE
0.406,0.825,0.574,21.788,-7.464,2.240,SHAKE
0.391,0.832,0.564,13.046,-14.481,5.057,SHAKE
0.391,0.991,0.544,12.889,-15.269,9.861,SHAKE
0.368,1.429,0.524,13.169,-21.814,79.161,SHAKE
0.288,1.038,0.584,-13.895,-18.847,183.321,SHAKE
0.445,0.779,0.533,-39.839,-56.018,169.251,SHAKE
0.469,0.597,0.369,-70.018,-76.562,166.180,SHAKE
0.656,0.009,0.161,-50.610,-48.606,155.426,SHAKE
0.736,-0.654,0.259,27.659,20.895,78.295,SHAKE
0.781,-0.829,0.593,34.283,67.603,-83.186,SHAKE
0.640,-0.529,0.535,23.704,33.066,-210.613,SHAKE
0.331,0.111,0.337,35.140,10.771,-286.685,SHAKE
0.019,0.596,0.229,59.876,60.533,-286.685,SHAKE
-0.261,1.079,0.473,89.880,96.950,-286.685,SHAKE
-0.412,1.397,0.621,55.388,70.149,-286.685,SHAKE
-0.473,1.987,0.620,-77.140,10.623,-256.559,SHAKE
-0.573,1.997,0.447,-104.956,-0.507,-33.162,SHAKE
-0.600,1.942,0.512,-42.123,4.104,146.449,SHAKE
-0.527,1.583,0.695,12.259,-13.545,215.337,SHAKE
-0.430,1.412,0.722,-56.814,-8.050,286.685,SHAKE
-0.275,0.807,0.772,-93.021,-65.345,286.685,SHAKE
-0.102,0.386,0.669,-96.119,-124.723,286.685,SHAKE
0.312,-0.016,0.352,-65.004,-138.311,285.180,SHAKE
0.555,-0.359,0.208,37.835,-76.974,201.495,SHAKE
0.739,-0.429,0.426,109.673,10.159,86.730,SHAKE
0.748,-0.387,0.592,101.964,26.101,-19.626,SHAKE
0.735,-0.307,0.769,39.069,20.317,-88.445,SHAKE
0.566,-0.166,0.577,-16.695,-15.172,-188.650,SHAKE
0.291,0.163,0.308,-1.155,-10.780,-285.705,SHAKE
0.187,0.315,0.255,41.160,6.142,-286.685,SHAKE
-0.117,0.885,0.265,65.214,60.357,-286.685,SHAKE
-0.320,1.491,0.491,27.212,87.832,-286.685,SHAKE
-0.446,1.850,0.612,-60.471,64.234,-213.876,SHAKE
-0.516,1.855,0.628,-54.766,51.599,-100.293,SHAKE
-0.514,1.869,0.639,-21.560,5.801,47.373,SHAKE
-0.538,1.793,0.539,-1.977,-27.825,184.607,SHAKE
-0.498,1.587,0.669,-21.420,-14.595,286.414,SHAKE
-0.450,1.293,0.790,-37.415,-15.400,286.685,SHAKE
-0.295,0.729,0.808,-88.095,-62.405,286.685,SHAKE
0.096,0.193,0.519,-122.255,-129.325,286.685,SHAKE
0.449,-0.190,0.216,-57.487,-143.474,270.804,SHAKE
0.620,-0.392,0.197,18.419,-98.429,198.231,SHAKE
0.784,-0.531,0.401,92.155,-22.785,82.731,SHAKE
0.805,-0.496,0.521,75.250,5.311,-17.062,SHAKE
0.733,-0.541,0.620,10.080,20.720,-127.137,SHAKE
0.640,-0.328,0.458,-17.194,6.090,-223.886,SHAKE
0.281,0.025,0.274,-9.887,12.871,-286.685,SHAKE
-0.123,0.352,0.285,14.665,80.701,-286.685,SHAKE
-0.425,0.611,0.412,-2.406,116.217,-286.685,SHAKE
-0.620,1.466,0.659,-66.360,100.091,-286.685,SHAKE
-0.665,1.896,0.805,-161.096,84.271,-278.810,SHAKE
-0.686,1.652,0.909,-79.039,48.370,-116.454,SHAKE
-0.676,1.530,0.871,-6.729,-13.790,1.689,SHAKE
-0.623,1.711,0.793,16.301,-46.104,77.341,SHAKE
-0.572,1.765,0.752,27.956,-77.831,239.374,SHAKE
-0.665,1.350,0.663,30.468,-78.444,286.685,SHAKE
-0.655,0.981,0.721,48.895,-51.879,286.685,SHAKE
-0.351,0.206,0.861,-0.560,-67.550,286.685,SHAKE
0.158,0.003,0.535,-73.150,-153.440,286.685,SHAKE
0.409,-0.377,0.201,-33.119,-182.096,286.685,SHAKE
0.604,-0.732,0.161,44.993,-134.986,242.436,SHAKE
0.878,-0.830,0.324,129.605,-58.607,59.570,SHAKE
0.852,-0.480,0.409,80.894,-13.186,-77.262,SHAKE
0.681,-0.272,0.399,21.639,22.706,-177.065,SHAKE
0.586,-0.123,0.382,-6.011,33.478,-257.014,SHAKE
0.243,0.139,0.292,-26.128,49.280,-286.685,SHAKE
-0.227,0.341,0.465,-32.454,102.690,-286.685,SHAKE
-0.565,0.961,0.557,-42.910,130.366,-286.685,SHAKE
-0.548,1.749,0.762,-81.550,131.163,-286.685,SHAKE
-0.608,1.712,0.851,-124.801,69.711,-239.383,SHAKE
-0.761,1.362,0.923,-44.818,32.559,-105.158,SHAKE
-0.727,1.309,0.775,-23.888,-39.839,-35.394,SHAKE
-0.582,1.574,0.657,-7.700,-62.729,23.747,SHAKE
-0.493,1.982,0.704,21.962,-74.436,195.370,SHAKE
-0.691,1.403,0.582,34.379,-86.721,286.685,SHAKE
-0.593,0.914,0.560,49.499,-48.309,286.685,SHAKE
-0.297,0.409,0.765,39.191,-47.626,286.685,SHAKE
0.037,0.028,0.616,-35.928,-109.769,286.685,SHAKE
0.420,-0.393,0.418,-12.101,-138.985,286.142,SHAKE
0.663,-0.570,0.328,38.754,-114.853,162.776,SHAKE
0.841,-0.629,0.335,88.944,-73.588,58.257,SHAKE
0.805,-0.433,0.398,72.459,-1.531,-72.966,SHAKE
0.644,-0.289,0.486,39.576,34.099,-210.525,SHAKE
0.485,-0.049,0.439,21.411,29.645,-285.723,SHAKE
0.044,0.244,0.369,-7.341,25.541,-286.685,SHAKE
-0.337,0.690,0.419,-60.541,70.438,-286.685,SHAKE
-0.501,1.569,0.534,-132.326,96.548,-286.685,SHAKE
-0.585,1.733,0.675,-169.566,94.439,-286.624,SHAKE
-0.685,1.465,0.866,-88.366,54.189,-186.462,SHAKE
-0.714,1.607,0.942,-24.806,-4.900,-54.766,SHAKE
-0.577,1.584,0.739,-4.200,-72.503,68.364,SHAKE
-0.515,1.659,0.657,17.001,-80.771,159.031,SHAKE
-0.476,1.313,0.593,41.204,-54.425,285.924,SHAKE
-0.346,0.661,0.554,67.375,-15.776,286.685,SHAKE
0.022,0.115,0.623,36.330,9.118,286.685,SHAKE
0.285,-0.202,0.592,-7.753,-1.724,248.474,SHAKE
0.573,-0.502,0.524,-21.569,-14.490,72.135,SHAKE
0.528,-0.137,0.531,22.916,-12.661,-124.189,SHAKE
0.365,0.202,0.465,64.111,3.465,-221.786,SHAKE
0.224,0.380,0.493,63.945,31.657,-262.815,SHAKE
0.002,0.638,0.536,8.496,59.999,-284.804,SHAKE
-0.257,0.878,0.557,-42.551,91.893,-267.383,SHAKE
-0.323,0.973,0.653,-48.632,89.793,-218.164,SHAKE
-0.494,1.080,0.617,-49.752,80.281,-173.792,SHAKE
-0.604,1.043,0.750,-31.649,53.112,-110.031,SHAKE
-0.776,1.109,0.819,-37.590,6.965,-18.620,SHAKE
-0.602,0.943,0.690,-3.789,-6.746,10.413,SHAKE
-0.238,1.087,0.410,94.684,93.923,14.945,SHAKE
-0.264,0.650,0.561,21.499,77.096,36.654,SHAKE
-0.355,0.809,0.909,33.801,-22.890,-6.702,SHAKE
-0.266,1.131,1.020,41.458,-58.284,19.766,SHAKE
-0.349,1.566,0.472,48.072,-80.386,6.046,SHAKE
-0.268,1.291,0.567,65.257,-22.426,-102.900,SHAKE
-0.318,1.374,0.511,28.604,24.351,-144.699,SHAKE
-0.395,1.319,0.399,7.726,49.158,-186.646,SHAKE
-0.350,1.118,0.359,9.608,58.984,-238.525,SHAKE
-0.340,0.855,0.383,17.710,32.401,-275.170,SHAKE
-0.430,0.326,0.506,21.438,10.789,-268.380,SHAKE
-0.439,0.017,0.547,8.243,20.790,-255.999,SHAKE
-0.575,-0.516,0.587,-5.329,32.182,-210.079,SHAKE
-0.580,-0.820,0.509,-36.479,63.149,-142.301,SHAKE
-0.537,-1.239,0.373,-89.941,43.864,-56.604,SHAKE
-0.482,-1.542,0.362,-99.592,16.800,37.021,SHAKE
-0.396,-1.152,0.363,-87.868,6.116,209.641,SHAKE
-0.142,-0.354,0.431,-70.753,-14.297,286.685,SHAKE
0.115,0.128,0.457,-11.366,-11.051,286.685,SHAKE
0.341,0.759,0.570,43.391,3.509,286.685,SHAKE
0.609,1.412,0.610,46.331,57.724,286.685,SHAKE
0.060,1.997,0.193,-19.950,45.097,286.685,SHAKE
-0.254,1.997,0.018,-52.071,-43.155,109.384,SHAKE
0.285,1.993,0.334,31.964,-18.909,-19.994,SHAKE
0.213,1.913,0.223,49.849,22.907,-64.505,SHAKE
-0.077,1.997,-0.081,18.209,-33.504,-149.765,SHAKE
-0.047,1.824,-0.056,38.675,-71.942,-265.449,SHAKE
-0.004,1.266,0.303,94.999,-127.426,-286.685,SHAKE
-0.125,0.832,0.715,63.359,-153.344,-286.685,SHAKE
-0.198,0.568,0.856,-11.874,-95.217,-286.685,SHAKE
-0.252,0.248,0.722,-60.655,-38.255,-286.685,SHAKE
-0.354,-0.348,0.465,-104.274,-7.411,-286.685,SHAKE
-0.550,-0.924,0.230,-93.677,-7.262,-264.084,SHAKE
-0.524,-1.095,0.363,-31.780,1.076,-144.016,SHAKE
-0.641,-1.153,0.435,-14.761,-29.522,-29.811,SHAKE
-0.576,-1.379,0.685,-49.254,-41.790,39.340,SHAKE
-0.518,-1.138,0.675,-102.454,-13.615,166.390,SHAKE
-0.321,-0.551,0.435,-93.853,0.507,259.753,SHAKE
-0.170,-0.238,0.479,-12.014,-10.859,286.685,SHAKE
0.072,0.330,0.520,38.964,-25.830,286.685,SHAKE
0.285,0.941,0.577,116.130,3.351,286.685,SHAKE
0.428,1.582,0.531,149.065,75.863,286.685,SHAKE
0.325,1.996,0.364,80.754,92.750,286.685,SHAKE
-0.134,1.997,-0.003,22.942,44.389,225.365,SHAKE
0.162,1.997,0.002,22.960,13.851,-11.244,SHAKE
0.238,1.864,0.050,67.463,15.435,-94.631,SHAKE
0.024,1.842,-0.085,55.947,-19.259,-156.345,SHAKE
-0.041,1.658,-0.132,27.571,-66.071,-225.365,SHAKE
-0.119,1.138,0.236,43.995,-105.350,-286.405,SHAKE
-0.192,0.791,0.427,25.594,-105.665,-286.685,SHAKE
-0.287,0.673,0.481,9.336,-111.317,-286.685,SHAKE
-0.307,0.159,0.675,-42.569,-105.963,-286.685,SHAKE
-0.513,-0.497,0.760,-123.393,-52.885,-286.685,SHAKE
-0.565,-1.194,0.462,-190.173,8.102,-244.886,SHAKE
-0.506,-1.530,0.190,-115.412,-0.717,-80.526,SHAKE
-0.598,-1.635,0.391,-64.024,-13.422,39.891,SHAKE
-0.529,-1.113,0.540,-30.747,-22.295,189.114,SHAKE
-0.354,-0.480,0.546,-17.272,-6.361,285.355,SHAKE
-0.032,0.071,0.531,20.493,2.993,286.685,SHAKE
0.091,0.472,0.553,73.412,10.220,286.685,SHAKE
0.417,0.999,0.430,138.749,75.863,286.685,SHAKE
0.560,1.902,0.074,125.834,108.290,286.685,SHAKE
0.037,1.997,-0.320,61.084,27.755,267.636,SHAKE
0.143,1.997,-0.163,29.400,-42.158,73.325,SHAKE
0.329,1.908,0.141,56.945,-29.295,-64.356,SHAKE
0.130,1.985,-0.231,22.111,-3.456,-129.736,SHAKE
0.057,1.888,-0.377,14.123,-93.520,-228.865,SHAKE
-0.001,1.358,-0.055,37.214,-147.648,-277.760,SHAKE
-0.088,0.987,0.449,41.781,-193.480,-286.685,SHAKE
-0.302,0.531,0.805,-9.695,-172.428,-286.685,SHAKE
-0.388,0.116,0.987,-76.834,-96.250,-286.685,SHAKE
-0.433,-0.226,0.833,-139.492,-33.460,-286.685,SHAKE
-0.428,-1.043,0.441,-194.941,17.745,-284.909,SHAKE
-0.610,-1.627,0.048,-186.051,1.207,-138.688,SHAKE
-0.601,-1.651,0.477,-55.274,-24.080,48.554,SHAKE
-0.496,-1.275,0.577,-19.827,-22.076,200.839,SHAKE
-0.262,-0.733,0.679,-12.819,-1.977,273.490,SHAKE
0.028,-0.126,0.550,9.021,18.821,286.685,SHAKE
0.363,0.460,0.539,67.830,28.096,286.685,SHAKE
0.558,0.973,0.494,120.496,93.660,286.685,SHAKE
0.809,1.765,0.143,140.114,136.929,286.685,SHAKE
-0.138,1.997,-0.298,-20.510,15.094,285.495,SHAKE
0.220,1.997,-0.020,-38.491,-106.041,-12.618,SHAKE
0.361,1.977,0.285,70.910,-28.438,-118.624,SHAKE
0.142,1.882,-0.002,42.368,8.881,-155.356,SHAKE
-0.054,1.722,-0.140,-1.531,-68.784,-252.945,SHAKE
-0.077,1.163,0.203,32.217,-129.736,-286.685,SHAKE
-0.057,0.876,0.539,51.870,-146.606,-286.685,SHAKE
-0.177,0.410,0.869,-2.170,-120.732,-286.685,SHAKE
-0.234,-0.213,0.923,-101.281,-44.074,-286.685,SHAKE
-0.281,-1.071,0.549,-192.745,22.698,-286.554,SHAKE
-0.534,-1.694,0.205,-232.260,1.584,-154.271,SHAKE
-0.520,-1.555,0.106,-145.320,-25.629,-21.612,SHAKE
-0.426,-1.306,0.455,-52.456,-60.296,150.255,SHAKE
-0.121,-0.806,0.798,21.298,-23.503,280.280,SHAKE
0.223,-0.115,0.745,55.501,30.581,286.685,SHAKE
0.392,0.354,0.544,86.126,50.776,286.685,SHAKE
0.905,1.182,0.180,158.401,128.284,286.685,SHAKE
0.127,1.997,-0.308,92.531,77.683,286.685,SHAKE
0.134,1.997,-0.113,-63.394,-162.619,82.294,SHAKE
0.506,1.962,0.489,25.156,-101.439,-54.057,SHAKE
0.215,1.905,0.197,26.101,33.976,-85.951,SHAKE
-0.069,1.919,-0.223,-21.997,-17.159,-185.062,SHAKE
-0.020,1.369,-0.139,14.087,-95.918,-284.200,SHAKE
-0.027,1.052,0.191,67.226,-152.075,-286.685,SHAKE
-0.068,0.735,0.839,77.315,-183.076,-286.685,SHAKE
-0.163,0.325,1.079,11.900,-124.504,-286.685,SHAKE
-0.314,-0.272,0.976,-105.481,-33.600,-286.685,SHAKE
-0.382,-0.693,0.706,-195.387,18.261,-280.927,SHAKE
-0.474,-1.191,0.374,-202.764,16.529,-203.315,SHAKE
-0.630,-1.369,0.339,-62.484,-7.315,-29.872,SHAKE
-0.476,-1.108,0.569,3.027,-31.903,114.879,SHAKE
-0.419,-0.650,0.723,28.919,-6.239,231.989,SHAKE
-0.216,-0.315,0.749,25.620,8.514,284.961,SHAKE
0.005,0.281,0.617,44.327,41.353,286.685,SHAKE
0.322,0.790,0.468,97.869,76.965,286.685,SHAKE
0.601,1.365,0.222,123.533,133.857,286.685,SHAKE
0.332,1.997,-0.065,71.234,122.421,286.685,SHAKE
-0.211,1.997,-0.302,-68.110,-45.474,176.383,SHAKE
0.230,1.981,0.153,36.768,-65.546,-73.299,SHAKE
0.110,1.797,0.139,63.455,-5.827,-125.291,SHAKE
-0.064,1.921,-0.097,8.172,-31.202,-180.486,SHAKE
-0.089,1.469,0.013,7.840,-97.965,-279.703,SHAKE
-0.066,0.941,0.346,32.533,-125.055,-286.685,SHAKE
-0.154,0.502,0.797,15.829,-139.834,-286.685,SHAKE
-0.267,0.199,0.970,-22.715,-110.241,-286.685,SHAKE
-0.390,-0.382,0.893,-118.982,-24.552,-286.685,SHAKE
-0.375,-1.109,0.562,-189.551,8.417,-272.414,SHAKE
-0.534,-1.755,0.014,-140.621,13.667,-94.019,SHAKE
-0.529,-1.694,0.513,-3.911,-0.044,114.984,SHAKE
-0.448,-0.977,0.672,15.715,4.664,228.025,SHAKE
-0.106,-0.272,0.537,21.122,34.711,286.685,SHAKE
0.137,0.463,0.512,73.535,44.485,286.685,SHAKE
0.303,0.890,0.488,121.170,79.301,286.685,SHAKE
0.564,1.545,0.200,153.606,168.166,286.685,SHAKE
0.068,1.997,-0.428,88.865,172.148,286.685,SHAKE
0.117,1.997,-0.679,-20.519,7.613,92.864,SHAKE
0.256,1.997,-0.319,30.179,-85.015,-56.131,SHAKE
0.091,1.741,-0.001,57.697,-73.115,-129.666,SHAKE
-0.054,1.576,-0.107,12.626,-78.881,-193.708,SHAKE
-0.178,1.232,-0.020,0.499,-121.923,-256.839,SHAKE
-0.193,0.964,0.176,6.615,-153.125,-285.346,SHAKE
-0.265,0.522,0.787,3.430,-184.126,-286.685,SHAKE
-0.412,0.098,1.010,-47.040,-98.787,-286.685,SHAKE
-0.448,-0.582,0.959,-107.494,-8.312,-276.797,SHAKE
-0.546,-1.203,0.874,-144.401,22.138,-144.148,SHAKE
-0.617,-1.562,0.406,-121.249,78.479,-10.623,SHAKE
-0.496,-0.972,0.146,-4.384,76.589,157.500,SHAKE
-0.342,-0.420,0.350,59.649,32.270,274.129,SHAKE
-0.110,-0.087,0.475,21.350,51.861,286.685,SHAKE
0.247,0.574,0.259,8.488,66.325,286.685,SHAKE
0.503,1.355,0.187,71.444,73.868,286.685,SHAKE
0.169,1.997,-0.108,99.382,118.300,286.685,SHAKE
0.069,1.997,-0.266,-18.996,14.551,166.670,SHAKE
0.388,1.997,-0.044,-40.469,-46.498,26.749,SHAKE
0.296,1.997,-0.079,-20.265,4.095,-47.950,SHAKE
0.200,1.854,-0.426,-14.717,-14.368,-128.450,SHAKE
0.111,1.560,-0.351,9.039,-64.374,-186.629,SHAKE
-0.032,1.156,-0.038,12.924,-137.086,-211.934,SHAKE
-0.207,0.941,0.234,6.414,-166.626,-237.318,SHAKE
-0.419,0.577,0.577,13.965,-187.976,-253.934,SHAKE
-0.482,0.257,0.879,-2.249,-148.663,-256.664,SHAKE
-0.575,-0.127,1.056,-24.167,-98.455,-247.336,SHAKE
-0.555,-0.660,1.069,-85.654,-31.124,-200.357,SHAKE
-0.552,-1.150,0.940,-100.503,23.109,-69.562,SHAKE
-0.511,-0.905,0.595,-68.189,69.020,101.045,SHAKE
-0.381,-0.486,0.426,-35.989,74.113,223.239,SHAKE
-0.123,0.032,0.474,14.017,67.130,282.905,SHAKE
0.356,0.562,0.389,27.073,85.811,286.685,SHAKE
0.844,1.132,0.375,57.050,119.787,286.685,SHAKE
0.807,1.879,0.225,40.224,164.666,286.685,SHAKE
0.126,1.997,-0.316,-84.936,98.210,267.479,SHAKE
0.392,1.997,-0.320,-88.874,-37.502,-35.315,SHAKE
0.372,1.801,0.007,8.995,-35.376,-126.814,SHAKE
0.227,1.803,-0.041,-3.342,-48.195,-161.691,SHAKE
0.044,1.622,-0.034,-23.345,-97.029,-243.512,SHAKE
0.056,1.217,0.158,-4.069,-126.989,-286.685,SHAKE
0.013,0.862,0.350,40.504,-174.081,-286.685,SHAKE
0.021,0.580,0.720,54.985,-190.732,-286.685,SHAKE
-0.168,0.035,1.232,9.931,-164.307,-286.685,SHAKE
-0.263,-0.577,1.244,-89.154,-54.959,-286.685,SHAKE
-0.422,-1.251,0.958,-137.629,34.842,-217.122,SHAKE
-0.473,-1.449,0.477,-97.361,56.271,-40.399,SHAKE
-0.545,-1.131,0.554,-74.480,45.736,66.474,SHAKE
-0.301,-0.865,0.700,-52.824,12.792,199.465,SHAKE
-0.015,-0.414,0.616,-31.789,53.244,286.685,SHAKE
0.383,0.032,0.513,21.192,68.967,286.685,SHAKE
0.962,0.717,0.469,83.116,90.676,286.685,SHAKE
1.174,1.838,0.266,150.482,182.586,286.685,SHAKE
-0.145,1.997,-0.350,-18.183,92.768,285.723,SHAKE
0.116,1.997,-0.379,-113.899,-67.261,-36.584,SHAKE
0.410,1.815,0.140,33.355,-51.205,-93.494,SHAKE
0.111,1.983,0.147,28.770,-29.811,-146.029,SHAKE
-0.067,1.774,0.057,-28.936,-68.512,-264.084,SHAKE
-0.028,1.375,0.110,-27.431,-72.730,-286.685,SHAKE
0.080,0.663,0.189,7.210,-108.141,-286.685,SHAKE
-0.116,0.275,0.630,36.820,-159.075,-286.685,SHAKE
-0.181,-0.314,0.956,-19.390,-118.904,-286.685,SHAKE
-0.263,-0.886,0.991,-91.184,-60.279,-266.971,SHAKE
-0.472,-1.902,1.200,-132.536,-40.967,-135.424,SHAKE
-0.330,-1.359,0.615,-132.274,32.778,144.130,SHAKE
-0.219,-0.443,0.525,-20.808,9.826,284.725,SHAKE
0.093,0.205,0.516,79.616,-4.830,286.685,SHAKE
0.229,0.595,0.619,148.768,19.407,286.685,SHAKE
0.537,1.202,0.698,154.044,86.170,286.685,SHAKE
0.256,1.997,0.538,28.586,112.499,286.685,SHAKE
0.257,1.997,-0.412,-55.002,-18.874,65.923,SHAKE
0.165,1.376,0.229,56.166,-14.744,-20.843,SHAKE
-0.032,1.356,0.383,37.529,-0.639,-50.724,SHAKE
0.023,-0.118,0.287,-14.595,-1.015,-46.419,SHAKE
-0.453,0.521,0.258,-49.385,-16.100,1.409,SHAKE
-0.358,0.607,0.239,-40.827,-6.475,7.744,SHAKE
-0.470,0.959,0.697,99.881,-55.755,25.804,SHAKE
0.033,1.069,0.558,61.854,-40.014,-2.555,SHAKE
-0.045,1.056,0.673,29.400,-12.040,0.761,SHAKE
0.240,1.187,0.756,-61.976,1.251,86.651,SHAKE
-0.540,1.117,0.200,-191.275,-34.746,164.605,SHAKE
-0.273,1.145,0.433,-117.346,-19.294,135.214,SHAKE
-0.247,1.315,0.610,-89.302,-48.405,148.391,SHAKE
-0.155,1.336,0.550,-102.183,-64.951,211.584,SHAKE
-0.036,0.712,0.595,-81.183,-58.861,273.936,SHAKE
0.160,0.175,0.625,-41.186,-75.556,244.720,SHAKE
0.296,-0.199,0.707,-42.219,-71.321,167.011,SHAKE
0.625,-0.769,0.665,-43.916,-53.751,94.596,SHAKE
0.736,-0.652,0.391,32.664,-72.118,-61.749,SHAKE
0.572,-0.240,0.331,84.586,-40.215,-226.214,SHAKE
0.302,0.055,0.342,88.156,12.040,-286.685,SHAKE
-0.074,0.483,0.453,97.527,42.455,-286.685,SHAKE
-0.298,1.182,0.537,55.624,34.029,-286.685,SHAKE
-0.445,1.985,0.550,-48.326,39.095,-277.515,SHAKE
-0.575,1.877,0.616,-61.040,24.404,-156.643,SHAKE
-0.741,1.523,0.597,-8.365,-21.490,-47.294,SHAKE
-0.707,1.737,0.465,-9.931,-49.184,30.914,SHAKE
-0.583,1.645,0.285,-45.806,-47.329,143.894,SHAKE
-0.428,1.428,0.353,-51.476,-28.271,209.667,SHAKE
-0.243,1.272,0.478,-78.829,-25.218,284.638,SHAKE
-0.214,0.765,0.524,-107.940,-32.349,286.685,SHAKE
0.070,0.068,0.552,-112.621,-25.489,286.685,SHAKE
0.299,-0.240,0.576,-81.410,-18.576,285.022,SHAKE
0.492,-0.551,0.762,-10.972,-12.311,191.581,SHAKE
0.636,-0.817,0.959,28.735,-36.951,66.518,SHAKE
0.709,-0.537,0.712,30.135,-76.361,-77.376,SHAKE
0.581,-0.353,0.557,40.311,-70.035,-169.479,SHAKE
0.349,-0.152,0.453,64.881,-26.329,-273.814,SHAKE
0.036,0.214,0.387,47.381,15.068,-286.685,SHAKE
-0.163,0.504,0.355,21.849,64.838,-286.685,SHAKE
-0.478,1.521,0.429,-40.583,102.454,-286.685,SHAKE
-0.640,1.811,0.675,-127.391,118.510,-248.342,SHAKE
-0.769,1.596,0.833,-54.521,66.518,-103.390,SHAKE
-0.737,1.683,0.834,-24.386,-20.528,15.741,SHAKE
-0.683,1.644,0.778,-42.455,-84.814,105.210,SHAKE
-0.566,1.441,0.663,-49.263,-114.931,227.124,SHAKE
-0.462,1.198,0.716,-35.936,-93.914,286.685,SHAKE
-0.290,0.701,0.830,4.366,-48.956,286.685,SHAKE
-0.115,0.366,0.893,6.405,-53.112,286.685,SHAKE
0.214,-0.112,0.750,-35.665,-78.059,286.685,SHAKE
0.719,-0.326,0.830,-87.325,-27.081,275.328,SHAKE
0.351,-0.615,0.456,-81.060,-9.415,180.023,SHAKE
0.547,-0.794,0.529,-8.549,-5.705,58.756,SHAKE
0.520,-0.766,0.603,83.046,-5.714,-125.510,SHAKE
0.508,-0.301,0.716,101.465,7.245,-278.469,SHAKE
0.143,-0.043,0.478,71.732,43.689,-286.685,SHAKE
-0.005,0.382,0.591,94.211,65.634,-286.685,SHAKE
-0.261,0.708,0.680,65.056,54.338,-286.685,SHAKE
-0.319,1.384,0.778,-34.580,60.996,-286.685,SHAKE
-0.357,1.652,0.761,-82.311,48.081,-200.751,SHAKE
-0.591,1.646,0.615,-51.879,43.041,-85.864,SHAKE
-0.635,1.570,0.881,22.916,-0.822,19.915,SHAKE
-0.630,1.630,0.616,-43.487,-27.913,130.970,SHAKE
-0.591,1.401,0.582,-32.235,-33.906,222.390,SHAKE
-0.411,1.194,0.684,2.625,-21.070,262.973,SHAKE
-0.311,0.770,0.806,-13.554,-35.053,286.685,SHAKE
-0.058,0.273,0.856,-51.354,-52.649,283.456,SHAKE
0.171,0.108,0.781,-61.653,-72.380,249.620,SHAKE
0.388,-0.083,0.569,-39.847,-82.224,203.166,SHAKE
0.504,-0.409,0.649,7.359,-40.871,136.185,SHAKE
0.546,-0.565,0.785,22.251,-15.164,37.397,SHAKE
0.614,-0.499,0.791,13.562,-18.795,-43.496,SHAKE
0.534,-0.270,0.545,-11.454,-38.491,-148.391,SHAKE
0.384,-0.028,0.325,6.869,-14.639,-229.574,SHAKE
0.216,0.304,0.397,43.566,40.827,-284.410,SHAKE
0.025,0.574,0.465,52.089,69.493,-286.685,SHAKE
-0.205,1.177,0.664,28.507,111.423,-286.685,SHAKE
-0.380,1.763,0.855,-41.029,113.339,-206.273,SHAKE
-0.552,1.667,0.812,-23.336,70.289,-47.014,SHAKE
-0.586,1.549,0.941,51.301,4.734,11.060,SHAKE
-0.589,1.559,0.635,-21.359,-26.504,108.973,SHAKE
-0.437,1.249,0.562,-23.704,-20.895,176.592,SHAKE
-0.270,1.075,0.690,-20.528,-10.509,214.594,SHAKE
-0.136,0.855,0.746,-28.630,-18.375,232.872,SHAKE
-0.020,0.474,0.761,-50.531,-31.483,233.301,SHAKE
0.206,0.276,0.749,-59.614,-31.167,195.160,SHAKE
0.292,0.187,0.716,-40.294,-34.702,168.971,SHAKE
0.414,-0.020,0.729,-13.291,-30.354,151.804,SHAKE
0.407,-0.264,0.921,12.985,-0.980,120.190,SHAKE
0.543,-0.460,0.957,-1.890,10.552,50.374,SHAKE
0.538,-0.438,0.843,-6.948,-31.413,-41.493,SHAKE
0.522,-0.339,0.604,2.765,-53.498,-104.598,SHAKE
0.419,-0.136,0.408,33.232,-41.947,-184.223,SHAKE
0.248,0.111,0.422,57.645,6.466,-251.860,SHAKE
0.045,0.328,0.425,71.724,31.080,-285.950,SHAKE
-0.203,0.824,0.570,64.461,73.491,-286.685,SHAKE
-0.371,1.595,0.796,4.909,89.591,-284.786,SHAKE
-0.510,1.810,0.844,-19.792,64.662,-157.273,SHAKE
-0.592,1.719,0.919,54.792,23.433,-71.759,SHAKE
-0.681,1.659,0.671,-4.655,9.100,46.252,SHAKE
-0.608,1.621,0.525,-25.708,-10.500,142.126,SHAKE
-0.428,1.391,0.676,-14.805,-20.431,239.164,SHAKE
-0.386,1.295,0.792,-7.954,-32.086,285.854,SHAKE
-0.368,0.961,0.931,-46.252,-54.565,286.685,SHAKE
-0.177,0.408,0.759,-108.132,-96.635,286.685,SHAKE
0.130,-0.307,0.511,-119.219,-80.089,286.685,SHAKE
0.321,-0.672,0.479,-57.103,-47.696,277.025,SHAKE
0.460,-1.046,0.715,41.667,-39.926,131.443,SHAKE
0.700,-1.067,0.771,70.866,-41.676,-52.579,SHAKE
0.771,-0.716,0.491,45.159,-59.290,-169.514,SHAKE
0.575,-0.434,0.402,26.976,-39.585,-233.721,SHAKE
0.299,-0.039,0.409,11.708,12.845,-286.685,SHAKE
-0.042,0.401,0.437,42.893,49.569,-286.685,SHAKE
-0.175,0.859,0.516,48.361,74.541,-286.685,SHAKE
-0.316,1.706,0.660,-0.936,83.177,-286.361,SHAKE
-0.417,1.827,0.732,-59.386,96.399,-140.201,SHAKE
-0.377,1.541,1.062,19.889,38.150,1.129,SHAKE
-0.410,1.078,0.969,-12.530,-40.180,47.775,SHAKE
-0.220,0.923,0.644,-45.071,-70.341,38.369,SHAKE
-0.054,0.850,0.502,-24.780,-50.750,38.981,SHAKE
0.031,0.732,0.621,-4.182,7.875,54.591,SHAKE
0.062,0.661,0.766,13.300,25.209,57.356,SHAKE
0.066,0.573,0.882,14.779,11.804,45.605,SHAKE
0.108,0.583,0.811,0.586,-19.827,26.854,SHAKE
0.139,0.620,0.703,-10.824,-23.266,11.909,SHAKE
0.135,0.648,0.642,-7.980,-20.361,6.991,SHAKE
0.121,0.689,0.616,9.083,-7.831,3.596,SHAKE
0.108,0.703,0.654,9.555,5.110,3.316,SHAKE
0.093,0.710,0.650,2.030,4.358,0.945,SHAKE
0.094,0.723,0.670,-0.586,5.320,0.613,SHAKE
0.084,0.742,0.682,-0.464,1.129,2.756,SHAKE
0.097,0.750,0.665,-3.763,-2.870,3.727,SHAKE
0.096,0.737,0.687,-4.008,1.916,6.300,SHAKE
0.101,0.739,0.715,-2.572,2.704,7.394,SHAKE
0.112,0.744,0.729,-1.181,-0.761,8.645,SHAKE
0.106,0.709,0.741,-0.114,-2.109,11.121,SHAKE
0.100,0.670,0.751,-1.260,-3.027,9.616,SHAKE
0.098,0.693,0.758,2.161,-3.824,7.114,SHAKE
0.103,0.729,0.715,4.996,-12.600,4.778,SHAKE
0.112,0.736,0.666,0.481,-11.681,8.435,SHAKE
0.115,0.711,0.662,-2.319,-5.574,9.651,SHAKE
0.122,0.707,0.687,-0.429,-1.925,8.881,SHAKE
0.128,0.707,0.718,3.806,-6.650,10.141,SHAKE
0.135,0.683,0.683,-2.975,-7.332,7.184,SHAKE
0.143,0.702,0.687,1.741,-2.537,4.646,SHAKE
0.156,0.731,0.717,4.480,-1.872,6.659,SHAKE
0.148,0.700,0.715,2.572,-5.644,9.573,SHAKE
0.157,0.697,0.728,3.596,-6.983,6.282,SHAKE
0.154,0.705,0.715,2.625,-9.966,1.689,SHAKE
0.155,0.714,0.720,3.483,-9.380,1.321,SHAKE
0.146,0.711,0.707,10.159,-8.802,2.625,SHAKE
0.148,0.758,0.726,18.454,-9.441,6.247,SHAKE
0.138,0.766,0.708,17.876,-14.481,10.841,SHAKE
0.138,0.831,0.671,21.368,-17.360,17.325,SHAKE
0.183,1.147,0.634,19.031,-17.850,57.680,SHAKE
0.136,0.980,0.655,20.142,-9.590,109.699,SHAKE
0.156,1.079,0.708,7.910,-16.958,127.164,SHAKE
0.130,1.073,0.777,-25.156,-30.100,182.726,SHAKE
0.162,0.817,0.819,-49.691,-53.769,209.344,SHAKE
0.294,0.455,0.691,-93.861,-79.669,202.072,SHAKE
0.410,0.110,0.518,-97.632,-89.005,177.966,SHAKE
0.561,-0.743,0.520,-75.268,-56.490,96.897,SHAKE
0.735,-1.030,0.222,-12.023,-23.214,-101.448,SHAKE
0.453,-0.369,0.211,85.934,6.790,-276.640,SHAKE
0.214,0.030,0.275,121.319,65.467,-286.685,SHAKE
-0.064,0.671,0.608,119.674,119.621,-286.685,SHAKE
-0.236,1.503,0.784,11.165,86.739,-286.685,SHAKE
-0.313,1.822,0.651,-90.668,71.549,-213.675,SHAKE
-0.378,1.712,0.665,-64.470,66.736,-103.399,SHAKE
-0.372,1.997,0.727,-26.285,42.735,59.999,SHAKE
-0.574,1.708,0.608,16.433,3.649,246.689,SHAKE
-0.560,1.419,0.792,14.184,-21.744,286.685,SHAKE
-0.569,1.033,0.865,-36.943,-35.700,286.685,SHAKE
-0.185,0.374,0.858,-77.674,-77.464,286.685,SHAKE
0.232,-0.100,0.540,-80.386,-124.232,286.685,SHAKE
0.450,-0.385,0.363,-29.339,-106.628,248.133,SHAKE
0.690,-0.742,0.400,62.825,-69.659,172.401,SHAKE
0.772,-0.766,0.573,88.979,-10.045,29.085,SHAKE
0.735,-0.651,0.689,35.228,13.536,-118.799,SHAKE
0.636,-0.461,0.570,5.136,10.377,-212.861,SHAKE
0.266,-0.201,0.284,11.506,28.000,-286.685,SHAKE
-0.073,0.119,0.331,51.713,82.425,-286.685,SHAKE
-0.386,0.734,0.479,66.946,91.140,-286.685,SHAKE
-0.510,1.464,0.564,33.792,85.418,-286.685,SHAKE
-0.601,1.835,0.698,-81.734,91.656,-283.430,SHAKE
-0.722,1.538,0.786,-37.030,74.331,-161.105,SHAKE
-0.718,1.920,0.822,-13.300,33.338,-40.189,SHAKE
-0.674,1.997,0.722,-10.552,-5.504,77.105,SHAKE
-0.740,1.744,0.562,14.359,-42.411,267.837,SHAKE
-0.671,0.947,0.713,30.074,-24.570,286.685,SHAKE
-0.257,0.500,0.890,-16.345,-12.880,286.685,SHAKE
-0.030,0.132,0.842,-49.700,-47.399,286.562,SHAKE
0.352,-0.444,0.664,-87.798,-70.018,187.661,SHAKE
0.553,-0.607,0.453,-47.084,-46.909,27.317,SHAKE
0.453,-0.244,0.427,48.107,-4.305,-140.411,SHAKE
0.306,-0.048,0.329,84.630,18.471,-206.299,SHAKE
0.025,0.201,0.365,95.191,67.874,-284.533,SHAKE
-0.241,0.681,0.469,62.431,85.960,-286.685,SHAKE
-0.380,1.048,0.549,11.585,80.719,-283.168,SHAKE
-0.359,1.548,0.632,-0.910,71.872,-224.070,SHAKE
-0.687,1.680,0.640,-0.639,38.465,-36.216,SHAKE
-0.483,1.019,0.640,10.815,45.106,16.844,SHAKE
-0.436,0.936,0.440,20.247,-5.924,2.065,SHAKE
-0.185,1.176,0.322,20.405,20.702,-13.484,SHAKE
-0.363,0.933,0.580,53.139,29.715,17.456,SHAKE
-0.312,0.971,0.663,45.272,21.945,44.459,SHAKE
-0.213,0.946,0.691,34.825,-2.100,30.406,SHAKE
-0.416,1.426,0.474,19.688,-27.702,-20.667,SHAKE
0.086,1.106,0.347,-16.616,-126.971,-63.639,SHAKE
-0.257,1.450,0.463,85.942,-67.944,-67.349,SHAKE
-0.221,1.388,0.602,65.450,-25.462,-117.022,SHAKE
-0.294,1.194,0.472,13.510,56.368,-196.131,SHAKE
-0.208,0.748,0.400,-0.971,66.841,-204.750,SHAKE
-0.443,0.400,0.385,-23.817,35.516,-195.650,SHAKE
-0.532,0.105,0.504,-26.600,26.740,-181.239,SHAKE
-0.666,-0.355,0.415,-40.022,40.259,-136.798,SHAKE
-0.681,-0.747,0.416,-45.071,28.236,-64.864,SHAKE
-0.675,-0.938,0.421,-62.283,9.739,41.921,SHAKE
-0.485,-0.871,0.396,-58.144,4.812,123.655,SHAKE
-0.222,-0.365,0.436,-3.789,-3.894,255.167,SHAKE
0.282,0.324,0.473,67.541,5.189,286.685,SHAKE
0.608,1.100,0.542,99.636,40.661,286.685,SHAKE
0.817,1.608,0.491,73.579,76.431,286.685,SHAKE
0.486,1.997,0.146,-35.289,103.976,282.485,SHAKE
0.585,1.997,-0.198,-72.800,37.389,63.709,SHAKE
0.532,1.997,-0.002,3.360,-53.200,-128.590,SHAKE
0.487,1.956,0.086,18.314,-73.159,-202.878,SHAKE
0.294,1.599,0.122,22.234,-103.652,-282.240,SHAKE
0.148,1.260,0.382,28.761,-160.615,-286.685,SHAKE
0.054,1.029,0.616,28.718,-185.964,-286.685,SHAKE
-0.066,0.453,0.944,7.245,-143.902,-286.685,SHAKE
-0.304,-0.263,1.018,-51.100,-35.079,-286.685,SHAKE
-0.391,-1.077,0.742,-109.935,34.650,-286.685,SHAKE
-0.609,-1.539,0.204,-136.780,20.125,-175.201,SHAKE
-0.559,-1.602,0.570,-54.810,-6.466,18.183,SHAKE
-0.525,-1.423,0.785,-38.299,-14.429,146.370,SHAKE
-0.199,-0.748,0.772,-60.384,26.233,281.138,SHAKE
0.098,-0.010,0.655,-53.646,26.801,286.685,SHAKE
0.447,0.275,0.680,-2.686,47.801,286.685,SHAKE
1.010,0.929,0.667,25.077,67.603,286.685,SHAKE
1.005,1.997,0.439,19.119,98.586,286.685,SHAKE
0.107,1.997,0.057,-86.467,-13.632,261.424,SHAKE
0.581,1.997,0.249,-60.541,-37.450,-41.256,SHAKE
0.616,1.962,0.351,74.077,2.021,-85.190,SHAKE
0.300,1.994,0.067,35.158,-16.721,-197.321,SHAKE
0.213,1.623,-0.011,36.592,-79.030,-286.685,SHAKE
0.211,1.267,0.241,88.174,-123.331,-286.685,SHAKE
0.198,0.824,0.665,108.404,-160.081,-286.685,SHAKE
-0.060,0.184,1.200,70.402,-137.821,-286.685,SHAKE
-0.264,-0.572,1.238,-56.665,-17.159,-286.685,SHAKE
-0.404,-1.096,0.936,-161.201,54.548,-283.649,SHAKE
-0.491,-1.760,0.367,-184.852,54.276,-174.510,SHAKE
-0.586,-1.667,0.419,-73.456,10.833,36.566,SHAKE
-0.457,-1.242,0.766,-32.515,-8.295,205.441,SHAKE
0.038,-0.634,0.617,-56.595,39.909,286.685,SHAKE
0.253,-0.157,0.519,-52.062,28.805,286.685,SHAKE
0.746,0.693,0.522,4.996,12.337,286.685,SHAKE
1.163,1.399,0.400,75.521,70.945,286.685,SHAKE
0.650,1.997,0.136,40.985,54.338,286.685,SHAKE
0.014,1.997,0.124,-53.533,-55.519,228.865,SHAKE
0.700,1.997,0.227,-2.152,-19.171,-99.024,SHAKE
0.433,1.946,0.131,53.463,10.701,-158.655,SHAKE
0.234,1.880,-0.101,6.090,-67.113,-275.240,SHAKE
0.179,1.432,0.039,39.882,-122.850,-286.685,SHAKE
0.117,0.899,0.489,97.213,-182.893,-286.685,SHAKE
-0.099,0.482,1.131,98.683,-170.004,-286.685,SHAKE
-0.241,-0.170,1.268,-11.235,-67.419,-286.685,SHAKE
-0.351,-0.669,1.134,-102.830,5.574,-286.685,SHAKE
-0.534,-1.532,0.578,-191.152,72.686,-239.759,SHAKE
-0.621,-1.641,0.154,-204.584,33.408,-47.084,SHAKE
-0.417,-1.402,0.398,-71.251,-38.465,144.279,SHAKE
-0.365,-1.224,0.738,-36.409,-15.802,284.069,SHAKE
0.183,-0.494,0.650,-25.970,6.650,286.685,SHAKE
0.855,0.310,0.615,24.815,12.784,286.685,SHAKE
1.386,1.136,0.505,104.519,61.618,286.685,SHAKE
1.351,1.981,0.286,84.989,60.498,286.685,SHAKE
-0.014,1.997,0.358,-159.932,-110.539,252.613,SHAKE
0.787,1.997,0.344,-53.856,-30.301,-97.125,SHAKE
0.499,1.997,0.252,74.253,46.428,-149.520,SHAKE
0.321,1.997,-0.046,11.489,-48.869,-285.723,SHAKE
0.241,1.518,0.202,35.394,-109.541,-286.685,SHAKE
0.263,1.001,0.647,92.111,-158.130,-286.685,SHAKE
0.202,0.223,1.271,102.121,-107.879,-286.685,SHAKE
0.052,-0.305,1.385,-25.576,-13.510,-286.685,SHAKE
-0.288,-1.108,1.099,-133.061,47.189,-286.685,SHAKE
-0.483,-1.736,0.489,-226.100,101.098,-209.895,SHAKE
-0.554,-1.422,0.065,-156.712,45.701,-2.135,SHAKE
-0.413,-1.373,0.275,-65.739,-30.546,131.915,SHAKE
-0.359,-1.355,0.619,-29.593,-10.789,241.684,SHAKE
0.269,-0.733,0.493,-54.740,-14.499,286.685,SHAKE
0.946,0.116,0.739,-0.945,-47.092,286.685,SHAKE
1.516,1.282,0.564,85.496,32.401,286.685,SHAKE
1.302,1.997,0.485,60.979,63.149,286.685,SHAKE
0.020,1.997,0.328,-155.085,-125.991,213.622,SHAKE
0.865,1.904,0.526,12.828,-17.343,-96.635,SHAKE
0.332,1.968,0.521,29.173,0.087,-114.144,SHAKE
0.113,1.997,0.173,-54.119,-20.116,-231.429,SHAKE
0.282,1.636,0.162,-3.465,-63.735,-286.685,SHAKE
0.311,0.876,0.480,76.598,-136.124,-286.685,SHAKE
0.234,0.104,1.075,80.798,-143.526,-286.685,SHAKE
0.030,-0.400,1.446,36.164,-95.786,-286.685,SHAKE
-0.244,-1.374,1.389,-88.323,39.209,-286.685,SHAKE
-0.402,-1.999,0.325,-165.515,107.511,-139.956,SHAKE
-0.532,-1.675,0.305,-95.690,38.972,96.530,SHAKE
-0.396,-1.169,0.403,-67.611,-14.105,200.217,SHAKE
-0.086,-0.701,0.552,-35.761,2.161,286.685,SHAKE
0.436,-0.132,0.606,-2.800,-31.360,286.685,SHAKE
1.098,0.541,0.790,33.329,-4.690,286.685,SHAKE
1.325,1.462,0.823,29.671,37.424,286.685,SHAKE
0.017,1.997,0.877,-108.815,-16.091,286.685,SHAKE
0.478,1.997,0.479,-161.534,-19.810,-17.036,SHAKE
0.575,1.887,0.492,42.420,83.283,-77.341,SHAKE
0.225,1.997,0.398,3.071,15.496,-164.202,SHAKE
0.081,1.874,0.384,9.529,-30.704,-286.685,SHAKE
0.227,1.121,0.448,55.877,-62.519,-286.685,SHAKE
0.334,0.240,0.968,131.810,-71.277,-286.685,SHAKE
0.128,-0.114,1.224,114.791,-57.382,-286.685,SHAKE
-0.258,-0.764,1.117,0.464,10.859,-286.685,SHAKE
-0.484,-1.305,0.819,-46.217,81.261,-242.830,SHAKE
-0.525,-1.504,0.623,-35.018,85.041,-57.522,SHAKE
-0.469,-1.331,0.455,-36.330,33.092,49.752,SHAKE
-0.328,-1.180,0.683,-49.919,-0.289,219.686,SHAKE
0.128,-0.593,0.518,-61.154,16.004,286.685,SHAKE
0.474,-0.129,0.616,-34.064,-19.434,286.685,SHAKE
0.950,0.756,0.689,17.360,20.265,286.685,SHAKE
0.747,1.997,0.656,9.704,52.194,286.685,SHAKE
-0.115,1.997,0.624,-156.415,-72.415,204.260,SHAKE
0.414,1.997,0.330,-112.332,-24.841,-79.319,SHAKE
0.433,1.978,0.405,80.798,23.975,-124.259,SHAKE
0.146,1.928,0.316,49.000,-64.951,-264.486,SHAKE
0.084,1.243,0.533,42.796,-99.015,-286.685,SHAKE
0.232,0.851,0.636,75.478,-93.896,-286.685,SHAKE
0.117,0.184,0.972,72.870,-79.467,-286.685,SHAKE
-0.218,-0.319,1.187,5.320,-42.516,-286.685,SHAKE
-0.501,-0.855,0.889,-87.973,36.050,-284.848,SHAKE
-0.436,-1.184,0.670,-78.925,66.911,-205.730,SHAKE
-0.467,-1.357,0.513,-43.890,66.973,-32.060,SHAKE
-0.387,-1.230,0.639,-42.814,0.892,133.577,SHAKE
-0.139,-0.830,0.686,-61.206,13.370,284.918,SHAKE
0.190,-0.313,0.469,-60.594,8.400,286.685,SHAKE
0.674,0.257,0.567,-4.874,-27.151,286.685,SHAKE
1.087,1.393,0.704,46.182,25.515,286.685,SHAKE
0.518,1.997,0.810,-60.419,1.383,286.685,SHAKE
-0.081,1.997,0.588,-189.455,-55.589,113.925,SHAKE
0.451,1.997,0.338,14.306,46.987,-167.501,SHAKE
0.365,1.882,0.421,82.976,-17.089,-246.120,SHAKE
0.154,1.659,0.553,61.057,-83.571,-286.685,SHAKE
0.060,0.946,0.831,63.577,-74.445,-286.685,SHAKE
0.162,0.376,1.104,57.680,-12.504,-286.685,SHAKE
-0.077,-0.245,0.938,-6.843,35.350,-286.685,SHAKE
-0.257,-0.647,0.821,-86.494,41.046,-284.550,SHAKE
-0.544,-1.087,0.494,-75.959,53.480,-214.375,SHAKE
-0.498,-1.261,0.380,-21.341,63.236,-68.136,SHAKE
-0.441,-1.286,0.415,-2.380,0.735,85.838,SHAKE
-0.381,-1.147,0.590,-14.490,-33.224,260.374,SHAKE
-0.108,-0.518,0.525,-17.421,-38.237,286.685,SHAKE
0.470,0.246,0.666,22.593,-37.643,286.685,SHAKE
0.875,1.127,0.611,66.281,21.595,286.685,SHAKE
0.756,1.950,0.526,46.987,40.792,286.685,SHAKE
-0.139,1.997,0.490,-107.826,-63.998,254.354,SHAKE
0.187,1.997,0.351,-43.111,-43.015,-78.015,SHAKE
0.392,1.984,0.430,68.198,5.338,-206.841,SHAKE
0.162,1.882,0.436,48.641,-38.518,-276.544,SHAKE
0.136,1.502,0.654,30.389,-58.441,-286.685,SHAKE
0.266,0.825,0.776,45.045,-44.118,-286.685,SHAKE
0.324,-0.065,0.910,18.095,0.858,-286.685,SHAKE
-0.003,-0.940,0.847,-35.831,18.716,-286.685,SHAKE
-0.457,-1.865,0.674,-133.035,-4.602,-232.811,SHAKE
-0.550,-1.704,0.679,-37.695,6.869,22.041,SHAKE
-0.422,-1.272,0.777,-24.316,-7.175,174.020,SHAKE
-0.142,-1.031,0.621,-16.669,28.070,269.237,SHAKE
0.176,-0.322,0.298,1.986,-11.139,286.685,SHAKE
0.869,0.442,0.531,59.518,-50.803,286.685,SHAKE
0.925,1.836,0.646,93.879,5.565,286.685,SHAKE
0.314,1.997,0.782,42.805,17.325,286.685,SHAKE
0.032,1.997,0.456,-80.054,-11.366,87.325,SHAKE
0.491,1.997,0.188,1.242,56.298,-171.202,SHAKE
0.358,1.997,0.100,35.866,-9.074,-276.605,SHAKE
0.220,1.896,0.206,30.642,-64.321,-286.685,SHAKE
0.513,1.146,0.647,51.030,-92.094,-286.685,SHAKE
0.425,0.297,0.926,80.036,-73.640,-286.685,SHAKE
0.048,-0.656,1.097,10.517,-31.001,-286.685,SHAKE
-0.406,-1.287,1.152,-51.634,-5.626,-286.326,SHAKE
-0.457,-1.622,0.863,-152.381,38.868,-153.178,SHAKE
-0.464,-1.325,0.415,-73.281,32.638,37.135,SHAKE
-0.307,-1.151,0.710,-17.833,-13.834,183.155,SHAKE
-0.199,-0.916,0.742,-16.730,9.642,284.008,SHAKE
0.040,-0.071,0.586,-3.824,11.025,286.685,SHAKE
0.665,0.421,0.602,7.936,34.659,286.685,SHAKE
0.799,1.779,0.493,-0.403,55.536,286.685,SHAKE
0.228,1.997,0.407,-10.789,42.963,286.685,SHAKE
0.000,1.997,0.170,-67.839,-53.847,84.534,SHAKE
0.338,1.997,0.379,80.701,-8.391,-131.556,SHAKE
0.148,1.997,0.289,74.541,-35.656,-266.376,SHAKE
0.190,1.995,0.355,57.697,-80.815,-286.685,SHAKE
0.494,1.084,0.839,70.000,-113.067,-286.685,SHAKE
0.304,0.032,1.040,47.705,-49.158,-286.685,SHAKE
0.024,-0.720,1.028,-60.725,-3.150,-286.685,SHAKE
-0.329,-1.238,0.905,-130.130,27.913,-286.501,SHAKE
-0.429,-1.805,0.331,-156.712,43.724,-143.920,SHAKE
-0.468,-1.441,0.193,19.407,11.637,71.146,SHAKE
-0.298,-1.256,0.671,29.636,-50.881,229.617,SHAKE
-0.161,-0.878,0.563,-0.700,-25.900,286.685,SHAKE
0.255,0.001,0.670,5.504,-34.825,286.685,SHAKE
0.746,0.720,0.739,42.376,17.500,286.685,SHAKE
0.797,1.904,0.620,29.549,73.649,286.685,SHAKE
0.092,1.997,0.461,-51.975,34.597,269.141,SHAKE
0.091,1.997,0.212,-139.396,-59.763,-10.132,SHAKE
0.503,1.997,0.347,71.111,11.314,-211.033,SHAKE
0.372,1.997,0.297,59.658,-58.791,-286.685,SHAKE
0.350,1.765,0.501,51.118,-103.014,-286.685,SHAKE
0.485,0.650,0.982,53.244,-75.688,-286.685,SHAKE
0.168,-0.223,1.090,60.314,7.472,-286.685,SHAKE
-0.245,-1.086,0.880,-37.581,28.577,-286.685,SHAKE
-0.450,-1.494,0.652,-94.421,23.581,-230.921,SHAKE
-0.476,-1.649,0.158,-50.435,4.253,-45.404,SHAKE
-0.418,-1.310,0.378,40.915,-36.330,132.300,SHAKE
-0.239,-0.863,0.545,19.635,-61.740,277.235,SHAKE
0.020,-0.417,0.556,16.424,-66.544,286.685,SHAKE
0.462,0.186,0.840,37.004,-78.759,286.685,SHAKE
0.838,0.971,0.986,74.427,-6.650,286.685,SHAKE
0.630,1.997,0.915,-37.275,57.768,286.685,SHAKE
0.004,1.997,0.865,-254.870,-45.649,187.189,SHAKE
0.139,1.997,0.647,-104.046,1.505,-105.184,SHAKE
0.405,1.997,0.532,57.855,126.114,-227.973,SHAKE
0.199,1.913,0.430,36.234,48.650,-286.685,SHAKE
0.129,1.309,0.491,26.285,26.985,-286.685,SHAKE
0.431,0.428,0.695,80.185,41.641,-286.685,SHAKE
0.182,-0.727,0.774,78.181,26.897,-286.685,SHAKE
-0.212,-1.271,0.713,39.550,-13.667,-239.076,SHAKE
-0.500,-1.815,0.734,-16.616,-9.266,-113.514,SHAKE
-0.368,-1.759,0.914,-13.221,2.940,95.200,SHAKE
-0.095,-1.248,0.656,-23.975,26.224,281.540,SHAKE
-0.024,-0.518,0.388,-27.676,19.714,286.685,SHAKE
0.579,0.253,0.521,15.172,-26.329,286.685,SHAKE
0.792,1.651,0.551,85.243,31.868,286.685,SHAKE
-0.130,1.997,0.492,-133.201,-30.284,271.092,SHAKE
0.164,1.997,0.215,-170.056,-133.849,10.719,SHAKE
0.203,1.932,0.623,67.918,4.611,-120.628,SHAKE
0.123,1.794,0.403,27.142,12.696,-236.023,SHAKE
0.049,1.045,0.626,15.934,-40.513,-286.685,SHAKE
0.001,0.558,0.624,-0.210,-36.286,-286.685,SHAKE
-0.161,-0.242,0.684,8.741,-34.746,-286.545,SHAKE
-0.367,-1.090,1.269,-4.839,-55.431,-186.935,SHAKE
-0.470,-1.226,1.064,-54.092,29.400,17.255,SHAKE
-0.415,-0.740,0.770,-19.688,74.533,141.417,SHAKE
-0.255,0.001,0.407,-3.797,48.939,228.856,SHAKE
-0.148,0.528,0.469,22.610,-3.561,267.453,SHAKE
-0.047,0.752,0.668,22.208,-14.385,281.365,SHAKE
0.012,1.221,0.659,25.987,3.754,277.821,SHAKE
-0.132,1.997,0.190,0.866,5.276,177.730,SHAKE
-0.084,1.406,0.352,45.841,-23.914,7.096,SHAKE
0.018,1.006,0.434,49.989,-32.533,-19.880,SHAKE
-0.518,0.918,0.744,12.127,-54.469,14.490,SHAKE
-0.314,0.992,0.583,-21.263,15.829,-4.979,SHAKE
-0.127,1.215,0.679,-90.746,2.091,57.689,SHAKE
-0.196,0.738,0.365,-86.223,-4.060,102.349,SHAKE
-0.279,1.195,0.466,-8.094,28.735,108.658,SHAKE
-0.266,1.281,0.768,4.637,37.853,157.824,SHAKE
-0.210,1.129,1.088,-55.737,-42.070,244.702,SHAKE
-0.237,0.776,1.012,-119.927,-129.798,286.685,SHAKE
-0.013,0.217,0.618,-145.408,-202.134,272.484,SHAKE
0.309,-0.336,0.391,-80.176,-174.309,187.775,SHAKE
0.602,-0.914,0.378,4.918,-75.582,34.659,SHAKE
0.568,-0.735,0.365,68.058,-30.450,-189.402,SHAKE
0.280,-0.447,0.384,80.010,-6.659,-285.565,SHAKE
-0.173,0.009,0.415,76.527,24.167,-286.685,SHAKE
-0.561,0.620,0.534,40.924,70.473,-286.685,SHAKE
-0.717,1.888,0.900,-56.980,108.684,-286.685,SHAKE
-0.715,1.997,1.000,-128.791,74.016,-260.216,SHAKE
-1.006,1.578,0.619,-45.544,7.289,-48.711,SHAKE
-0.943,1.428,0.851,65.170,-11.139,23.013,SHAKE
-0.792,1.498,0.656,8.759,-63.630,127.286,SHAKE
-0.575,1.393,0.541,0.770,-65.993,201.758,SHAKE
-0.364,1.387,0.556,-4.410,-67.848,285.644,SHAKE
-0.388,0.976,0.574,38.202,-73.789,286.685,SHAKE
-0.236,0.614,0.761,35.184,-58.091,286.685,SHAKE
-0.080,0.284,0.822,-29.496,-110.320,286.685,SHAKE
0.215,-0.420,0.434,-69.650,-172.637,286.685,SHAKE
0.516,-0.606,0.235,-2.608,-159.390,221.812,SHAKE
0.599,-0.563,0.242,47.294,-22.706,20.388,SHAKE
0.559,-0.414,0.335,66.194,40.031,-71.173,SHAKE
0.445,-0.368,0.581,85.452,87.001,-224.604,SHAKE
0.127,0.033,0.590,85.129,51.537,-286.685,SHAKE
-0.257,0.192,0.536,93.529,12.329,-286.685,SHAKE
-0.615,0.513,0.382,49.105,12.477,-286.685,SHAKE
-0.715,1.869,0.476,-98.989,70.271,-286.685,SHAKE
-0.632,1.997,0.726,-221.891,70.936,-204.566,SHAKE
-0.845,1.658,0.551,-124.364,23.984,-56.700,SHAKE
-0.828,1.397,0.795,41.440,13.020,-15.295,SHAKE
-0.646,1.684,0.752,-16.415,-52.561,84.350,SHAKE
-0.554,1.751,0.540,-53.322,-75.530,247.161,SHAKE
-0.452,1.428,0.423,-13.160,-91.569,286.685,SHAKE
-0.553,0.934,0.425,54.600,-11.996,286.685,SHAKE
-0.283,0.424,0.813,36.925,19.005,286.685,SHAKE
0.071,-0.156,0.811,-17.841,-50.951,286.685,SHAKE
0.336,-0.304,0.708,-25.016,-79.957,277.611,SHAKE
0.504,-0.448,0.555,10.649,-84.656,150.430,SHAKE
0.701,-0.896,0.570,46.664,-37.397,-17.894,SHAKE
0.529,-0.474,0.396,75.810,-19.906,-246.820,SHAKE
0.267,-0.196,0.414,65.713,-16.336,-286.685,SHAKE
-0.210,0.123,0.374,20.177,3.019,-286.685,SHAKE
-0.606,0.825,0.475,-65.135,35.035,-286.685,SHAKE
-0.644,1.976,0.766,-240.048,85.137,-286.685,SHAKE
-0.698,1.887,0.651,-282.835,49.149,-242.042,SHAKE
-0.789,1.504,0.744,-78.899,69.790,-99.085,SHAKE
-0.791,1.505,1.045,16.292,-2.170,3.132,SHAKE
-0.743,1.537,0.902,-16.949,-76.431,131.276,SHAKE
-0.668,1.779,0.830,-34.501,-85.934,242.279,SHAKE
-0.734,1.384,0.583,36.208,-84.490,286.685,SHAKE
-0.566,0.703,0.838,128.818,-14.901,286.685,SHAKE
-0.329,0.307,1.043,75.268,-61.670,286.685,SHAKE
0.074,-0.147,0.829,25.270,-121.870,286.685,SHAKE
0.384,-0.406,0.505,25.235,-177.152,279.195,SHAKE
0.541,-0.684,0.368,67.121,-153.379,144.279,SHAKE
0.664,-0.883,0.437,83.151,-90.615,-71.628,SHAKE
0.629,-0.467,0.272,56.350,-28.044,-213.491,SHAKE
0.203,-0.039,0.249,2.572,-10.964,-286.685,SHAKE
-0.194,0.341,0.342,-30.389,46.480,-286.685,SHAKE
-0.389,0.758,0.365,-33.241,64.654,-286.685,SHAKE
-0.497,1.662,0.646,-174.554,115.579,-286.685,SHAKE
-0.634,1.484,0.658,-276.876,97.895,-239.208,SHAKE
-0.787,1.417,0.841,-116.086,80.124,-148.899,SHAKE
-0.770,1.383,0.987,-42.201,4.839,-67.795,SHAKE
-0.784,1.667,0.938,-33.276,-46.751,22.103,SHAKE
-0.732,1.919,0.789,-21.376,-80.360,193.865,SHAKE
-0.757,1.443,0.590,48.081,-84.044,286.685,SHAKE
-0.719,0.917,0.575,109.357,-45.080,286.685,SHAKE
-0.363,0.459,1.017,149.056,-4.384,286.685,SHAKE
-0.008,-0.119,1.089,57.111,-81.077,286.685,SHAKE
0.338,-0.323,0.723,-18.638,-182.306,276.763,SHAKE
0.463,-0.416,0.477,-38.412,-213.526,199.325,SHAKE
0.569,-0.766,0.318,-26.740,-156.572,34.851,SHAKE
0.541,-0.541,-0.016,15.085,-79.853,-204.391,SHAKE
0.148,-0.063,0.082,6.965,14.341,-286.685,SHAKE
-0.066,0.271,0.216,-14.814,67.077,-286.685,SHAKE
-0.325,0.985,0.503,-59.272,117.950,-286.685,SHAKE
-0.380,1.622,0.860,-196.893,133.717,-286.685,SHAKE
-0.632,1.068,0.687,-257.661,60.209,-217.105,SHAKE
-0.732,1.151,0.755,-186.305,74.497,-190.750,SHAKE
-0.715,1.405,1.046,-97.720,31.115,-118.562,SHAKE
-0.709,1.629,1.021,-6.081,-23.021,3.815,SHAKE
-0.694,1.542,0.737,44.616,-67.130,164.159,SHAKE
-0.634,1.431,0.795,111.764,-63.577,246.890,SHAKE
-0.434,0.881,0.600,118.353,-23.704,286.685,SHAKE
-0.198,0.350,0.799,209.807,4.725,286.685,SHAKE
0.018,0.149,1.053,192.089,-27.983,274.706,SHAKE
0.115,-0.089,0.969,139.694,-84.219,208.819,SHAKE
0.402,-0.327,0.638,97.020,-170.747,50.680,SHAKE
0.397,0.173,0.071,104.466,-192.325,-109.567,SHAKE
0.340,0.492,0.055,67.935,-120.190,-162.164,SHAKE
0.302,0.491,0.261,-11.480,-68.609,-176.330,SHAKE
0.159,0.826,0.501,-123.121,39.576,-175.831,SHAKE
0.010,0.910,0.658,-214.322,4.463,-137.279,SHAKE
-0.063,0.940,0.531,-261.047,-12.311,-125.169,SHAKE
-0.242,1.452,0.426,-219.852,-0.744,-117.110,SHAKE
-0.337,1.997,0.423,-153.738,29.969,-2.494,SHAKE
-0.614,1.822,0.562,-1.925,58.327,167.536,SHAKE
-0.526,1.338,0.631,45.325,46.419,255.071,SHAKE
-0.328,1.187,0.665,37.721,35.840,285.250,SHAKE
-0.185,0.986,0.810,1.785,-0.928,286.685,SHAKE
-0.000,0.234,0.890,-22.995,-43.321,286.685,SHAKE
0.253,-0.145,0.782,-16.275,-96.696,280.849,SHAKE
0.511,-0.423,0.627,-3.684,-109.506,210.341,SHAKE
0.625,-0.616,0.540,50.234,-58.835,78.969,SHAKE
0.768,-0.721,0.576,83.702,-19.171,-102.603,SHAKE
0.549,-0.494,0.498,82.145,-54.854,-280.858,SHAKE
0.121,-0.094,0.451,56.954,-44.380,-286.685,SHAKE
-0.203,0.318,0.299,7.543,-13.055,-286.685,SHAKE
-0.519,1.036,0.344,-84.490,47.460,-286.685,SHAKE
-0.631,1.635,0.501,-158.769,90.493,-286.685,SHAKE
-0.840,1.646,0.650,-216.554,86.275,-236.408,SHAKE
-0.960,1.596,0.867,-98.473,85.015,-123.541,SHAKE
-0.964,1.738,0.850,-64.654,15.864,14.271,SHAKE
-0.876,1.760,0.754,-30.870,-4.156,112.402,SHAKE
-0.643,1.615,0.747,31.780,-15.347,265.589,SHAKE
-0.771,1.213,0.727,74.882,-1.470,286.685,SHAKE
-0.485,0.457,1.001,120.925,6.930,286.685,SHAKE
-0.241,0.053,1.187,107.196,-31.211,286.685,SHAKE
0.212,-0.220,0.997,21.980,-140.367,286.685,SHAKE
0.472,-0.265,0.501,-39.681,-229.434,267.995,SHAKE
0.521,-0.655,0.157,-27.090,-229.040,162.908,SHAKE
0.649,-0.906,-0.005,-7.516,-165.699,15.059,SHAKE
0.466,-0.594,-0.177,-2.354,-47.959,-252.648,SHAKE
-0.035,-0.015,0.154,-24.701,92.033,-286.685,SHAKE
-0.249,0.437,0.374,-15.977,131.617,-286.685,SHAKE
-0.610,0.857,0.570,-61.119,136.071,-286.685,SHAKE
-0.661,1.641,0.926,-256.480,142.144,-286.685,SHAKE
-0.861,1.505,0.893,-276.885,83.134,-240.083,SHAKE
-0.960,1.608,1.135,-126.665,75.863,-124.416,SHAKE
-0.917,1.633,1.185,-50.627,18.218,-33.355,SHAKE
-0.956,1.692,0.972,15.199,-78.978,121.301,SHAKE
-0.797,1.833,0.846,68.635,-98.402,275.669,SHAKE
-0.764,1.005,0.514,115.264,-73.850,286.685,SHAKE
-0.612,0.577,0.626,182.499,-31.631,286.685,SHAKE
-0.204,0.201,0.981,170.721,-3.649,286.685,SHAKE
0.160,-0.111,0.994,62.011,-101.404,286.685,SHAKE
0.349,-0.247,0.504,-33.784,-197.444,283.754,SHAKE
0.534,-0.759,0.269,-32.900,-212.389,201.871,SHAKE
0.693,-0.993,-0.081,12.626,-135.546,-76.029,SHAKE
0.367,-0.283,0.083,-5.128,-16.494,-286.685,SHAKE
0.025,0.137,0.140,-28.569,91.175,-286.685,SHAKE
-0.276,0.625,0.436,-40.294,111.396,-286.685,SHAKE
-0.445,1.384,0.730,-150.736,134.488,-286.685,SHAKE
-0.555,1.523,0.792,-273.779,87.938,-276.220,SHAKE
-0.797,1.365,0.749,-200.568,66.841,-157.509,SHAKE
-0.831,1.365,0.884,-120.899,51.275,-104.484,SHAKE
-0.785,1.434,1.007,-23.485,-2.380,-13.125,SHAKE
-0.662,1.507,0.893,15.120,-53.743,103.618,SHAKE
-0.608,1.594,0.830,50.181,-55.711,258.720,SHAKE
-0.613,1.192,0.665,73.474,-58.109,286.685,SHAKE
-0.403,0.596,0.717,172.104,-20.580,286.685,SHAKE
-0.071,0.659,1.020,131.941,-20.755,286.685,SHAKE
0.055,0.249,0.921,30.074,-94.964,286.685,SHAKE
0.223,-0.045,0.669,-15.890,-158.305,286.685,SHAKE
0.408,-0.340,0.194,-22.426,-224.402,262.605,SHAKE
0.607,-0.707,-0.067,18.734,-133.376,77.315,SHAKE
0.599,-0.656,0.033,33.801,19.337,-183.208,SHAKE
0.390,-0.233,0.205,8.645,73.518,-284.856,SHAKE
-0.019,0.188,0.362,-43.584,91.262,-286.685,SHAKE
-0.345,0.604,0.569,-86.004,114.266,-286.685,SHAKE
-0.455,1.143,0.775,-189.149,135.485,-286.685,SHAKE
-0.525,1.712,0.911,-242.410,116.121,-286.011,SHAKE
-0.704,1.897,0.910,-180.031,62.309,-124.600,SHAKE
-0.733,1.925,1.020,-13.379,3.736,33.583,SHAKE
-0.720,1.531,0.918,48.676,-64.120,184.861,SHAKE
-0.582,1.530,0.800,52.596,-73.815,264.057,SHAKE
-0.531,1.276,0.750,70.717,-53.375,286.685,SHAKE
-0.424,0.750,0.978,118.239,-50.024,286.685,SHAKE
-0.186,0.147,0.777,74.480,-114.109,286.685,SHAKE
0.069,-0.098,0.487,0.026,-149.774,286.685,SHAKE
0.421,-0.705,0.189,-13.265,-156.065,286.685,SHAKE
0.683,-0.855,0.138,44.424,-77.621,150.570,SHAKE
0.747,-0.596,0.163,62.545,35.936,-38.185,SHAKE
0.681,-0.389,0.315,54.434,88.856,-116.533,SHAKE
0.548,-0.182,0.606,19.749,117.075,-203.674,SHAKE
0.340,0.200,0.877,-12.950,92.514,-286.510,SHAKE
-0.078,0.459,0.734,15.627,1.138,-286.685,SHAKE
-0.376,0.596,0.485,28.420,-24.334,-286.685,SHAKE
-0.443,1.573,0.460,18.646,-27.177,-286.685,SHAKE
-0.510,1.997,0.646,-86.669,-7.341,-269.990,SHAKE
-0.590,1.996,0.488,-100.205,-32.874,-70.700,SHAKE
-0.575,1.973,0.441,-64.995,-29.864,28.595,SHAKE
-0.543,1.814,0.368,-46.673,-10.141,185.798,SHAKE
-0.438,1.884,0.662,-11.016,22.741,286.685,SHAKE
-0.738,1.544,0.863,-39.629,-9.818,286.685,SHAKE
-0.727,0.497,0.706,-65.441,-60.576,286.685,SHAKE
-0.080,-0.423,0.419,-81.323,-75.320,286.685,SHAKE
0.515,-0.921,0.329,-59.132,-45.640,285.644,SHAKE
0.543,-0.960,0.306,81.340,34.711,113.129,SHAKE
0.628,-0.815,0.808,133.455,79.240,20.781,SHAKE
0.805,-0.815,1.017,111.405,30.266,-63.219,SHAKE
0.652,-0.795,0.694,119.770,-18.218,-160.492,SHAKE
0.556,-0.620,0.625,149.319,-10.658,-286.685,SHAKE
0.067,0.050,0.530,148.645,-34.151,-286.685,SHAKE
-0.727,0.431,0.420,128.756,-105.910,-286.685,SHAKE
-1.123,0.945,0.165,112.499,-163.144,-286.685,SHAKE
-0.829,1.997,0.315,-94.920,-113.995,-286.685,SHAKE
-0.832,1.997,0.348,-249.821,-42.420,-106.811,SHAKE
-0.844,1.392,0.516,-61.259,-1.304,-70.814,SHAKE
-0.681,1.255,0.650,-40.784,-45.325,-6.816,SHAKE
-0.506,1.066,0.433,-53.673,-57.006,50.601,SHAKE
-0.376,1.364,0.270,-46.917,1.006,129.255,SHAKE
-0.312,1.790,0.618,-10.334,11.611,215.792,SHAKE
-0.685,1.541,0.478,-15.033,25.183,286.685,SHAKE
-0.798,0.926,0.716,24.360,17.614,286.685,SHAKE
-0.662,0.539,0.627,-77.884,-35.822,286.685,SHAKE
-0.272,0.041,0.401,-117.460,-57.015,286.685,SHAKE
0.306,-0.720,0.454,-64.802,-33.504,286.685,SHAKE
0.565,-0.710,0.569,15.531,19.206,179.541,SHAKE
0.655,-0.527,0.776,49.604,48.974,62.571,SHAKE
0.846,-0.799,0.997,28.761,38.500,11.410,SHAKE
0.751,-0.690,0.885,29.085,1.286,-83.309,SHAKE
0.678,-0.663,0.796,59.806,13.501,-219.275,SHAKE
0.543,-0.484,0.750,100.607,-5.434,-286.633,SHAKE
-0.063,-0.011,0.757,127.776,-58.826,-286.685,SHAKE
-0.594,0.228,0.699,105.131,-111.029,-286.685,SHAKE
-0.937,0.938,0.404,11.252,-116.104,-286.685,SHAKE
-0.770,1.780,0.514,-240.844,-48.632,-286.685,SHAKE
-0.818,1.322,0.454,-286.195,-12.871,-268.074,SHAKE
-0.858,1.137,0.740,-188.247,69.808,-228.751,SHAKE
-0.776,1.247,0.993,-139.387,35.472,-124.688,SHAKE
-0.894,1.363,0.802,-53.401,-6.466,-8.977,SHAKE
-0.824,1.945,1.037,30.371,-7.446,149.258,SHAKE
-0.911,1.831,0.626,16.660,-30.695,284.734,SHAKE
-1.065,1.117,0.626,109.410,39.847,286.685,SHAKE
-0.835,0.724,1.232,129.649,67.777,286.685,SHAKE
-0.910,0.421,1.399,8.977,-99.409,286.685,SHAKE
-0.639,0.198,0.837,-97.930,-205.249,286.685,SHAKE
-0.274,-0.024,0.095,-134.444,-214.069,286.685,SHAKE
0.384,-0.752,0.200,34.510,-103.486,286.685,SHAKE
0.668,-0.625,0.451,133.429,-18.025,136.290,SHAKE
0.739,-0.626,0.701,98.919,10.028,60.961,SHAKE
0.910,-0.783,0.762,-13.352,13.370,6.239,SHAKE
0.756,-0.668,0.574,-20.204,-19.171,-55.309,SHAKE
0.726,-0.690,0.629,25.926,28.079,-154.744,SHAKE
0.688,-0.554,0.566,48.904,30.756,-256.296,SHAKE
0.356,0.022,0.471,59.553,25.821,-286.685,SHAKE
-0.242,0.313,0.811,90.939,-13.449,-286.685,SHAKE
-0.620,0.463,0.661,174.982,-78.033,-286.685,SHAKE
-0.784,0.814,0.534,124.705,-129.404,-286.685,SHAKE
-0.704,1.669,0.342,-215.154,-91.525,-286.685,SHAKE
-0.737,1.091,0.390,-271.128,13.011,-286.405,SHAKE
-0.639,1.042,0.883,-139.659,86.660,-262.999,SHAKE
-0.618,0.890,0.908,-169.330,3.089,-177.669,SHAKE
-0.740,0.673,0.700,-159.924,-12.583,-145.801,SHAKE
-0.659,0.833,0.883,-72.660,-39.034,-130.217,SHAKE
-0.784,0.969,0.660,-118.598,26.836,-7.403,SHAKE
-0.763,1.029,1.015,-30.301,70.919,79.800,SHAKE
-0.757,1.031,0.968,-23.468,58.476,158.655,SHAKE
-0.737,0.866,1.014,32.751,19.346,252.315,SHAKE
-0.707,0.970,0.961,13.274,-32.051,286.685,SHAKE
-0.637,0.929,0.988,39.769,-93.923,286.685,SHAKE
-0.773,1.023,1.052,17.019,-107.012,286.685,SHAKE
-0.882,0.786,1.129,-55.423,-226.441,286.685,SHAKE
-0.883,0.211,0.349,-142.459,-286.685,286.685,SHAKE
-0.394,-0.397,-0.000,-58.144,-281.120,286.685,SHAKE
0.268,-0.708,-0.076,79.319,-117.723,275.117,SHAKE
0.698,-0.597,0.433,197.829,-10.658,150.526,SHAKE
0.841,-0.524,0.879,111.283,-20.134,83.851,SHAKE
0.881,-0.704,0.568,-10.964,-54.486,56.228,SHAKE
0.833,-0.584,0.426,3.631,-30.686,-5.609,SHAKE
0.878,-0.578,0.622,54.145,34.125,-89.180,SHAKE
0.833,-0.610,0.656,75.897,41.720,-217.053,SHAKE
0.506,-0.236,0.493,82.381,24.806,-286.685,SHAKE
0.233,0.029,0.367,85.400,29.759,-286.685,SHAKE
-0.273,0.160,0.711,89.723,12.609,-286.685,SHAKE
-0.520,0.385,0.645,104.353,-60.769,-286.685,SHAKE
-0.672,1.100,0.524,-40.609,-84.018,-286.685,SHAKE
-0.663,1.366,0.533,-200.288,-48.283,-286.685,SHAKE
-0.717,0.985,0.546,-283.386,6.142,-286.685,SHAKE
-0.773,0.999,0.825,-225.715,65.424,-252.630,SHAKE
-0.779,0.874,0.931,-191.739,32.524,-164.727,SHAKE
-0.785,0.831,0.900,-171.474,-0.551,-95.410,SHAKE
-0.715,0.789,0.894,-110.512,-26.635,-79.240,SHAKE
-0.739,0.991,0.854,-58.292,4.812,10.631,SHAKE
-0.788,0.925,1.024,13.221,13.160,116.882,SHAKE
-0.785,0.866,0.959,21.805,14.840,191.109,SHAKE
-0.644,0.752,0.950,38.447,-6.099,273.578,SHAKE
-0.497,0.894,1.106,28.376,-40.381,286.685,SHAKE
-0.642,0.891,1.084,33.162,-108.027,286.685,SHAKE
-0.595,0.739,1.120,26.985,-136.815,286.685,SHAKE
-0.671,0.531,1.193,-40.556,-251.834,286.685,SHAKE
-0.556,0.118,0.565,-135.643,-286.685,286.685,SHAKE
-0.073,-0.556,0.154,-83.300,-286.685,286.685,SHAKE
0.399,-0.665,0.182,35.184,-206.246,201.451,SHAKE
0.761,-0.672,0.321,74.839,-132.125,109.314,SHAKE
0.821,-0.827,0.340,101.824,-111.283,-0.858,SHAKE
0.947,-1.032,0.209,91.018,-47.241,-144.576,SHAKE
0.795,-0.694,0.288,90.519,2.021,-285.049,SHAKE
0.589,-0.201,0.510,75.652,24.334,-286.685,SHAKE
0.187,0.169,0.678,6.073,-33.766,-286.685,SHAKE
-0.134,0.870,0.697,-125.982,-53.428,-286.685,SHAKE
-0.116,1.351,0.851,-276.106,-64.715,-286.685,SHAKE
-0.187,1.333,0.776,-286.685,-54.862,-265.799,SHAKE
-0.175,1.261,1.021,-286.685,-17.106,-210.000,SHAKE
-0.106,1.152,0.935,-286.685,-14.315,-94.938,SHAKE
0.081,0.837,1.079,-286.685,-39.174,-14.507,SHAKE
0.233,0.735,1.459,-286.685,-66.062,89.784,SHAKE
0.275,0.299,1.521,-286.685,-174.641,140.350,SHAKE
0.050,-0.232,0.948,-286.685,-286.685,234.920,SHAKE
0.227,-0.844,0.398,-198.747,-237.501,126.341,SHAKE
0.506,-0.677,0.700,7.779,-134.269,50.627,SHAKE
0.683,-0.615,0.874,107.363,-118.746,65.817,SHAKE
0.694,-0.441,0.841,203.525,-131.688,70.000,SHAKE
0.640,-0.505,0.799,286.685,-137.777,70.954,SHAKE
0.495,-0.527,0.876,286.685,-126.420,43.741,SHAKE
0.572,-0.444,0.769,286.685,-100.240,21.096,SHAKE
0.544,-0.127,0.590,286.685,-99.838,8.767,SHAKE
0.502,0.043,0.254,286.685,-54.950,-8.094,SHAKE
0.531,0.065,0.282,286.685,12.285,-32.121,SHAKE
0.503,0.069,0.423,286.685,24.657,-86.861,SHAKE
0.468,0.152,0.406,286.685,17.815,-132.387,SHAKE
0.396,0.193,0.400,283.237,-11.025,-198.730,SHAKE
0.224,0.371,0.182,186.917,-12.810,-257.364,SHAKE
0.109,0.438,0.088,171.885,-6.011,-286.685,SHAKE
-0.044,0.682,0.069,83.484,-18.909,-286.685,SHAKE
-0.215,1.183,0.188,-118.808,12.504,-286.685,SHAKE
-0.317,1.398,0.258,-128.984,117.696,-250.101,SHAKE
-0.282,1.014,0.628,-140.770,69.554,-204.391,SHAKE
-0.362,0.594,0.681,-209.729,8.636,-215.626,SHAKE
-0.571,0.927,0.627,-267.479,-0.962,-224.516,SHAKE
-0.651,1.283,0.848,-226.818,54.574,-172.751,SHAKE
-0.607,0.937,0.852,-178.421,-18.419,-138.320,SHAKE
-0.819,1.096,0.810,-238.035,0.814,-66.780,SHAKE
-0.798,1.108,0.785,-196.079,-6.904,10.535,SHAKE
-0.643,1.006,1.039,-156.931,20.142,99.146,SHAKE
-0.609,0.854,1.004,-195.020,-23.494,195.090,SHAKE
-0.570,0.763,0.955,-205.266,-61.600,238.551,SHAKE
-0.438,0.590,0.919,-145.670,-72.336,267.820,SHAKE
-0.294,0.487,1.147,-97.449,-98.026,281.487,SHAKE
-0.200,0.395,1.184,-117.040,-191.931,286.685,SHAKE
-0.081,0.189,1.132,-156.310,-257.749,286.685,SHAKE
-0.086,-0.263,0.586,-130.191,-286.685,281.951,SHAKE
0.020,-0.806,-0.280,-16.966,-218.479,130.533,SHAKE
0.016,-0.908,-0.069,190.523,55.702,-140.726,SHAKE
0.055,-0.077,0.864,228.515,211.934,-286.685,SHAKE
0.079,0.317,0.999,187.889,157.054,-286.685,SHAKE
-0.178,0.131,0.724,149.310,61.959,-286.685,SHAKE
-0.361,0.292,0.900,108.570,49.744,-286.685,SHAKE
-0.395,1.009,1.211,-41.370,64.890,-286.685,SHAKE
-0.515,1.336,1.172,-142.747,53.436,-245.289,SHAKE
-0.615,1.097,0.922,-138.906,4.314,-79.747,SHAKE
-0.637,0.839,0.628,6.396,16.756,-14.665,SHAKE
-0.593,0.777,0.958,22.006,66.001,56.595,SHAKE
-0.523,0.757,0.902,7.359,46.970,92.680,SHAKE
-0.501,0.495,0.768,29.382,44.879,116.471,SHAKE
-0.318,-0.015,0.478,44.424,116.751,57.584,SHAKE
-0.393,0.178,0.963,54.425,119.280,8.094,SHAKE
-0.366,0.360,1.167,56.385,95.594,-17.255,SHAKE
-0.377,0.401,1.228,74.410,23.485,-29.671,SHAKE
-0.416,0.371,0.966,52.526,-40.653,-30.161,SHAKE
-0.463,0.603,0.834,10.500,-60.401,14.297,SHAKE
-0.761,0.781,0.276,39.471,36.794,24.421,SHAKE
-0.656,0.625,0.458,53.550,49.936,54.197,SHAKE
-0.395,0.676,0.637,60.917,62.790,35.411,SHAKE
-0.653,0.473,0.793,19.644,24.876,31.946,SHAKE
-0.369,0.893,0.915,1.242,-15.330,-0.175,SHAKE
-0.310,1.388,0.695,-40.031,-36.531,-28.840,SHAKE
-0.508,1.544,0.956,-35.770,23.660,-126.980,SHAKE
-0.426,1.166,1.083,-28.875,101.308,-216.239,SHAKE
-0.399,0.784,0.937,-72.774,186.629,-234.316,SHAKE
-0.491,0.450,0.668,-150.614,186.428,-282.065,SHAKE
-0.440,-0.150,0.178,-204.951,213.246,-286.685,SHAKE
-0.417,-0.679,-0.145,-170.258,178.351,-274.383,SHAKE
-0.268,-1.079,-0.482,-116.865,119.122,-164.500,SHAKE
-0.440,-1.365,-0.415,-89.014,49.131,-36.234,SHAKE
-0.495,-1.087,-0.220,-144.296,-51.188,57.120,SHAKE
-0.560,-1.139,0.197,-207.594,-127.916,124.609,SHAKE
-0.187,-0.813,0.408,-187.836,-129.876,241.141,SHAKE
-0.000,-0.264,0.204,-19.407,-153.667,286.685,SHAKE
0.296,0.451,0.274,143.238,-205.581,286.685,SHAKE
0.457,1.399,0.404,286.659,-194.057,286.685,SHAKE
0.155,1.997,0.769,187.092,-222.723,286.685,SHAKE
-0.280,1.997,0.977,-9.677,-218.715,184.958,SHAKE
-0.021,1.992,0.857,-51.205,-148.724,-26.049,SHAKE
-0.054,1.767,0.498,48.545,-72.607,-128.310,SHAKE
-0.185,1.789,0.628,109.235,-139.834,-260.190,SHAKE
-0.315,1.338,1.050,109.077,-136.159,-286.685,SHAKE
-0.283,0.646,1.526,67.637,-50.540,-286.685,SHAKE
-0.113,0.106,1.468,-33.119,52.666,-286.685,SHAKE
-0.302,-0.706,0.779,-172.830,173.049,-286.685,SHAKE
-0.449,-1.377,0.068,-232.488,170.546,-268.529,SHAKE
-0.697,-1.015,0.080,-124.574,96.136,-38.124,SHAKE
-0.704,-0.709,0.324,-55.213,51.853,38.062,SHAKE
-0.655,-0.616,0.316,-15.321,72.170,76.527,SHAKE
-0.163,-0.688,0.036,-16.546,71.794,190.654,SHAKE
0.034,-0.223,-0.306,-14.350,-7.227,286.685,SHAKE
0.246,0.241,-0.309,2.004,-140.962,286.685,SHAKE
0.347,1.131,0.086,28.814,-220.500,286.685,SHAKE
0.083,1.997,0.174,38.903,-263.603,286.685,SHAKE
-0.091,1.997,0.369,87.981,-285.320,173.932,SHAKE
-0.026,1.969,0.707,82.399,-286.685,-25.506,SHAKE
0.049,1.376,0.774,-6.379,-285.040,-123.935,SHAKE
-0.011,0.497,0.723,-62.519,-240.223,-172.988,SHAKE
-0.227,0.155,0.989,-140.639,-277.909,-169.636,SHAKE
-0.424,-0.037,1.747,-143.246,-216.212,-93.126,SHAKE
-0.457,-0.031,1.999,-203.201,-11.690,5.749,SHAKE
-0.443,0.289,1.989,-286.038,114.424,22.085,SHAKE
-0.239,0.417,1.551,-286.685,206.255,43.759,SHAKE
-0.277,0.595,1.204,-284.340,254.336,96.897,SHAKE
-0.282,0.694,1.071,-234.509,285.609,80.832,SHAKE
-0.422,0.890,0.638,-90.720,285.924,57.522,SHAKE
-0.471,1.139,-0.313,230.878,286.633,-48.414,SHAKE
0.126,-0.006,-0.586,286.685,225.829,-58.083,SHAKE
-0.216,-0.354,0.199,286.685,5.416,63.446,SHAKE
-0.731,-0.734,1.502,257.871,-246.295,160.501,SHAKE
-0.511,-0.330,1.205,-208.924,-48.169,183.164,SHAKE
-0.376,0.370,1.247,-286.685,-77.586,212.783,SHAKE
-0.681,1.975,1.426,-199.894,18.340,229.294,SHAKE
-1.016,1.997,1.005,-90.974,126.420,32.751,SHAKE
-0.256,1.720,0.695,173.285,218.697,-252.210,SHAKE
0.025,0.259,0.710,201.504,193.393,-272.029,SHAKE
-0.302,-1.713,-0.154,-20.046,134.592,-211.908,SHAKE
0.020,-1.996,-1.160,-159.530,76.589,-16.958,SHAKE
-0.139,-0.624,-0.292,-158.217,-236.548,236.486,SHAKE
-0.244,1.449,1.171,25.130,-286.685,286.685,SHAKE
-0.924,1.997,1.999,112.866,-261.117,78.514,SHAKE
-0.414,1.997,1.999,73.631,112.507,-263.253,SHAKE
0.099,0.952,1.403,8.566,276.439,-286.685,SHAKE
-0.093,-0.092,-0.003,-121.030,286.685,-286.685,SHAKE
0.034,-1.999,-1.408,-177.240,232.356,-229.880,SHAKE
-0.105,-1.140,-1.503,-106.173,-110.224,73.920,SHAKE
-0.106,-0.548,-0.138,-25.778,-286.685,199.561,SHAKE
-0.002,0.165,1.499,51.634,-286.685,265.580,SHAKE
-0.339,1.205,1.999,101.185,-280.709,286.685,SHAKE
-0.638,1.997,1.999,-174.694,47.565,152.819,SHAKE
-0.223,1.608,1.500,-285.994,286.685,-76.449,SHAKE
-0.205,1.188,0.801,-259.385,286.685,-137.148,SHAKE
-0.126,0.833,-0.341,-193.349,286.685,-215.023,SHAKE
-0.004,-0.347,-1.513,3.360,286.029,-228.331,SHAKE
-0.040,-0.954,-1.251,196.621,-173.985,-45.500,SHAKE
-0.142,-0.860,1.295,176.732,-286.685,120.207,SHAKE
-0.339,-0.190,1.999,113.662,-286.685,218.059,SHAKE
-0.771,0.435,1.999,-10.552,-122.509,182.735,SHAKE
-0.547,0.667,1.862,-75.696,204.820,100.923,SHAKE
-0.551,1.140,0.460,-16.984,286.641,-13.405,SHAKE
-0.382,0.862,-0.460,277.279,286.685,-156.747,SHAKE
0.127,0.009,-0.259,286.685,233.686,-117.880,SHAKE
-0.172,-0.412,0.602,286.685,-105.577,68.819,SHAKE
-0.385,-0.091,0.982,60.725,-227.579,125.746,SHAKE
-0.473,0.138,1.062,-204.076,-129.710,106.382,SHAKE
-0.431,0.194,1.156,-277.568,-88.918,110.092,SHAKE
-0.620,0.649,1.203,-286.685,-13.685,116.909,SHAKE
-0.824,1.251,0.907,-220.841,67.830,70.070,SHAKE
-1.041,1.926,-0.114,1.601,91.105,-150.798,SHAKE
-0.072,1.007,-0.371,260.785,79.485,-283.176,SHAKE
-0.004,-0.277,0.976,286.685,-166.714,-126.805,SHAKE
-0.436,-0.972,1.999,161.928,-263.944,91.639,SHAKE
-0.434,-0.017,1.499,-286.685,31.028,173.574,SHAKE
-0.308,0.322,0.662,-286.685,31.579,178.727,SHAKE
-0.339,0.293,0.612,-286.685,-63.884,173.005,SHAKE
-0.546,0.722,0.872,-154.866,-87.482,211.120,SHAKE
-0.618,0.997,1.237,-25.462,-46.690,116.095,SHAKE
-0.627,1.050,1.424,13.344,-62.589,-20.624,SHAKE
-0.694,1.361,1.487,159.101,-37.083,-110.880,SHAKE
-0.103,1.087,1.183,286.685,91.210,-278.836,SHAKE
0.459,0.295,1.017,286.685,54.162,-286.685,SHAKE
0.344,-0.229,1.060,286.685,-1.383,-232.531,SHAKE
-0.088,-0.336,1.075,192.745,-74.541,-95.699,SHAKE
-0.166,-0.253,0.145,-182.000,-95.629,-33.565,SHAKE
0.098,-0.564,0.079,-235.121,-247.223,49.053,SHAKE
0.374,-0.782,0.706,-120.339,-286.685,190.068,SHAKE
0.339,-0.258,1.973,-42.534,-286.685,286.247,SHAKE
0.119,0.752,1.999,-14.560,-75.320,286.685,SHAKE
0.221,0.986,1.979,-94.518,273.490,286.685,SHAKE
0.177,1.426,1.292,-95.865,286.685,238.656,SHAKE
-0.291,1.997,0.619,-124.302,286.685,74.576,SHAKE
0.568,1.626,-0.512,7.166,286.685,-268.783,SHAKE
0.728,-0.204,-0.597,285.950,107.012,-286.685,SHAKE
0.380,-0.199,0.433,286.151,-286.685,-237.869,SHAKE
0.202,-0.641,1.111,102.393,-286.685,-135.660,SHAKE
0.043,-1.229,1.968,2.537,-286.685,-14.123,SHAKE
-0.000,-0.603,1.999,5.722,-225.488,252.814,SHAKE
0.162,0.239,1.999,-66.509,205.783,286.685,SHAKE
0.369,0.994,1.729,-174.764,286.685,286.685,SHAKE
-0.170,1.997,0.953,-227.658,286.685,206.159,SHAKE
-0.243,1.978,-0.405,-86.529,286.685,-212.861,SHAKE
0.601,-0.190,-0.772,280.551,284.182,-286.685,SHAKE
0.161,-0.423,-0.221,286.685,-134.724,-155.969,SHAKE
0.125,-0.699,0.914,145.959,-286.685,-65.144,SHAKE
-0.012,-0.884,1.790,-34.072,-286.685,11.489,SHAKE
-0.199,-0.387,1.999,-81.952,-284.961,195.501,SHAKE
-0.237,0.371,1.999,-77.857,40.408,254.940,SHAKE
-0.309,1.008,1.899,-164.614,206.762,155.846,SHAKE
-0.526,1.590,1.260,-187.154,263.979,40.749,SHAKE
-0.165,1.266,-0.090,5.443,286.685,-250.556,SHAKE
0.324,-0.548,-0.381,286.685,261.975,-279.685,SHAKE
0.063,-0.805,0.070,284.979,-123.183,-92.942,SHAKE
0.132,-0.827,0.491,118.090,-286.685,24.649,SHAKE
0.053,-0.924,1.517,-57.776,-286.685,99.452,SHAKE
-0.109,-0.188,1.999,-37.651,-286.562,271.163,SHAKE
-0.188,0.576,1.999,27.737,42.411,286.685,SHAKE
-0.124,1.144,1.807,-46.795,285.854,206.325,SHAKE
-0.238,1.666,1.262,-112.840,286.685,74.183,SHAKE
0.009,1.246,0.082,-33.897,286.685,-199.841,SHAKE
0.206,-0.246,-0.404,215.425,270.147,-257.119,SHAKE
-0.017,-0.670,-0.168,192.675,-94.902,-140.604,SHAKE
0.063,-0.818,0.098,36.978,-286.685,-27.300,SHAKE
0.087,-1.083,1.218,-48.947,-286.685,61.775,SHAKE
-0.184,-0.200,1.999,5.932,-284.996,257.740,SHAKE
-0.306,0.874,1.999,-2.362,89.933,274.479,SHAKE
-0.197,1.111,1.999,-101.824,267.453,158.909,SHAKE
-0.108,1.063,1.214,-114.048,286.685,-19.618,SHAKE
-0.159,0.497,0.288,-32.051,286.685,-143.316,SHAKE
-0.210,-0.138,-0.266,120.067,286.685,-156.809,SHAKE
-0.267,-0.584,-0.328,245.236,157.404,-59.071,SHAKE
-0.317,-1.151,0.343,210.262,9.861,47.206,SHAKE
-0.349,-0.623,0.898,48.309,-124.162,201.119,SHAKE
-0.550,0.049,0.890,56.324,12.206,268.397,SHAKE
-0.270,0.304,0.204,205.144,152.801,286.685,SHAKE
-0.062,0.594,-0.263,286.685,179.515,286.685,SHAKE
0.417,0.990,-0.268,286.685,145.408,286.685,SHAKE
0.408,1.894,-0.368,283.640,24.325,286.685,SHAKE
0.140,1.997,-0.449,74.349,-137.917,210.473,SHAKE
-0.089,1.997,-0.115,-79.993,-283.062,-72.091,SHAKE
-0.138,1.547,0.872,-188.956,-286.685,-286.641,SHAKE
-0.477,0.754,1.200,-285.163,-281.750,-286.685,SHAKE
-0.539,-0.199,0.953,-286.685,-59.666,-286.685,SHAKE
-0.469,-0.980,0.704,-278.766,77.175,-284.515,SHAKE
-0.234,-1.354,-0.237,-158.025,100.056,-61.976,SHAKE
-0.055,-0.835,0.183,40.057,22.549,199.518,SHAKE
0.010,0.233,0.441,91.070,-86.783,286.685,SHAKE
0.011,1.608,0.728,117.005,-61.355,286.685,SHAKE
-0.700,1.997,0.677,-95.305,-98.805,111.387,SHAKE
-0.191,1.997,0.883,-181.685,-152.049,-173.670,SHAKE
-0.378,0.830,1.184,-156.809,-10.762,-271.092,SHAKE
-0.402,0.247,0.478,-98.989,160.029,-230.003,SHAKE
-0.334,-0.886,0.291,76.965,120.575,-150.736,SHAKE
-0.210,-1.842,0.237,217.140,31.010,124.005,SHAKE
-0.000,-0.760,0.363,236.136,-23.721,286.291,SHAKE
0.196,0.357,0.727,140.840,-111.326,286.685,SHAKE
0.223,1.642,0.964,54.136,-47.731,286.685,SHAKE
-0.101,1.997,0.905,-65.879,-0.350,271.591,SHAKE
-0.371,1.997,0.726,-121.459,-17.876,21.551,SHAKE
0.092,1.948,0.778,-77.079,4.410,-285.040,SHAKE
0.178,1.030,0.786,-11.471,89.644,-286.685,SHAKE
0.262,0.434,0.785,-33.285,119.131,-286.685,SHAKE
0.148,-0.614,0.341,-83.702,158.935,-286.685,SHAKE
-0.131,-1.989,-0.141,-90.379,111.466,-87.168,SHAKE
0.347,-1.163,0.040,-76.519,-109.952,254.152,SHAKE
0.481,-0.125,0.286,40.180,-223.300,286.685,SHAKE
0.748,1.087,0.710,135.476,-171.106,286.685,SHAKE
-0.415,1.997,1.462,45.885,-186.419,286.160,SHAKE
-0.137,1.997,1.466,-178.316,-118.571,-138.556,SHAKE
0.249,1.765,1.317,-124.215,103.871,-286.685,SHAKE
0.330,1.479,1.078,-100.091,226.065,-286.685,SHAKE
0.576,0.494,0.580,-98.254,286.615,-286.685,SHAKE
0.769,-0.875,-0.032,-51.231,285.749,-286.685,SHAKE
-0.022,-1.985,-0.487,56.901,155.488,-115.596,SHAKE
-0.124,-1.945,-0.119,90.125,-162.768,249.629,SHAKE
0.154,-0.250,0.624,106.033,-242.331,286.685,SHAKE
0.344,0.897,0.717,178.964,-108.561,286.685,SHAKE
-1.000,1.997,1.047,-6.641,-109.401,254.765,SHAKE
-0.195,1.997,1.424,-259.858,-195.545,-259.735,SHAKE
-0.059,1.585,1.284,-258.020,2.415,-286.685,SHAKE
0.017,0.629,0.570,-187.469,249.244,-286.685,SHAKE
-0.159,-0.288,0.166,-72.030,225.234,-286.685,SHAKE
-0.069,-1.412,0.176,73.841,111.527,-174.370,SHAKE
-0.411,-1.701,0.299,119.070,-3.797,43.286,SHAKE
-0.539,-1.016,0.513,79.450,-64.925,171.964,SHAKE
-0.339,0.498,0.463,40.399,-93.774,270.646,SHAKE
-0.754,1.997,0.809,-23.721,-181.641,142.844,SHAKE
-0.585,1.951,1.179,-125.562,-209.256,-116.576,SHAKE
-0.784,0.895,1.463,-112.875,-45.395,-148.829,SHAKE
-0.726,0.399,1.080,-136.351,126.551,-173.232,SHAKE
-0.819,-0.436,0.840,-109.856,133.989,-193.095,SHAKE
-0.600,-1.179,0.712,-40.801,137.471,-119.586,SHAKE
-0.415,-1.360,0.450,59.194,129.115,29.855,SHAKE
-0.254,-1.258,0.386,128.319,86.389,217.971,SHAKE
-0.127,-0.487,0.459,147.053,25.515,286.685,SHAKE
0.250,0.866,0.570,120.785,-18.060,286.685,SHAKE
-0.523,1.997,0.313,71.496,12.180,283.448,SHAKE
-0.360,1.997,0.595,-2.161,-78.269,36.741,SHAKE
-0.462,1.020,1.061,-68.985,-62.904,-212.686,SHAKE
-0.387,-0.251,0.671,-72.144,137.428,-206.526,SHAKE
-0.236,-1.506,0.108,4.602,148.566,-75.058,SHAKE
-0.062,-1.362,0.227,114.231,20.204,208.241,SHAKE
0.014,-0.009,0.461,107.380,-25.314,286.685,SHAKE
0.119,1.840,0.489,60.664,-76.562,286.510,SHAKE
-0.118,1.997,0.740,-37.853,-190.129,42.263,SHAKE
-0.067,1.997,0.940,-94.780,-103.670,-218.663,SHAKE
-0.246,1.420,0.951,-94.351,50.260,-280.989,SHAKE
-0.205,0.007,0.170,-99.838,156.345,-286.685,SHAKE
-0.204,-1.999,-0.235,71.190,120.199,-214.979,SHAKE
-0.377,-1.520,0.037,107.870,-86.118,162.199,SHAKE
-0.389,-0.206,0.515,110.924,-182.245,281.068,SHAKE
-0.268,1.437,1.058,107.327,-180.364,286.685,SHAKE
-0.569,1.997,1.205,36.566,-103.469,95.725,SHAKE
-0.227,1.929,1.105,-80.369,19.407,-175.884,SHAKE
-0.255,1.244,0.810,-125.003,111.003,-254.590,SHAKE
-0.462,-0.508,0.261,-92.514,129.395,-255.036,SHAKE
-0.097,-1.999,-0.313,34.186,114.590,23.931,SHAKE
-0.078,-0.302,0.035,80.973,-134.374,286.685,SHAKE
0.249,1.041,0.926,146.904,-201.723,286.685,SHAKE
0.388,1.785,1.089,142.835,-123.436,286.685,SHAKE
-0.081,1.997,0.980,48.099,-37.966,268.030,SHAKE
0.182,1.997,0.646,-3.237,34.335,-55.466,SHAKE
0.301,1.737,0.589,48.597,56.429,-203.026,SHAKE
0.144,1.659,0.416,41.974,61.119,-271.819,SHAKE
0.015,1.355,0.346,24.386,21.455,-286.685,SHAKE
0.114,0.511,0.506,-9.861,-0.052,-286.685,SHAKE
0.302,-0.643,0.557,-115.378,11.821,-286.685,SHAKE
0.052,-1.449,0.201,-183.242,8.488,-286.685,SHAKE
-0.425,-1.663,0.082,-182.210,-42.726,-253.146,SHAKE
-0.623,-0.625,0.513,-139.580,-157.579,-46.121,SHAKE
-1.038,0.198,1.083,-104.353,-157.587,-35.123,SHAKE
-1.101,0.093,1.285,-133.682,-19.451,-110.268,SHAKE
-0.924,-0.293,1.024,-147.044,164.710,-113.776,SHAKE
-0.655,-0.802,0.224,-177.651,191.870,-118.064,SHAKE
-0.528,-1.672,-0.570,-65.433,128.030,-35.026,SHAKE
-0.250,-1.376,-0.259,243.845,8.041,258.869,SHAKE
-0.573,0.299,0.898,286.011,-219.949,286.685,SHAKE
-0.409,1.694,1.153,236.084,-157.710,286.685,SHAKE
-1.027,1.997,1.351,118.746,-99.715,200.077,SHAKE
-0.804,1.107,1.493,-26.766,51.144,-84.052,SHAKE
-0.525,0.163,0.269,-160.492,248.745,-156.503,SHAKE
-0.300,-1.697,-0.474,-71.496,245.035,-77.446,SHAKE
0.114,-1.437,-0.546,1.759,110.224,137.725,SHAKE
-0.076,0.246,0.203,97.808,-155.645,286.685,SHAKE
-0.231,1.687,0.865,106.094,-199.264,286.685,SHAKE
-0.701,1.997,1.187,73.027,-135.686,168.193,SHAKE
-0.614,1.845,1.520,19.014,-53.060,7.718,SHAKE
-0.514,1.168,1.165,-142.205,123.646,-167.440,SHAKE
-0.152,0.207,0.006,-167.423,247.599,-279.405,SHAKE
-0.044,-1.999,-0.429,-17.614,204.759,-139.676,SHAKE
0.132,-0.685,-0.490,6.230,-62.772,277.533,SHAKE
0.204,0.656,-0.111,93.310,-155.164,286.685,SHAKE
0.040,1.492,0.822,180.477,-209.580,286.685,SHAKE
-0.457,1.997,1.200,86.214,-101.360,233.327,SHAKE
-0.308,1.997,1.223,-99.872,28.858,-107.844,SHAKE
-0.148,1.616,0.914,-169.531,122.019,-225.750,SHAKE
-0.190,0.671,0.122,-158.681,172.673,-268.809,SHAKE
-0.362,-1.128,-0.272,33.408,140.306,-185.605,SHAKE
0.112,-1.409,-0.042,122.596,28.604,138.031,SHAKE
0.164,0.229,0.142,60.357,-133.420,286.685,SHAKE
0.238,1.198,0.582,62.353,-161.000,286.685,SHAKE
-0.360,1.997,0.741,47.862,-130.480,258.169,SHAKE
0.087,1.997,1.198,-4.366,-43.426,-121.660,SHAKE
0.146,1.526,0.874,-145.303,111.011,-242.401,SHAKE
0.071,0.968,0.585,-214.795,149.432,-272.125,SHAKE
-0.318,-0.438,-0.086,-286.685,128.091,-231.438,SHAKE
-0.211,-1.179,-1.005,-286.685,22.487,-45.903,SHAKE
0.070,-0.606,0.096,-271.364,-283.062,151.261,SHAKE
0.234,0.581,1.352,-184.100,-286.685,243.714,SHAKE
-0.057,1.593,1.999,-116.673,-286.685,202.414,SHAKE
-0.194,1.686,1.999,-76.948,-155.619,17.176,SHAKE
0.049,1.239,1.999,-102.349,144.760,-156.389,SHAKE
0.298,0.467,1.293,-231.936,284.777,-252.499,SHAKE
0.439,-0.336,0.406,-286.685,265.186,-205.179,SHAKE
0.102,-1.161,-1.124,-283.754,136.019,-87.745,SHAKE
-0.057,-0.512,-0.199,-99.811,-225.348,70.761,SHAKE
-0.045,-0.210,0.811,-62.466,-286.685,75.854,SHAKE
-0.058,0.251,1.670,12.967,-271.478,65.800,SHAKE
-0.100,0.539,1.999,25.708,-106.024,6.886,SHAKE
-0.023,0.626,1.983,16.083,42.359,-59.675,SHAKE
0.154,-0.001,1.349,20.449,166.057,-162.837,SHAKE
0.300,-1.677,0.399,38.999,181.878,-158.182,SHAKE
0.268,-1.999,0.034,34.405,61.189,33.005,SHAKE
0.054,-1.653,0.414,-4.445,-72.677,178.754,SHAKE
0.101,-0.327,1.011,6.134,-96.469,285.539,SHAKE
0.110,1.089,1.201,5.486,-51.660,271.775,SHAKE
-0.124,1.858,1.231,2.747,-55.912,158.305,SHAKE
-0.155,1.997,1.398,90.449,-8.689,-107.607,SHAKE
0.321,1.441,1.315,217.849,103.355,-286.685,SHAKE
0.775,-0.063,1.463,275.669,148.295,-286.685,SHAKE
0.828,-1.613,1.202,196.446,158.436,-286.685,SHAKE
0.631,-1.999,0.364,27.676,20.720,-87.692,SHAKE
0.481,-1.643,0.903,-75.582,-217.490,281.505,SHAKE
0.233,0.257,1.673,-80.500,-198.135,286.685,SHAKE
0.169,1.209,1.601,-59.028,-51.118,286.685,SHAKE
-0.240,1.997,1.438,-89.565,11.419,204.461,SHAKE
-0.144,1.997,1.310,-14.044,44.161,-127.382,SHAKE
0.298,1.385,1.240,124.863,142.599,-286.685,SHAKE
0.930,0.189,1.141,189.061,194.985,-286.685,SHAKE
0.866,-1.999,0.576,124.338,158.148,-253.759,SHAKE
0.518,-1.999,0.619,-77.569,-115.281,141.925,SHAKE
0.182,-0.649,1.242,-160.606,-243.749,286.685,SHAKE
0.027,0.230,1.576,-112.805,-190.557,286.685,SHAKE
-0.106,1.553,1.578,-38.028,-12.294,285.862,SHAKE
-0.262,1.997,1.298,-53.130,31.868,71.260,SHAKE
-0.003,1.940,1.227,56.752,100.214,-207.506,SHAKE
0.366,1.330,1.217,137.042,145.189,-286.685,SHAKE
0.775,-0.481,0.969,210.420,169.628,-286.685,SHAKE
0.403,-1.999,0.726,103.486,36.173,-198.896,SHAKE
0.315,-1.999,0.946,-48.982,-126.341,194.224,SHAKE
0.086,-0.915,1.464,-94.631,-185.334,286.685,SHAKE
-0.085,0.682,1.633,-90.519,-70.875,286.685,SHAKE
0.108,1.485,1.288,-124.425,14.770,256.261,SHAKE
0.073,1.902,1.178,-148.304,-17.719,66.404,SHAKE
-0.011,1.922,1.263,-77.385,4.524,-75.206,SHAKE
0.011,1.551,1.217,57.138,99.207,-271.084,SHAKE
0.847,0.141,0.716,162.321,163.984,-286.685,SHAKE
0.764,-1.641,0.266,246.234,87.089,-274.969,SHAKE
0.384,-1.976,0.497,286.414,-86.966,-67.419,SHAKE
-0.147,-0.946,1.761,276.010,-179.165,184.310,SHAKE
-0.244,0.179,1.797,111.842,-11.314,259.919,SHAKE
-0.038,0.874,1.138,84.770,141.785,247.520,SHAKE
-0.056,1.402,0.672,142.231,176.277,211.102,SHAKE
-0.127,1.874,0.450,277.918,139.720,77.569,SHAKE
0.024,1.735,0.361,286.685,94.973,-46.786,SHAKE
0.388,1.151,0.599,286.685,21.210,-105.228,SHAKE
0.119,0.781,0.578,286.685,-3.141,-112.210,SHAKE
0.019,0.315,0.306,286.685,-25.183,-160.904,SHAKE
-0.208,-0.595,0.983,286.685,-71.838,-116.909,SHAKE
-0.299,-0.404,0.790,166.337,63.577,86.441,SHAKE
-0.095,0.418,0.031,79.607,156.494,196.682,SHAKE
0.174,1.720,-0.784,64.925,172.821,237.081,SHAKE
0.260,1.997,-1.082,84.088,118.895,95.603,SHAKE
0.336,1.997,-1.045,18.034,3.264,-111.475,SHAKE
0.218,1.577,-0.869,-6.387,-81.384,-206.255,SHAKE
-0.343,0.238,0.058,7.980,-179.209,-238.525,SHAKE
-0.661,-1.187,0.770,-62.064,-112.726,-140.971,SHAKE
-0.266,-0.887,0.273,-84.656,59.894,107.100,SHAKE
0.036,0.174,-0.136,-35.385,113.522,285.635,SHAKE
0.412,1.639,-0.365,6.843,144.576,286.685,SHAKE
0.600,1.997,-1.027,-13.886,171.465,222.232,SHAKE
0.679,1.997,-1.148,-21.656,55.431,-29.741,SHAKE
0.497,1.997,-0.924,-25.725,-76.326,-162.050,SHAKE
0.027,1.162,-0.236,-19.819,-207.375,-285.801,SHAKE
-0.372,-0.585,0.611,-28.884,-238.525,-286.562,SHAKE
-0.483,-1.691,0.795,-49.709,-95.655,-92.680,SHAKE
-0.208,-0.603,0.245,13.755,82.967,210.359,SHAKE
0.074,0.440,0.050,54.801,120.146,286.685,SHAKE
0.591,1.893,-0.380,44.765,187.460,286.685,SHAKE
0.644,1.997,-1.228,23.923,213.658,173.854,SHAKE
0.778,1.997,-0.860,-57.417,6.352,-191.546,SHAKE
0.689,1.942,-0.754,-89.609,-116.191,-286.335,SHAKE
0.194,0.894,-0.114,-77.289,-193.139,-286.685,SHAKE
-0.250,-0.654,0.483,-66.054,-197.776,-286.685,SHAKE
-0.287,-1.893,0.643,-17.115,-56.936,-99.155,SHAKE
-0.252,-0.735,0.132,13.134,53.314,222.399,SHAKE
-0.051,0.263,0.076,40.854,54.784,286.685,SHAKE
0.221,1.973,-0.293,63.000,73.159,286.685,SHAKE
0.132,1.997,-0.459,56.193,42.551,182.542,SHAKE
0.273,1.997,-0.409,-56.149,-6.291,-130.734,SHAKE
0.304,1.889,-0.423,-90.090,-29.505,-235.384,SHAKE
0.001,1.092,-0.050,-104.772,-87.115,-286.685,SHAKE
-0.259,-0.089,0.315,-103.705,-82.442,-286.685,SHAKE
-0.274,-1.375,0.215,-52.990,0.044,-163.791,SHAKE
-0.245,-1.345,-0.030,-12.250,25.305,128.012,SHAKE
-0.120,-0.136,-0.058,16.240,-6.361,266.709,SHAKE
0.210,1.272,0.020,25.410,-25.795,286.685,SHAKE
0.095,1.997,-0.180,60.112,9.958,286.484,SHAKE
0.039,1.997,-0.128,59.815,-7.367,150.911,SHAKE
0.201,1.997,0.140,-48.571,-40.757,-160.125,SHAKE
0.095,1.427,-0.013,-114.082,-7.534,-268.039,SHAKE
-0.172,0.668,0.209,-141.146,-41.055,-286.685,SHAKE
-0.309,-0.019,0.290,-139.939,-18.874,-275.170,SHAKE
-0.329,-1.361,0.061,-57.829,22.015,-151.244,SHAKE
-0.069,-0.952,0.009,22.907,9.336,163.004,SHAKE
0.271,0.540,-0.041,67.891,-44.126,286.685,SHAKE
0.247,1.997,-0.015,146.589,-43.601,286.685,SHAKE
-0.115,1.997,0.133,142.940,-63.866,257.302,SHAKE
0.150,1.997,0.455,-23.800,-22.400,-115.824,SHAKE
0.224,1.647,0.013,-153.265,36.592,-279.650,SHAKE
0.092,0.963,0.027,-143.929,-0.831,-286.685,SHAKE
-0.187,0.122,0.315,-116.331,-37.021,-286.685,SHAKE
-0.363,-1.715,0.161,10.929,9.144,-182.717,SHAKE
-0.090,-1.231,0.093,96.723,48.186,203.857,SHAKE
0.134,0.405,-0.025,96.092,-13.177,286.685,SHAKE
0.394,1.454,0.069,121.896,-14.595,286.685,SHAKE
0.058,1.997,-0.112,127.321,32.384,281.811,SHAKE
0.351,1.997,0.214,25.489,1.409,-82.521,SHAKE
0.403,1.846,0.149,-81.427,14.621,-283.237,SHAKE
0.205,1.384,0.033,-94.054,35.009,-286.685,SHAKE
-0.140,0.400,0.232,-88.865,-12.443,-286.685,SHAKE
-0.317,-1.464,0.300,-34.300,16.065,-251.090,SHAKE
-0.131,-1.439,0.080,-11.104,49.849,108.666,SHAKE
-0.064,-0.385,-0.315,-28.114,5.434,275.573,SHAKE
0.153,1.391,0.102,-11.489,-98.709,286.685,SHAKE
-0.249,1.997,0.689,-78.225,-164.264,227.369,SHAKE
0.065,1.997,1.131,-236.469,-35.070,-92.785,SHAKE
0.139,1.925,0.887,-286.685,77.385,-210.429,SHAKE
0.019,1.288,0.434,-286.685,124.451,-265.983,SHAKE
-0.139,0.426,0.296,-286.685,110.661,-268.940,SHAKE
-0.222,-0.410,-0.126,-286.685,65.923,-196.280,SHAKE
-0.236,-0.701,-0.484,-286.685,-10.990,-52.553,SHAKE
-0.069,-0.917,-0.528,-286.685,-224.945,26.985,SHAKE
0.109,-0.460,1.043,-108.106,-286.685,163.126,SHAKE
0.002,0.503,1.961,-7.508,-267.146,191.144,SHAKE
0.022,0.667,1.856,-85.522,-111.519,103.058,SHAKE
-0.020,0.707,1.756,-99.776,-27.571,15.164,SHAKE
-0.165,0.782,1.530,-67.077,43.794,-50.216,SHAKE
-0.023,-0.008,1.201,7.271,136.045,-155.592,SHAKE
0.189,-1.593,0.105,10.167,156.503,-137.629,SHAKE
0.223,-1.999,-0.446,-0.507,84.753,37.354,SHAKE
0.064,-1.375,0.325,-30.923,-227.264,171.325,SHAKE
0.061,-0.357,1.093,-0.376,-228.401,269.973,SHAKE
0.230,0.396,1.419,13.326,-137.296,269.885,SHAKE
0.156,0.859,1.541,-4.742,-95.445,227.273,SHAKE
0.147,1.243,1.513,-30.188,-38.071,77.814,SHAKE
0.126,1.242,1.487,15.365,23.538,-97.825,SHAKE
0.233,1.070,1.431,66.080,88.497,-278.364,SHAKE
0.716,0.005,1.291,78.059,138.294,-286.685,SHAKE
0.602,-1.999,0.586,72.686,153.580,-267.181,SHAKE
0.184,-1.999,0.209,30.494,32.182,-10.028,SHAKE
-0.156,-1.605,0.829,-23.362,-121.616,191.021,SHAKE
-0.168,-0.871,1.072,-17.062,-106.776,283.246,SHAKE
0.166,-0.166,1.144,18.419,-26.731,286.685,SHAKE
0.429,1.080,1.181,-46.016,1.803,286.011,SHAKE
0.270,1.985,1.081,-81.996,-35.516,120.505,SHAKE
0.171,1.997,1.269,17.587,-39.226,-133.569,SHAKE
0.311,1.721,1.367,82.950,6.466,-275.669,SHAKE
0.660,0.571,1.371,109.673,69.632,-286.685,SHAKE
0.868,-1.394,1.174,85.794,126.604,-286.685,SHAKE
0.739,-1.999,0.580,62.072,103.889,-193.506,SHAKE
0.342,-1.999,0.792,-12.364,-39.603,59.999,SHAKE
0.108,-1.419,1.175,-104.256,-115.938,284.821,SHAKE
0.316,-0.054,1.192,-79.406,-71.348,286.685,SHAKE
0.415,1.200,1.234,-67.664,-36.015,286.685,SHAKE
0.303,1.887,1.311,-77.814,-49.761,235.349,SHAKE
0.088,1.997,1.402,-39.812,-32.454,-26.836,SHAKE
0.213,1.769,1.578,61.906,53.007,-269.579,SHAKE
0.444,0.682,1.388,112.289,156.503,-286.685,SHAKE
0.940,-0.542,1.078,137.279,211.479,-286.685,SHAKE
0.742,-1.999,0.457,124.801,168.070,-285.198,SHAKE
0.358,-1.999,0.302,37.818,-36.601,3.264,SHAKE
0.381,-1.999,0.616,-76.169,-194.705,278.941,SHAKE
0.423,-0.974,1.217,-87.482,-211.339,286.685,SHAKE
0.642,0.229,1.485,-11.996,-114.144,286.685,SHAKE
0.585,1.557,1.440,-8.146,-31.202,286.685,SHAKE
0.413,1.997,1.400,-50.111,-46.471,176.068,SHAKE
0.187,1.997,1.406,-22.216,-28.630,-40.014,SHAKE
0.407,1.897,1.421,71.916,61.714,-282.573,SHAKE
0.843,0.801,1.328,87.194,132.956,-286.685,SHAKE
0.957,-0.279,1.172,84.543,181.212,-286.685,SHAKE
0.888,-1.904,0.608,84.717,193.751,-286.685,SHAKE
0.372,-1.999,0.119,37.660,34.274,-108.684,SHAKE
0.224,-1.979,0.672,-26.976,-177.870,232.225,SHAKE
0.166,-1.131,1.227,-33.154,-212.012,286.685,SHAKE
0.431,-0.081,1.455,-2.126,-97.851,286.685,SHAKE
0.829,0.858,1.288,5.731,-0.630,286.685,SHAKE
0.722,1.903,1.184,-64.785,-33.548,271.871,SHAKE
0.513,1.997,1.240,-80.080,-87.255,104.624,SHAKE
0.295,1.997,1.403,-42.665,-75.696,-189.280,SHAKE
0.809,1.738,1.105,-42.472,-0.009,-286.685,SHAKE
1.297,0.166,0.480,94.526,35.779,-286.685,SHAKE
1.472,-0.599,0.553,229.075,-20.545,-286.685,SHAKE
1.099,-1.257,1.326,284.524,-186.182,-286.685,SHAKE
0.598,-1.404,1.737,256.533,-198.266,-236.705,SHAKE
0.442,-0.932,1.555,90.493,-160.667,-50.304,SHAKE
0.355,-0.388,0.775,1.995,-132.913,62.606,SHAKE
0.494,0.239,0.755,44.476,-153.081,99.558,SHAKE
0.561,0.715,1.051,76.790,-153.886,133.674,SHAKE
0.540,1.218,1.267,55.659,-94.850,119.560,SHAKE
0.504,1.157,1.259,28.184,9.100,69.186,SHAKE
0.439,0.685,1.168,21.805,73.194,58.695,SHAKE
0.450,-0.253,0.817,8.146,163.266,97.772,SHAKE
0.360,-0.563,0.368,1.409,162.470,203.420,SHAKE
0.516,-0.569,0.305,-12.696,84.158,286.309,SHAKE
0.969,-0.057,0.652,-21.420,52.684,286.685,SHAKE
1.112,0.991,0.879,-23.319,61.031,286.685,SHAKE
0.826,1.582,0.610,-16.144,88.147,254.152,SHAKE
0.632,1.498,0.507,13.335,47.836,3.229,SHAKE
0.728,0.796,0.603,55.781,-40.346,-117.101,SHAKE
0.796,-0.281,1.117,67.874,-86.433,-167.589,SHAKE
0.534,-0.564,1.892,27.843,-31.929,-76.825,SHAKE
0.401,-0.377,1.983,3.902,95.725,-14.420,SHAKE
0.441,-0.080,1.308,-62.423,273.595,78.785,SHAKE
0.574,0.545,-0.553,-190.461,286.685,93.835,SHAKE
0.555,0.516,-1.962,-80.229,141.295,2.065,SHAKE
0.797,0.353,-0.561,26.504,-261.861,-20.536,SHAKE
1.168,-0.035,1.563,25.532,-286.685,-48.624,SHAKE
0.913,0.076,1.999,26.119,-286.554,-9.363,SHAKE
0.760,0.065,1.999,-28.971,105.595,-33.127,SHAKE
0.939,-0.137,1.832,-38.745,274.496,-31.754,SHAKE
0.625,-0.083,0.782,-21.403,286.685,-14.131,SHAKE
0.404,0.113,-0.093,-45.395,286.055,-17.561,SHAKE
0.491,-0.011,-1.258,-40.127,195.134,-24.876,SHAKE
0.565,-0.075,-0.950,-5.941,-82.478,-3.727,SHAKE
0.726,-0.010,0.618,31.859,-286.685,41.877,SHAKE
0.870,0.021,1.823,9.012,-286.685,39.261,SHAKE
0.906,0.102,1.999,27.300,-183.383,38.824,SHAKE
0.816,0.123,1.999,16.030,36.619,13.641,SHAKE
0.882,-0.084,1.755,2.485,250.574,-13.379,SHAKE
0.649,-0.182,1.073,18.690,286.685,4.918,SHAKE
0.454,-0.015,0.815,-7.954,286.685,36.347,SHAKE
0.366,0.447,-0.048,-66.334,286.685,27.011,SHAKE
0.340,0.507,-1.238,-76.221,235.156,-16.503,SHAKE
0.621,0.207,-0.903,6.370,-181.956,-47.626,SHAKE
0.777,0.004,0.066,50.444,-286.685,-54.145,SHAKE
1.017,-0.130,1.851,97.387,-286.685,-32.060,SHAKE
0.837,-0.165,1.999,62.221,-272.904,5.241,SHAKE
0.846,-0.236,1.999,2.905,129.439,16.905,SHAKE
0.917,-0.245,1.938,-21.927,267.479,26.757,SHAKE
0.650,-0.038,1.056,-34.055,286.685,48.248,SHAKE
0.424,0.425,0.265,-55.160,286.685,43.417,SHAKE
0.388,0.561,-0.818,-86.817,272.186,-13.361,SHAKE
0.360,0.424,-1.193,-41.186,103.512,-47.810,SHAKE
0.615,0.042,-0.268,46.917,-281.978,-64.067,SHAKE
0.891,-0.151,1.529,125.939,-286.685,-41.169,SHAKE
0.634,-0.146,1.999,96.495,-282.117,17.535,SHAKE
0.545,-0.106,1.999,55.134,-33.871,14.315,SHAKE
0.762,-0.187,1.995,-7.936,258.379,11.051,SHAKE
0.676,-0.054,1.141,-35.875,286.685,32.051,SHAKE
0.453,0.436,0.239,-69.851,286.685,19.924,SHAKE
0.284,0.566,-0.594,-82.329,286.685,-10.535,SHAKE
0.274,0.374,-1.276,-4.060,104.020,-52.806,SHAKE
0.639,-0.093,-0.274,30.765,-285.084,-44.502,SHAKE
0.759,-0.299,1.304,82.268,-286.685,-12.163,SHAKE
0.985,-0.181,1.999,102.480,-286.685,45.859,SHAKE
0.669,0.025,1.999,61.250,-134.383,67.165,SHAKE
0.841,-0.023,1.999,-9.573,226.984,30.765,SHAKE
0.809,-0.090,1.682,-43.785,286.685,20.475,SHAKE
0.554,0.156,0.892,-43.969,286.685,20.195,SHAKE
0.294,0.454,0.143,-37.222,286.685,18.410,SHAKE
0.220,0.458,-0.890,-25.025,283.894,-17.833,SHAKE
0.184,0.282,-1.195,19.731,-10.377,-21.350,SHAKE
0.364,0.021,-0.379,11.051,-273.061,-35.411,SHAKE
0.709,-0.229,1.063,66.710,-286.685,-23.879,SHAKE
0.789,-0.165,1.999,89.661,-286.685,35.542,SHAKE
0.577,-0.035,1.999,66.001,-189.446,38.946,SHAKE
0.644,0.028,1.999,0.140,157.990,17.666,SHAKE
0.619,-0.023,1.692,-33.259,286.108,-6.659,SHAKE
0.569,0.153,0.877,-21.245,286.685,-3.185,SHAKE
0.402,0.205,0.316,15.794,286.685,10.561,SHAKE
0.216,0.200,-0.439,4.086,286.685,21.971,SHAKE
0.036,0.087,-0.894,-25.970,173.565,44.669,SHAKE
-0.023,-0.053,0.034,20.414,-137.865,61.478,SHAKE
-0.140,-0.078,1.304,81.191,-227.395,79.616,SHAKE
-0.240,-0.056,1.999,65.993,-128.520,81.786,SHAKE
-0.150,-0.050,1.999,-13.676,211.934,69.930,SHAKE
0.188,-0.211,1.977,-65.835,286.685,79.957,SHAKE
0.208,-0.113,1.331,-62.685,286.685,113.619,SHAKE
0.148,0.353,0.601,-21.000,286.685,141.295,SHAKE
0.328,0.765,0.029,-29.138,286.685,120.173,SHAKE
0.042,1.327,-1.185,-43.269,286.685,70.262,SHAKE
-0.243,1.320,-1.712,-19.058,285.294,0.254,SHAKE
-0.653,0.719,-1.762,-4.847,-18.734,-104.851,SHAKE
-0.833,-0.150,-0.531,38.929,-286.466,-156.686,SHAKE
-0.964,-1.013,1.619,97.720,-286.685,-88.646,SHAKE
-1.084,-0.842,1.999,122.098,-286.685,2.170,SHAKE
-1.152,-0.013,1.999,67.235,-60.646,67.664,SHAKE
-0.711,0.480,1.665,-14.438,199.736,36.794,SHAKE
-0.469,0.897,0.105,-33.364,281.943,-3.395,SHAKE
-0.190,0.899,-1.098,6.221,286.685,-29.312,SHAKE
0.164,0.351,-1.997,81.673,115.404,-48.370,SHAKE
0.285,-0.165,-0.995,35.744,-286.641,-52.010,SHAKE
0.261,-0.321,1.057,120.636,-286.685,-23.651,SHAKE
-0.001,-0.072,1.999,180.023,-286.685,36.496,SHAKE
-0.512,0.266,1.999,71.207,-221.217,41.072,SHAKE
-0.166,0.301,1.999,-58.485,175.656,-3.938,SHAKE
-0.050,0.325,0.981,-117.425,286.650,-10.675,SHAKE
-0.093,0.571,0.126,-115.894,286.685,-18.034,SHAKE
0.120,0.660,-1.070,-26.355,286.685,-21.542,SHAKE
0.142,0.470,-1.881,22.496,176.654,-58.520,SHAKE
0.196,0.278,-1.724,1.925,-268.004,-91.254,SHAKE
0.462,-0.192,-0.406,1.575,-286.685,-100.546,SHAKE
0.625,-0.549,1.253,59.369,-286.685,-72.406,SHAKE
0.461,-0.547,1.999,32.016,-286.685,31.868,SHAKE
0.091,-0.274,1.999,-25.629,-221.357,63.674,SHAKE
0.100,0.099,1.999,-62.326,-61.346,63.438,SHAKE
-0.180,0.530,1.513,-115.089,54.959,23.739,SHAKE
-0.088,0.460,0.210,-135.739,106.575,-30.608,SHAKE
0.163,0.131,-0.414,-81.812,85.514,-68.294,SHAKE
0.774,-0.245,-0.121,33.626,-254.336,-60.795,SHAKE
1.040,-0.193,1.397,112.420,-286.685,5.722,SHAKE
0.955,0.007,1.999,65.607,-286.685,38.964,SHAKE
0.981,0.066,1.999,23.100,-285.749,34.230,SHAKE
1.287,-0.017,1.999,9.091,-176.068,13.038,SHAKE
1.433,-0.015,1.999,51.756,-18.506,4.804,SHAKE
1.295,-0.059,1.999,63.254,190.339,-25.410,SHAKE
1.334,-0.230,1.999,71.785,286.633,-48.221,SHAKE
1.691,-0.604,1.935,67.121,286.685,-53.384,SHAKE
1.764,-0.744,1.025,35.665,286.685,15.610,SHAKE
1.685,-0.280,0.079,-55.580,286.685,75.880,SHAKE
1.513,0.134,-0.488,-69.851,286.685,111.090,SHAKE
0.871,0.485,-1.022,-20.536,286.685,154.018,SHAKE
0.199,0.692,-0.938,28.595,247.091,126.595,SHAKE
-0.256,0.782,-0.661,37.109,99.129,72.747,SHAKE
-0.340,0.932,-0.624,8.234,64.724,27.484,SHAKE
-0.375,0.873,-0.932,-80.544,-8.531,-68.285,SHAKE
-0.211,0.506,-1.113,-125.930,-181.283,-157.509,SHAKE
0.128,-0.052,-1.016,-71.872,-286.685,-200.436,SHAKE
0.500,-0.130,-0.390,129.421,-286.685,-173.355,SHAKE
1.378,-0.068,0.738,205.012,-286.685,-149.389,SHAKE
1.998,0.028,1.683,196.954,-286.685,-109.786,SHAKE
1.998,0.389,1.999,168.298,-286.685,-47.539,SHAKE
1.866,0.465,1.999,72.170,-286.685,-26.635,SHAKE
1.552,0.348,1.999,-9.896,-281.724,-40.241,SHAKE
1.483,-0.002,1.999,-60.007,25.183,-10.316,SHAKE
1.430,-0.016,1.998,-61.880,273.936,44.091,SHAKE
1.407,0.080,1.584,-34.764,286.685,56.647,SHAKE
1.279,0.081,1.244,-3.395,286.685,48.720,SHAKE
1.043,-0.056,0.891,29.540,286.685,32.673,SHAKE
0.816,0.119,0.433,1.654,286.685,42.420,SHAKE
0.575,0.546,-0.390,-12.950,286.685,75.136,SHAKE
0.511,0.849,-0.973,-10.185,286.685,51.590,SHAKE
0.443,0.733,-1.880,21.656,286.685,-33.740,SHAKE
0.162,0.265,-1.788,88.340,-50.645,-90.974,SHAKE
0.794,-0.185,-0.675,116.357,-286.685,-77.368,SHAKE
1.233,-0.237,0.298,177.266,-286.685,-24.281,SHAKE
1.442,0.022,1.996,228.428,-286.685,118.948,SHAKE
1.159,0.441,1.999,74.926,-286.685,197.995,SHAKE
0.958,0.978,1.999,-70.586,-226.975,205.923,SHAKE
0.863,1.360,1.999,-155.732,3.526,130.156,SHAKE
0.809,1.339,1.606,-151.891,127.575,-8.995,SHAKE
0.675,1.274,1.119,-18.384,182.726,-147.962,SHAKE
0.534,1.166,1.094,126.936,203.193,-267.802,SHAKE
0.698,0.820,1.133,168.700,225.155,-286.685,SHAKE
0.329,0.096,0.771,142.301,254.363,-286.685,SHAKE
0.109,-0.221,0.600,94.798,208.504,-286.685,SHAKE
0.388,-0.982,0.253,62.545,211.943,-286.685,SHAKE
0.093,-1.999,-0.126,97.860,188.807,-235.445,SHAKE
-0.058,-1.999,0.163,158.804,41.318,111.160,SHAKE
-0.074,-0.516,0.579,108.404,-41.501,286.685,SHAKE
0.227,0.178,0.702,109.130,-21.621,286.685,SHAKE
0.836,0.651,0.720,101.281,14.682,286.685,SHAKE
1.333,1.536,0.606,63.761,43.164,286.685,SHAKE
0.366,1.997,0.338,-70.779,-45.894,281.802,SHAKE
0.876,1.997,0.354,-61.976,-99.234,-51.800,SHAKE
0.914,1.997,0.714,60.681,-64.094,-116.839,SHAKE
0.643,1.997,0.803,0.254,-38.456,-263.104,SHAKE
0.711,1.994,0.625,-88.524,-2.739,-286.685,SHAKE
0.938,1.336,0.489,-117.600,2.100,-286.685,SHAKE
0.987,-0.328,0.641,-126.315,-27.860,-286.685,SHAKE
0.334,-1.542,0.786,-137.874,-57.400,-286.685,SHAKE
-0.096,-1.999,0.955,-112.656,-34.037,-238.901,SHAKE
0.029,-1.999,0.831,-42.053,9.704,125.247,SHAKE
0.036,-1.681,0.684,8.750,45.675,286.685,SHAKE
0.403,-0.671,0.441,27.711,17.456,286.685,SHAKE
1.203,-0.017,0.827,65.739,-16.109,286.685,SHAKE
1.853,1.239,1.179,58.730,59.097,286.685,SHAKE
1.281,1.997,1.021,-117.478,96.591,286.685,SHAKE
0.630,1.997,0.790,-275.345,0.613,155.505,SHAKE
0.979,1.754,0.470,-98.254,40.084,-84.009,SHAKE
0.633,1.757,0.609,-14.901,-18.585,-164.229,SHAKE
0.437,1.866,0.579,-46.016,-58.861,-286.685,SHAKE
0.325,1.612,0.629,-64.986,-73.692,-286.685,SHAKE
0.816,0.536,0.730,23.555,-26.093,-286.685,SHAKE
0.981,-1.074,1.000,108.238,-30.485,-286.685,SHAKE
0.657,-1.778,1.009,113.470,-70.044,-286.685,SHAKE
-0.062,-1.999,1.932,136.194,-146.160,-88.734,SHAKE
0.148,-1.588,1.999,154.954,81.795,279.956,SHAKE
0.512,-0.574,1.056,32.839,205.511,286.685,SHAKE
0.860,-0.147,0.683,8.890,203.665,286.685,SHAKE
1.320,0.799,0.830,2.214,190.102,286.685,SHAKE
1.214,1.997,0.708,-57.794,224.394,286.685,SHAKE
0.602,1.997,0.714,-184.441,92.724,161.140,SHAKE
0.889,1.997,0.626,-156.012,102.165,-96.084,SHAKE
0.800,1.997,0.479,-50.400,88.200,-178.062,SHAKE
0.411,1.992,0.416,-54.162,-22.741,-286.685,SHAKE
0.335,1.572,0.707,-22.278,-57.015,-286.685,SHAKE
0.710,1.014,0.896,45.815,-14.254,-286.685,SHAKE
1.316,-0.436,1.199,120.479,73.255,-286.685,SHAKE
0.669,-1.936,0.802,61.268,54.346,-286.685,SHAKE
0.084,-1.999,0.885,56.026,-36.409,-151.419,SHAKE
0.126,-1.999,1.206,76.536,-46.375,115.832,SHAKE
0.145,-1.318,1.154,-7.980,-31.308,286.685,SHAKE
0.557,-0.600,0.832,-21.096,32.646,286.685,SHAKE
1.120,0.062,0.704,19.941,20.300,286.685,SHAKE
1.427,0.634,0.928,42.674,28.157,286.685,SHAKE
1.396,1.997,1.084,-4.104,69.562,286.685,SHAKE
0.122,1.997,1.148,-181.589,-17.150,225.321,SHAKE
0.766,1.993,0.617,-82.399,66.588,-151.786,SHAKE
0.712,1.630,0.607,53.952,50.225,-217.298,SHAKE
0.412,1.362,0.752,62.650,-59.369,-286.685,SHAKE
0.151,1.151,1.109,41.641,-74.743,-286.685,SHAKE
0.651,0.196,1.314,28.805,14.166,-286.685,SHAKE
0.620,-0.613,1.172,7.753,66.622,-286.685,SHAKE
0.255,-1.998,0.946,-75.224,53.699,-286.309,SHAKE
0.152,-1.999,0.426,-12.329,3.561,56.796,SHAKE
0.153,-1.868,0.680,67.104,-9.100,286.685,SHAKE
0.390,-0.539,0.491,60.795,3.168,286.685,SHAKE
1.102,0.079,0.738,25.751,-22.076,286.685,SHAKE
1.190,1.581,1.153,-38.588,-0.516,286.685,SHAKE
0.989,1.997,1.048,-88.200,76.247,286.685,SHAKE
0.622,1.997,0.963,-161.324,20.869,137.113,SHAKE
0.833,1.997,0.608,-88.043,5.005,-119.814,SHAKE
0.676,1.714,0.652,-14.534,-75.040,-274.505,SHAKE
0.533,1.459,0.833,-20.353,-152.390,-286.685,SHAKE
0.602,0.928,1.267,-21.683,-125.265,-286.685,SHAKE
0.552,0.177,1.316,25.725,-7.779,-286.685,SHAKE
0.628,-0.682,1.398,32.270,77.726,-286.685,SHAKE
0.406,-1.317,1.201,-14.665,98.149,-286.370,SHAKE
0.009,-1.995,1.240,-14.385,41.037,-195.352,SHAKE
0.018,-1.999,1.137,12.215,55.134,117.626,SHAKE
0.306,-1.129,0.566,10.824,91.656,286.685,SHAKE
0.474,-0.552,0.425,-14.910,47.521,286.685,SHAKE
1.018,-0.041,0.416,-28.114,-20.764,286.685,SHAKE
1.462,0.787,0.910,-22.689,-37.459,286.685,SHAKE
1.012,1.997,1.282,-92.304,-44.861,286.685,SHAKE
0.511,1.997,1.520,-237.055,-119.665,259.814,SHAKE
0.803,1.970,0.978,-219.424,-13.344,-60.331,SHAKE
0.728,1.263,1.032,-12.276,19.757,-157.430,SHAKE
0.419,1.235,1.163,25.716,23.590,-254.012,SHAKE
0.229,1.062,1.029,9.345,33.862,-286.685,SHAKE
0.237,0.906,1.196,61.696,69.501,-286.685,SHAKE
0.585,0.194,1.113,60.699,139.764,-286.685,SHAKE
0.720,-0.886,0.833,20.493,153.309,-286.685,SHAKE
0.526,-1.552,0.538,-20.501,97.011,-286.685,SHAKE
0.001,-1.999,0.615,-42.700,-42.490,-147.499,SHAKE
0.420,-1.973,0.578,112.018,-35.507,268.826,SHAKE
0.592,-0.492,0.766,103.355,-66.622,286.685,SHAKE
1.057,-0.100,0.729,80.596,-72.791,286.685,SHAKE
1.450,0.876,1.348,37.467,-37.030,286.685,SHAKE
1.027,1.997,1.645,-86.984,19.276,286.685,SHAKE
0.441,1.997,1.457,-209.256,36.803,148.269,SHAKE
0.805,1.997,0.807,-133.367,142.214,-77.131,SHAKE
0.807,1.582,0.425,30.809,111.711,-250.486,SHAKE
0.424,1.287,0.684,64.969,-59.841,-286.685,SHAKE
0.301,1.071,0.884,115.482,-84.368,-286.685,SHAKE
0.776,0.104,1.343,161.875,-19.810,-286.685,SHAKE
0.680,-1.396,1.470,125.676,53.821,-286.685,SHAKE
0.084,-1.999,1.396,-7.875,13.081,-153.239,SHAKE
0.252,-1.999,1.030,-9.818,55.274,258.510,SHAKE
0.214,-0.733,0.798,-57.059,27.694,286.685,SHAKE
0.552,0.195,0.562,-51.450,16.240,286.685,SHAKE
0.859,0.898,0.714,-50.549,-23.126,286.685,SHAKE
0.931,1.550,0.794,-84.018,-47.530,286.685,SHAKE
0.576,1.997,1.364,-125.247,-155.505,228.244,SHAKE
0.675,1.950,1.175,-99.969,-34.781,-12.057,SHAKE
0.607,1.632,0.951,-23.940,-3.447,-158.550,SHAKE
0.496,1.441,0.915,1.794,-16.214,-256.235,SHAKE
0.343,1.015,1.032,23.756,-19.294,-286.685,SHAKE
0.446,0.277,1.048,22.663,16.520,-286.685,SHAKE
0.494,-0.531,1.073,51.406,34.379,-286.685,SHAKE
0.528,-1.015,1.116,35.621,26.862,-286.685,SHAKE
0.191,-1.998,1.049,-18.314,12.285,-238.910,SHAKE
0.313,-1.999,0.863,20.466,-13.108,135.791,SHAKE
0.461,-0.735,0.947,35.315,2.818,286.685,SHAKE
0.670,-0.174,0.770,0.009,-6.930,286.685,SHAKE
1.196,0.273,0.805,21.516,-0.123,286.685,SHAKE
1.432,1.322,1.201,-6.265,29.575,286.685,SHAKE
0.507,1.997,1.553,-163.056,0.560,285.766,SHAKE
0.682,1.997,1.280,-233.380,-13.930,118.143,SHAKE
0.719,1.721,0.586,-107.695,85.601,-122.194,SHAKE
0.644,1.423,0.457,3.588,-11.191,-281.522,SHAKE
0.521,1.410,0.886,44.975,-104.799,-286.685,SHAKE
0.583,1.260,1.214,40.460,-86.476,-286.685,SHAKE
1.511,0.249,1.630,17.430,42.088,-286.685,SHAKE
1.444,-1.733,1.177,69.186,202.387,-286.685,SHAKE
0.887,-1.999,0.973,143.482,118.125,-218.969,SHAKE
0.202,-1.999,1.133,81.340,31.999,17.771,SHAKE
0.162,-1.025,1.090,-103.600,-46.865,237.930,SHAKE
0.536,-0.449,0.809,-108.640,-30.424,286.685,SHAKE
0.839,-0.037,0.793,39.611,-23.888,286.685,SHAKE
1.341,0.290,0.907,107.284,16.914,286.685,SHAKE
1.562,1.639,1.153,85.671,100.896,286.685,SHAKE
0.245,1.997,1.453,-201.775,2.065,279.895,SHAKE
0.250,1.997,1.237,-278.451,-40.311,-61.224,SHAKE
0.337,1.997,0.661,-111.790,126.473,-237.930,SHAKE
0.598,1.425,0.390,41.589,101.588,-286.685,SHAKE
0.770,0.678,0.632,171.194,-26.688,-286.685,SHAKE
1.220,-0.148,1.087,220.229,-54.285,-286.685,SHAKE
0.879,-1.999,1.481,183.435,-89.679,-285.828,SHAKE
0.415,-1.999,1.730,104.353,-105.884,70.315,SHAKE
0.350,-0.725,1.681,-64.951,-10.903,286.685,SHAKE
0.592,-0.076,1.291,-138.136,63.210,286.685,SHAKE
0.856,0.671,0.905,-140.831,119.787,286.685,SHAKE
0.752,1.556,0.870,-164.938,62.772,286.685,SHAKE
0.359,1.997,1.166,-127.628,11.865,217.997,SHAKE
0.197,1.997,1.093,-115.999,13.676,33.740,SHAKE
0.130,1.997,1.025,-25.847,41.475,-241.736,SHAKE
0.439,1.697,0.889,27.641,58.284,-286.685,SHAKE
1.389,0.527,0.976,116.952,89.460,-286.685,SHAKE
1.513,-0.881,0.839,203.788,128.809,-286.685,SHAKE
1.104,-1.999,1.042,285.749,10.684,-286.685,SHAKE
0.325,-1.999,1.912,210.438,-128.284,-12.084,SHAKE
0.215,-1.090,1.984,-13.011,-40.670,274.295,SHAKE
0.445,-0.490,1.349,-112.061,83.580,286.685,SHAKE
0.838,0.172,0.747,-90.230,107.389,286.685,SHAKE
1.082,0.849,0.725,-73.439,78.146,286.685,SHAKE
0.783,1.996,0.925,-41.554,61.705,286.685,SHAKE
0.260,1.997,0.905,-68.040,2.249,248.141,SHAKE
0.037,1.997,0.510,-4.165,-61.049,-155.575,SHAKE
0.749,1.921,0.719,174.895,-82.784,-286.685,SHAKE
0.970,0.494,1.311,180.005,-146.702,-286.685,SHAKE
0.956,-0.507,1.784,185.946,-71.969,-286.685,SHAKE
0.624,-1.627,1.999,170.958,79.257,-286.685,SHAKE
0.208,-1.825,1.643,38.719,192.229,-91.709,SHAKE
-0.092,-0.889,0.893,-42.394,183.242,151.664,SHAKE
-0.086,-0.281,0.646,0.219,177.887,235.410,SHAKE
0.253,0.317,0.373,156.643,267.348,286.685,SHAKE
0.509,0.904,0.261,179.900,277.672,286.685,SHAKE
0.590,1.564,-0.138,116.323,202.423,286.685,SHAKE
0.150,1.997,-0.376,116.296,161.805,266.849,SHAKE
-0.056,1.997,-0.514,111.738,-42.070,-65.091,SHAKE
0.024,1.831,0.756,246.470,-144.979,-210.140,SHAKE
-0.117,1.670,1.181,205.249,-13.676,-282.747,SHAKE
-0.207,1.309,1.011,101.054,61.530,-286.685,SHAKE
0.079,0.479,0.598,-44.222,101.920,-286.685,SHAKE
0.163,-1.077,-0.169,-16.021,167.667,-286.685,SHAKE
-0.183,-1.999,-0.176,73.973,172.384,-131.154,SHAKE
-0.311,-1.610,-0.155,19.836,83.746,121.257,SHAKE
-0.078,0.149,-0.183,14.700,-21.945,286.685,SHAKE
-0.150,1.686,-0.197,110.565,45.491,286.685,SHAKE
-0.312,1.997,-0.793,139.099,90.965,286.405,SHAKE
-0.502,1.997,-0.712,104.151,12.950,166.784,SHAKE
-0.334,1.997,-0.178,-44.485,-139.501,-154.814,SHAKE
-0.320,1.568,-0.024,-125.291,-90.046,-285.967,SHAKE
-0.287,0.703,0.087,-171.071,-56.061,-286.685,SHAKE
-0.205,-0.643,-0.038,-169.155,-28.683,-286.685,SHAKE
-0.347,-1.936,-0.100,-12.267,-5.460,-142.310,SHAKE
-0.260,-1.949,-0.081,82.189,18.462,129.413,SHAKE
-0.278,-0.340,-0.115,72.039,-1.820,286.685,SHAKE
0.111,1.046,-0.083,58.467,-32.489,286.685,SHAKE
-0.033,1.997,-0.505,107.004,27.335,286.685,SHAKE
-0.320,1.997,-0.448,112.840,-27.930,239.680,SHAKE
-0.171,1.997,0.021,-43.190,-113.838,-78.680,SHAKE
-0.177,1.743,-0.135,-167.799,-38.526,-224.333,SHAKE
-0.292,1.073,0.056,-218.601,-82.338,-286.685,SHAKE
-0.266,0.414,0.232,-285.346,-66.019,-286.685,SHAKE
-0.241,-0.941,0.047,-286.685,-56.998,-286.685,SHAKE
-0.337,-1.999,-0.456,-286.685,-142.398,-116.567,SHAKE
-0.102,-1.015,0.165,-258.379,-265.764,240.117,SHAKE
0.331,0.315,1.275,-66.491,-286.685,286.685,SHAKE
0.410,1.284,1.999,-10.167,-258.090,286.685,SHAKE
0.149,1.764,1.999,-26.985,-162.995,286.685,SHAKE
0.019,1.791,1.839,-118.799,25.261,228.174,SHAKE
-0.201,1.988,1.332,-161.184,102.734,45.211,SHAKE
-0.314,1.563,0.833,-75.679,207.524,-114.590,SHAKE
-0.361,1.142,0.283,-42.341,247.599,-205.818,SHAKE
-0.069,-0.352,-0.315,27.388,228.077,-268.485,SHAKE
-0.163,-1.826,-0.540,-7.262,23.406,-111.151,SHAKE
-0.091,-1.381,-0.015,-94.360,-232.776,124.162,SHAKE
0.096,-0.853,1.054,-72.266,-286.685,270.953,SHAKE
0.369,0.220,1.868,-0.840,-286.685,286.685,SHAKE
0.173,0.772,1.999,-47.110,-142.555,286.685,SHAKE
0.226,0.668,1.976,-213.360,44.975,235.489,SHAKE
0.212,0.614,1.668,-230.904,101.544,175.516,SHAKE
0.334,0.266,1.099,-205.966,134.094,152.180,SHAKE
0.494,-0.071,0.713,-188.492,103.276,132.195,SHAKE
0.428,0.457,0.564,-172.891,12.915,100.336,SHAKE
0.260,1.166,0.673,-83.274,-80.465,-69.589,SHAKE
0.060,1.997,1.151,-36.120,-108.360,-266.166,SHAKE
1.012,1.978,1.750,99.558,-19.486,-286.685,SHAKE
1.998,0.187,1.658,138.950,179.804,-286.685,SHAKE
1.998,-0.815,1.199,248.045,257.582,-286.685,SHAKE
1.598,-1.675,1.255,286.685,130.585,-286.685,SHAKE
0.482,-1.366,1.999,286.685,8.531,-274.986,SHAKE
0.156,-1.908,1.995,109.209,82.521,-115.421,SHAKE
0.181,-1.881,1.478,-113.033,101.902,52.964,SHAKE
0.277,-1.145,0.888,-286.633,30.879,280.411,SHAKE
0.762,-0.244,1.022,-270.078,-20.939,286.685,SHAKE
1.180,0.492,1.226,-183.671,-1.592,286.685,SHAKE
1.162,1.032,1.388,-154.044,13.694,286.685,SHAKE
0.890,1.494,0.978,-55.816,61.084,286.685,SHAKE
0.161,1.997,1.236,-112.341,12.408,254.214,SHAKE
-0.200,1.997,1.040,-131.740,0.429,-101.010,SHAKE
0.109,1.997,0.862,-43.330,32.664,-282.704,SHAKE
1.207,1.730,0.646,87.220,52.526,-286.685,SHAKE
1.869,-0.146,0.615,276.955,0.647,-286.685,SHAKE
1.571,-1.578,1.362,286.685,-150.981,-286.685,SHAKE
1.033,-1.999,1.999,286.685,-211.872,-270.839,SHAKE
0.448,-1.999,1.999,140.682,-98.744,74.200,SHAKE
0.690,-1.252,1.996,-238.962,130.008,286.598,SHAKE
1.242,-0.443,1.210,-252.770,184.581,286.685,SHAKE
1.520,0.037,1.065,-170.091,190.916,286.685,SHAKE
1.648,0.697,0.753,-114.826,192.211,286.685,SHAKE
0.988,1.997,1.079,-125.659,142.669,286.685,SHAKE
0.252,1.997,0.948,-213.202,44.196,201.810,SHAKE
0.125,1.997,0.696,-121.030,60.471,-140.945,SHAKE
0.399,1.997,0.483,59.080,49.368,-286.055,SHAKE
1.198,1.576,0.172,174.230,-52.351,-286.685,SHAKE
1.989,0.440,0.965,283.596,-229.066,-286.685,SHAKE
1.998,-0.728,1.680,286.685,-214.935,-286.685,SHAKE
1.658,-1.999,1.999,286.527,-197.680,-286.046,SHAKE
0.647,-1.999,1.999,19.819,-62.930,97.562,SHAKE
0.724,-1.007,1.999,-284.086,202.379,286.685,SHAKE
1.107,-0.112,1.069,-286.685,247.546,286.685,SHAKE
1.152,0.401,0.687,-282.082,209.143,286.685,SHAKE
1.110,1.345,0.484,-176.452,136.238,286.685,SHAKE
0.450,1.997,0.555,-153.379,-3.325,284.620,SHAKE
-0.093,1.997,0.853,-65.923,-81.594,-31.465,SHAKE
0.112,1.997,0.984,15.733,-76.055,-269.552,SHAKE
1.085,1.717,0.765,154.849,-4.707,-286.685,SHAKE
1.839,-0.442,0.620,285.320,-55.834,-286.685,SHAKE
1.792,-1.877,1.931,286.685,-198.476,-286.685,SHAKE
1.233,-1.999,1.999,272.659,-193.952,-249.655,SHAKE
0.461,-1.999,1.999,-26.442,-19.513,197.776,SHAKE
0.866,-0.808,1.682,-281.260,164.946,286.685,SHAKE
1.121,0.036,0.797,-234.430,162.951,286.685,SHAKE
1.259,0.579,0.584,-162.724,113.216,286.685,SHAKE
0.901,1.984,0.884,-151.042,36.934,286.685,SHAKE
0.127,1.997,1.113,-180.066,-65.704,162.951,SHAKE
0.121,1.997,1.158,-69.834,-28.289,-229.390,SHAKE
0.524,1.994,0.791,66.570,50.487,-286.685,SHAKE
1.338,0.582,0.316,272.633,47.268,-286.685,SHAKE
1.671,-1.141,1.098,286.685,-140.376,-286.685,SHAKE
1.353,-1.999,1.999,231.954,-210.070,-254.249,SHAKE
0.717,-1.999,1.999,-5.294,-53.112,251.939,SHAKE
0.779,-1.030,1.999,-176.829,103.591,286.685,SHAKE
1.114,0.126,1.227,-224.018,220.719,286.685,SHAKE
1.164,1.287,0.663,-229.023,164.727,286.685,SHAKE
0.565,1.997,0.797,-211.977,20.711,283.378,SHAKE
0.104,1.997,0.967,-140.997,-32.095,106.050,SHAKE
0.252,1.997,0.844,56.254,6.081,-249.489,SHAKE
0.928,1.266,0.613,257.320,33.714,-286.685,SHAKE
1.281,-0.491,0.901,286.685,-79.546,-286.685,SHAKE
1.273,-1.742,1.609,286.309,-136.710,-286.685,SHAKE
0.958,-1.999,1.999,118.134,-101.211,-110.880,SHAKE
0.495,-1.757,1.999,-158.795,33.924,268.861,SHAKE
0.566,-0.268,1.397,-230.729,138.696,286.685,SHAKE
0.765,0.341,0.875,-179.874,151.996,286.685,SHAKE
0.755,1.343,0.598,-148.540,98.420,286.685,SHAKE
0.351,1.997,0.819,-132.204,-29.190,218.566,SHAKE
-0.050,1.997,1.133,1.514,-63.280,-66.902,SHAKE
0.238,1.997,0.924,92.076,26.066,-286.685,SHAKE
0.952,0.964,0.487,243.661,6.090,-286.685,SHAKE
1.291,-0.851,0.946,286.685,-129.824,-286.685,SHAKE
1.031,-1.999,1.999,222.084,-173.635,-259.892,SHAKE
0.722,-1.999,1.999,-47.583,-68.110,181.352,SHAKE
0.641,-1.359,1.999,-164.640,43.304,286.685,SHAKE
0.794,0.192,1.356,-190.146,154.166,286.685,SHAKE
0.957,1.354,0.761,-181.239,157.273,286.685,SHAKE
0.285,1.997,0.595,-150.500,24.763,253.330,SHAKE
0.082,1.997,0.690,-55.414,-25.139,32.296,SHAKE
0.543,1.996,0.712,117.906,-23.529,-274.172,SHAKE
1.070,0.963,0.656,234.605,-58.800,-286.685,SHAKE
1.204,-0.594,1.270,258.729,-141.488,-286.685,SHAKE
1.261,-1.982,1.859,186.760,-143.167,-286.414,SHAKE
0.894,-1.999,1.999,-1.592,-58.441,64.356,SHAKE
0.604,-1.148,1.999,-200.602,68.451,286.685,SHAKE
0.644,0.105,1.276,-184.021,198.292,286.685,SHAKE
0.860,0.527,0.767,-112.683,213.456,286.685,SHAKE
0.666,1.549,0.594,-116.664,141.417,286.685,SHAKE
0.200,1.997,0.691,-79.686,-1.654,131.460,SHAKE
0.020,1.997,1.125,43.225,-48.449,-156.012,SHAKE
0.330,1.987,0.864,95.489,27.239,-286.685,SHAKE
0.981,0.790,0.534,223.344,-0.788,-286.685,SHAKE
1.267,-1.298,1.038,263.288,-115.159,-286.685,SHAKE
0.923,-1.999,1.957,162.864,-154.770,-203.840,SHAKE
0.571,-1.999,1.999,-48.379,-88.935,233.109,SHAKE
0.340,-0.914,1.999,-158.664,41.318,286.685,SHAKE
0.587,0.558,1.273,-198.940,185.027,286.685,SHAKE
0.594,1.623,0.609,-191.292,162.181,286.685,SHAKE
0.106,1.997,0.376,-121.126,41.046,141.776,SHAKE
0.005,1.997,0.341,1.216,-29.076,-84.385,SHAKE
0.669,1.919,0.582,257.022,-72.485,-286.685,SHAKE
1.163,0.001,1.267,286.685,-142.188,-286.685,SHAKE
0.899,-1.999,1.999,141.417,-108.973,-277.069,SHAKE
0.718,-1.999,1.999,-55.816,1.689,69.527,SHAKE
0.401,-1.685,1.840,-230.773,55.221,265.221,SHAKE
0.219,-0.154,1.112,-195.562,99.155,286.685,SHAKE
0.371,0.600,0.695,-81.340,99.059,286.685,SHAKE
0.367,1.245,0.731,-48.860,69.484,286.685,SHAKE
0.019,1.997,0.589,-79.791,-16.993,133.149,SHAKE
0.091,1.997,0.546,37.179,-81.287,-200.637,SHAKE
0.892,1.430,0.694,234.938,-90.274,-286.685,SHAKE
1.225,0.331,0.990,286.431,-132.466,-286.685,SHAKE
1.174,-1.894,1.998,202.283,-147.814,-286.685,SHAKE
0.773,-1.999,1.999,-11.926,-32.042,-41.939,SHAKE
0.498,-1.690,1.999,-208.460,51.809,277.130,SHAKE
0.367,-0.573,1.599,-242.559,116.314,286.685,SHAKE
0.524,0.404,0.839,-164.675,166.084,286.685,SHAKE
0.499,1.365,0.543,-130.742,101.605,286.685,SHAKE
0.177,1.997,0.691,-97.213,-20.799,176.881,SHAKE
0.022,1.997,0.861,-29.067,-61.346,0.674,SHAKE
0.289,1.993,0.741,126.691,-23.765,-270.576,SHAKE
0.961,0.870,0.607,247.188,-60.576,-286.685,SHAKE
1.173,-0.782,1.327,279.300,-154.630,-286.685,SHAKE
1.048,-1.963,1.907,171.780,-135.520,-236.985,SHAKE
0.693,-1.999,1.999,26.058,-67.629,12.714,SHAKE
0.518,-1.403,1.999,-208.932,53.979,283.386,SHAKE
0.453,-0.026,1.412,-222.784,139.633,286.685,SHAKE
0.517,0.597,0.810,-149.205,163.992,286.685,SHAKE
0.584,0.996,0.696,-110.871,145.679,286.685,SHAKE
0.267,1.853,0.643,-127.601,60.629,214.410,SHAKE
-0.041,1.997,0.840,-57.873,-13.939,-47.022,SHAKE
-0.047,1.774,0.979,68.355,10.868,-283.413,SHAKE
0.593,1.223,0.646,141.146,26.163,-286.685,SHAKE
1.161,-0.041,0.554,285.679,-45.062,-286.685,SHAKE
1.209,-1.467,1.758,286.685,-186.217,-286.685,SHAKE
0.651,-1.999,1.999,144.393,-140.367,-115.369,SHAKE
0.582,-1.857,1.999,-155.234,44.319,246.041,SHAKE
0.677,-0.888,1.847,-230.160,133.928,286.685,SHAKE
0.727,-0.014,1.034,-210.989,152.766,286.685,SHAKE
0.770,0.693,0.668,-102.261,129.710,286.685,SHAKE
0.679,1.716,0.624,-55.659,66.868,286.685,SHAKE
0.249,1.997,0.620,-59.036,-6.151,218.846,SHAKE
-0.058,1.997,0.818,11.095,-67.743,-93.284,SHAKE
0.357,1.700,0.818,134.803,-23.756,-286.685,SHAKE
0.840,0.691,0.703,224.114,-47.976,-286.685,SHAKE
0.858,-1.927,1.358,236.932,-101.710,-286.685,SHAKE
0.465,-1.999,1.999,77.088,-94.316,-29.339,SHAKE
0.349,-1.596,1.999,-221.016,79.756,281.592,SHAKE
0.490,-0.013,1.155,-274.295,191.721,286.685,SHAKE
0.458,0.497,0.762,-190.890,182.245,286.685,SHAKE
0.478,1.108,0.502,-95.340,105.464,286.685,SHAKE
0.220,1.903,0.542,-37.021,-27.064,173.836,SHAKE
0.076,1.997,0.936,49.980,-112.000,-88.349,SHAKE
0.207,1.997,0.945,107.713,-102.104,-261.818,SHAKE
0.785,1.360,0.764,186.279,-101.211,-286.685,SHAKE
1.229,-0.031,1.094,279.965,-164.859,-286.685,SHAKE
1.099,-0.989,1.738,231.674,-160.090,-286.685,SHAKE
0.826,-1.518,1.974,118.204,-117.259,-275.756,SHAKE
0.419,-1.999,1.999,11.629,-64.024,-108.754,SHAKE
0.373,-1.615,1.912,-136.071,43.522,181.046,SHAKE
0.593,-0.769,1.314,-164.964,119.018,286.685,SHAKE
0.734,0.035,0.956,-174.300,95.165,286.685,SHAKE
0.867,0.441,0.725,-136.378,91.857,286.685,SHAKE
0.691,1.525,0.668,-105.989,63.114,286.685,SHAKE
0.139,1.997,0.673,-140.700,-75.486,169.969,SHAKE
0.018,1.997,0.877,-38.255,-97.746,-160.064,SHAKE
0.311,1.981,0.822,31.028,-76.195,-286.641,SHAKE
0.998,1.038,0.676,185.045,-61.766,-286.685,SHAKE
1.457,-0.553,1.212,285.915,-102.489,-286.685,SHAKE
1.430,-1.999,1.992,221.008,-125.431,-286.633,SHAKE
0.989,-1.999,1.999,107.284,-57.697,74.340,SHAKE
0.690,-1.628,1.999,-146.895,82.618,282.275,SHAKE
0.995,-0.131,1.391,-273.420,197.155,286.685,SHAKE
1.092,0.767,0.607,-231.140,180.171,286.685,SHAKE
0.971,1.459,0.565,-178.019,128.336,286.685,SHAKE
0.419,1.997,0.839,-133.341,-5.364,269.124,SHAKE
-0.060,1.997,1.029,-50.934,-54.556,-31.159,SHAKE
0.223,1.994,0.807,106.059,16.214,-285.215,SHAKE
0.809,1.255,0.403,198.861,15.899,-286.685,SHAKE
1.403,-0.467,0.791,286.685,-113.103,-286.685,SHAKE
1.274,-1.999,1.999,286.685,-215.408,-286.195,SHAKE
0.741,-1.999,1.999,139.466,-84.997,71.382,SHAKE
0.664,-0.953,1.999,-151.008,139.405,286.685,SHAKE
0.840,-0.095,1.406,-210.595,227.124,286.685,SHAKE
1.077,0.808,0.666,-159.784,240.117,286.685,SHAKE
0.430,1.984,0.249,-63.814,128.056,286.685,SHAKE
-0.038,1.997,-0.006,198.249,34.134,100.581,SHAKE
0.039,1.997,0.404,286.685,-58.485,-78.295,SHAKE
0.310,1.761,0.945,286.685,-162.146,-285.766,SHAKE
0.609,0.834,1.188,286.685,-158.244,-286.685,SHAKE
0.603,-0.114,1.968,286.685,-93.949,-286.624,SHAKE
0.197,-1.305,1.999,286.685,5.276,-171.273,SHAKE
-0.178,-0.781,1.558,165.051,226.791,33.932,SHAKE
0.104,-0.004,-0.159,16.677,286.685,157.211,SHAKE
0.552,0.423,-0.600,66.316,175.525,282.301,SHAKE
0.820,1.879,-0.390,103.714,27.676,286.685,SHAKE
0.317,1.997,-0.246,73.841,-61.941,194.241,SHAKE
0.539,1.997,0.452,-39.095,-138.092,-137.375,SHAKE
0.359,1.997,0.835,-144.191,-41.300,-281.172,SHAKE
0.114,1.546,0.904,-209.974,32.839,-286.685,SHAKE
0.008,0.692,0.473,-253.916,114.188,-286.685,SHAKE
-0.058,-0.826,-0.096,-103.320,166.906,-286.685,SHAKE
-0.018,-1.999,-0.235,60.891,103.705,-98.700,SHAKE
-0.269,-1.519,-0.395,108.176,35.534,191.485,SHAKE
-0.144,0.038,-0.036,116.427,-73.238,286.685,SHAKE
0.419,1.192,0.348,121.625,-62.335,286.685,SHAKE
0.257,1.997,-0.076,66.868,11.935,286.388,SHAKE
0.150,1.997,-0.065,1.190,-62.020,109.970,SHAKE
0.340,1.997,0.701,-83.073,-96.950,-182.569,SHAKE
0.138,1.657,0.568,-217.044,50.356,-284.804,SHAKE
-0.070,0.798,0.414,-265.344,74.673,-286.685,SHAKE
-0.187,-0.012,0.216,-248.369,79.389,-286.685,SHAKE
-0.318,-1.999,-0.408,-41.562,92.243,-192.430,SHAKE
-0.124,-1.467,0.141,197.356,7.210,223.449,SHAKE
-0.069,0.029,0.475,123.279,-106.111,286.685,SHAKE
0.295,0.820,0.545,111.764,-41.283,286.685,SHAKE
0.401,1.997,0.289,94.150,35.499,286.685,SHAKE
0.286,1.997,0.317,-15.146,-60.130,67.147,SHAKE
0.444,1.997,0.661,-103.364,-49.306,-232.024,SHAKE
0.437,1.793,0.434,-134.531,90.641,-286.685,SHAKE
0.081,1.184,0.256,-150.798,64.243,-286.685,SHAKE
-0.019,0.270,0.226,-163.065,42.770,-286.685,SHAKE
-0.134,-1.385,0.111,-64.348,46.847,-285.862,SHAKE
-0.215,-1.999,-0.146,134.269,-22.689,38.701,SHAKE
-0.284,-1.208,0.441,194.574,-61.548,278.031,SHAKE
-0.087,0.245,0.665,143.080,-64.610,286.685,SHAKE
0.402,1.298,0.625,129.798,14.131,286.685,SHAKE
0.339,1.997,0.322,69.151,65.835,283.920,SHAKE
0.099,1.997,0.203,-52.307,-45.526,66.001,SHAKE
0.323,1.957,0.776,-90.536,-59.054,-220.544,SHAKE
0.206,1.342,0.630,-134.663,79.503,-284.515,SHAKE
0.011,0.979,0.569,-159.163,95.261,-286.685,SHAKE
-0.186,-0.017,0.380,-180.110,92.680,-286.685,SHAKE
-0.351,-1.879,-0.267,-29.321,123.541,-158.935,SHAKE
-0.101,-1.655,0.112,102.585,82.548,188.667,SHAKE
-0.003,0.108,0.148,33.845,-160.606,286.685,SHAKE
0.241,0.972,0.436,91.131,-186.069,286.685,SHAKE
0.251,1.997,0.428,129.027,-74.183,286.685,SHAKE
0.210,1.997,0.554,37.765,-133.324,64.942,SHAKE
0.366,1.996,1.153,-43.662,-78.829,-183.409,SHAKE
0.346,1.832,0.925,-128.581,60.104,-261.686,SHAKE
0.069,1.265,0.636,-176.085,108.264,-286.685,SHAKE
0.041,0.256,0.610,-163.371,110.215,-286.685,SHAKE
-0.182,-1.020,0.294,-130.777,133.901,-278.723,SHAKE
-0.138,-1.999,-0.002,-9.651,169.592,-79.966,SHAKE
-0.421,-1.077,-0.011,55.501,100.651,206.491,SHAKE
-0.137,0.000,0.234,3.281,-62.344,286.685,SHAKE
0.234,1.346,0.860,58.021,-89.827,286.685,SHAKE
-0.020,1.997,1.035,58.240,-23.809,286.685,SHAKE
-0.098,1.997,0.920,-63.682,51.310,87.728,SHAKE
0.064,1.997,1.027,-65.021,132.878,-131.477,SHAKE
0.002,1.462,1.075,-51.354,217.840,-256.147,SHAKE
-0.122,1.074,1.122,-73.150,271.101,-286.685,SHAKE
-0.083,0.655,0.745,-130.253,286.685,-286.685,SHAKE
0.316,0.166,-0.017,-194.810,286.685,-286.685,SHAKE
0.444,-0.629,-1.386,-160.711,286.685,-286.685,SHAKE
0.041,-1.727,-1.800,-0.403,286.580,-177.074,SHAKE
-0.491,-1.449,-1.434,-19.128,147.866,-33.443,SHAKE
-0.927,-0.414,-0.543,-93.074,-210.569,70.236,SHAKE
-1.295,0.397,0.726,-56.822,-286.685,158.462,SHAKE
-1.387,1.489,1.216,53.489,-280.446,154.893,SHAKE
-1.544,1.627,1.477,109.183,-34.064,-1.523,SHAKE
-1.228,1.328,1.034,66.789,99.916,-129.544,SHAKE
-0.704,0.578,0.137,10.587,173.460,-267.024,SHAKE
-0.293,-0.657,-0.749,76.317,179.060,-261.056,SHAKE
-0.049,-1.989,-1.358,218.242,139.064,-65.826,SHAKE
